# subgrafo induzido pelos 250 primeiros vértices de um BFS sem sentido
# dataset: data/raw/twitter_combined.txt
# semente-rng: 2026
# semente: 307642294
# N: 250
# arestas: 6909
3840 7846
3840 10350
3840 13348
3840 15913
3840 76133
3840 1064051
3840 1183041
3840 2735591
3840 4893411
3840 7434902
3840 7852172
3840 7861312
3840 9507322
3840 10824382
3840 11666142
3840 13687132
3840 14575846
3840 14589257
3840 14688086
3840 15382192
3840 15853668
3840 16120265
3840 20273398
3840 22679419
3840 60642052
7846 3840
7846 10350
7846 13348
7846 15913
7846 1183041
7846 7861312
7846 7861622
7846 9451052
7846 12101862
7846 15846407
7846 22679419
7846 48485771
10350 3840
10350 7846
10350 15913
10350 1064051
10350 1183041
10350 4893411
10350 5848412
10350 6068612
10350 7861312
10350 8914942
10350 9451052
10350 13687132
10350 15300838
10350 16120265
10350 16799897
10350 48485771
10923 10350
10923 15913
10923 1183041
10923 7861312
10923 7861622
13348 3840
13348 7846
13348 10350
13348 15913
13348 76133
13348 229523
13348 1064051
13348 2735591
13348 7852172
13348 7861312
13348 9451052
13348 11666142
13348 13687132
13348 15416485
13348 15846407
13348 16120265
13348 16930986
13348 19380829
13348 20065936
13348 22679419
13348 60642052
15913 10350
15913 7861312
76133 3840
76133 13348
76133 15913
229523 13348
229523 15913
229523 15416485
229523 16120265
229523 16930986
1064051 3840
1064051 10350
1064051 15913
1183041 10350
1183041 15913
1183041 7861312
1183041 7861622
1183041 8914942
2735591 3840
2735591 7846
2735591 10350
2735591 13348
2735591 15913
2735591 7861312
2735591 15846407
4893411 10350
4893411 15913
4893411 1183041
4893411 5848412
4893411 6068612
4893411 7861312
4893411 7861622
4893411 8914942
4893411 15300838
5442012 15913
5442012 7434902
5442012 7861312
5442012 9451052
5442012 10824382
5442012 14038862
5442012 14180231
5442012 14589257
5442012 15575251
5442012 15853668
5442012 16799897
5442012 17564647
5442012 17586739
5442012 17632072
5442012 18581803
5442012 20273398
5442012 20323999
5442012 20471349
5442012 21075893
5442012 22273748
5442012 25827166
5442012 25952851
5442012 28281437
5442012 28478859
5442012 28719244
5442012 28775296
5442012 28960709
5442012 30680870
5442012 41937748
5442012 44234944
5442012 45509346
5442012 47495471
5442012 48485771
5442012 52559331
5442012 54514600
5442012 59804598
5442012 61853583
5442012 63644892
5442012 72156360
5442012 75914648
5442012 82969251
5442012 84052794
5442012 86852135
5442012 95109615
5442012 105150583
5442012 117541123
5442012 121258930
5442012 144723989
5442012 146155608
5442012 146320301
5442012 146350964
5442012 151711230
5442012 152435436
5442012 179524189
5442012 195795250
5442012 198876913
5442012 200212364
5442012 207752295
5442012 238308325
5442012 245394117
5442012 259074185
5442012 270076706
5442012 278062722
5442012 306445007
5442012 307642294
5442012 309325161
5442012 309366491
5442012 310233571
5442012 324061899
5442012 341840097
5442012 343042051
5442012 355637036
5442012 356447837
5442012 365904984
5442012 401029555
5442012 411273721
5442012 416718047
5442012 421848829
5442012 422950468
5442012 446023451
5442012 466645680
5442012 499839056
5442012 529658284
5848412 10350
5848412 15913
5848412 1183041
5848412 4893411
5848412 7861312
5848412 9451052
5848412 15575251
5848412 48485771
6068612 10350
6068612 15913
6068612 1183041
6068612 4893411
6068612 16799897
6068612 19550535
6068612 48485771
7434902 15913
7434902 6068612
7434902 13687132
7434902 14224219
7434902 14575846
7434902 16799897
7434902 19550535
7434902 48485771
7434902 121258930
7852172 3840
7852172 7846
7852172 10350
7852172 15913
7852172 1183041
7852172 7861312
7852172 7861622
7852172 13687132
7852172 14589257
7861312 10350
7861312 10923
7861312 15913
7861312 1183041
7861312 4893411
7861312 5848412
7861312 7861622
7861312 8914942
7861312 9451052
7861312 15575251
7861312 48485771
7861622 7846
7861622 15913
7861622 1183041
7861622 4893411
7861622 7852172
7861622 7861312
7861622 8914942
7861622 9451052
7861622 15300838
7861622 15575251
7861622 59804598
8914942 10350
8914942 15913
8914942 1183041
8914942 7861312
8914942 15300838
9451052 7846
9451052 10350
9451052 15913
9451052 4893411
9451052 5848412
9451052 7861312
9451052 13687132
9451052 14575846
9451052 20273398
9451052 48485771
9507322 3840
9507322 15913
9507322 14575846
10824382 15913
10824382 1183041
10824382 7434902
10824382 7861312
10824382 9451052
10824382 13687132
10824382 14038862
10824382 15575251
10824382 16799897
10824382 19550535
10824382 48485771
11648692 17564647
11648692 19311729
11648692 20471349
11648692 23215572
11648692 26800967
11648692 59804598
11648692 67818595
11648692 115313263
11648692 160008685
11648692 172161833
11648692 186745799
11648692 210731960
11648692 211614808
11648692 238308325
11648692 240063501
11648692 281159810
11648692 307642294
11648692 309325161
11648692 325106566
11648692 337952973
11648692 339943969
11648692 356447837
11648692 384621304
11648692 385621090
11648692 560929638
11666142 10350
11666142 13348
11666142 15913
11666142 1183041
11666142 13687132
11666142 16120265
11666142 16930986
12101862 7846
12101862 15913
12101862 7861312
12101862 15846407
12101862 60642052
13687132 10350
13687132 15913
13687132 7861312
13687132 9451052
14038862 15913
14038862 5442012
14038862 7861312
14038862 7861622
14038862 9451052
14038862 10824382
14038862 13687132
14038862 14180231
14038862 14589257
14038862 15575251
14038862 20273398
14038862 22679419
14038862 25952851
14038862 48485771
14038862 59804598
14038862 146155608
14137885 15913
14137885 14575846
14137885 20273398
14137885 22679419
14137885 48485771
14180231 15913
14180231 5442012
14180231 14038862
14180231 14688086
14180231 17632072
14180231 18581803
14180231 20471349
14180231 23215572
14180231 25952851
14180231 26800967
14180231 28478859
14180231 46762510
14180231 47495471
14180231 48485771
14180231 67818595
14180231 71606873
14180231 160008685
14180231 200212364
14180231 211614808
14180231 258203336
14180231 262775327
14180231 288231953
14180231 307642294
14180231 325106566
14180231 341840097
14224219 15913
14575846 15913
14575846 1183041
14575846 7434902
14575846 7861312
14575846 9451052
14575846 13687132
14575846 14224219
14575846 15853668
14575846 16799897
14575846 19550535
14575846 28960709
14575846 48485771
14589257 15913
14589257 1183041
14589257 5442012
14589257 7852172
14589257 15575251
14589257 16799897
14589257 20273398
14589257 48485771
14688086 3840
14688086 10350
14688086 15913
14688086 7861312
14688086 9451052
14688086 14180231
14688086 14575846
14688086 14589257
14688086 18581803
14688086 20273398
14688086 28719244
15070932 11648692
15070932 15846407
15070932 17448921
15070932 17564647
15070932 19311729
15070932 20471349
15070932 21504535
15070932 23215572
15070932 24125323
15070932 26176694
15070932 26800967
15070932 29785987
15070932 30267128
15070932 36850842
15070932 40329238
15070932 49781679
15070932 58245520
15070932 59804598
15070932 67818595
15070932 74325773
15070932 79056710
15070932 87044829
15070932 105150583
15070932 105895378
15070932 115313263
15070932 123684709
15070932 127935456
15070932 130917777
15070932 160008685
15070932 172161833
15070932 186745799
15070932 210731960
15070932 211614808
15070932 238308325
15070932 240063501
15070932 247031120
15070932 248861233
15070932 250708662
15070932 250831586
15070932 252887163
15070932 253893287
15070932 262775327
15070932 275550472
15070932 277675909
15070932 281159810
15070932 287411130
15070932 296242468
15070932 297683673
15070932 307642294
15070932 308103112
15070932 309064372
15070932 309325161
15070932 322822476
15070932 325106566
15070932 337952973
15070932 339943969
15070932 345569115
15070932 355602073
15070932 356447837
15070932 381296177
15070932 382360772
15070932 384621304
15070932 385621090
15070932 422114084
15070932 431983156
15070932 446023451
15070932 448774841
15070932 467903803
15070932 491431687
15070932 498542846
15070932 543373651
15070932 548631386
15070932 560482964
15070932 560929638
15300838 10350
15300838 15913
15300838 1183041
15300838 4893411
15300838 7861312
15300838 8914942
15382192 15913
15416485 13348
15416485 15913
15416485 229523
15416485 16120265
15416485 16930986
15430929 15913
15430929 1183041
15430929 6068612
15430929 7434902
15430929 7861312
15430929 14575846
15430929 19550535
15430929 48485771
15575251 15913
15575251 5848412
15575251 7861312
15575251 7861622
15575251 14589257
15575251 22679419
15575251 48485771
15575251 121258930
15575251 146155608
15846407 3840
15846407 7846
15846407 10350
15846407 13348
15846407 15913
15846407 1183041
15846407 5442012
15846407 7861312
15846407 12101862
15846407 20065936
15846407 20108560
15846407 22679419
15846407 250831586
15853668 5442012
15853668 14575846
15853668 22679419
15853668 48485771
15853668 144723989
15853668 146155608
16120265 13348
16120265 15913
16120265 229523
16120265 1183041
16120265 11666142
16120265 15416485
16120265 16930986
16799897 10350
16799897 15913
16799897 7434902
16799897 7861312
16799897 14224219
16799897 14575846
16799897 48485771
16895274 15913
16895274 1183041
16895274 7861312
16930986 15913
16930986 11666142
16930986 16120265
17448921 17564647
17448921 252887163
17448921 275550472
17448921 307642294
17448921 446023451
17564647 5442012
17564647 11648692
17564647 15070932
17564647 17448921
17564647 17586739
17564647 19311729
17564647 20471349
17564647 21075893
17564647 21504535
17564647 21913907
17564647 23215572
17564647 24125323
17564647 24542441
17564647 26176694
17564647 26800967
17564647 30267128
17564647 36836939
17564647 36850842
17564647 40329238
17564647 41656802
17564647 47495471
17564647 48939443
17564647 49781679
17564647 58245520
17564647 59804598
17564647 61853583
17564647 67818595
17564647 71606873
17564647 74325773
17564647 77806232
17564647 79056710
17564647 84672379
17564647 87044829
17564647 103661402
17564647 105150583
17564647 105895378
17564647 115313263
17564647 121472925
17564647 123684709
17564647 127935456
17564647 130917777
17564647 134979402
17564647 146155608
17564647 146350964
17564647 160008685
17564647 165795009
17564647 172161833
17564647 186745799
17564647 210731960
17564647 211614808
17564647 213032194
17564647 221636679
17564647 238308325
17564647 240063501
17564647 245394117
17564647 247031120
17564647 250441643
17564647 250708662
17564647 252887163
17564647 253893287
17564647 258203336
17564647 262775327
17564647 277139373
17564647 277675909
17564647 278062722
17564647 281159810
17564647 284174632
17564647 287411130
17564647 288231953
17564647 296242468
17564647 298757008
17564647 307642294
17564647 308103112
17564647 309064372
17564647 309325161
17564647 310233571
17564647 322822476
17564647 325106566
17564647 337952973
17564647 339943969
17564647 341603426
17564647 341840097
17564647 345569115
17564647 356447837
17564647 362626342
17564647 374949999
17564647 381296177
17564647 381788237
17564647 382360772
17564647 384621304
17564647 385621090
17564647 417927586
17564647 422114084
17564647 422253889
17564647 431983156
17564647 446023451
17564647 448774841
17564647 491431687
17564647 496262970
17564647 498542846
17564647 499839056
17564647 501705927
17564647 543373651
17564647 548539370
17564647 548631386
17564647 560482964
17564647 560929638
17586739 15913
17586739 14038862
17586739 15070932
17586739 15575251
17586739 17564647
17586739 20323999
17586739 25827166
17586739 28281437
17586739 28719244
17586739 30680870
17586739 45509346
17586739 47495471
17586739 48485771
17586739 54514600
17586739 117541123
17586739 121258930
17586739 146155608
17586739 146320301
17586739 172161833
17586739 179524189
17586739 198876913
17586739 207752295
17586739 238308325
17586739 258203336
17586739 259074185
17586739 298757008
17586739 306445007
17586739 307642294
17586739 309325161
17586739 326659062
17586739 411273721
17586739 416718047
17586739 422253889
17586739 499839056
17632072 7846
17632072 10350
17632072 15913
17632072 1183041
17632072 5442012
17632072 7861312
17632072 9451052
17632072 14038862
17632072 14180231
17632072 14589257
17632072 15575251
17632072 18581803
17632072 20273398
17632072 20471349
17632072 22273748
17632072 22679419
17632072 25827166
17632072 25952851
17632072 28719244
17632072 47495471
17632072 48485771
17632072 59804598
17632072 67818595
17632072 84672379
17632072 121258930
17632072 146155608
17632072 151711230
17632072 160008685
17632072 198876913
17632072 200212364
17632072 250831586
17632072 258203336
17632072 259074185
17632072 307642294
17632072 308103112
17632072 309366491
17632072 322822476
17632072 365904984
18581803 7846
18581803 10350
18581803 15913
18581803 1183041
18581803 5442012
18581803 7852172
18581803 7861312
18581803 7861622
18581803 9451052
18581803 10824382
18581803 13687132
18581803 14038862
18581803 14180231
18581803 14589257
18581803 14688086
18581803 15575251
18581803 15853668
18581803 16799897
18581803 17632072
18581803 20273398
18581803 20471349
18581803 22273748
18581803 22679419
18581803 25952851
18581803 26422087
18581803 26800967
18581803 28281437
18581803 28478859
18581803 28719244
18581803 28960709
18581803 45509346
18581803 46762510
18581803 47495471
18581803 48485771
18581803 59804598
18581803 61853583
18581803 71606873
18581803 117541123
18581803 121258930
18581803 144723989
18581803 146155608
18581803 146350964
18581803 198876913
18581803 200212364
18581803 207752295
18581803 250831586
18581803 258203336
18581803 262775327
18581803 275550472
18581803 288231953
18581803 307642294
18581803 309366491
18581803 322641198
18581803 325106566
18581803 341840097
18581803 342279134
18581803 356447837
18581803 450692479
19311729 15070932
19311729 17564647
19311729 20471349
19311729 21913907
19311729 23215572
19311729 24125323
19311729 24542441
19311729 26176694
19311729 26800967
19311729 36850842
19311729 40329238
19311729 41656802
19311729 67818595
19311729 74325773
19311729 84672379
19311729 87044829
19311729 105895378
19311729 115313263
19311729 123684709
19311729 127935456
19311729 131490551
19311729 146350964
19311729 160008685
19311729 163339795
19311729 165795009
19311729 172161833
19311729 186287415
19311729 211614808
19311729 213032194
19311729 238308325
19311729 245394117
19311729 247031120
19311729 250441643
19311729 250708662
19311729 262775327
19311729 275550472
19311729 281159810
19311729 284174632
19311729 288231953
19311729 296242468
19311729 297683673
19311729 307642294
19311729 309064372
19311729 309325161
19311729 325106566
19311729 337952973
19311729 339943969
19311729 345569115
19311729 356447837
19311729 362626342
19311729 381296177
19311729 381788237
19311729 385621090
19311729 422253889
19311729 491431687
19311729 498542846
19311729 543373651
19311729 560929638
19380829 10350
19380829 13348
19380829 15913
19380829 2735591
19380829 7861312
19550535 15913
19550535 1183041
19550535 6068612
19550535 7434902
19550535 7861312
20065936 15913
20065936 1183041
20065936 15846407
20108560 15913
20108560 7861312
20108560 14589257
20108560 15846407
20108560 250831586
20273398 3840
20273398 10350
20273398 15913
20273398 5442012
20273398 7434902
20273398 7861312
20273398 9451052
20273398 10824382
20273398 13687132
20273398 14038862
20273398 14137885
20273398 14589257
20273398 14688086
20273398 15382192
20273398 15575251
20273398 15853668
20273398 16799897
20273398 18581803
20273398 22679419
20273398 45509346
20273398 48485771
20273398 59804598
20273398 121258930
20273398 146320301
20273398 181668778
20273398 200212364
20273398 307642294
20273398 322641198
20273398 370952365
20323999 15913
20323999 5442012
20323999 17586739
20323999 41937748
20323999 45509346
20323999 47495471
20323999 48485771
20323999 67818595
20323999 72156360
20323999 146155608
20323999 152435436
20323999 259074185
20323999 278062722
20323999 307642294
20323999 312604104
20323999 325106566
20323999 326659062
20323999 341840097
20323999 343042051
20323999 370952365
20323999 411273721
20471349 11648692
20471349 14180231
20471349 15070932
20471349 17564647
20471349 17632072
20471349 18581803
20471349 19311729
20471349 23215572
20471349 24542441
20471349 26422087
20471349 26800967
20471349 28478859
20471349 28960709
20471349 36850842
20471349 40329238
20471349 41656802
20471349 47495471
20471349 48939443
20471349 67818595
20471349 72156360
20471349 84672379
20471349 87044829
20471349 103661402
20471349 105150583
20471349 105895378
20471349 115313263
20471349 121258930
20471349 127935456
20471349 130917777
20471349 146155608
20471349 146350964
20471349 160008685
20471349 165795009
20471349 181668778
20471349 186287415
20471349 207752295
20471349 210731960
20471349 211614808
20471349 238308325
20471349 240063501
20471349 245394117
20471349 248861233
20471349 250441643
20471349 250708662
20471349 252887163
20471349 253893287
20471349 258203336
20471349 262775327
20471349 275550472
20471349 277139373
20471349 277675909
20471349 281159810
20471349 284174632
20471349 288231953
20471349 296242468
20471349 297683673
20471349 298757008
20471349 308103112
20471349 309325161
20471349 309366491
20471349 310233571
20471349 322822476
20471349 325106566
20471349 326659062
20471349 337952973
20471349 339943969
20471349 341840097
20471349 344966590
20471349 356447837
20471349 362626342
20471349 381788237
20471349 387975746
20471349 422114084
20471349 422253889
20471349 446023451
20471349 450692479
20471349 529658284
21075893 17564647
21075893 21913907
21075893 23215572
21075893 26800967
21075893 36836939
21075893 48939443
21075893 77806232
21075893 87044829
21075893 105895378
21075893 115313263
21075893 127935456
21075893 146350964
21075893 160008685
21075893 172161833
21075893 210731960
21075893 211614808
21075893 213032194
21075893 238308325
21075893 240063501
21075893 245394117
21075893 250441643
21075893 250708662
21075893 252887163
21075893 277139373
21075893 281159810
21075893 288231953
21075893 298757008
21075893 307206030
21075893 307642294
21075893 309325161
21075893 337952973
21075893 339943969
21075893 356447837
21075893 362626342
21075893 384621304
21075893 431983156
21075893 446023451
21075893 543373651
21075893 548539370
21504535 17564647
21504535 20471349
21504535 23215572
21504535 24125323
21504535 26176694
21504535 26800967
21504535 30267128
21504535 40329238
21504535 59804598
21504535 74325773
21504535 87044829
21504535 115313263
21504535 127935456
21504535 160008685
21504535 172161833
21504535 186745799
21504535 211614808
21504535 247031120
21504535 250708662
21504535 253893287
21504535 275550472
21504535 287411130
21504535 307642294
21504535 309325161
21504535 325106566
21504535 339943969
21504535 356447837
21504535 382360772
21504535 384621304
21504535 385621090
21504535 431983156
21504535 491431687
21504535 498542846
21504535 543373651
21504535 560929638
21913907 15070932
21913907 17564647
21913907 19311729
21913907 21075893
21913907 48939443
21913907 77806232
21913907 87044829
21913907 105895378
21913907 115313263
21913907 160008685
21913907 172161833
21913907 211614808
21913907 213032194
21913907 238308325
21913907 245394117
21913907 250441643
21913907 250708662
21913907 252887163
21913907 262775327
21913907 277675909
21913907 307642294
21913907 309325161
21913907 322822476
21913907 325106566
21913907 339943969
21913907 431983156
21913907 543373651
22273748 15913
22273748 5442012
22273748 15853668
22273748 17632072
22273748 25827166
22273748 25952851
22273748 28719244
22273748 48485771
22273748 86852135
22273748 146320301
22273748 151711230
22273748 270076706
22273748 282733465
22273748 309366491
22273748 365904984
22273748 394475305
22679419 7846
22679419 13348
22679419 5442012
22679419 7434902
22679419 7852172
22679419 7861622
22679419 9451052
22679419 10824382
22679419 14038862
22679419 14137885
22679419 14575846
22679419 14589257
22679419 15575251
22679419 15846407
22679419 15853668
22679419 17632072
22679419 19550535
22679419 20273398
22679419 28281437
22679419 28719244
22679419 28960709
22679419 48485771
22679419 59804598
22679419 61853583
22679419 94441197
22679419 146155608
22679419 207752295
22679419 307642294
22679419 322641198
23215572 11648692
23215572 14180231
23215572 15070932
23215572 17564647
23215572 19311729
23215572 20471349
23215572 21075893
23215572 21504535
23215572 24125323
23215572 26176694
23215572 26800967
23215572 28478859
23215572 29785987
23215572 30267128
23215572 36850842
23215572 40329238
23215572 47495471
23215572 49781679
23215572 58245520
23215572 67818595
23215572 74325773
23215572 79056710
23215572 87044829
23215572 105150583
23215572 105895378
23215572 115313263
23215572 127935456
23215572 130917777
23215572 160008685
23215572 172161833
23215572 186745799
23215572 210731960
23215572 211614808
23215572 221636679
23215572 238308325
23215572 240063501
23215572 245394117
23215572 248861233
23215572 250708662
23215572 252887163
23215572 253893287
23215572 258203336
23215572 262775327
23215572 277139373
23215572 281159810
23215572 284174632
23215572 287411130
23215572 288231953
23215572 296242468
23215572 297683673
23215572 298757008
23215572 307642294
23215572 308103112
23215572 309064372
23215572 309325161
23215572 310233571
23215572 322822476
23215572 325106566
23215572 337952973
23215572 339943969
23215572 341603426
23215572 356447837
23215572 362626342
23215572 381296177
23215572 384621304
23215572 385621090
23215572 417927586
23215572 422253889
23215572 431983156
23215572 446023451
23215572 448774841
23215572 467903803
23215572 491431687
23215572 498542846
23215572 543373651
23215572 548539370
23215572 548631386
23215572 560929638
24125323 15070932
24125323 17564647
24125323 19311729
24125323 21504535
24125323 23215572
24125323 26176694
24125323 26800967
24125323 30267128
24125323 40329238
24125323 49781679
24125323 58245520
24125323 74325773
24125323 84672379
24125323 87044829
24125323 105895378
24125323 115313263
24125323 121472925
24125323 127935456
24125323 130917777
24125323 146350964
24125323 160008685
24125323 165795009
24125323 172161833
24125323 186745799
24125323 210731960
24125323 211614808
24125323 238308325
24125323 240063501
24125323 247031120
24125323 250441643
24125323 250708662
24125323 252887163
24125323 253893287
24125323 275550472
24125323 277675909
24125323 281159810
24125323 287411130
24125323 297683673
24125323 307642294
24125323 309325161
24125323 322822476
24125323 325106566
24125323 339943969
24125323 345569115
24125323 356447837
24125323 381296177
24125323 382360772
24125323 384621304
24125323 385621090
24125323 431983156
24125323 491431687
24125323 498542846
24125323 543373651
24125323 548631386
24125323 560482964
24125323 560929638
24542441 15913
24542441 17564647
24542441 19311729
24542441 25952851
24542441 26422087
24542441 41656802
24542441 74275571
24542441 84672379
24542441 87044829
24542441 134979402
24542441 186287415
24542441 258203336
24542441 275550472
24542441 284174632
24542441 296242468
24542441 307642294
24542441 309064372
24542441 309325161
24542441 339943969
24542441 341603426
24542441 345569115
24542441 374949999
24542441 384621304
24542441 387566789
24542441 529658284
25827166 15853668
25827166 22273748
25827166 28719244
25827166 48485771
25827166 75914648
25827166 86852135
25827166 144723989
25827166 146155608
25827166 151711230
25827166 307642294
25827166 365904984
25827166 416718047
25952851 7846
25952851 15913
25952851 5442012
25952851 9451052
25952851 14180231
25952851 15853668
25952851 17632072
25952851 18581803
25952851 22273748
25952851 22679419
25952851 28719244
25952851 28960709
25952851 48485771
25952851 59804598
25952851 84672379
25952851 86852135
25952851 144723989
25952851 200212364
25952851 307642294
25952851 309366491
25952851 416718047
26176694 17564647
26176694 19311729
26176694 20471349
26176694 23215572
26176694 24125323
26176694 26800967
26176694 40329238
26176694 58245520
26176694 74325773
26176694 87044829
26176694 105895378
26176694 115313263
26176694 121472925
26176694 127935456
26176694 130917777
26176694 160008685
26176694 165795009
26176694 186745799
26176694 211614808
26176694 238308325
26176694 240063501
26176694 250441643
26176694 252887163
26176694 253893287
26176694 262775327
26176694 277675909
26176694 281159810
26176694 287411130
26176694 288231953
26176694 297683673
26176694 307642294
26176694 309325161
26176694 322822476
26176694 325106566
26176694 337952973
26176694 339943969
26176694 345569115
26176694 356447837
26176694 382360772
26176694 384621304
26176694 385621090
26176694 422114084
26176694 431983156
26176694 446023451
26176694 491431687
26176694 498542846
26176694 543373651
26176694 548631386
26176694 560482964
26176694 560929638
26422087 18581803
26422087 20471349
26422087 22679419
26422087 24542441
26422087 284174632
26422087 296242468
26422087 307642294
26422087 309366491
26422087 345569115
26422087 374949999
26422087 387975746
26422087 529658284
26800967 5442012
26800967 11648692
26800967 15070932
26800967 17564647
26800967 19311729
26800967 20471349
26800967 21075893
26800967 23215572
26800967 24125323
26800967 26176694
26800967 28478859
26800967 30267128
26800967 40329238
26800967 49781679
26800967 58245520
26800967 67818595
26800967 74325773
26800967 87044829
26800967 105150583
26800967 115313263
26800967 127935456
26800967 130917777
26800967 146155608
26800967 160008685
26800967 172161833
26800967 186745799
26800967 210731960
26800967 211614808
26800967 238308325
26800967 245394117
26800967 247031120
26800967 250831586
26800967 252887163
26800967 253893287
26800967 258203336
26800967 262775327
26800967 275550472
26800967 277675909
26800967 287411130
26800967 298757008
26800967 307642294
26800967 308103112
26800967 309064372
26800967 309325161
26800967 310233571
26800967 325106566
26800967 337952973
26800967 339943969
26800967 341840097
26800967 356447837
26800967 362626342
26800967 381296177
26800967 382360772
26800967 384621304
26800967 431983156
26800967 446023451
26800967 491431687
26800967 498542846
26800967 543373651
26800967 548631386
28281437 14038862
28281437 17586739
28281437 18581803
28281437 22679419
28281437 47495471
28281437 48485771
28281437 59804598
28281437 105150583
28281437 121258930
28281437 146155608
28281437 307642294
28478859 5442012
28478859 14180231
28478859 18581803
28478859 20471349
28478859 23215572
28478859 26800967
28478859 67818595
28478859 105895378
28478859 210731960
28478859 221636679
28478859 245394117
28478859 258203336
28478859 262775327
28478859 288231953
28478859 298757008
28478859 307642294
28478859 309325161
28478859 325106566
28478859 339943969
28478859 341840097
28478859 384621304
28478859 417927586
28478859 446023451
28478859 501724209
28478859 548631386
28719244 5442012
28719244 22273748
28719244 22679419
28719244 25827166
28719244 25952851
28719244 48485771
28719244 52559331
28719244 75914648
28719244 86852135
28719244 146155608
28719244 151711230
28719244 200212364
28719244 306445007
28719244 307642294
28719244 365904984
28719244 367443729
28719244 394475305
28719244 401029555
28719244 416718047
28775296 15913
28775296 5442012
28775296 9451052
28775296 14038862
28775296 15853668
28775296 22273748
28775296 22679419
28775296 48485771
28775296 59804598
28775296 117541123
28775296 121258930
28775296 146155608
28775296 198876913
28775296 200212364
28775296 306445007
28775296 309366491
28775296 316264827
28775296 365904984
28775296 421848829
28960709 15913
28960709 7852172
28960709 14575846
28960709 15853668
28960709 18581803
28960709 20273398
28960709 25952851
28960709 144723989
29785987 23215572
29785987 59804598
29785987 309325161
30267128 17564647
30267128 21504535
30267128 23215572
30267128 24125323
30267128 26176694
30267128 26800967
30267128 115313263
30267128 127935456
30267128 160008685
30267128 186745799
30267128 252887163
30267128 281159810
30267128 287411130
30267128 307642294
30267128 309325161
30267128 382360772
30267128 498542846
30267128 543373651
30267128 560929638
30680870 15913
30680870 5442012
30680870 14038862
30680870 15575251
30680870 15853668
30680870 17586739
30680870 22273748
30680870 22679419
30680870 25827166
30680870 28719244
30680870 28775296
30680870 41937748
30680870 45509346
30680870 48485771
30680870 52559331
30680870 54514600
30680870 59005241
30680870 61853583
30680870 75914648
30680870 86852135
30680870 95109615
30680870 117541123
30680870 121258930
30680870 146155608
30680870 146320301
30680870 151711230
30680870 152435436
30680870 179524189
30680870 198876913
30680870 200212364
30680870 207752295
30680870 259074185
30680870 306445007
30680870 307642294
30680870 316264827
30680870 324061899
30680870 349358004
30680870 355637036
30680870 365904984
30680870 367443729
30680870 401029555
30680870 416718047
30680870 421848829
30680870 422950468
30680870 466645680
36836939 17564647
36836939 21075893
36836939 48939443
36836939 105895378
36836939 127935456
36836939 160008685
36836939 172161833
36836939 211614808
36836939 213032194
36836939 221636679
36836939 238308325
36836939 240063501
36836939 245394117
36836939 253893287
36836939 298757008
36836939 307206030
36836939 307642294
36836939 309325161
36836939 322822476
36836939 339943969
36836939 362626342
36836939 381788237
36836939 384621304
36836939 422253889
36836939 543373651
36850842 17564647
36850842 19311729
36850842 20471349
36850842 23215572
36850842 24125323
36850842 26176694
36850842 48939443
36850842 59804598
36850842 87044829
36850842 105895378
36850842 115313263
36850842 127935456
36850842 134979402
36850842 160008685
36850842 172161833
36850842 211614808
36850842 238308325
36850842 250708662
36850842 252887163
36850842 262775327
36850842 275550472
36850842 277675909
36850842 281159810
36850842 284174632
36850842 287411130
36850842 296242468
36850842 297683673
36850842 307642294
36850842 309064372
36850842 309325161
36850842 322822476
36850842 325106566
36850842 337952973
36850842 339943969
36850842 381296177
36850842 384621304
36850842 385621090
36850842 467903803
36850842 543373651
40329238 17564647
40329238 19311729
40329238 20471349
40329238 21504535
40329238 23215572
40329238 24125323
40329238 26176694
40329238 26800967
40329238 58245520
40329238 59804598
40329238 74325773
40329238 87044829
40329238 105895378
40329238 115313263
40329238 127935456
40329238 160008685
40329238 172161833
40329238 186745799
40329238 211614808
40329238 238308325
40329238 240063501
40329238 247031120
40329238 250708662
40329238 252887163
40329238 253893287
40329238 262775327
40329238 277675909
40329238 281159810
40329238 287411130
40329238 297683673
40329238 307642294
40329238 308103112
40329238 309064372
40329238 309325161
40329238 322822476
40329238 325106566
40329238 339943969
40329238 345569115
40329238 356447837
40329238 382360772
40329238 384621304
40329238 385621090
40329238 431983156
40329238 491431687
40329238 498542846
40329238 543373651
40329238 548631386
40329238 560482964
41656802 17564647
41656802 19311729
41656802 20471349
41656802 48939443
41656802 74275571
41656802 84672379
41656802 87044829
41656802 250708662
41656802 252887163
41656802 258203336
41656802 262775327
41656802 275550472
41656802 284174632
41656802 288231953
41656802 296242468
41656802 307642294
41656802 309325161
41656802 325106566
41656802 337952973
41656802 374949999
41656802 384621304
41656802 387566789
41937748 15913
41937748 1183041
41937748 5442012
41937748 15575251
41937748 17632072
41937748 20323999
41937748 28719244
41937748 45509346
41937748 48485771
41937748 53685618
41937748 59804598
41937748 61853583
41937748 63644892
41937748 72156360
41937748 117541123
41937748 121258930
41937748 146155608
41937748 152435436
41937748 179524189
41937748 198876913
41937748 270076706
41937748 307642294
41937748 324061899
44234944 15913
44234944 5442012
44234944 48485771
44234944 59804598
44234944 121258930
44234944 146155608
44234944 411273721
45509346 15913
45509346 5442012
45509346 14038862
45509346 15575251
45509346 17586739
45509346 20273398
45509346 20323999
45509346 28719244
45509346 30680870
45509346 41937748
45509346 47495471
45509346 48485771
45509346 53685618
45509346 54514600
45509346 59804598
45509346 61853583
45509346 72156360
45509346 75914648
45509346 103661402
45509346 117541123
45509346 121258930
45509346 146155608
45509346 152435436
45509346 179524189
45509346 198876913
45509346 200212364
45509346 207752295
45509346 306445007
45509346 307642294
45509346 308103112
45509346 312604104
45509346 316264827
45509346 325106566
45509346 326659062
45509346 341840097
45509346 343042051
45509346 355637036
45509346 370952365
45509346 401029555
45509346 411273721
45509346 417927586
45509346 422253889
46762510 14180231
46762510 18581803
46762510 67818595
46762510 105895378
46762510 210639349
46762510 281159810
46762510 298757008
46762510 307642294
46762510 310233571
46762510 341840097
46762510 384621304
46762510 417927586
47495471 15913
47495471 5442012
47495471 14038862
47495471 14180231
47495471 17586739
47495471 17632072
47495471 18581803
47495471 20323999
47495471 20471349
47495471 22679419
47495471 23215572
47495471 28281437
47495471 28719244
47495471 45509346
47495471 48485771
47495471 59804598
47495471 61853583
47495471 103661402
47495471 105150583
47495471 121258930
47495471 146155608
47495471 146320301
47495471 198876913
47495471 207752295
47495471 211614808
47495471 213504157
47495471 258203336
47495471 259074185
47495471 307642294
47495471 309325161
47495471 324061899
47495471 326659062
47495471 343042051
47495471 370952365
47495471 411273721
47495471 417927586
47495471 422253889
47495471 499839056
47495471 566753653
48485771 7846
48485771 10350
48485771 15913
48485771 5442012
48485771 5848412
48485771 7861312
48485771 9451052
48485771 14589257
48485771 15575251
48485771 16799897
48485771 20065936
48485771 20108560
48485771 20273398
48485771 61853583
48485771 121258930
48485771 146155608
48939443 15070932
48939443 17564647
48939443 19311729
48939443 20471349
48939443 21075893
48939443 36836939
48939443 36850842
48939443 41656802
48939443 77806232
48939443 87044829
48939443 105895378
48939443 115313263
48939443 121472925
48939443 123684709
48939443 127935456
48939443 131490551
48939443 134979402
48939443 146350964
48939443 160008685
48939443 163339795
48939443 165795009
48939443 172161833
48939443 211614808
48939443 213032194
48939443 238308325
48939443 240063501
48939443 245394117
48939443 250441643
48939443 250708662
48939443 252887163
48939443 253893287
48939443 258203336
48939443 262775327
48939443 275550472
48939443 277675909
48939443 281159810
48939443 284174632
48939443 288231953
48939443 296242468
48939443 307642294
48939443 309325161
48939443 322822476
48939443 325106566
48939443 339943969
48939443 356447837
48939443 362626342
48939443 374949999
48939443 381788237
48939443 384621304
48939443 422253889
48939443 431983156
48939443 543373651
49781679 23215572
49781679 24125323
49781679 26800967
49781679 58245520
49781679 59804598
49781679 87044829
49781679 115313263
49781679 172161833
49781679 186745799
49781679 247031120
49781679 250831586
49781679 307642294
49781679 309325161
49781679 322822476
49781679 325106566
49781679 339943969
49781679 385621090
52559331 5442012
52559331 22273748
52559331 25827166
52559331 28719244
52559331 30680870
52559331 48485771
52559331 54514600
52559331 59005241
52559331 84052794
52559331 95109615
52559331 121258930
52559331 146155608
52559331 146320301
52559331 179524189
52559331 198876913
52559331 200212364
52559331 282733465
52559331 307642294
52559331 324061899
52559331 349358004
52559331 355637036
52559331 365904984
52559331 367443729
52559331 401029555
52559331 422950468
52559331 466645680
53685618 15913
53685618 5442012
53685618 17632072
53685618 20323999
53685618 28719244
53685618 41937748
53685618 44234944
53685618 45509346
53685618 47495471
53685618 48485771
53685618 59804598
53685618 63644892
53685618 82969251
53685618 103661402
53685618 121258930
53685618 146155608
53685618 146320301
53685618 152435436
53685618 213504157
53685618 270076706
53685618 307642294
53685618 324061899
53685618 343042051
53685618 370952365
53685618 411273721
53685618 566753653
54514600 15913
54514600 5442012
54514600 17586739
54514600 30680870
54514600 45509346
54514600 48485771
54514600 52559331
54514600 121258930
54514600 146155608
54514600 198876913
54514600 307642294
54514600 367443729
54514600 422950468
58245520 17564647
58245520 23215572
58245520 24125323
58245520 26176694
58245520 26800967
58245520 40329238
58245520 49781679
58245520 59804598
58245520 67818595
58245520 105895378
58245520 115313263
58245520 127935456
58245520 160008685
58245520 186745799
58245520 211614808
58245520 247031120
58245520 253893287
58245520 287411130
58245520 307642294
58245520 308103112
58245520 309325161
58245520 325106566
58245520 339943969
58245520 382360772
58245520 431983156
58245520 498542846
58245520 548631386
59005241 5442012
59005241 15853668
59005241 22273748
59005241 28719244
59005241 30680870
59005241 48485771
59005241 52559331
59005241 75914648
59005241 95109615
59005241 121258930
59005241 146155608
59005241 146320301
59005241 200212364
59005241 270076706
59005241 282733465
59005241 307642294
59005241 349358004
59005241 365904984
59005241 367443729
59005241 394475305
59005241 401029555
59005241 421848829
59005241 422950468
59005241 466645680
59804598 7846
59804598 10350
59804598 15913
59804598 1183041
59804598 7861312
59804598 11648692
59804598 13687132
59804598 14038862
59804598 14575846
59804598 14589257
59804598 15430929
59804598 17632072
59804598 18581803
59804598 19550535
59804598 20273398
59804598 21504535
59804598 25952851
59804598 26800967
59804598 28719244
59804598 29785987
59804598 36850842
59804598 40329238
59804598 41937748
59804598 47495471
59804598 48485771
59804598 53685618
59804598 58245520
59804598 63644892
59804598 74325773
59804598 79056710
59804598 84672379
59804598 117541123
59804598 121258930
59804598 123684709
59804598 152435436
59804598 210731960
59804598 238308325
59804598 252887163
59804598 253893287
59804598 262775327
59804598 270076706
59804598 307642294
59804598 309064372
59804598 309325161
59804598 316264827
59804598 322822476
59804598 339943969
59804598 356447837
59804598 381296177
60642052 3840
60642052 13348
60642052 15913
60642052 11666142
61853583 5442012
61853583 15853668
61853583 20323999
61853583 22273748
61853583 25827166
61853583 28719244
61853583 30680870
61853583 48485771
61853583 103661402
61853583 121258930
61853583 146155608
61853583 151711230
61853583 198876913
61853583 207752295
61853583 278062722
61853583 306445007
61853583 309366491
61853583 365904984
63644892 15913
63644892 5442012
63644892 9451052
63644892 15575251
63644892 22679419
63644892 41937748
63644892 48485771
63644892 53685618
63644892 59804598
63644892 121258930
63644892 146155608
63644892 307642294
63644892 316264827
67818595 15913
67818595 5442012
67818595 9451052
67818595 11648692
67818595 14180231
67818595 15070932
67818595 17564647
67818595 17632072
67818595 18581803
67818595 19311729
67818595 20323999
67818595 20471349
67818595 23215572
67818595 26176694
67818595 26800967
67818595 28478859
67818595 46762510
67818595 48485771
67818595 58245520
67818595 61853583
67818595 74325773
67818595 87044829
67818595 105150583
67818595 105895378
67818595 115313263
67818595 121258930
67818595 127935456
67818595 146155608
67818595 172161833
67818595 186745799
67818595 198876913
67818595 210731960
67818595 211614808
67818595 221636679
67818595 238308325
67818595 245394117
67818595 250831586
67818595 252887163
67818595 258203336
67818595 262775327
67818595 275550472
67818595 277139373
67818595 281159810
67818595 288231953
67818595 298757008
67818595 307642294
67818595 308103112
67818595 309325161
67818595 310233571
67818595 325106566
67818595 337952973
67818595 339943969
67818595 341840097
67818595 356447837
67818595 362626342
67818595 384621304
67818595 385621090
67818595 417927586
67818595 446023451
67818595 498542846
67818595 543373651
71606873 14180231
71606873 309325161
72156360 15913
72156360 5442012
72156360 20323999
72156360 20471349
72156360 41937748
72156360 45509346
72156360 48485771
72156360 103661402
72156360 117541123
72156360 121258930
72156360 146155608
72156360 258203336
72156360 259074185
72156360 307642294
72156360 325106566
72156360 326659062
72156360 341840097
72156360 362626342
72156360 370952365
72156360 411273721
72156360 417927586
74275571 41656802
74275571 258203336
74275571 307642294
74275571 339943969
74275571 341603426
74275571 529658284
74325773 17564647
74325773 23215572
74325773 24125323
74325773 26176694
74325773 26800967
74325773 40329238
74325773 59804598
74325773 115313263
74325773 211614808
74325773 238308325
74325773 287411130
74325773 307642294
74325773 309325161
74325773 325106566
74325773 339943969
74325773 356447837
74325773 384621304
74325773 385621090
74325773 498542846
75914648 15913
75914648 5442012
75914648 15853668
75914648 22273748
75914648 25827166
75914648 28719244
75914648 30680870
75914648 45509346
75914648 48485771
75914648 59005241
75914648 86852135
75914648 95109615
75914648 117541123
75914648 121258930
75914648 146155608
75914648 146320301
75914648 146350964
75914648 151711230
75914648 195795250
75914648 200212364
75914648 211614808
75914648 258203336
75914648 270076706
75914648 282733465
75914648 307642294
75914648 324061899
75914648 325106566
75914648 347508389
75914648 355637036
75914648 362626342
75914648 365904984
75914648 367443729
75914648 394475305
75914648 401029555
75914648 416718047
75914648 422253889
75914648 466645680
77806232 15070932
77806232 17564647
77806232 21075893
77806232 21913907
77806232 48939443
77806232 87044829
77806232 105895378
77806232 115313263
77806232 146350964
77806232 160008685
77806232 165795009
77806232 172161833
77806232 211614808
77806232 238308325
77806232 240063501
77806232 250441643
77806232 252887163
77806232 258203336
77806232 281159810
77806232 298757008
77806232 307206030
77806232 307642294
77806232 309325161
77806232 325106566
77806232 339943969
77806232 356447837
77806232 362626342
77806232 384621304
77806232 422253889
79056710 17564647
79056710 23215572
79056710 59804598
79056710 172161833
79056710 250831586
79056710 307642294
79056710 337952973
82969251 15913
82969251 5442012
82969251 17632072
82969251 28719244
82969251 47495471
82969251 48485771
82969251 59804598
82969251 121258930
82969251 146155608
82969251 146320301
82969251 307642294
82969251 370952365
84052794 15913
84052794 5442012
84052794 14038862
84052794 15575251
84052794 15853668
84052794 48485771
84052794 52559331
84052794 59005241
84052794 75914648
84052794 121258930
84052794 146155608
84052794 146320301
84052794 200212364
84052794 307642294
84052794 401029555
84052794 422950468
84052794 466645680
84672379 17632072
84672379 19311729
84672379 20471349
84672379 24125323
84672379 24542441
84672379 25952851
84672379 59804598
84672379 87044829
84672379 134979402
84672379 146350964
84672379 160008685
84672379 186287415
84672379 248861233
84672379 252887163
84672379 258203336
84672379 277675909
84672379 284174632
84672379 296242468
84672379 307642294
84672379 309325161
84672379 322822476
84672379 325106566
84672379 339943969
84672379 341603426
84672379 345569115
86852135 15913
86852135 5442012
86852135 15853668
86852135 22273748
86852135 25827166
86852135 25952851
86852135 28719244
86852135 48485771
86852135 75914648
86852135 121258930
86852135 146155608
86852135 151711230
86852135 270076706
86852135 282733465
86852135 307642294
86852135 365904984
86852135 367443729
86852135 394475305
86852135 416718047
87044829 15070932
87044829 17564647
87044829 19311729
87044829 20471349
87044829 21075893
87044829 21504535
87044829 21913907
87044829 23215572
87044829 24125323
87044829 24542441
87044829 26176694
87044829 26800967
87044829 36850842
87044829 40329238
87044829 41656802
87044829 48939443
87044829 49781679
87044829 67818595
87044829 77806232
87044829 84672379
87044829 105895378
87044829 115313263
87044829 123684709
87044829 127935456
87044829 134979402
87044829 146350964
87044829 160008685
87044829 165795009
87044829 172161833
87044829 186287415
87044829 211614808
87044829 213032194
87044829 221636679
87044829 238308325
87044829 240063501
87044829 245394117
87044829 247031120
87044829 250441643
87044829 250708662
87044829 252887163
87044829 258203336
87044829 262775327
87044829 275550472
87044829 277675909
87044829 281159810
87044829 284174632
87044829 287411130
87044829 288231953
87044829 296242468
87044829 297683673
87044829 298757008
87044829 307206030
87044829 307642294
87044829 309064372
87044829 309325161
87044829 322822476
87044829 325106566
87044829 337952973
87044829 339943969
87044829 341603426
87044829 345569115
87044829 356447837
87044829 362626342
87044829 374949999
87044829 381788237
87044829 382360772
87044829 384621304
87044829 385621090
87044829 387566789
87044829 422253889
87044829 431983156
87044829 491431687
87044829 498542846
87044829 543373651
87044829 548631386
87044829 560482964
94441197 181668778
94441197 307642294
94441197 322641198
94441197 450692479
95109615 15913
95109615 5442012
95109615 15853668
95109615 22273748
95109615 25827166
95109615 28719244
95109615 30680870
95109615 48485771
95109615 52559331
95109615 59005241
95109615 75914648
95109615 84052794
95109615 86852135
95109615 121258930
95109615 146155608
95109615 146320301
95109615 195795250
95109615 198876913
95109615 282733465
95109615 307642294
95109615 324061899
95109615 347508389
95109615 349358004
95109615 355637036
95109615 365904984
95109615 367443729
95109615 394475305
95109615 401029555
95109615 416718047
95109615 422950468
95109615 466645680
103661402 15913
103661402 5442012
103661402 14180231
103661402 15853668
103661402 17564647
103661402 20471349
103661402 25827166
103661402 45509346
103661402 47495471
103661402 48485771
103661402 59804598
103661402 61853583
103661402 72156360
103661402 82969251
103661402 121258930
103661402 146155608
103661402 198876913
103661402 211614808
103661402 282733465
103661402 306445007
103661402 307206030
103661402 307642294
103661402 324061899
103661402 325106566
103661402 343042051
103661402 362626342
103661402 365904984
103661402 367443729
103661402 370952365
103661402 394475305
103661402 401029555
103661402 416718047
103661402 417927586
103661402 422253889
103661402 422950468
103661402 446023451
103661402 452342492
103661402 548539370
105150583 5442012
105150583 14180231
105150583 15070932
105150583 17564647
105150583 17586739
105150583 18581803
105150583 20323999
105150583 20471349
105150583 21075893
105150583 23215572
105150583 26800967
105150583 28281437
105150583 28478859
105150583 45509346
105150583 46762510
105150583 47495471
105150583 61853583
105150583 67818595
105150583 71606873
105150583 72156360
105150583 103661402
105150583 105895378
105150583 115313263
105150583 121258930
105150583 127935456
105150583 146155608
105150583 172161833
105150583 198876913
105150583 207752295
105150583 210639349
105150583 210731960
105150583 211614808
105150583 221636679
105150583 238308325
105150583 245394117
105150583 247031120
105150583 256974037
105150583 258203336
105150583 259074185
105150583 262775327
105150583 277139373
105150583 278062722
105150583 281159810
105150583 288231953
105150583 298757008
105150583 306445007
105150583 307206030
105150583 307642294
105150583 309064372
105150583 309325161
105150583 310233571
105150583 312604104
105150583 325106566
105150583 326659062
105150583 337952973
105150583 339943969
105150583 341840097
105150583 356447837
105150583 362626342
105150583 384621304
105150583 411273721
105150583 417927586
105150583 422253889
105150583 446023451
105150583 452342492
105150583 496262970
105150583 499839056
105150583 501724209
105150583 548539370
105150583 548631386
105895378 15070932
105895378 17564647
105895378 17586739
105895378 19311729
105895378 20471349
105895378 21075893
105895378 21913907
105895378 23215572
105895378 24125323
105895378 26176694
105895378 26800967
105895378 28478859
105895378 29785987
105895378 36836939
105895378 36850842
105895378 40329238
105895378 46762510
105895378 48939443
105895378 58245520
105895378 67818595
105895378 77806232
105895378 84672379
105895378 87044829
105895378 105150583
105895378 115313263
105895378 121472925
105895378 123684709
105895378 127935456
105895378 131490551
105895378 146350964
105895378 160008685
105895378 163339795
105895378 165795009
105895378 172161833
105895378 186745799
105895378 210639349
105895378 210731960
105895378 211614808
105895378 213032194
105895378 221636679
105895378 238308325
105895378 240063501
105895378 245394117
105895378 248861233
105895378 250441643
105895378 250708662
105895378 252887163
105895378 253893287
105895378 256974037
105895378 258203336
105895378 262775327
105895378 275550472
105895378 277139373
105895378 277675909
105895378 281159810
105895378 284174632
105895378 287411130
105895378 288231953
105895378 296242468
105895378 297683673
105895378 298757008
105895378 307206030
105895378 307642294
105895378 309064372
105895378 309325161
105895378 310233571
105895378 322822476
105895378 325106566
105895378 337952973
105895378 339943969
105895378 341840097
105895378 345569115
105895378 356447837
105895378 362626342
105895378 381788237
105895378 382360772
105895378 384621304
105895378 385621090
105895378 417927586
105895378 422114084
105895378 431983156
105895378 446023451
105895378 467903803
105895378 501705927
105895378 543373651
105895378 548631386
115313263 11648692
115313263 15070932
115313263 17564647
115313263 19311729
115313263 20471349
115313263 21075893
115313263 21504535
115313263 21913907
115313263 23215572
115313263 24125323
115313263 26176694
115313263 26800967
115313263 29785987
115313263 30267128
115313263 36850842
115313263 40329238
115313263 48939443
115313263 49781679
115313263 58245520
115313263 67818595
115313263 74325773
115313263 77806232
115313263 87044829
115313263 105150583
115313263 105895378
115313263 121472925
115313263 123684709
115313263 127935456
115313263 130917777
115313263 146350964
115313263 160008685
115313263 165795009
115313263 172161833
115313263 186745799
115313263 210731960
115313263 211614808
115313263 213032194
115313263 221636679
115313263 238308325
115313263 240063501
115313263 245394117
115313263 247031120
115313263 250441643
115313263 250708662
115313263 252887163
115313263 253893287
115313263 256974037
115313263 258203336
115313263 262775327
115313263 275550472
115313263 277139373
115313263 277675909
115313263 281159810
115313263 287411130
115313263 288231953
115313263 296242468
115313263 297683673
115313263 298757008
115313263 307206030
115313263 307642294
115313263 308103112
115313263 309064372
115313263 309325161
115313263 310233571
115313263 322822476
115313263 325106566
115313263 337952973
115313263 339943969
115313263 341840097
115313263 345569115
115313263 356447837
115313263 362626342
115313263 381296177
115313263 381788237
115313263 382360772
115313263 384621304
115313263 385621090
115313263 417927586
115313263 422253889
115313263 431983156
115313263 446023451
115313263 464413911
115313263 496262970
115313263 498542846
115313263 501705927
115313263 543373651
115313263 548539370
117541123 15913
117541123 5442012
117541123 15575251
117541123 15853668
117541123 17586739
117541123 18581803
117541123 22273748
117541123 22679419
117541123 28719244
117541123 28775296
117541123 30680870
117541123 41937748
117541123 45509346
117541123 48485771
117541123 54514600
117541123 59804598
117541123 61853583
117541123 72156360
117541123 75914648
117541123 121258930
117541123 146155608
117541123 146320301
117541123 152435436
117541123 198876913
117541123 200212364
117541123 207752295
117541123 259074185
117541123 306445007
117541123 307642294
117541123 309366491
117541123 316264827
117541123 324061899
117541123 355637036
117541123 365904984
117541123 367443729
117541123 370952365
117541123 401029555
117541123 416718047
117541123 421848829
117541123 422950468
117541123 499839056
121258930 5442012
121258930 7861312
121258930 48485771
121258930 146155608
121472925 48939443
121472925 105895378
121472925 160008685
121472925 211614808
121472925 245394117
121472925 250441643
121472925 250708662
121472925 252887163
121472925 258203336
121472925 277675909
121472925 281159810
121472925 288231953
121472925 309325161
121472925 322822476
121472925 339943969
121472925 543373651
123684709 15070932
123684709 17564647
123684709 19311729
123684709 21075893
123684709 21913907
123684709 36836939
123684709 48939443
123684709 75914648
123684709 77806232
123684709 87044829
123684709 105895378
123684709 115313263
123684709 121472925
123684709 127935456
123684709 131490551
123684709 146350964
123684709 160008685
123684709 163339795
123684709 165795009
123684709 170487428
123684709 172161833
123684709 211614808
123684709 213032194
123684709 221636679
123684709 238308325
123684709 240063501
123684709 245394117
123684709 250441643
123684709 250708662
123684709 252887163
123684709 253893287
123684709 258203336
123684709 262775327
123684709 277675909
123684709 281159810
123684709 298757008
123684709 307206030
123684709 307642294
123684709 309325161
123684709 322822476
123684709 325106566
123684709 339943969
123684709 356447837
123684709 362626342
123684709 381788237
123684709 384621304
123684709 422253889
123684709 431983156
123684709 464413911
123684709 501705927
123684709 543373651
127935456 15070932
127935456 17564647
127935456 19311729
127935456 20471349
127935456 21075893
127935456 21504535
127935456 21913907
127935456 23215572
127935456 24125323
127935456 26176694
127935456 26800967
127935456 30267128
127935456 36836939
127935456 36850842
127935456 40329238
127935456 41656802
127935456 48939443
127935456 58245520
127935456 59804598
127935456 67818595
127935456 74325773
127935456 87044829
127935456 105150583
127935456 105895378
127935456 115313263
127935456 123684709
127935456 131490551
127935456 146350964
127935456 160008685
127935456 172161833
127935456 186745799
127935456 210639349
127935456 210731960
127935456 211614808
127935456 213032194
127935456 221636679
127935456 238308325
127935456 240063501
127935456 245394117
127935456 247031120
127935456 248861233
127935456 250441643
127935456 250708662
127935456 252887163
127935456 253893287
127935456 262775327
127935456 275550472
127935456 277139373
127935456 277675909
127935456 281159810
127935456 287411130
127935456 288231953
127935456 297683673
127935456 298757008
127935456 307206030
127935456 307642294
127935456 308103112
127935456 309325161
127935456 310233571
127935456 322822476
127935456 325106566
127935456 339943969
127935456 341840097
127935456 356447837
127935456 362626342
127935456 374949999
127935456 381296177
127935456 381788237
127935456 382360772
127935456 384621304
127935456 385621090
127935456 417927586
127935456 422253889
127935456 431983156
127935456 467903803
127935456 491431687
127935456 498542846
127935456 501705927
127935456 543373651
127935456 548539370
127935456 548631386
127935456 560929638
130917777 17564647
130917777 26800967
130917777 115313263
130917777 238308325
130917777 252887163
130917777 308103112
130917777 309325161
130917777 325106566
130917777 337952973
130917777 339943969
130917777 382360772
131490551 19311729
131490551 48939443
131490551 105895378
131490551 127935456
131490551 160008685
131490551 163339795
131490551 221636679
131490551 238308325
131490551 258203336
131490551 262775327
131490551 298757008
131490551 307642294
131490551 325106566
131490551 422253889
131490551 501705927
134979402 15913
134979402 36850842
134979402 48939443
134979402 84672379
134979402 87044829
134979402 252887163
134979402 258203336
134979402 307642294
134979402 309325161
134979402 325106566
134979402 339943969
134979402 341603426
144723989 7852172
144723989 15853668
144723989 18581803
144723989 28960709
144723989 121258930
144723989 309366491
146155608 15913
146155608 5442012
146155608 13687132
146155608 48485771
146155608 121258930
146320301 5442012
146320301 14038862
146320301 15575251
146320301 17586739
146320301 20273398
146320301 22273748
146320301 25827166
146320301 28719244
146320301 30680870
146320301 47495471
146320301 48485771
146320301 52559331
146320301 59005241
146320301 75914648
146320301 82969251
146320301 84052794
146320301 95109615
146320301 117541123
146320301 121258930
146320301 146155608
146320301 151711230
146320301 250831586
146320301 270076706
146320301 282733465
146320301 307642294
146320301 324061899
146320301 355637036
146320301 367443729
146320301 394475305
146320301 401029555
146320301 416718047
146320301 466645680
146350964 15913
146350964 5442012
146350964 17564647
146350964 18581803
146350964 19311729
146350964 20471349
146350964 21075893
146350964 22679419
146350964 24125323
146350964 48485771
146350964 48939443
146350964 75914648
146350964 77806232
146350964 84672379
146350964 87044829
146350964 105895378
146350964 115313263
146350964 121258930
146350964 123684709
146350964 127935456
146350964 146155608
146350964 160008685
146350964 163339795
146350964 172161833
146350964 211614808
146350964 213032194
146350964 221636679
146350964 238308325
146350964 240063501
146350964 245394117
146350964 250441643
146350964 250708662
146350964 252887163
146350964 253893287
146350964 258203336
146350964 262775327
146350964 277675909
146350964 281159810
146350964 284174632
146350964 288231953
146350964 296242468
146350964 298757008
146350964 307206030
146350964 307642294
146350964 309325161
146350964 322822476
146350964 339943969
146350964 356447837
146350964 362626342
146350964 381788237
146350964 384621304
146350964 422253889
146350964 501705927
146350964 543373651
151711230 15913
151711230 5442012
151711230 15853668
151711230 22273748
151711230 25827166
151711230 28719244
151711230 48485771
151711230 61853583
151711230 75914648
151711230 86852135
151711230 146320301
151711230 198876913
151711230 200212364
151711230 250831586
151711230 270076706
151711230 307642294
151711230 309366491
151711230 365904984
151711230 367443729
151711230 394475305
151711230 401029555
151711230 416718047
152435436 15913
152435436 5442012
152435436 18581803
152435436 48485771
152435436 59804598
152435436 121258930
152435436 146155608
152435436 179524189
152435436 198876913
152435436 207752295
152435436 250831586
160008685 11648692
160008685 14180231
160008685 15070932
160008685 17564647
160008685 17632072
160008685 19311729
160008685 20471349
160008685 21075893
160008685 21504535
160008685 21913907
160008685 23215572
160008685 24125323
160008685 26176694
160008685 26800967
160008685 30267128
160008685 36836939
160008685 36850842
160008685 40329238
160008685 48939443
160008685 58245520
160008685 77806232
160008685 84672379
160008685 87044829
160008685 105895378
160008685 115313263
160008685 121472925
160008685 123684709
160008685 127935456
160008685 130917777
160008685 131490551
160008685 146350964
160008685 163339795
160008685 165795009
160008685 172161833
160008685 186745799
160008685 211614808
160008685 213032194
160008685 221636679
160008685 238308325
160008685 240063501
160008685 245394117
160008685 247031120
160008685 250441643
160008685 250708662
160008685 252887163
160008685 253893287
160008685 258203336
160008685 262775327
160008685 275550472
160008685 277675909
160008685 281159810
160008685 284174632
160008685 287411130
160008685 288231953
160008685 296242468
160008685 297683673
160008685 298757008
160008685 307206030
160008685 307642294
160008685 309325161
160008685 322822476
160008685 325106566
160008685 339943969
160008685 345569115
160008685 356447837
160008685 362626342
160008685 381788237
160008685 382360772
160008685 384621304
160008685 385621090
160008685 446023451
160008685 491431687
160008685 498542846
160008685 501705927
160008685 543373651
160008685 548631386
160008685 560929638
163339795 19311729
163339795 48939443
163339795 105895378
163339795 131490551
163339795 146350964
163339795 160008685
163339795 238308325
163339795 245394117
163339795 298757008
163339795 307642294
163339795 325106566
165795009 17564647
165795009 19311729
165795009 20471349
165795009 24125323
165795009 26176694
165795009 48939443
165795009 77806232
165795009 87044829
165795009 105895378
165795009 115313263
165795009 121472925
165795009 123684709
165795009 160008685
165795009 172161833
165795009 211614808
165795009 213032194
165795009 238308325
165795009 240063501
165795009 245394117
165795009 250441643
165795009 250708662
165795009 252887163
165795009 258203336
165795009 277675909
165795009 281159810
165795009 284174632
165795009 288231953
165795009 298757008
165795009 307206030
165795009 307642294
165795009 309325161
165795009 322822476
165795009 325106566
165795009 339943969
165795009 384621304
165795009 543373651
170487428 307642294
172161833 11648692
172161833 15070932
172161833 17564647
172161833 17586739
172161833 19311729
172161833 21075893
172161833 21504535
172161833 21913907
172161833 23215572
172161833 24125323
172161833 26800967
172161833 36836939
172161833 36850842
172161833 40329238
172161833 48939443
172161833 49781679
172161833 67818595
172161833 77806232
172161833 79056710
172161833 87044829
172161833 105150583
172161833 105895378
172161833 115313263
172161833 121472925
172161833 123684709
172161833 127935456
172161833 146350964
172161833 160008685
172161833 165795009
172161833 186745799
172161833 210639349
172161833 210731960
172161833 211614808
172161833 213032194
172161833 221636679
172161833 238308325
172161833 240063501
172161833 245394117
172161833 247031120
172161833 250708662
172161833 252887163
172161833 253893287
172161833 258203336
172161833 262775327
172161833 277139373
172161833 277675909
172161833 278062722
172161833 287411130
172161833 288231953
172161833 296242468
172161833 297683673
172161833 298757008
172161833 307206030
172161833 307642294
172161833 308103112
172161833 309064372
172161833 309325161
172161833 310233571
172161833 325106566
172161833 337952973
172161833 339943969
172161833 341840097
172161833 356447837
172161833 362626342
172161833 384621304
172161833 385621090
172161833 417927586
172161833 422253889
172161833 431983156
172161833 446023451
172161833 491431687
172161833 496262970
172161833 498542846
172161833 501705927
172161833 501724209
172161833 543373651
172161833 548539370
172161833 548631386
179524189 15913
179524189 5442012
179524189 9451052
179524189 14038862
179524189 15575251
179524189 28719244
179524189 30680870
179524189 41937748
179524189 45509346
179524189 48485771
179524189 52559331
179524189 121258930
179524189 146155608
179524189 152435436
179524189 198876913
179524189 200212364
179524189 207752295
179524189 324061899
179524189 421848829
181668778 20273398
181668778 20471349
181668778 22679419
181668778 94441197
181668778 307642294
181668778 322641198
181668778 450692479
186287415 19311729
186287415 20471349
186287415 84672379
186287415 87044829
186287415 252887163
186287415 277675909
186287415 284174632
186287415 288231953
186287415 307642294
186287415 309325161
186287415 325106566
186287415 339943969
186745799 11648692
186745799 17564647
186745799 21504535
186745799 23215572
186745799 24125323
186745799 26176694
186745799 26800967
186745799 40329238
186745799 49781679
186745799 58245520
186745799 67818595
186745799 105895378
186745799 115313263
186745799 127935456
186745799 160008685
186745799 172161833
186745799 211614808
186745799 238308325
186745799 240063501
186745799 247031120
186745799 287411130
186745799 307642294
186745799 308103112
186745799 309325161
186745799 322822476
186745799 325106566
186745799 339943969
186745799 356447837
186745799 385621090
186745799 431983156
186745799 498542846
186745799 543373651
186745799 548631386
186745799 560929638
195795250 15913
195795250 5442012
195795250 14038862
195795250 15853668
195795250 22273748
195795250 25827166
195795250 28719244
195795250 48485771
195795250 75914648
195795250 86852135
195795250 95109615
195795250 121258930
195795250 146155608
195795250 151711230
195795250 198876913
195795250 200212364
195795250 270076706
195795250 355637036
195795250 365904984
195795250 367443729
195795250 394475305
195795250 416718047
195795250 466645680
198876913 15913
198876913 5442012
198876913 9451052
198876913 14038862
198876913 15853668
198876913 17586739
198876913 17632072
198876913 18581803
198876913 22273748
198876913 22679419
198876913 28719244
198876913 28775296
198876913 30680870
198876913 45509346
198876913 48485771
198876913 52559331
198876913 54514600
198876913 59804598
198876913 61853583
198876913 86852135
198876913 117541123
198876913 121258930
198876913 146155608
198876913 151711230
198876913 152435436
198876913 179524189
198876913 195795250
198876913 200212364
198876913 207752295
198876913 306445007
198876913 308103112
198876913 316264827
198876913 324061899
198876913 365904984
198876913 367443729
198876913 370952365
198876913 411273721
198876913 416718047
198876913 421848829
198876913 422950468
198876913 466645680
198876913 499839056
200212364 7846
200212364 15913
200212364 5442012
200212364 7861312
200212364 9451052
200212364 14180231
200212364 15575251
200212364 15853668
200212364 16799897
200212364 17632072
200212364 18581803
200212364 20273398
200212364 22273748
200212364 22679419
200212364 25952851
200212364 28719244
200212364 30680870
200212364 48485771
200212364 52559331
200212364 59804598
200212364 75914648
200212364 86852135
200212364 121258930
200212364 146155608
200212364 151711230
200212364 152435436
200212364 179524189
200212364 198876913
200212364 207752295
200212364 270076706
200212364 306445007
200212364 309366491
200212364 365904984
200212364 422950468
207752295 15913
207752295 5442012
207752295 14180231
207752295 15853668
207752295 18581803
207752295 20471349
207752295 22273748
207752295 22679419
207752295 28719244
207752295 30680870
207752295 45509346
207752295 47495471
207752295 48485771
207752295 59804598
207752295 61853583
207752295 71606873
207752295 121258930
207752295 146155608
207752295 151711230
207752295 152435436
207752295 179524189
207752295 198876913
207752295 200212364
207752295 259074185
207752295 307642294
207752295 309366491
207752295 325106566
207752295 411273721
207752295 452342492
210639349 46762510
210639349 105895378
210639349 127935456
210639349 172161833
210639349 238308325
210639349 262775327
210639349 288231953
210639349 307642294
210639349 312604104
210639349 341840097
210639349 417927586
210639349 422253889
210639349 446023451
210639349 501724209
210731960 11648692
210731960 15070932
210731960 17564647
210731960 20471349
210731960 21075893
210731960 23215572
210731960 24125323
210731960 26800967
210731960 28478859
210731960 59804598
210731960 67818595
210731960 105150583
210731960 105895378
210731960 115313263
210731960 127935456
210731960 172161833
210731960 211614808
210731960 221636679
210731960 238308325
210731960 277139373
210731960 287411130
210731960 307642294
210731960 308103112
210731960 309325161
210731960 325106566
210731960 337952973
210731960 339943969
210731960 345569115
210731960 356447837
210731960 382360772
210731960 431983156
211614808 5442012
211614808 11648692
211614808 14180231
211614808 15070932
211614808 15846407
211614808 17564647
211614808 19311729
211614808 20471349
211614808 21075893
211614808 21504535
211614808 21913907
211614808 23215572
211614808 24125323
211614808 26176694
211614808 26800967
211614808 28478859
211614808 29785987
211614808 36836939
211614808 36850842
211614808 40329238
211614808 47495471
211614808 48939443
211614808 58245520
211614808 59804598
211614808 67818595
211614808 71606873
211614808 74325773
211614808 75914648
211614808 77806232
211614808 87044829
211614808 103661402
211614808 105150583
211614808 105895378
211614808 115313263
211614808 121472925
211614808 123684709
211614808 127935456
211614808 130917777
211614808 146155608
211614808 146350964
211614808 160008685
211614808 165795009
211614808 172161833
211614808 186745799
211614808 210731960
211614808 213032194
211614808 221636679
211614808 238308325
211614808 240063501
211614808 245394117
211614808 247031120
211614808 250441643
211614808 250708662
211614808 250831586
211614808 252887163
211614808 253893287
211614808 256974037
211614808 258203336
211614808 262775327
211614808 275550472
211614808 277139373
211614808 277675909
211614808 281159810
211614808 284174632
211614808 287411130
211614808 288231953
211614808 296242468
211614808 297683673
211614808 298757008
211614808 307206030
211614808 307642294
211614808 308103112
211614808 309064372
211614808 309325161
211614808 310233571
211614808 322822476
211614808 325106566
211614808 326659062
211614808 337952973
211614808 339943969
211614808 341840097
211614808 345569115
211614808 356447837
211614808 362626342
211614808 381296177
211614808 381788237
211614808 382360772
211614808 384621304
211614808 385621090
211614808 411273721
211614808 417927586
211614808 422114084
211614808 422253889
211614808 431983156
211614808 446023451
211614808 448774841
211614808 491431687
211614808 498542846
211614808 501705927
211614808 543373651
211614808 548539370
211614808 548631386
211614808 560482964
211614808 560929638
213032194 15070932
213032194 17564647
213032194 19311729
213032194 21075893
213032194 21913907
213032194 36836939
213032194 48939443
213032194 87044829
213032194 105895378
213032194 115313263
213032194 121472925
213032194 127935456
213032194 146350964
213032194 160008685
213032194 165795009
213032194 172161833
213032194 211614808
213032194 221636679
213032194 238308325
213032194 240063501
213032194 245394117
213032194 250441643
213032194 250708662
213032194 252887163
213032194 262775327
213032194 277675909
213032194 281159810
213032194 298757008
213032194 307206030
213032194 309325161
213032194 322822476
213032194 325106566
213032194 339943969
213032194 356447837
213032194 362626342
213032194 381788237
213032194 384621304
213032194 422253889
213032194 431983156
213032194 501705927
213032194 543373651
213504157 47495471
213504157 270076706
213504157 307642294
221636679 5442012
221636679 17564647
221636679 21075893
221636679 23215572
221636679 28478859
221636679 36836939
221636679 67818595
221636679 87044829
221636679 105895378
221636679 115313263
221636679 127935456
221636679 131490551
221636679 146350964
221636679 160008685
221636679 172161833
221636679 210731960
221636679 211614808
221636679 213032194
221636679 238308325
221636679 247031120
221636679 250441643
221636679 253893287
221636679 258203336
221636679 262775327
221636679 277675909
221636679 281159810
221636679 288231953
221636679 298757008
221636679 325106566
221636679 337952973
221636679 341840097
221636679 356447837
221636679 362626342
221636679 381788237
221636679 384621304
221636679 417927586
221636679 422253889
221636679 446023451
221636679 501724209
221636679 548539370
238308325 5442012
238308325 11648692
238308325 14180231
238308325 15070932
238308325 17564647
238308325 17586739
238308325 17632072
238308325 19311729
238308325 21075893
238308325 21913907
238308325 23215572
238308325 24125323
238308325 26176694
238308325 26800967
238308325 36836939
238308325 36850842
238308325 40329238
238308325 48939443
238308325 59804598
238308325 61853583
238308325 67818595
238308325 74325773
238308325 77806232
238308325 87044829
238308325 105150583
238308325 105895378
238308325 115313263
238308325 123684709
238308325 127935456
238308325 130917777
238308325 131490551
238308325 146350964
238308325 160008685
238308325 163339795
238308325 165795009
238308325 172161833
238308325 186745799
238308325 210639349
238308325 210731960
238308325 211614808
238308325 213032194
238308325 240063501
238308325 245394117
238308325 250441643
238308325 250708662
238308325 252887163
238308325 258203336
238308325 262775327
238308325 277139373
238308325 277675909
238308325 281159810
238308325 287411130
238308325 288231953
238308325 296242468
238308325 298757008
238308325 307642294
238308325 308103112
238308325 309064372
238308325 309325161
238308325 310233571
238308325 322822476
238308325 325106566
238308325 326659062
238308325 337952973
238308325 339943969
238308325 341840097
238308325 345569115
238308325 356447837
238308325 362626342
238308325 381788237
238308325 382360772
238308325 384621304
238308325 385621090
238308325 417927586
238308325 422253889
238308325 431983156
238308325 446023451
238308325 501705927
238308325 543373651
238308325 548539370
238308325 560929638
240063501 11648692
240063501 15070932
240063501 17564647
240063501 20471349
240063501 21075893
240063501 23215572
240063501 24125323
240063501 26176694
240063501 36836939
240063501 40329238
240063501 48939443
240063501 58245520
240063501 59804598
240063501 77806232
240063501 87044829
240063501 105895378
240063501 115313263
240063501 123684709
240063501 127935456
240063501 130917777
240063501 146350964
240063501 160008685
240063501 165795009
240063501 172161833
240063501 186745799
240063501 211614808
240063501 213032194
240063501 238308325
240063501 245394117
240063501 250441643
240063501 250708662
240063501 252887163
240063501 262775327
240063501 287411130
240063501 297683673
240063501 298757008
240063501 307642294
240063501 308103112
240063501 309325161
240063501 362626342
240063501 384621304
240063501 422253889
240063501 431983156
240063501 498542846
240063501 543373651
240063501 560482964
245394117 5442012
245394117 15070932
245394117 17564647
245394117 19311729
245394117 20471349
245394117 21075893
245394117 21913907
245394117 23215572
245394117 26800967
245394117 28478859
245394117 36836939
245394117 48939443
245394117 67818595
245394117 87044829
245394117 105895378
245394117 115313263
245394117 121258930
245394117 121472925
245394117 127935456
245394117 146155608
245394117 146350964
245394117 160008685
245394117 163339795
245394117 165795009
245394117 172161833
245394117 211614808
245394117 213032194
245394117 221636679
245394117 238308325
245394117 240063501
245394117 250441643
245394117 250708662
245394117 252887163
245394117 253893287
245394117 258203336
245394117 262775327
245394117 277139373
245394117 277675909
245394117 281159810
245394117 288231953
245394117 298757008
245394117 307206030
245394117 307642294
245394117 309325161
245394117 310233571
245394117 322822476
245394117 325106566
245394117 337952973
245394117 339943969
245394117 341840097
245394117 356447837
245394117 362626342
245394117 381788237
245394117 384621304
245394117 422253889
245394117 431983156
245394117 501705927
245394117 543373651
245394117 548539370
247031120 15070932
247031120 17564647
247031120 19311729
247031120 21504535
247031120 24125323
247031120 26176694
247031120 26800967
247031120 40329238
247031120 49781679
247031120 58245520
247031120 87044829
247031120 105150583
247031120 115313263
247031120 127935456
247031120 130917777
247031120 146155608
247031120 160008685
247031120 172161833
247031120 186745799
247031120 211614808
247031120 221636679
247031120 253893287
247031120 281159810
247031120 288231953
247031120 307642294
247031120 308103112
247031120 309325161
247031120 325106566
247031120 339943969
247031120 362626342
247031120 382360772
247031120 385621090
247031120 422253889
247031120 446023451
247031120 491431687
247031120 498542846
248861233 15070932
248861233 17632072
248861233 20471349
248861233 23215572
248861233 24542441
248861233 84672379
248861233 127935456
248861233 252887163
248861233 284174632
248861233 310233571
248861233 322822476
248861233 325106566
248861233 345569115
250441643 19311729
250441643 20471349
250441643 21075893
250441643 24125323
250441643 26176694
250441643 48939443
250441643 87044829
250441643 105895378
250441643 115313263
250441643 121472925
250441643 123684709
250441643 160008685
250441643 165795009
250441643 211614808
250441643 213032194
250441643 221636679
250441643 252887163
250441643 258203336
250441643 277675909
250441643 281159810
250441643 288231953
250441643 307642294
250441643 309325161
250441643 339943969
250441643 362626342
250441643 543373651
250708662 15070932
250708662 17564647
250708662 19311729
250708662 20471349
250708662 21075893
250708662 21504535
250708662 23215572
250708662 24125323
250708662 26176694
250708662 36850842
250708662 40329238
250708662 41656802
250708662 48939443
250708662 87044829
250708662 105895378
250708662 115313263
250708662 121472925
250708662 123684709
250708662 127935456
250708662 146350964
250708662 160008685
250708662 165795009
250708662 211614808
250708662 213032194
250708662 238308325
250708662 245394117
250708662 252887163
250708662 253893287
250708662 262775327
250708662 277675909
250708662 281159810
250708662 287411130
250708662 296242468
250708662 297683673
250708662 298757008
250708662 307642294
250708662 309325161
250708662 322822476
250708662 325106566
250708662 339943969
250708662 362626342
250708662 384621304
250708662 385621090
250708662 422253889
250708662 467903803
250708662 491431687
250708662 543373651
252887163 17564647
252887163 20471349
252887163 21075893
252887163 21913907
252887163 23215572
252887163 24125323
252887163 26176694
252887163 26800967
252887163 36850842
252887163 40329238
252887163 41656802
252887163 48939443
252887163 77806232
252887163 84672379
252887163 87044829
252887163 105895378
252887163 115313263
252887163 121258930
252887163 121472925
252887163 123684709
252887163 134979402
252887163 146350964
252887163 160008685
252887163 165795009
252887163 172161833
252887163 186287415
252887163 211614808
252887163 213032194
252887163 238308325
252887163 245394117
252887163 248861233
252887163 250441643
252887163 250708662
252887163 258203336
252887163 262775327
252887163 275550472
252887163 277675909
252887163 281159810
252887163 284174632
252887163 287411130
252887163 288231953
252887163 297683673
252887163 298757008
252887163 307206030
252887163 307642294
252887163 309325161
252887163 322822476
252887163 325106566
252887163 337952973
252887163 339943969
252887163 341603426
252887163 345569115
252887163 384621304
252887163 385621090
252887163 417927586
252887163 431983156
252887163 548631386
253893287 15070932
253893287 17564647
253893287 20471349
253893287 21504535
253893287 23215572
253893287 24125323
253893287 26176694
253893287 26800967
253893287 36836939
253893287 40329238
253893287 48939443
253893287 58245520
253893287 59804598
253893287 105895378
253893287 115313263
253893287 123684709
253893287 127935456
253893287 146350964
253893287 160008685
253893287 172161833
253893287 211614808
253893287 221636679
253893287 238308325
253893287 245394117
253893287 250708662
253893287 258203336
253893287 287411130
253893287 298757008
253893287 307642294
253893287 309325161
253893287 339943969
253893287 362626342
253893287 381788237
253893287 384621304
253893287 385621090
253893287 422253889
253893287 446023451
253893287 498542846
253893287 543373651
253893287 548631386
256974037 21075893
256974037 245394117
256974037 288231953
256974037 307206030
256974037 307642294
256974037 309325161
256974037 339943969
256974037 384621304
258203336 14180231
258203336 15853668
258203336 17564647
258203336 17586739
258203336 17632072
258203336 18581803
258203336 20471349
258203336 23215572
258203336 24542441
258203336 26800967
258203336 28478859
258203336 41656802
258203336 47495471
258203336 48939443
258203336 67818595
258203336 72156360
258203336 74275571
258203336 75914648
258203336 84672379
258203336 87044829
258203336 105895378
258203336 115313263
258203336 121472925
258203336 123684709
258203336 131490551
258203336 134979402
258203336 146350964
258203336 160008685
258203336 165795009
258203336 172161833
258203336 211614808
258203336 221636679
258203336 245394117
258203336 250441643
258203336 250831586
258203336 252887163
258203336 253893287
258203336 262775327
258203336 275550472
258203336 277675909
258203336 281159810
258203336 284174632
258203336 288231953
258203336 298757008
258203336 307206030
258203336 307642294
258203336 308103112
258203336 309325161
258203336 310233571
258203336 322822476
258203336 325106566
258203336 326659062
258203336 337952973
258203336 339943969
258203336 341603426
258203336 341840097
258203336 362626342
258203336 374949999
258203336 381788237
258203336 384621304
258203336 387566789
258203336 417927586
258203336 446023451
258203336 501705927
258203336 501724209
258203336 543373651
259074185 5442012
259074185 17586739
259074185 17632072
259074185 20323999
259074185 30680870
259074185 47495471
259074185 48485771
259074185 61853583
259074185 72156360
259074185 117541123
259074185 121258930
259074185 146155608
259074185 152435436
259074185 207752295
259074185 278062722
259074185 307642294
259074185 309366491
259074185 411273721
259074185 499839056
262775327 14180231
262775327 15070932
262775327 17564647
262775327 18581803
262775327 19311729
262775327 20471349
262775327 21913907
262775327 23215572
262775327 24125323
262775327 26176694
262775327 26800967
262775327 28478859
262775327 36850842
262775327 40329238
262775327 41656802
262775327 48939443
262775327 59804598
262775327 67818595
262775327 87044829
262775327 105150583
262775327 105895378
262775327 115313263
262775327 121472925
262775327 123684709
262775327 127935456
262775327 131490551
262775327 146350964
262775327 160008685
262775327 172161833
262775327 210639349
262775327 211614808
262775327 213032194
262775327 221636679
262775327 238308325
262775327 245394117
262775327 250441643
262775327 250708662
262775327 252887163
262775327 258203336
262775327 277139373
262775327 277675909
262775327 281159810
262775327 284174632
262775327 287411130
262775327 288231953
262775327 298757008
262775327 307206030
262775327 307642294
262775327 308103112
262775327 309325161
262775327 310233571
262775327 322822476
262775327 325106566
262775327 337952973
262775327 339943969
262775327 341840097
262775327 356447837
262775327 362626342
262775327 381788237
262775327 384621304
262775327 385621090
262775327 417927586
262775327 422253889
262775327 431983156
262775327 498542846
262775327 501705927
270076706 5442012
270076706 15853668
270076706 22273748
270076706 25827166
270076706 28719244
270076706 41937748
270076706 48485771
270076706 59005241
270076706 59804598
270076706 75914648
270076706 86852135
270076706 121258930
270076706 146320301
270076706 151711230
270076706 200212364
270076706 213504157
270076706 306445007
270076706 307642294
270076706 324061899
270076706 367443729
270076706 394475305
275550472 17448921
275550472 19311729
275550472 20471349
275550472 21504535
275550472 24125323
275550472 24542441
275550472 26176694
275550472 26800967
275550472 36850842
275550472 41656802
275550472 48939443
275550472 59804598
275550472 84672379
275550472 87044829
275550472 105895378
275550472 127935456
275550472 160008685
275550472 211614808
275550472 252887163
275550472 258203336
275550472 277675909
275550472 281159810
275550472 284174632
275550472 307642294
275550472 309325161
275550472 339943969
275550472 341603426
275550472 385621090
275550472 387566789
275550472 543373651
277139373 17564647
277139373 20471349
277139373 21075893
277139373 23215572
277139373 26800967
277139373 67818595
277139373 105895378
277139373 115313263
277139373 127935456
277139373 172161833
277139373 210731960
277139373 211614808
277139373 238308325
277139373 245394117
277139373 262775327
277139373 281159810
277139373 288231953
277139373 298757008
277139373 307642294
277139373 309325161
277139373 325106566
277139373 337952973
277139373 339943969
277139373 341840097
277139373 356447837
277139373 362626342
277139373 384621304
277139373 417927586
277139373 548539370
277675909 15070932
277675909 17564647
277675909 19311729
277675909 20471349
277675909 21075893
277675909 21913907
277675909 24125323
277675909 26176694
277675909 26800967
277675909 36850842
277675909 48939443
277675909 84672379
277675909 87044829
277675909 105895378
277675909 115313263
277675909 121472925
277675909 123684709
277675909 127935456
277675909 146350964
277675909 160008685
277675909 165795009
277675909 172161833
277675909 186287415
277675909 211614808
277675909 213032194
277675909 221636679
277675909 238308325
277675909 245394117
277675909 250441643
277675909 252887163
277675909 258203336
277675909 262775327
277675909 275550472
277675909 281159810
277675909 284174632
277675909 288231953
277675909 298757008
277675909 307642294
277675909 309064372
277675909 309325161
277675909 339943969
277675909 356447837
277675909 362626342
277675909 381788237
277675909 385621090
278062722 5442012
278062722 17564647
278062722 17586739
278062722 20323999
278062722 47495471
278062722 61853583
278062722 121258930
278062722 146155608
278062722 172161833
278062722 198876913
278062722 259074185
278062722 307642294
278062722 309325161
278062722 362626342
278062722 411273721
278062722 499839056
278062722 548539370
281159810 11648692
281159810 15070932
281159810 17564647
281159810 19311729
281159810 20471349
281159810 21075893
281159810 23215572
281159810 24125323
281159810 26176694
281159810 26800967
281159810 30267128
281159810 36850842
281159810 40329238
281159810 46762510
281159810 48939443
281159810 59804598
281159810 77806232
281159810 87044829
281159810 105150583
281159810 105895378
281159810 115313263
281159810 121472925
281159810 123684709
281159810 127935456
281159810 130917777
281159810 146350964
281159810 160008685
281159810 165795009
281159810 211614808
281159810 213032194
281159810 221636679
281159810 238308325
281159810 245394117
281159810 247031120
281159810 250441643
281159810 250708662
281159810 252887163
281159810 258203336
281159810 262775327
281159810 275550472
281159810 277139373
281159810 277675909
281159810 284174632
281159810 288231953
281159810 297683673
281159810 298757008
281159810 307206030
281159810 307642294
281159810 308103112
281159810 309064372
281159810 309325161
281159810 310233571
281159810 322822476
281159810 325106566
281159810 337952973
281159810 339943969
281159810 345569115
281159810 362626342
281159810 382360772
281159810 384621304
281159810 385621090
281159810 431983156
281159810 491431687
281159810 543373651
281159810 548539370
281159810 560482964
281159810 560929638
282733465 15913
282733465 5442012
282733465 15575251
282733465 15853668
282733465 22273748
282733465 25827166
282733465 28719244
282733465 48485771
282733465 52559331
282733465 59005241
282733465 75914648
282733465 86852135
282733465 95109615
282733465 103661402
282733465 121258930
282733465 146155608
282733465 146320301
282733465 151711230
282733465 195795250
282733465 307642294
282733465 324061899
282733465 325106566
282733465 347508389
282733465 355637036
282733465 365904984
282733465 367443729
282733465 394475305
282733465 401029555
282733465 416718047
282733465 422950468
282733465 466645680
284174632 17564647
284174632 19311729
284174632 20471349
284174632 23215572
284174632 26422087
284174632 36850842
284174632 41656802
284174632 48939443
284174632 84672379
284174632 87044829
284174632 105895378
284174632 146350964
284174632 160008685
284174632 165795009
284174632 186287415
284174632 211614808
284174632 248861233
284174632 252887163
284174632 258203336
284174632 262775327
284174632 275550472
284174632 277675909
284174632 281159810
284174632 288231953
284174632 296242468
284174632 307642294
284174632 308103112
284174632 309064372
284174632 309325161
284174632 309366491
284174632 310233571
284174632 322822476
284174632 325106566
284174632 339943969
284174632 374949999
284174632 384621304
284174632 387566789
284174632 417927586
287411130 17564647
287411130 21504535
287411130 23215572
287411130 24125323
287411130 26176694
287411130 26800967
287411130 30267128
287411130 36850842
287411130 40329238
287411130 58245520
287411130 59804598
287411130 74325773
287411130 87044829
287411130 105895378
287411130 115313263
287411130 127935456
287411130 130917777
287411130 160008685
287411130 172161833
287411130 186745799
287411130 210731960
287411130 211614808
287411130 238308325
287411130 240063501
287411130 250708662
287411130 252887163
287411130 253893287
287411130 262775327
287411130 281159810
287411130 307642294
287411130 309325161
287411130 322822476
287411130 325106566
287411130 339943969
287411130 345569115
287411130 356447837
287411130 382360772
287411130 384621304
287411130 385621090
287411130 431983156
287411130 448774841
287411130 498542846
287411130 543373651
287411130 560929638
288231953 14180231
288231953 17564647
288231953 18581803
288231953 19311729
288231953 20471349
288231953 21075893
288231953 23215572
288231953 26176694
288231953 28478859
288231953 41656802
288231953 48939443
288231953 67818595
288231953 87044829
288231953 105895378
288231953 115313263
288231953 121472925
288231953 127935456
288231953 146350964
288231953 160008685
288231953 165795009
288231953 172161833
288231953 186287415
288231953 210639349
288231953 211614808
288231953 221636679
288231953 238308325
288231953 245394117
288231953 247031120
288231953 250441643
288231953 252887163
288231953 256974037
288231953 258203336
288231953 262775327
288231953 277139373
288231953 277675909
288231953 281159810
288231953 284174632
288231953 296242468
288231953 298757008
288231953 307642294
288231953 308103112
288231953 309064372
288231953 309325161
288231953 310233571
288231953 322822476
288231953 325106566
288231953 337952973
288231953 339943969
288231953 341840097
288231953 356447837
288231953 362626342
288231953 384621304
288231953 385621090
288231953 417927586
288231953 422253889
288231953 431983156
288231953 446023451
288231953 548539370
296242468 15913
296242468 15070932
296242468 15846407
296242468 17564647
296242468 19311729
296242468 20471349
296242468 23215572
296242468 26422087
296242468 26800967
296242468 36850842
296242468 41656802
296242468 48939443
296242468 59804598
296242468 84672379
296242468 87044829
296242468 105895378
296242468 115313263
296242468 146350964
296242468 172161833
296242468 211614808
296242468 238308325
296242468 248861233
296242468 250441643
296242468 250708662
296242468 281159810
296242468 284174632
296242468 288231953
296242468 307642294
296242468 309325161
296242468 325106566
296242468 337952973
296242468 339943969
296242468 345569115
296242468 381788237
296242468 467903803
296242468 543373651
297683673 19311729
297683673 20471349
297683673 23215572
297683673 24125323
297683673 26176694
297683673 36850842
297683673 40329238
297683673 87044829
297683673 105895378
297683673 115313263
297683673 127935456
297683673 160008685
297683673 172161833
297683673 211614808
297683673 240063501
297683673 250708662
297683673 252887163
297683673 281159810
297683673 307642294
297683673 309064372
297683673 309325161
297683673 325106566
297683673 337952973
297683673 339943969
297683673 345569115
297683673 385621090
297683673 431983156
297683673 498542846
298757008 17564647
298757008 17586739
298757008 20471349
298757008 21075893
298757008 23215572
298757008 26800967
298757008 28478859
298757008 36836939
298757008 46762510
298757008 67818595
298757008 77806232
298757008 87044829
298757008 105895378
298757008 115313263
298757008 127935456
298757008 131490551
298757008 146350964
298757008 160008685
298757008 163339795
298757008 165795009
298757008 172161833
298757008 211614808
298757008 213032194
298757008 221636679
298757008 238308325
298757008 240063501
298757008 245394117
298757008 250708662
298757008 252887163
298757008 253893287
298757008 258203336
298757008 262775327
298757008 277139373
298757008 277675909
298757008 281159810
298757008 288231953
298757008 307642294
298757008 309064372
298757008 309325161
298757008 310233571
298757008 322822476
298757008 325106566
298757008 326659062
298757008 339943969
298757008 341840097
298757008 356447837
298757008 362626342
298757008 381788237
298757008 384621304
298757008 417927586
298757008 422253889
298757008 431983156
298757008 446023451
298757008 548539370
306445007 15913
306445007 5442012
306445007 14038862
306445007 15575251
306445007 15853668
306445007 17586739
306445007 22273748
306445007 25827166
306445007 28719244
306445007 28775296
306445007 30680870
306445007 45509346
306445007 48485771
306445007 52559331
306445007 54514600
306445007 59005241
306445007 71606873
306445007 75914648
306445007 84052794
306445007 86852135
306445007 95109615
306445007 117541123
306445007 121258930
306445007 146155608
306445007 146320301
306445007 151711230
306445007 179524189
306445007 195795250
306445007 198876913
306445007 200212364
306445007 270076706
306445007 282733465
306445007 307642294
306445007 316264827
306445007 324061899
306445007 347508389
306445007 349358004
306445007 355637036
306445007 365904984
306445007 367443729
306445007 394475305
306445007 401029555
306445007 416718047
306445007 421848829
306445007 422950468
306445007 466645680
307206030 21075893
307206030 23215572
307206030 36836939
307206030 67818595
307206030 77806232
307206030 87044829
307206030 103661402
307206030 105895378
307206030 115313263
307206030 146350964
307206030 160008685
307206030 165795009
307206030 172161833
307206030 211614808
307206030 213032194
307206030 238308325
307206030 245394117
307206030 250441643
307206030 252887163
307206030 256974037
307206030 258203336
307206030 262775327
307206030 277139373
307206030 281159810
307206030 298757008
307206030 307642294
307206030 309325161
307206030 322822476
307206030 325106566
307206030 337952973
307206030 339943969
307206030 356447837
307206030 384621304
307642294 15913
307642294 11648692
307642294 14038862
307642294 14180231
307642294 15070932
307642294 15853668
307642294 17448921
307642294 17564647
307642294 17586739
307642294 17632072
307642294 18581803
307642294 19311729
307642294 20323999
307642294 20471349
307642294 21075893
307642294 21504535
307642294 21913907
307642294 22273748
307642294 22679419
307642294 23215572
307642294 24125323
307642294 25827166
307642294 25952851
307642294 26176694
307642294 26422087
307642294 26800967
307642294 28281437
307642294 28478859
307642294 28719244
307642294 28775296
307642294 28960709
307642294 29785987
307642294 30267128
307642294 30680870
307642294 36836939
307642294 36850842
307642294 40329238
307642294 41656802
307642294 41937748
307642294 44234944
307642294 45509346
307642294 46762510
307642294 47495471
307642294 48485771
307642294 48939443
307642294 49781679
307642294 52559331
307642294 54514600
307642294 58245520
307642294 59005241
307642294 59804598
307642294 61853583
307642294 63644892
307642294 67818595
307642294 71606873
307642294 72156360
307642294 74275571
307642294 74325773
307642294 75914648
307642294 77806232
307642294 79056710
307642294 82969251
307642294 84052794
307642294 84672379
307642294 86852135
307642294 87044829
307642294 94441197
307642294 95109615
307642294 103661402
307642294 105150583
307642294 105895378
307642294 115313263
307642294 117541123
307642294 121258930
307642294 121472925
307642294 123684709
307642294 127935456
307642294 130917777
307642294 131490551
307642294 134979402
307642294 144723989
307642294 146155608
307642294 146320301
307642294 146350964
307642294 151711230
307642294 152435436
307642294 160008685
307642294 163339795
307642294 165795009
307642294 170487428
307642294 172161833
307642294 179524189
307642294 181668778
307642294 186287415
307642294 186745799
307642294 195795250
307642294 198876913
307642294 200212364
307642294 207752295
307642294 210639349
307642294 210731960
307642294 211614808
307642294 213032194
307642294 213504157
307642294 221636679
307642294 238308325
307642294 240063501
307642294 245394117
307642294 247031120
307642294 248861233
307642294 250441643
307642294 250708662
307642294 250831586
307642294 252887163
307642294 253893287
307642294 256974037
307642294 258203336
307642294 259074185
307642294 262775327
307642294 270076706
307642294 275550472
307642294 277139373
307642294 277675909
307642294 278062722
307642294 281159810
307642294 282733465
307642294 284174632
307642294 287411130
307642294 288231953
307642294 296242468
307642294 297683673
307642294 298757008
307642294 306445007
307642294 307206030
307642294 308103112
307642294 309064372
307642294 309325161
307642294 309366491
307642294 310233571
307642294 312604104
307642294 316264827
307642294 322641198
307642294 322822476
307642294 324061899
307642294 325106566
307642294 326659062
307642294 337952973
307642294 339943969
307642294 341603426
307642294 341840097
307642294 342279134
307642294 343042051
307642294 345569115
307642294 347508389
307642294 349358004
307642294 355602073
307642294 355637036
307642294 356447837
307642294 362626342
307642294 365904984
307642294 370952365
307642294 374949999
307642294 381296177
307642294 381788237
307642294 382360772
307642294 384621304
307642294 385621090
307642294 387566789
307642294 387975746
307642294 394475305
307642294 401029555
307642294 411273721
307642294 416718047
307642294 417927586
307642294 421848829
307642294 422114084
307642294 422253889
307642294 422950468
307642294 431983156
307642294 446023451
307642294 448774841
307642294 450692479
307642294 452342492
307642294 464413911
307642294 466645680
307642294 467903803
307642294 491431687
307642294 496262970
307642294 498542846
307642294 499839056
307642294 501705927
307642294 501724209
307642294 529658284
307642294 543373651
307642294 548539370
307642294 548631386
307642294 560482964
307642294 560929638
307642294 566753653
308103112 15913
308103112 5442012
308103112 14038862
308103112 14589257
308103112 15575251
308103112 17564647
308103112 17632072
308103112 20471349
308103112 23215572
308103112 24125323
308103112 26176694
308103112 26800967
308103112 40329238
308103112 45509346
308103112 48485771
308103112 58245520
308103112 59804598
308103112 67818595
308103112 74325773
308103112 115313263
308103112 121258930
308103112 130917777
308103112 172161833
308103112 186745799
308103112 198876913
308103112 210731960
308103112 211614808
308103112 238308325
308103112 240063501
308103112 247031120
308103112 250831586
308103112 252887163
308103112 258203336
308103112 262775327
308103112 281159810
308103112 284174632
308103112 288231953
308103112 296242468
308103112 307642294
308103112 309325161
308103112 309366491
308103112 310233571
308103112 325106566
308103112 337952973
308103112 339943969
308103112 356447837
308103112 382360772
308103112 384621304
308103112 385621090
308103112 446023451
308103112 548631386
309064372 15913
309064372 5442012
309064372 15070932
309064372 17564647
309064372 19311729
309064372 23215572
309064372 24125323
309064372 26176694
309064372 26800967
309064372 36850842
309064372 40329238
309064372 59804598
309064372 87044829
309064372 105150583
309064372 105895378
309064372 115313263
309064372 121258930
309064372 146155608
309064372 172161833
309064372 211614808
309064372 238308325
309064372 250831586
309064372 252887163
309064372 258203336
309064372 275550472
309064372 277675909
309064372 281159810
309064372 284174632
309064372 288231953
309064372 297683673
309064372 298757008
309064372 307642294
309064372 309325161
309064372 310233571
309064372 325106566
309064372 339943969
309064372 341603426
309064372 345569115
309064372 384621304
309064372 422114084
309064372 431983156
309325161 11648692
309325161 15070932
309325161 17564647
309325161 17586739
309325161 19311729
309325161 20471349
309325161 21075893
309325161 21504535
309325161 21913907
309325161 23215572
309325161 24125323
309325161 24542441
309325161 26176694
309325161 26800967
309325161 28478859
309325161 29785987
309325161 30267128
309325161 36836939
309325161 36850842
309325161 40329238
309325161 41656802
309325161 47495471
309325161 48939443
309325161 49781679
309325161 58245520
309325161 67818595
309325161 71606873
309325161 77806232
309325161 84672379
309325161 87044829
309325161 105150583
309325161 105895378
309325161 115313263
309325161 121472925
309325161 123684709
309325161 127935456
309325161 130917777
309325161 134979402
309325161 146350964
309325161 160008685
309325161 165795009
309325161 172161833
309325161 186287415
309325161 186745799
309325161 210731960
309325161 211614808
309325161 213032194
309325161 238308325
309325161 240063501
309325161 245394117
309325161 247031120
309325161 250441643
309325161 250708662
309325161 252887163
309325161 253893287
309325161 256974037
309325161 258203336
309325161 262775327
309325161 275550472
309325161 277139373
309325161 277675909
309325161 278062722
309325161 281159810
309325161 284174632
309325161 287411130
309325161 288231953
309325161 296242468
309325161 297683673
309325161 298757008
309325161 307642294
309325161 308103112
309325161 309064372
309325161 310233571
309325161 322822476
309325161 325106566
309325161 337952973
309325161 339943969
309325161 341603426
309325161 341840097
309325161 345569115
309325161 356447837
309325161 362626342
309325161 381296177
309325161 381788237
309325161 382360772
309325161 384621304
309325161 385621090
309325161 411273721
309325161 417927586
309325161 422114084
309325161 422253889
309325161 431983156
309325161 446023451
309325161 448774841
309325161 491431687
309325161 498542846
309325161 499839056
309325161 501705927
309325161 501724209
309325161 543373651
309325161 548539370
309325161 548631386
309325161 560482964
309325161 560929638
309366491 7861312
309366491 15853668
309366491 22679419
309366491 28960709
309366491 144723989
310233571 15913
310233571 5442012
310233571 13687132
310233571 17564647
310233571 20471349
310233571 23215572
310233571 26800967
310233571 46762510
310233571 59804598
310233571 67818595
310233571 105895378
310233571 115313263
310233571 121258930
310233571 127935456
310233571 146155608
310233571 172161833
310233571 211614808
310233571 238308325
310233571 245394117
310233571 248861233
310233571 258203336
310233571 262775327
310233571 281159810
310233571 284174632
310233571 288231953
310233571 298757008
310233571 307642294
310233571 308103112
310233571 309064372
310233571 309325161
310233571 309366491
310233571 322822476
310233571 325106566
310233571 337952973
310233571 339943969
310233571 341603426
310233571 341840097
310233571 356447837
310233571 384621304
310233571 417927586
312604104 5442012
312604104 20323999
312604104 45509346
312604104 47495471
312604104 146155608
312604104 210639349
312604104 307642294
312604104 325106566
312604104 411273721
316264827 5442012
316264827 14038862
316264827 15575251
316264827 28775296
316264827 30680870
316264827 41937748
316264827 63644892
316264827 117541123
316264827 198876913
316264827 306445007
316264827 307642294
316264827 324061899
316264827 421848829
316264827 499839056
322641198 18581803
322641198 20273398
322641198 20471349
322641198 22679419
322641198 28960709
322641198 94441197
322641198 181668778
322641198 307642294
322641198 450692479
322822476 17564647
322822476 17632072
322822476 20471349
322822476 23215572
322822476 24125323
322822476 26176694
322822476 36836939
322822476 36850842
322822476 48939443
322822476 49781679
322822476 84672379
322822476 121472925
322822476 123684709
322822476 127935456
322822476 146350964
322822476 160008685
322822476 165795009
322822476 211614808
322822476 245394117
322822476 248861233
322822476 252887163
322822476 258203336
322822476 262775327
322822476 275550472
322822476 281159810
322822476 284174632
322822476 288231953
322822476 298757008
322822476 307206030
322822476 309325161
322822476 309366491
322822476 310233571
322822476 337952973
322822476 339943969
322822476 385621090
322822476 464413911
324061899 15913
324061899 5442012
324061899 15853668
324061899 17632072
324061899 22273748
324061899 25827166
324061899 28719244
324061899 28775296
324061899 30680870
324061899 41937748
324061899 47495471
324061899 48485771
324061899 52559331
324061899 59005241
324061899 59804598
324061899 75914648
324061899 86852135
324061899 95109615
324061899 103661402
324061899 117541123
324061899 121258930
324061899 146155608
324061899 151711230
324061899 179524189
324061899 195795250
324061899 198876913
324061899 200212364
324061899 270076706
324061899 282733465
324061899 306445007
324061899 307642294
324061899 316264827
324061899 347508389
324061899 355637036
324061899 365904984
324061899 367443729
324061899 394475305
324061899 401029555
324061899 411273721
324061899 416718047
324061899 421848829
324061899 422950468
324061899 466645680
325106566 5442012
325106566 11648692
325106566 14180231
325106566 15070932
325106566 17564647
325106566 19311729
325106566 20323999
325106566 20471349
325106566 23215572
325106566 24125323
325106566 25827166
325106566 26176694
325106566 26800967
325106566 28478859
325106566 28719244
325106566 36850842
325106566 40329238
325106566 41656802
325106566 45509346
325106566 48485771
325106566 48939443
325106566 58245520
325106566 67818595
325106566 72156360
325106566 74325773
325106566 75914648
325106566 77806232
325106566 84672379
325106566 86852135
325106566 87044829
325106566 103661402
325106566 105150583
325106566 105895378
325106566 115313263
325106566 121472925
325106566 123684709
325106566 127935456
325106566 130917777
325106566 131490551
325106566 134979402
325106566 146155608
325106566 160008685
325106566 163339795
325106566 165795009
325106566 172161833
325106566 186287415
325106566 186745799
325106566 207752295
325106566 211614808
325106566 213032194
325106566 221636679
325106566 238308325
325106566 245394117
325106566 247031120
325106566 248861233
325106566 250708662
325106566 252887163
325106566 258203336
325106566 262775327
325106566 277139373
325106566 281159810
325106566 282733465
325106566 284174632
325106566 287411130
325106566 288231953
325106566 296242468
325106566 297683673
325106566 298757008
325106566 307206030
325106566 307642294
325106566 308103112
325106566 309064372
325106566 309325161
325106566 310233571
325106566 312604104
325106566 337952973
325106566 339943969
325106566 341840097
325106566 347508389
325106566 356447837
325106566 362626342
325106566 365904984
325106566 382360772
325106566 384621304
325106566 385621090
325106566 401029555
325106566 416718047
325106566 417927586
325106566 422253889
325106566 431983156
325106566 446023451
325106566 452342492
325106566 548631386
326659062 5442012
326659062 17586739
326659062 20323999
326659062 20471349
326659062 45509346
326659062 47495471
326659062 61853583
326659062 72156360
326659062 121258930
326659062 146155608
326659062 198876913
326659062 211614808
326659062 238308325
326659062 258203336
326659062 298757008
326659062 307642294
326659062 341840097
326659062 384621304
326659062 417927586
337952973 15070932
337952973 17564647
337952973 19311729
337952973 20471349
337952973 21075893
337952973 23215572
337952973 24125323
337952973 26800967
337952973 41656802
337952973 59804598
337952973 67818595
337952973 79056710
337952973 87044829
337952973 105150583
337952973 105895378
337952973 115313263
337952973 123684709
337952973 130917777
337952973 172161833
337952973 210731960
337952973 211614808
337952973 221636679
337952973 238308325
337952973 245394117
337952973 252887163
337952973 258203336
337952973 262775327
337952973 277139373
337952973 281159810
337952973 288231953
337952973 296242468
337952973 307206030
337952973 307642294
337952973 308103112
337952973 309325161
337952973 310233571
337952973 322822476
337952973 325106566
337952973 339943969
337952973 356447837
337952973 382360772
337952973 384621304
337952973 385621090
337952973 417927586
337952973 422253889
337952973 446023451
337952973 467903803
339943969 11648692
339943969 15070932
339943969 17564647
339943969 19311729
339943969 21075893
339943969 21504535
339943969 21913907
339943969 23215572
339943969 24125323
339943969 24542441
339943969 26176694
339943969 26800967
339943969 28478859
339943969 36836939
339943969 36850842
339943969 40329238
339943969 48939443
339943969 49781679
339943969 58245520
339943969 67818595
339943969 71606873
339943969 74275571
339943969 74325773
339943969 77806232
339943969 84672379
339943969 87044829
339943969 105150583
339943969 105895378
339943969 115313263
339943969 121472925
339943969 127935456
339943969 130917777
339943969 134979402
339943969 146350964
339943969 160008685
339943969 165795009
339943969 172161833
339943969 186287415
339943969 186745799
339943969 210731960
339943969 211614808
339943969 213032194
339943969 238308325
339943969 245394117
339943969 250441643
339943969 250708662
339943969 252887163
339943969 253893287
339943969 258203336
339943969 262775327
339943969 275550472
339943969 277139373
339943969 277675909
339943969 281159810
339943969 284174632
339943969 287411130
339943969 288231953
339943969 296242468
339943969 297683673
339943969 298757008
339943969 307642294
339943969 308103112
339943969 309064372
339943969 309325161
339943969 310233571
339943969 322822476
339943969 325106566
339943969 337952973
339943969 341603426
339943969 345569115
339943969 356447837
339943969 362626342
339943969 381788237
339943969 382360772
339943969 384621304
339943969 385621090
339943969 417927586
339943969 422253889
339943969 431983156
339943969 446023451
339943969 491431687
339943969 498542846
339943969 501705927
339943969 543373651
339943969 548539370
339943969 548631386
339943969 560929638
341603426 17564647
341603426 23215572
341603426 74275571
341603426 84672379
341603426 87044829
341603426 134979402
341603426 252887163
341603426 258203336
341603426 307642294
341603426 309325161
341603426 339943969
341603426 417927586
341840097 5442012
341840097 14180231
341840097 15070932
341840097 17564647
341840097 18581803
341840097 20323999
341840097 20471349
341840097 23215572
341840097 26800967
341840097 28478859
341840097 45509346
341840097 46762510
341840097 47495471
341840097 61853583
341840097 67818595
341840097 71606873
341840097 105895378
341840097 115313263
341840097 121258930
341840097 127935456
341840097 146155608
341840097 198876913
341840097 210639349
341840097 211614808
341840097 221636679
341840097 238308325
341840097 245394117
341840097 258203336
341840097 262775327
341840097 277139373
341840097 281159810
341840097 298757008
341840097 307642294
341840097 309325161
341840097 310233571
341840097 325106566
341840097 326659062
341840097 337952973
341840097 339943969
341840097 356447837
341840097 384621304
341840097 417927586
341840097 452342492
342279134 28960709
342279134 307642294
343042051 15913
343042051 5442012
343042051 20323999
343042051 28719244
343042051 45509346
343042051 47495471
343042051 48485771
343042051 59804598
343042051 121258930
343042051 146155608
343042051 152435436
343042051 307642294
343042051 411273721
344966590 5442012
344966590 18581803
344966590 20273398
344966590 20471349
344966590 22679419
344966590 26422087
344966590 28960709
344966590 48485771
344966590 94441197
344966590 144723989
344966590 181668778
344966590 307642294
344966590 309366491
344966590 322641198
344966590 342279134
344966590 387975746
344966590 450692479
344966590 529658284
345569115 15070932
345569115 17564647
345569115 19311729
345569115 24125323
345569115 24542441
345569115 26422087
345569115 84672379
345569115 87044829
345569115 105895378
345569115 115313263
345569115 146350964
345569115 248861233
345569115 252887163
345569115 309325161
345569115 339943969
347508389 5442012
347508389 15853668
347508389 22273748
347508389 25827166
347508389 28719244
347508389 48485771
347508389 75914648
347508389 86852135
347508389 95109615
347508389 121258930
347508389 146155608
347508389 151711230
347508389 282733465
347508389 307642294
347508389 324061899
347508389 325106566
347508389 365904984
347508389 367443729
347508389 394475305
347508389 416718047
349358004 15913
349358004 5442012
349358004 22273748
349358004 30680870
349358004 48485771
349358004 52559331
349358004 59005241
349358004 95109615
349358004 146155608
349358004 198876913
349358004 324061899
349358004 355637036
349358004 401029555
349358004 416718047
349358004 422950468
349358004 466645680
355602073 307642294
355637036 28719244
355637036 52559331
355637036 75914648
355637036 86852135
355637036 146155608
355637036 146320301
355637036 198876913
355637036 200212364
355637036 282733465
355637036 307642294
355637036 365904984
355637036 367443729
355637036 394475305
355637036 401029555
355637036 466645680
356447837 5442012
356447837 11648692
356447837 15070932
356447837 17564647
356447837 18581803
356447837 19311729
356447837 20471349
356447837 21075893
356447837 21504535
356447837 23215572
356447837 24125323
356447837 26176694
356447837 26800967
356447837 40329238
356447837 48939443
356447837 59804598
356447837 67818595
356447837 74325773
356447837 77806232
356447837 105150583
356447837 105895378
356447837 115313263
356447837 121258930
356447837 121472925
356447837 123684709
356447837 130917777
356447837 146155608
356447837 146350964
356447837 160008685
356447837 172161833
356447837 186745799
356447837 210731960
356447837 211614808
356447837 213032194
356447837 238308325
356447837 245394117
356447837 248861233
356447837 250441643
356447837 250708662
356447837 252887163
356447837 262775327
356447837 277139373
356447837 277675909
356447837 287411130
356447837 288231953
356447837 298757008
356447837 307206030
356447837 307642294
356447837 309064372
356447837 309325161
356447837 310233571
356447837 322822476
356447837 325106566
356447837 337952973
356447837 339943969
356447837 362626342
356447837 382360772
356447837 384621304
356447837 385621090
356447837 446023451
356447837 543373651
362626342 5442012
362626342 15070932
362626342 17564647
362626342 17586739
362626342 19311729
362626342 20471349
362626342 21075893
362626342 21913907
362626342 23215572
362626342 26800967
362626342 28478859
362626342 36836939
362626342 45509346
362626342 47495471
362626342 48939443
362626342 61853583
362626342 67818595
362626342 71606873
362626342 72156360
362626342 75914648
362626342 77806232
362626342 87044829
362626342 103661402
362626342 105895378
362626342 115313263
362626342 121258930
362626342 121472925
362626342 127935456
362626342 146155608
362626342 146350964
362626342 160008685
362626342 165795009
362626342 172161833
362626342 198876913
362626342 210731960
362626342 211614808
362626342 213032194
362626342 221636679
362626342 238308325
362626342 240063501
362626342 245394117
362626342 247031120
362626342 250441643
362626342 250708662
362626342 252887163
362626342 253893287
362626342 256974037
362626342 258203336
362626342 262775327
362626342 277139373
362626342 277675909
362626342 278062722
362626342 281159810
362626342 288231953
362626342 298757008
362626342 306445007
362626342 307206030
362626342 307642294
362626342 309064372
362626342 309325161
362626342 310233571
362626342 322822476
362626342 325106566
362626342 337952973
362626342 339943969
362626342 341840097
362626342 356447837
362626342 381788237
362626342 384621304
362626342 411273721
362626342 417927586
362626342 422253889
362626342 431983156
362626342 446023451
362626342 452342492
362626342 499839056
362626342 501705927
362626342 501724209
362626342 543373651
362626342 548539370
362626342 548631386
365904984 28719244
365904984 48485771
367443729 15913
367443729 5442012
367443729 15853668
367443729 22273748
367443729 25827166
367443729 28719244
367443729 28775296
367443729 30680870
367443729 48485771
367443729 52559331
367443729 54514600
367443729 59005241
367443729 75914648
367443729 86852135
367443729 95109615
367443729 103661402
367443729 117541123
367443729 121258930
367443729 144723989
367443729 146155608
367443729 146320301
367443729 151711230
367443729 195795250
367443729 198876913
367443729 200212364
367443729 270076706
367443729 282733465
367443729 307642294
367443729 324061899
367443729 325106566
367443729 347508389
367443729 355637036
367443729 365904984
367443729 394475305
367443729 401029555
367443729 416718047
367443729 422950468
367443729 466645680
370952365 15913
370952365 1183041
370952365 5442012
370952365 9451052
370952365 15575251
370952365 20273398
370952365 20323999
370952365 28719244
370952365 41937748
370952365 45509346
370952365 47495471
370952365 48485771
370952365 53685618
370952365 59804598
370952365 61853583
370952365 72156360
370952365 82969251
370952365 103661402
370952365 117541123
370952365 121258930
370952365 146155608
370952365 152435436
370952365 198876913
370952365 200212364
370952365 307642294
370952365 411273721
374949999 17564647
374949999 24542441
374949999 26422087
374949999 41656802
374949999 48939443
374949999 84672379
374949999 87044829
374949999 127935456
374949999 258203336
374949999 284174632
374949999 307642294
374949999 341603426
374949999 345569115
374949999 387566789
374949999 529658284
381296177 19311729
381296177 23215572
381296177 24125323
381296177 26176694
381296177 115313263
381296177 127935456
381296177 250831586
381296177 307642294
381296177 309325161
381296177 498542846
381788237 17564647
381788237 19311729
381788237 20471349
381788237 21075893
381788237 36836939
381788237 48939443
381788237 87044829
381788237 105895378
381788237 115313263
381788237 127935456
381788237 146350964
381788237 160008685
381788237 211614808
381788237 213032194
381788237 221636679
381788237 238308325
381788237 245394117
381788237 250708662
381788237 253893287
381788237 258203336
381788237 262775327
381788237 277675909
381788237 296242468
381788237 298757008
381788237 307206030
381788237 307642294
381788237 309325161
381788237 322822476
381788237 325106566
381788237 339943969
381788237 356447837
381788237 362626342
381788237 384621304
381788237 431983156
381788237 543373651
382360772 24125323
382360772 26800967
382360772 87044829
382360772 115313263
382360772 130917777
382360772 211614808
382360772 307642294
382360772 308103112
382360772 309325161
382360772 325106566
382360772 337952973
382360772 339943969
382360772 385621090
382360772 498542846
382360772 548631386
384621304 11648692
384621304 15070932
384621304 17564647
384621304 21075893
384621304 21504535
384621304 23215572
384621304 24125323
384621304 26176694
384621304 26800967
384621304 28478859
384621304 36836939
384621304 36850842
384621304 40329238
384621304 41656802
384621304 46762510
384621304 48939443
384621304 67818595
384621304 74325773
384621304 77806232
384621304 84672379
384621304 87044829
384621304 105150583
384621304 105895378
384621304 115313263
384621304 121472925
384621304 123684709
384621304 127935456
384621304 130917777
384621304 146350964
384621304 160008685
384621304 165795009
384621304 172161833
384621304 211614808
384621304 221636679
384621304 238308325
384621304 240063501
384621304 245394117
384621304 250441643
384621304 250708662
384621304 252887163
384621304 253893287
384621304 256974037
384621304 258203336
384621304 262775327
384621304 277139373
384621304 277675909
384621304 281159810
384621304 284174632
384621304 287411130
384621304 288231953
384621304 298757008
384621304 307206030
384621304 307642294
384621304 308103112
384621304 309064372
384621304 309325161
384621304 310233571
384621304 322822476
384621304 325106566
384621304 326659062
384621304 337952973
384621304 339943969
384621304 341840097
384621304 356447837
384621304 362626342
384621304 381788237
384621304 382360772
384621304 385621090
384621304 417927586
384621304 422253889
384621304 431983156
384621304 446023451
384621304 498542846
384621304 501705927
384621304 543373651
384621304 548631386
384621304 560929638
385621090 11648692
385621090 17564647
385621090 19311729
385621090 21504535
385621090 23215572
385621090 24125323
385621090 26176694
385621090 36850842
385621090 40329238
385621090 49781679
385621090 67818595
385621090 74325773
385621090 87044829
385621090 105895378
385621090 115313263
385621090 127935456
385621090 160008685
385621090 172161833
385621090 186745799
385621090 211614808
385621090 238308325
385621090 247031120
385621090 252887163
385621090 253893287
385621090 262775327
385621090 275550472
385621090 277675909
385621090 281159810
385621090 287411130
385621090 297683673
385621090 307642294
385621090 308103112
385621090 309325161
385621090 322822476
385621090 325106566
385621090 337952973
385621090 339943969
385621090 356447837
385621090 382360772
385621090 384621304
385621090 431983156
385621090 498542846
385621090 543373651
387566789 41656802
387566789 87044829
387566789 258203336
387566789 275550472
387566789 284174632
387566789 307642294
387566789 374949999
387975746 5442012
387975746 20471349
387975746 22679419
387975746 26422087
387975746 48485771
387975746 307642294
387975746 529658284
394475305 15853668
394475305 22273748
394475305 25827166
394475305 28719244
394475305 48485771
394475305 59005241
394475305 75914648
394475305 86852135
394475305 151711230
394475305 195795250
394475305 307642294
394475305 355637036
394475305 365904984
394475305 367443729
394475305 401029555
394475305 416718047
401029555 5442012
401029555 15853668
401029555 28719244
401029555 30680870
401029555 45509346
401029555 52559331
401029555 59005241
401029555 75914648
401029555 95109615
401029555 103661402
401029555 121258930
401029555 146155608
401029555 146320301
401029555 151711230
401029555 282733465
401029555 307642294
401029555 324061899
401029555 325106566
401029555 349358004
401029555 355637036
401029555 365904984
401029555 367443729
401029555 394475305
401029555 416718047
401029555 466645680
411273721 15913
411273721 5442012
411273721 20323999
411273721 44234944
411273721 45509346
411273721 47495471
411273721 48485771
411273721 61853583
411273721 72156360
411273721 121258930
411273721 146155608
411273721 152435436
411273721 198876913
411273721 207752295
411273721 211614808
411273721 259074185
411273721 278062722
411273721 306445007
411273721 307642294
411273721 309325161
411273721 312604104
411273721 343042051
411273721 362626342
411273721 499839056
416718047 15913
416718047 5442012
416718047 15853668
416718047 17586739
416718047 25827166
416718047 25952851
416718047 28719244
416718047 30680870
416718047 75914648
416718047 86852135
416718047 95109615
416718047 103661402
416718047 117541123
416718047 121258930
416718047 146155608
416718047 146320301
416718047 151711230
416718047 195795250
416718047 198876913
416718047 282733465
416718047 307642294
416718047 324061899
416718047 325106566
416718047 347508389
416718047 349358004
416718047 365904984
416718047 367443729
416718047 394475305
416718047 401029555
416718047 422950468
416718047 466645680
417927586 17564647
417927586 23215572
417927586 28478859
417927586 45509346
417927586 46762510
417927586 47495471
417927586 67818595
417927586 72156360
417927586 103661402
417927586 105895378
417927586 115313263
417927586 127935456
417927586 172161833
417927586 210639349
417927586 211614808
417927586 221636679
417927586 238308325
417927586 252887163
417927586 258203336
417927586 262775327
417927586 277139373
417927586 284174632
417927586 288231953
417927586 298757008
417927586 307642294
417927586 309325161
417927586 310233571
417927586 325106566
417927586 326659062
417927586 337952973
417927586 339943969
417927586 341603426
417927586 341840097
417927586 362626342
417927586 384621304
417927586 422253889
421848829 5442012
421848829 28775296
421848829 30680870
421848829 61853583
421848829 117541123
421848829 121258930
421848829 198876913
421848829 306445007
421848829 307642294
421848829 316264827
421848829 499839056
422114084 19311729
422114084 20471349
422114084 307642294
422114084 309325161
422253889 17564647
422253889 17586739
422253889 19311729
422253889 20471349
422253889 23215572
422253889 36836939
422253889 45509346
422253889 47495471
422253889 48939443
422253889 75914648
422253889 77806232
422253889 87044829
422253889 103661402
422253889 115313263
422253889 127935456
422253889 131490551
422253889 146350964
422253889 172161833
422253889 210639349
422253889 211614808
422253889 213032194
422253889 221636679
422253889 238308325
422253889 240063501
422253889 245394117
422253889 247031120
422253889 250708662
422253889 253893287
422253889 262775327
422253889 288231953
422253889 298757008
422253889 307642294
422253889 309325161
422253889 325106566
422253889 337952973
422253889 339943969
422253889 362626342
422253889 384621304
422253889 417927586
422253889 431983156
422253889 446023451
422253889 501724209
422253889 543373651
422950468 5442012
422950468 25827166
422950468 30680870
422950468 52559331
422950468 54514600
422950468 146155608
422950468 198876913
422950468 200212364
422950468 270076706
422950468 282733465
422950468 306445007
422950468 307642294
422950468 324061899
422950468 349358004
422950468 367443729
431983156 15070932
431983156 17564647
431983156 21075893
431983156 21504535
431983156 21913907
431983156 23215572
431983156 24125323
431983156 26176694
431983156 26800967
431983156 40329238
431983156 48939443
431983156 58245520
431983156 87044829
431983156 105895378
431983156 115313263
431983156 121472925
431983156 123684709
431983156 165795009
431983156 172161833
431983156 186745799
431983156 210731960
431983156 211614808
431983156 213032194
431983156 240063501
431983156 245394117
431983156 250441643
431983156 252887163
431983156 262775327
431983156 281159810
431983156 287411130
431983156 288231953
431983156 297683673
431983156 298757008
431983156 307642294
431983156 309064372
431983156 309325161
431983156 325106566
431983156 339943969
431983156 345569115
431983156 384621304
431983156 385621090
431983156 422253889
431983156 498542846
431983156 543373651
431983156 560929638
446023451 5442012
446023451 15070932
446023451 17448921
446023451 17564647
446023451 20471349
446023451 21075893
446023451 23215572
446023451 26176694
446023451 26800967
446023451 28478859
446023451 59804598
446023451 67818595
446023451 103661402
446023451 105150583
446023451 105895378
446023451 115313263
446023451 146155608
446023451 160008685
446023451 172161833
446023451 210639349
446023451 211614808
446023451 221636679
446023451 238308325
446023451 247031120
446023451 253893287
446023451 258203336
446023451 288231953
446023451 298757008
446023451 307642294
446023451 308103112
446023451 309325161
446023451 325106566
446023451 337952973
446023451 339943969
446023451 356447837
446023451 362626342
446023451 384621304
446023451 422253889
446023451 501724209
446023451 548631386
448774841 17564647
448774841 23215572
448774841 211614808
448774841 287411130
448774841 307642294
448774841 309325161
450692479 18581803
450692479 20471349
450692479 22679419
450692479 28960709
450692479 48485771
450692479 94441197
450692479 181668778
450692479 307642294
450692479 309366491
450692479 322641198
452342492 5442012
452342492 47495471
452342492 61853583
452342492 103661402
452342492 121258930
452342492 146155608
452342492 198876913
452342492 207752295
452342492 306445007
452342492 307642294
452342492 325106566
452342492 341840097
452342492 362626342
464413911 87044829
464413911 115313263
464413911 307642294
464413911 322822476
464413911 356447837
466645680 15913
466645680 5442012
466645680 15853668
466645680 22273748
466645680 25827166
466645680 28719244
466645680 30680870
466645680 48485771
466645680 52559331
466645680 59005241
466645680 75914648
466645680 84052794
466645680 86852135
466645680 95109615
466645680 121258930
466645680 146155608
466645680 146320301
466645680 151711230
466645680 195795250
466645680 198876913
466645680 200212364
466645680 270076706
466645680 282733465
466645680 307642294
466645680 324061899
466645680 349358004
466645680 355637036
466645680 365904984
466645680 367443729
466645680 394475305
466645680 401029555
466645680 416718047
466645680 422950468
491431687 17564647
491431687 19311729
491431687 21504535
491431687 23215572
491431687 24125323
491431687 26176694
491431687 26800967
491431687 40329238
491431687 74325773
491431687 87044829
491431687 127935456
491431687 160008685
491431687 172161833
491431687 211614808
491431687 247031120
491431687 250708662
491431687 281159810
491431687 307642294
491431687 309325161
491431687 339943969
491431687 385621090
491431687 543373651
491431687 560929638
496262970 115313263
496262970 172161833
496262970 307642294
498542846 17564647
498542846 19311729
498542846 21504535
498542846 23215572
498542846 24125323
498542846 26176694
498542846 26800967
498542846 30267128
498542846 40329238
498542846 58245520
498542846 67818595
498542846 74325773
498542846 87044829
498542846 115313263
498542846 127935456
498542846 130917777
498542846 160008685
498542846 172161833
498542846 186745799
498542846 211614808
498542846 240063501
498542846 247031120
498542846 253893287
498542846 262775327
498542846 287411130
498542846 296242468
498542846 297683673
498542846 307642294
498542846 309325161
498542846 325106566
498542846 339943969
498542846 381296177
498542846 382360772
498542846 384621304
498542846 385621090
498542846 422114084
498542846 431983156
498542846 543373651
498542846 560929638
499839056 5442012
499839056 48485771
499839056 121258930
499839056 411273721
501705927 17564647
501705927 105895378
501705927 115313263
501705927 121472925
501705927 127935456
501705927 131490551
501705927 146350964
501705927 160008685
501705927 172161833
501705927 211614808
501705927 238308325
501705927 245394117
501705927 250708662
501705927 258203336
501705927 262775327
501705927 277675909
501705927 281159810
501705927 298757008
501705927 307642294
501705927 309325161
501705927 322822476
501705927 325106566
501705927 339943969
501705927 356447837
501705927 384621304
501724209 28478859
501724209 72156360
501724209 172161833
501724209 210639349
501724209 221636679
501724209 258203336
501724209 307642294
501724209 309325161
501724209 362626342
501724209 422253889
501724209 446023451
529658284 15913
529658284 20471349
529658284 22679419
529658284 24542441
529658284 26422087
529658284 48485771
529658284 74275571
529658284 134979402
529658284 307642294
529658284 345569115
529658284 374949999
543373651 15070932
543373651 17564647
543373651 19311729
543373651 21075893
543373651 21504535
543373651 21913907
543373651 23215572
543373651 24125323
543373651 26176694
543373651 26800967
543373651 30267128
543373651 36836939
543373651 36850842
543373651 40329238
543373651 48939443
543373651 58245520
543373651 67818595
543373651 77806232
543373651 87044829
543373651 105895378
543373651 115313263
543373651 121472925
543373651 123684709
543373651 127935456
543373651 146350964
543373651 160008685
543373651 165795009
543373651 172161833
543373651 186745799
543373651 211614808
543373651 213032194
543373651 238308325
543373651 240063501
543373651 245394117
543373651 250441643
543373651 250708662
543373651 252887163
543373651 253893287
543373651 258203336
543373651 262775327
543373651 275550472
543373651 277675909
543373651 281159810
543373651 287411130
543373651 296242468
543373651 307642294
543373651 309325161
543373651 322822476
543373651 325106566
543373651 339943969
543373651 356447837
543373651 362626342
543373651 381788237
543373651 382360772
543373651 384621304
543373651 385621090
543373651 422253889
543373651 431983156
543373651 491431687
543373651 498542846
543373651 560929638
548539370 17564647
548539370 21075893
548539370 23215572
548539370 26800967
548539370 67818595
548539370 71606873
548539370 103661402
548539370 105895378
548539370 115313263
548539370 127935456
548539370 172161833
548539370 210731960
548539370 211614808
548539370 221636679
548539370 238308325
548539370 245394117
548539370 262775327
548539370 277139373
548539370 278062722
548539370 281159810
548539370 288231953
548539370 298757008
548539370 307206030
548539370 307642294
548539370 309064372
548539370 309325161
548539370 325106566
548539370 339943969
548539370 341840097
548539370 356447837
548539370 362626342
548539370 384621304
548539370 417927586
548539370 548631386
548631386 15070932
548631386 17564647
548631386 24125323
548631386 26176694
548631386 26800967
548631386 28478859
548631386 40329238
548631386 47495471
548631386 58245520
548631386 87044829
548631386 105895378
548631386 127935456
548631386 160008685
548631386 172161833
548631386 186745799
548631386 211614808
548631386 252887163
548631386 253893287
548631386 307642294
548631386 308103112
548631386 309325161
548631386 325106566
548631386 339943969
548631386 362626342
548631386 382360772
548631386 384621304
548631386 446023451
560482964 17564647
560482964 24125323
560482964 26176694
560482964 40329238
560482964 87044829
560482964 211614808
560482964 240063501
560482964 281159810
560482964 307642294
560482964 309325161
560929638 17564647
560929638 23215572
560929638 26176694
560929638 127935456
560929638 160008685
560929638 309325161
560929638 543373651
566753653 28719244
566753653 47495471
566753653 121258930
566753653 146155608
566753653 307642294
