# subgrafo induzido pelos 500 primeiros vértices de um BFS sem sentido
# dataset: data/raw/twitter_combined.txt
# semente-rng: 2026
# semente: 144319796
# N: 500
# arestas: 9144
2367911 8163442
2367911 14230524
2367911 17581754
2367911 17868918
2367911 18996905
2367911 21447363
2367911 22542097
2367911 23375688
2367911 31331740
2367911 31457243
2367911 40981798
2367911 43003845
2367911 54228724
2367911 80461949
2367911 93998005
2367911 156004026
8088112 14486007
8088112 17868918
8088112 22462180
8088112 24444592
8088112 27633075
8088112 31331740
8088112 34428380
8088112 39056518
8088112 40981798
8088112 42576711
8088112 43003845
8088112 117674417
8163442 2367911
8163442 9938852
8163442 21068395
8163442 21447363
8163442 23375688
8163442 23894637
8163442 43003845
8163442 49315012
8163442 54228724
8163442 93998005
9317502 38690166
9317502 69127992
12459972 2367911
14192900 9317502
14192900 19836737
14192900 38690166
14192900 69127992
14192900 83955939
14192900 99741379
14192900 109930226
14192900 149578245
14192900 235382801
14230524 22542097
14425825 15460081
14425825 22440364
14425825 22592948
14425825 25970331
14425825 27772095
14425825 37008705
14486007 8088112
14486007 22462180
14486007 27633075
14486007 31331740
14486007 34428380
14486007 39056518
14486007 40981798
14486007 43003845
14486007 117674417
15150609 8163442
15150609 9317502
15150609 23894637
15150609 31331740
15150609 33792219
15150609 40981798
15150609 205710774
15393649 19836737
15393649 38690166
15393649 69127992
15393649 83955939
15393649 99741379
15393649 109930226
15393649 124592955
15393649 149578245
15393649 235382801
15460081 14425825
15460081 22440364
15460081 22592948
15460081 25970331
15460081 34507480
16854388 21572976
16854388 22465184
16854388 25689832
16854388 28628582
16854388 30478394
16854388 31294167
16854388 35065277
16854388 37060481
16854388 39000244
16854388 39622856
16854388 39793140
16854388 39805814
16854388 40355959
16854388 41469982
16854388 42253232
16854388 43186460
16854388 45435999
16854388 46750407
16854388 50884531
16854388 51543792
16854388 51613496
16854388 51828073
16854388 52473265
16854388 59630220
16854388 65096005
16854388 65370547
16854388 66409671
16854388 68207378
16854388 70458047
16854388 74548256
16854388 77607254
16854388 84903965
16854388 85687328
16854388 93051876
16854388 98809160
16854388 99387429
16854388 99631222
16854388 110253180
16854388 115436566
16854388 116099511
16854388 116245256
16854388 117793928
16854388 117948376
16854388 119217419
16854388 120208344
16854388 120627547
16854388 123121569
16854388 127618089
16854388 127684106
16854388 129631184
16854388 140203448
16854388 144319796
16854388 150273801
16854388 151222208
16854388 155989324
16854388 157137446
16854388 164804966
16854388 166724912
16854388 185331750
16854388 186182395
16854388 207601901
16854388 212329156
16854388 214202608
16854388 221413264
16854388 222248052
16854388 241957644
16854388 281222130
16854388 357331432
17130127 39000244
17130127 127545984
17130127 203893499
17581754 22462180
17581754 34428380
17581754 43003845
17711130 21447363
17711130 22462180
17711130 34428380
17711130 36475508
17711130 40981798
17711130 43003845
17711130 66398898
17711130 99712896
17711130 107512718
17711130 126391227
17711130 149680650
17711130 224688614
17868918 8088112
17868918 14486007
17868918 22462180
17868918 27633075
17868918 31331740
17868918 34428380
17868918 39056518
17868918 40981798
17868918 42576711
17868918 117674417
17868918 263838766
18504495 21572976
18504495 23277227
18504495 28628582
18504495 31294167
18504495 39000244
18504495 39793140
18504495 41469982
18504495 43429151
18504495 46904723
18504495 64532921
18504495 66661590
18504495 70458047
18504495 80096702
18504495 94111672
18504495 117948376
18504495 142391105
18504495 164804966
18504495 188045721
18504495 215980492
18996905 17868918
18996905 22462180
18996905 34428380
18996905 40981798
18996905 43003845
19836737 14192900
19836737 15393649
19836737 38690166
19836737 49315012
19836737 83955939
19836737 98928134
19836737 99741379
19836737 109930226
19836737 149578245
19836737 235382801
21068395 8163442
21068395 27307810
21068395 49315012
21447363 14230524
21447363 23375688
21447363 40981798
21572976 16854388
21572976 43180035
21572976 43186460
21572976 54725490
21572976 57426978
21572976 74548256
21572976 80096702
21572976 110708265
21572976 115436566
21572976 116099511
21572976 120627547
21572976 123121569
21572976 127618089
21572976 137027740
21572976 164804966
21572976 212329156
21572976 251261925
22440364 14425825
22440364 15460081
22440364 22592948
22440364 25970331
22440364 27772095
22440364 34507480
22440364 37008705
22462180 8088112
22462180 14486007
22462180 17581754
22462180 17868918
22462180 21447363
22462180 24444592
22462180 27633075
22462180 31331740
22462180 34428380
22462180 40981798
22462180 42576711
22462180 43003845
22462180 117674417
22465184 16854388
22465184 39000244
22465184 50884531
22465184 52473265
22465184 64489627
22465184 117948376
22465184 118570373
22465184 123121569
22465184 128260873
22542097 14230524
22592948 14425825
22592948 15460081
22592948 22440364
22592948 25970331
22592948 27772095
22592948 34507480
22592948 37008705
23277227 18504495
23277227 40703590
23277227 54725490
23277227 74548256
23277227 85687328
23277227 94111672
23277227 106142776
23277227 109390923
23277227 112178021
23277227 120208344
23277227 126666372
23277227 126915142
23277227 127618089
23277227 129631184
23277227 158800506
23277227 168193966
23277227 227678669
23277227 447502799
23894637 2367911
23894637 8163442
23894637 14230524
23894637 15150609
23894637 21447363
23894637 31457243
23894637 33792219
23894637 54228724
23894637 93998005
23894637 205710774
23894637 374052936
24051168 40703590
24051168 78991357
24051168 100113633
24051168 110194770
24051168 110472918
24051168 111951477
24051168 112178021
24051168 113947726
24051168 131888932
24051168 141400436
24051168 142081739
24051168 144146678
24051168 149626047
24051168 152343162
24051168 158455991
24051168 162209030
24051168 210188819
24051168 215759738
24051168 224619935
24051168 228624227
24051168 232350989
24051168 235321144
24051168 238215599
24051168 241678730
24051168 250353576
24051168 281667160
24051168 303177511
25689832 16854388
25689832 28628582
25689832 30478394
25689832 31294167
25689832 35065277
25689832 37060481
25689832 39622856
25689832 39805814
25689832 40355959
25689832 41469982
25689832 42253232
25689832 45435999
25689832 46750407
25689832 52473265
25689832 57701952
25689832 59630220
25689832 65096005
25689832 66409671
25689832 74548256
25689832 77607254
25689832 93051876
25689832 99631222
25689832 116099511
25689832 116245256
25689832 117793928
25689832 119217419
25689832 120627547
25689832 123121569
25689832 127684106
25689832 129631184
25689832 144319796
25689832 155989324
25689832 157137446
25689832 166724912
25689832 186182395
25689832 207601901
25689832 214202608
25689832 281222130
25842688 8088112
25842688 9317502
25842688 14486007
25842688 15150609
25842688 17868918
25842688 18996905
25842688 21447363
25842688 22462180
25842688 27307810
25842688 27633075
25842688 28465635
25842688 29512930
25842688 30749396
25842688 31331740
25842688 34041607
25842688 34428380
25842688 37103150
25842688 37319411
25842688 39056518
25842688 40981798
25842688 43003845
25842688 43429151
25842688 45678199
25842688 46997754
25842688 49064411
25842688 52244792
25842688 53440054
25842688 56825612
25842688 58552646
25842688 66398898
25842688 78756744
25842688 86173523
25842688 88323281
25842688 117674417
25842688 238260874
25842688 263838766
25842688 319319045
25970331 14230524
25970331 14425825
25970331 15460081
25970331 21447363
25970331 22440364
25970331 22592948
25970331 27772095
25970331 29654458
25970331 34507480
25970331 37008705
25970331 40981798
25970331 43003845
25970331 54581743
25970331 54611487
25970331 147946019
25970331 148081553
27307810 21068395
27307810 49315012
27633075 8088112
27633075 14486007
27633075 17868918
27633075 18996905
27633075 21447363
27633075 22462180
27633075 31331740
27633075 34428380
27633075 40981798
27633075 42576711
27633075 43003845
27633075 117674417
27772095 14425825
27772095 15460081
27772095 22440364
27772095 22592948
27772095 25970331
27772095 34507480
27772095 37008705
28176041 22462180
28176041 28465635
28176041 34428380
28176041 40981798
28176041 43003845
28176041 51543792
28176041 54611487
28176041 66235505
28176041 70492333
28176041 88323281
28176041 116498875
28176041 156004026
28176041 166214735
28465635 2367911
28465635 8088112
28465635 8163442
28465635 14486007
28465635 15150609
28465635 17868918
28465635 18996905
28465635 21447363
28465635 22462180
28465635 24444592
28465635 25842688
28465635 28176041
28465635 31331740
28465635 33792219
28465635 34428380
28465635 35041070
28465635 35308050
28465635 39056518
28465635 40981798
28465635 42085197
28465635 42576711
28465635 43003845
28465635 46997754
28465635 51543792
28465635 54228724
28465635 54611487
28465635 70492333
28465635 88323281
28465635 117674417
28465635 120666148
28465635 238260874
28628582 16854388
28628582 30478394
28628582 31294167
28628582 39000244
28628582 39793140
28628582 40355959
28628582 50884531
28628582 52473265
28628582 53524177
28628582 65370547
28628582 69483760
28628582 70458047
28628582 99631222
28628582 116099511
28628582 117948376
28628582 120208344
28628582 123121569
28628582 140203448
28628582 146250354
28628582 147999706
28628582 157137446
28628582 227678669
28628582 268914056
29512930 8088112
29512930 9317502
29512930 12459972
29512930 15150609
29512930 22462180
29512930 25842688
29512930 27307810
29512930 30749396
29512930 31331740
29512930 34041607
29512930 34428380
29512930 37103150
29512930 37319411
29512930 40981798
29512930 43003845
29512930 43429151
29512930 49064411
29512930 49315012
29512930 52244792
29512930 53440054
29512930 66398898
29512930 69127992
29512930 99741379
29512930 117674417
29512930 238260874
29512930 252668782
29512930 263838766
29654458 25970331
30478394 16854388
30478394 25689832
30478394 28628582
30478394 35065277
30478394 37060481
30478394 39622856
30478394 39805814
30478394 41469982
30478394 42253232
30478394 43607200
30478394 45435999
30478394 46750407
30478394 50884531
30478394 51613496
30478394 61352392
30478394 65096005
30478394 65370547
30478394 66409671
30478394 68207378
30478394 70458047
30478394 74548256
30478394 77607254
30478394 84903965
30478394 93051876
30478394 99631222
30478394 110253180
30478394 110708265
30478394 116099511
30478394 119217419
30478394 120627547
30478394 123121569
30478394 127684106
30478394 129631184
30478394 144319796
30478394 155989324
30478394 166724912
30478394 214202608
30478394 222248052
30478394 241957644
30478394 357331432
30552541 127545984
30749396 15150609
30749396 25842688
30749396 29512930
30749396 34041607
30749396 37103150
30749396 37319411
30749396 40981798
30749396 43429151
30749396 49064411
30749396 49315012
30749396 52244792
30749396 53440054
30749396 59959466
30749396 66398898
30749396 69127992
30749396 70114798
30749396 84980138
30749396 99741379
30749396 109930226
30749396 215980492
30749396 252668782
30749396 319319045
30924124 43003845
31331740 8088112
31331740 14230524
31331740 21447363
31331740 22462180
31331740 27633075
31331740 34428380
31331740 40981798
31331740 42576711
31414569 2367911
31414569 8088112
31414569 8163442
31414569 9938852
31414569 14230524
31414569 15150609
31414569 21068395
31414569 21447363
31414569 22462180
31414569 25842688
31414569 28465635
31414569 31331740
31414569 31457243
31414569 34428380
31414569 36475508
31414569 39056518
31414569 40981798
31414569 43003845
31414569 49315012
31414569 54228724
31414569 59588845
31414569 70492333
31414569 88323281
31414569 113058991
31414569 116498875
31414569 129631184
31414569 148519842
31414569 155661154
31414569 156004026
31414569 187773078
31414569 195814649
31414569 360245938
31457243 2367911
31457243 21447363
31457243 23894637
33792219 8163442
33792219 23894637
33792219 205710774
34041607 9317502
34041607 15150609
34041607 27307810
34041607 29512930
34041607 30749396
34041607 37103150
34041607 37319411
34041607 38690166
34041607 40981798
34041607 43429151
34041607 49315012
34041607 52244792
34041607 53440054
34041607 53658654
34041607 66398898
34041607 81704742
34041607 98928134
34041607 108633391
34041607 109930226
34041607 252668782
34046028 41870991
34046028 43180035
34046028 55917979
34046028 65504845
34046028 66190348
34046028 69349768
34046028 92782231
34046028 106142776
34046028 129631184
34046028 206923101
34046028 214106450
34428380 8088112
34428380 14486007
34428380 17581754
34428380 17868918
34428380 21447363
34428380 22462180
34428380 24444592
34428380 27633075
34428380 31331740
34428380 40981798
34428380 42576711
34428380 43003845
34428380 117674417
34507480 14425825
34507480 15460081
34507480 21447363
34507480 22440364
34507480 25970331
34507480 27772095
34507480 37008705
34507480 339373057
34942750 66661590
34942750 97463613
34942750 158821955
34942750 164804966
35041070 8088112
35041070 14192900
35041070 15150609
35041070 19836737
35041070 22462180
35041070 27307810
35041070 27633075
35041070 28465635
35041070 31331740
35041070 34041607
35041070 34428380
35041070 37103150
35041070 39056518
35041070 40981798
35041070 43003845
35041070 49315012
35041070 66398898
35041070 70114798
35041070 78756744
35041070 88323281
35041070 109930226
35041070 117674417
35041070 238260874
35041070 263838766
35065277 16854388
35065277 25689832
35065277 30478394
35065277 37060481
35065277 39805814
35065277 40355959
35065277 41469982
35065277 45435999
35065277 46750407
35065277 51613496
35065277 52473265
35065277 65096005
35065277 65370547
35065277 66409671
35065277 68207378
35065277 74548256
35065277 77607254
35065277 116099511
35065277 117793928
35065277 119217419
35065277 120627547
35065277 123121569
35065277 129631184
35065277 157137446
35065277 166724912
35065277 186182395
35065277 207601901
35308050 2367911
35308050 8163442
35308050 18996905
35308050 22462180
35308050 24444592
35308050 27633075
35308050 28176041
35308050 28465635
35308050 31331740
35308050 33792219
35308050 34428380
35308050 39056518
35308050 40981798
35308050 42576711
35308050 43003845
35308050 51543792
35308050 54228724
35308050 54611487
35308050 73252844
35308050 117674417
35308050 120627547
35308050 127684106
35308050 238260874
36475508 16854388
36475508 17130127
36475508 17711130
36475508 18504495
36475508 21572976
36475508 22465184
36475508 23277227
36475508 25689832
36475508 28628582
36475508 30478394
36475508 30552541
36475508 30723701
36475508 31294167
36475508 34046028
36475508 35065277
36475508 37060481
36475508 37086650
36475508 39000244
36475508 39622856
36475508 39793140
36475508 39805814
36475508 40355959
36475508 40535570
36475508 40703590
36475508 41469982
36475508 41870991
36475508 42253232
36475508 43180035
36475508 43186460
36475508 43429151
36475508 43607200
36475508 45435999
36475508 46248613
36475508 46551905
36475508 46750407
36475508 46904723
36475508 49148265
36475508 50884531
36475508 51543792
36475508 51613496
36475508 51828073
36475508 52094943
36475508 52473265
36475508 52934833
36475508 53452510
36475508 53524177
36475508 54611487
36475508 54725490
36475508 54947318
36475508 55917979
36475508 57258645
36475508 57426978
36475508 57701952
36475508 58338707
36475508 58356127
36475508 59630220
36475508 60143763
36475508 61352392
36475508 61924683
36475508 63169333
36475508 64489627
36475508 64532921
36475508 65096005
36475508 65370547
36475508 65504845
36475508 66178366
36475508 66190348
36475508 66398898
36475508 66409671
36475508 66661590
36475508 68207378
36475508 68567671
36475508 69033178
36475508 69106995
36475508 69349768
36475508 69483760
36475508 69944557
36475508 69995907
36475508 70188615
36475508 70242865
36475508 70458047
36475508 71614377
36475508 72097691
36475508 72519886
36475508 73793971
36475508 74548256
36475508 75721164
36475508 76990669
36475508 77607254
36475508 78384692
36475508 78702020
36475508 79806862
36475508 80096702
36475508 83443129
36475508 84903965
36475508 85687328
36475508 85716069
36475508 86561505
36475508 87019066
36475508 90497217
36475508 91884854
36475508 92500075
36475508 92782231
36475508 93051876
36475508 93257977
36475508 94079223
36475508 94111672
36475508 95797963
36475508 96469436
36475508 98809160
36475508 99387429
36475508 99631222
36475508 99822359
36475508 100309986
36475508 100496045
36475508 105351998
36475508 106142776
36475508 106452202
36475508 106765077
36475508 107512718
36475508 109057557
36475508 109390923
36475508 109568333
36475508 110253180
36475508 110708265
36475508 112178021
36475508 115436566
36475508 115742788
36475508 116099511
36475508 116245256
36475508 117793928
36475508 117948376
36475508 118570373
36475508 119217419
36475508 119901002
36475508 120208344
36475508 120627547
36475508 122481121
36475508 123121569
36475508 126666372
36475508 126915142
36475508 126954251
36475508 127545984
36475508 127618089
36475508 127684106
36475508 128260873
36475508 129267461
36475508 129631184
36475508 130720241
36475508 136619060
36475508 137027740
36475508 139565747
36475508 140203448
36475508 140613139
36475508 142391105
36475508 142715837
36475508 144319796
36475508 146250354
36475508 147228841
36475508 147999706
36475508 149957548
36475508 150273801
36475508 151222208
36475508 155989324
36475508 156415165
36475508 157137446
36475508 158800506
36475508 164804966
36475508 166724912
36475508 168193966
36475508 169108031
36475508 169489451
36475508 175830894
36475508 177522486
36475508 178581767
36475508 184052865
36475508 185331750
36475508 186182395
36475508 186688919
36475508 187209808
36475508 187773078
36475508 188045721
36475508 191619704
36475508 192664595
36475508 202369108
36475508 203187792
36475508 203893499
36475508 206923101
36475508 207601901
36475508 209278480
36475508 210188819
36475508 212329156
36475508 214106450
36475508 214202608
36475508 215980492
36475508 221413264
36475508 222248052
36475508 227678669
36475508 233639339
36475508 241957644
36475508 242362681
36475508 250947200
36475508 251261925
36475508 252668782
36475508 268914056
36475508 281222130
36475508 288873834
36475508 310983162
36475508 311123328
36475508 336564384
36475508 341142328
36475508 357331432
36475508 360245938
36475508 371054607
36475508 375857150
36475508 447502799
36475508 466560636
36475508 546135380
36475508 548820179
36897543 9938852
36897543 54228724
36897543 205710774
37008705 14425825
37008705 15460081
37008705 22440364
37008705 22592948
37008705 25970331
37008705 27772095
37008705 34507480
37008705 54611487
37008705 63808966
37060481 16854388
37060481 25689832
37060481 30478394
37060481 31294167
37060481 35065277
37060481 39622856
37060481 39793140
37060481 39805814
37060481 40355959
37060481 41469982
37060481 42253232
37060481 43607200
37060481 45435999
37060481 46750407
37060481 51613496
37060481 52473265
37060481 54611487
37060481 57701952
37060481 65096005
37060481 66409671
37060481 77607254
37060481 84903965
37060481 93051876
37060481 99631222
37060481 110253180
37060481 116099511
37060481 119217419
37060481 123121569
37060481 127684106
37060481 129631184
37060481 144319796
37060481 151222208
37060481 155989324
37060481 157137446
37060481 186182395
37060481 207601901
37060481 212329156
37060481 214202608
37060481 222248052
37060481 281222130
37086650 57426978
37086650 80096702
37086650 136619060
37086650 178581767
37086650 210188819
37086650 233639339
37086650 250947200
37103150 8088112
37103150 22462180
37103150 25842688
37103150 27633075
37103150 28465635
37103150 29512930
37103150 30749396
37103150 31331740
37103150 34428380
37103150 37319411
37103150 39056518
37103150 40981798
37103150 43003845
37103150 43429151
37103150 46997754
37103150 49064411
37103150 52244792
37103150 53440054
37103150 56825612
37103150 117674417
37103150 229871864
37103150 238260874
37103150 263838766
37103150 319319045
37319411 15150609
37319411 22462180
37319411 25842688
37319411 29512930
37319411 30749396
37319411 34041607
37319411 34428380
37319411 37103150
37319411 40981798
37319411 43003845
37319411 43429151
37319411 49064411
37319411 52244792
37319411 53440054
37319411 66398898
37319411 99741379
37319411 238260874
37319411 252668782
37319411 263838766
38690166 9317502
38690166 14192900
38690166 15393649
38690166 19836737
38690166 69127992
38690166 99741379
38690166 149578245
38690166 235382801
39000244 17130127
39000244 22465184
39000244 28628582
39000244 39793140
39000244 46248613
39000244 50884531
39000244 58356127
39000244 61352392
39000244 70242865
39000244 71614377
39000244 110708265
39000244 117948376
39000244 118570373
39000244 123121569
39000244 127618089
39000244 127684106
39000244 129631184
39000244 147228841
39000244 151222208
39000244 164804966
39000244 185331750
39000244 203893499
39000244 546135380
39056518 8088112
39056518 14486007
39056518 17868918
39056518 42576711
39056518 117674417
39056518 229871864
39056518 238260874
39056518 241159821
39056518 263838766
39622856 16854388
39622856 25689832
39622856 30478394
39622856 37060481
39622856 39805814
39622856 41469982
39622856 42253232
39622856 46750407
39622856 51543792
39622856 51613496
39622856 52473265
39622856 57701952
39622856 59630220
39622856 66409671
39622856 77607254
39622856 84903965
39622856 99631222
39622856 123121569
39622856 127684106
39622856 129631184
39622856 144319796
39622856 151222208
39622856 155989324
39622856 157137446
39622856 166724912
39622856 186182395
39622856 207601901
39622856 212329156
39793140 16854388
39793140 28628582
39793140 30723701
39793140 31294167
39793140 37060481
39793140 39000244
39793140 43186460
39793140 46750407
39793140 49148265
39793140 52473265
39793140 53524177
39793140 58356127
39793140 70458047
39793140 95797963
39793140 115436566
39793140 116099511
39793140 123121569
39793140 127545984
39793140 268914056
39805814 16854388
39805814 25689832
39805814 30478394
39805814 31294167
39805814 35065277
39805814 37060481
39805814 39622856
39805814 40355959
39805814 41469982
39805814 42253232
39805814 43607200
39805814 45435999
39805814 51613496
39805814 52473265
39805814 57701952
39805814 65096005
39805814 66409671
39805814 68207378
39805814 74548256
39805814 77607254
39805814 84903965
39805814 93051876
39805814 98809160
39805814 99631222
39805814 110253180
39805814 116099511
39805814 117793928
39805814 119217419
39805814 123121569
39805814 127684106
39805814 129631184
39805814 144319796
39805814 155989324
39805814 157137446
39805814 175830894
39805814 186182395
39805814 222248052
39805814 241957644
39805814 281222130
40355959 16854388
40355959 25689832
40355959 31294167
40355959 35065277
40355959 37060481
40355959 39805814
40355959 41469982
40355959 42253232
40355959 45435999
40355959 46750407
40355959 52473265
40355959 57701952
40355959 66409671
40355959 68207378
40355959 77607254
40355959 84903965
40355959 93051876
40355959 99631222
40355959 110253180
40355959 116099511
40355959 117793928
40355959 119217419
40355959 129631184
40355959 140203448
40355959 155989324
40355959 157137446
40355959 207601901
40355959 241957644
40355959 357331432
40535570 57258645
40535570 127545984
40696036 8163442
40696036 18996905
40696036 22462180
40696036 28465635
40696036 34428380
40696036 40981798
40696036 43003845
40696036 54611487
40696036 70492333
40696036 238260874
40696036 263838766
40703590 23277227
40703590 24051168
40703590 34942750
40703590 49075375
40703590 53614354
40703590 60143763
40703590 60325333
40703590 66158559
40703590 66491235
40703590 67119770
40703590 69033178
40703590 73793971
40703590 78991357
40703590 86281179
40703590 92500075
40703590 95974196
40703590 99175138
40703590 99822359
40703590 100113633
40703590 106765077
40703590 107832484
40703590 110157900
40703590 113947726
40703590 116605328
40703590 117793928
40703590 127684106
40703590 130720241
40703590 131888932
40703590 137027740
40703590 139565747
40703590 142081739
40703590 144146678
40703590 152343162
40703590 158455991
40703590 158800506
40703590 162209030
40703590 184406493
40703590 184598688
40703590 185331750
40703590 187209808
40703590 191596466
40703590 193291779
40703590 206923101
40703590 210188819
40703590 214106450
40703590 215759738
40703590 224384233
40703590 224619935
40703590 228624227
40703590 232350989
40703590 238215599
40703590 239575192
40703590 250353576
40703590 281667160
40703590 303177511
40703590 322690327
40703590 331372178
40703590 357181767
40703590 369830135
40703590 370402681
40703590 409154171
40703590 432021286
40968863 8163442
40968863 14425825
40968863 15460081
40968863 22440364
40968863 22462180
40968863 23375688
40968863 23894637
40968863 25970331
40968863 37008705
40968863 40981798
40968863 43003845
40968863 51543792
40968863 54228724
40968863 54611487
40968863 63808966
40968863 102765423
40968863 148081553
40968863 234047967
40981798 8088112
40981798 17581754
40981798 17868918
40981798 18996905
40981798 21447363
40981798 22462180
40981798 28465635
40981798 31331740
40981798 34428380
40981798 42576711
40981798 43003845
40981798 187773078
41469982 16854388
41469982 25689832
41469982 30478394
41469982 35065277
41469982 37060481
41469982 39622856
41469982 39805814
41469982 40355959
41469982 42253232
41469982 43607200
41469982 46750407
41469982 51613496
41469982 52473265
41469982 59630220
41469982 65096005
41469982 66409671
41469982 74548256
41469982 77607254
41469982 84903965
41469982 91884854
41469982 93051876
41469982 99387429
41469982 99631222
41469982 110253180
41469982 116099511
41469982 119217419
41469982 120627547
41469982 123121569
41469982 127684106
41469982 129631184
41469982 144319796
41469982 155989324
41469982 157137446
41469982 166724912
41469982 186182395
41469982 207601901
41469982 212329156
41469982 221413264
41469982 222248052
41469982 241957644
41469982 357331432
41870991 34046028
41870991 43180035
41870991 55917979
41870991 65504845
41870991 92782231
41870991 106142776
41870991 127684106
41870991 206923101
42085197 8163442
42085197 22462180
42085197 28465635
42085197 31331740
42085197 34428380
42085197 40981798
42085197 43003845
42085197 51543792
42085197 54228724
42085197 54611487
42085197 73252844
42085197 80461949
42253232 16854388
42253232 25689832
42253232 30478394
42253232 37060481
42253232 39622856
42253232 39805814
42253232 40355959
42253232 41469982
42253232 45435999
42253232 46750407
42253232 51543792
42253232 51613496
42253232 52473265
42253232 65096005
42253232 66409671
42253232 68207378
42253232 74548256
42253232 77607254
42253232 84903965
42253232 93051876
42253232 99631222
42253232 109568333
42253232 110253180
42253232 116099511
42253232 119217419
42253232 120627547
42253232 123121569
42253232 127684106
42253232 129631184
42253232 144319796
42253232 155989324
42253232 157137446
42253232 166724912
42253232 175830894
42253232 186182395
42253232 207601901
42253232 212329156
42253232 221413264
42253232 241957644
42253232 357331432
42576711 8088112
42576711 14230524
42576711 22462180
42576711 27633075
42576711 31331740
42576711 34428380
42576711 39056518
42576711 40981798
42576711 43003845
42576711 117674417
42576711 238260874
42576711 263838766
43003845 8088112
43003845 17868918
43003845 18996905
43003845 22462180
43003845 24444592
43003845 28465635
43003845 34428380
43003845 39056518
43003845 40981798
43003845 42576711
43003845 187773078
43180035 21572976
43180035 34046028
43180035 41870991
43180035 55917979
43180035 57426978
43180035 65504845
43180035 69349768
43180035 92782231
43180035 106142776
43180035 127684106
43180035 129631184
43180035 142391105
43180035 164804966
43180035 214106450
43186460 16854388
43186460 21572976
43186460 31294167
43186460 39793140
43186460 46750407
43186460 51613496
43186460 52473265
43186460 54725490
43186460 58356127
43186460 66398898
43186460 66409671
43186460 70458047
43186460 105351998
43186460 110708265
43186460 115436566
43186460 116245256
43186460 119901002
43186460 123121569
43186460 129631184
43186460 151222208
43186460 168193966
43186460 169108031
43186460 214202608
43186460 252668782
43429151 8088112
43429151 9317502
43429151 22462180
43429151 25842688
43429151 29512930
43429151 30749396
43429151 34041607
43429151 34428380
43429151 37103150
43429151 37319411
43429151 39056518
43429151 40981798
43429151 43003845
43429151 46997754
43429151 49064411
43429151 52244792
43429151 53440054
43429151 56825612
43429151 58552646
43429151 66398898
43429151 70458047
43429151 117674417
43429151 238260874
43429151 252668782
43429151 263838766
43429151 319319045
45361614 21068395
45361614 22462180
45361614 27307810
45361614 34428380
45361614 40981798
45361614 43003845
45361614 49315012
45361614 70492333
45361614 85716069
45361614 163203962
45361614 168224294
45361614 188108667
45435999 16854388
45435999 25689832
45435999 30478394
45435999 35065277
45435999 37060481
45435999 39805814
45435999 40355959
45435999 42253232
45435999 43607200
45435999 46750407
45435999 51613496
45435999 52473265
45435999 65096005
45435999 66409671
45435999 77607254
45435999 93051876
45435999 99631222
45435999 116099511
45435999 117793928
45435999 119217419
45435999 123121569
45435999 129631184
45435999 144319796
45435999 155989324
45435999 157137446
45435999 186182395
45435999 281222130
45678199 22462180
45678199 25842688
45678199 34428380
45678199 40981798
45678199 43003845
45678199 46997754
45678199 53440054
45678199 66398898
45678199 67122557
45678199 86173523
45678199 263838766
46160500 8088112
46160500 9317502
46160500 12459972
46160500 14192900
46160500 15150609
46160500 15393649
46160500 19836737
46160500 22462180
46160500 25842688
46160500 27307810
46160500 27633075
46160500 28465635
46160500 29512930
46160500 30749396
46160500 31331740
46160500 34041607
46160500 34428380
46160500 35041070
46160500 37103150
46160500 37319411
46160500 38690166
46160500 39056518
46160500 40981798
46160500 43003845
46160500 43429151
46160500 45678199
46160500 46997754
46160500 49064411
46160500 49315012
46160500 51543792
46160500 52244792
46160500 53440054
46160500 53990192
46160500 56825612
46160500 58552646
46160500 59959466
46160500 66398898
46160500 67122557
46160500 69127992
46160500 70114798
46160500 78756744
46160500 81704742
46160500 82393622
46160500 83955939
46160500 84980138
46160500 86173523
46160500 87995349
46160500 88323281
46160500 98928134
46160500 99741379
46160500 108633391
46160500 109930226
46160500 117674417
46160500 124592955
46160500 149578245
46160500 184052865
46160500 187773078
46160500 189898898
46160500 215980492
46160500 229871864
46160500 235382801
46160500 238260874
46160500 252668782
46160500 263838766
46160500 319319045
46160500 360245938
46248613 28628582
46248613 39000244
46248613 46750407
46248613 50884531
46248613 52473265
46248613 61352392
46248613 69483760
46248613 70458047
46248613 94111672
46248613 106452202
46248613 110708265
46248613 122481121
46248613 123121569
46248613 129631184
46248613 137027740
46248613 140203448
46248613 157137446
46404902 14230524
46404902 21068395
46404902 22462180
46404902 27633075
46404902 28465635
46404902 31331740
46404902 34428380
46404902 39056518
46404902 40981798
46404902 43003845
46404902 70492333
46404902 81704742
46404902 85716069
46404902 88323281
46404902 117674417
46404902 124634906
46404902 149680650
46404902 155661154
46404902 164804966
46404902 168224294
46404902 175431001
46404902 187773078
46404902 189898898
46404902 194403468
46404902 197504076
46404902 238260874
46404902 263838766
46551905 39000244
46750407 16854388
46750407 25689832
46750407 30478394
46750407 31294167
46750407 35065277
46750407 37060481
46750407 39622856
46750407 39793140
46750407 40355959
46750407 41469982
46750407 42253232
46750407 43186460
46750407 45435999
46750407 50884531
46750407 52473265
46750407 57701952
46750407 65096005
46750407 65370547
46750407 66409671
46750407 68207378
46750407 70242865
46750407 70458047
46750407 75721164
46750407 77607254
46750407 84903965
46750407 99631222
46750407 110253180
46750407 116099511
46750407 116245256
46750407 119217419
46750407 120208344
46750407 122481121
46750407 140203448
46750407 144319796
46750407 150273801
46750407 155989324
46750407 157137446
46750407 186182395
46750407 207601901
46750407 212329156
46750407 214202608
46904723 18504495
46904723 66661590
46904723 74548256
46904723 109390923
46904723 110708265
46904723 120208344
46904723 142715837
46904723 168193966
46904723 186688919
46904723 202369108
46904723 215980492
46904723 227678669
46904723 250947200
46997754 8088112
46997754 15150609
46997754 22462180
46997754 25842688
46997754 27307810
46997754 27633075
46997754 28465635
46997754 31331740
46997754 34428380
46997754 37103150
46997754 39056518
46997754 40981798
46997754 43003845
46997754 43429151
46997754 45678199
46997754 49064411
46997754 53440054
46997754 56825612
46997754 58552646
46997754 66398898
46997754 78756744
46997754 88323281
46997754 117674417
46997754 238260874
46997754 252668782
46997754 263838766
49064411 8088112
49064411 22462180
49064411 25842688
49064411 29512930
49064411 30749396
49064411 31331740
49064411 34428380
49064411 37103150
49064411 37319411
49064411 40981798
49064411 43003845
49064411 43429151
49064411 46997754
49064411 52244792
49064411 53440054
49064411 56825612
49064411 66398898
49064411 69127992
49064411 117674417
49064411 238260874
49064411 252668782
49064411 263838766
49064411 319319045
49075375 40703590
49075375 55492770
49075375 67970853
49075375 106765077
49075375 141400436
49075375 144146678
49075375 149626047
49075375 152343162
49075375 152490004
49075375 158455991
49075375 171692646
49075375 184406493
49075375 189242210
49075375 193291779
49075375 224384233
49075375 232350989
49075375 235321144
49075375 238215599
49075375 241678730
49075375 250353576
49075375 303177511
49075375 304680205
49075375 322724917
49075375 369830135
49148265 31294167
49148265 39793140
49148265 53524177
49148265 71614377
49148265 95797963
49148265 100309986
49148265 268914056
49315012 19836737
49315012 21068395
49315012 27307810
49315012 40981798
49315012 43003845
50766536 129631184
50766536 155951259
51543792 8088112
51543792 14486007
51543792 15150609
51543792 16854388
51543792 17581754
51543792 17868918
51543792 18996905
51543792 22462180
51543792 24444592
51543792 27633075
51543792 28176041
51543792 28465635
51543792 30924124
51543792 31331740
51543792 34428380
51543792 35308050
51543792 39056518
51543792 39622856
51543792 40968863
51543792 40981798
51543792 42085197
51543792 42253232
51543792 42576711
51543792 43003845
51543792 52406684
51543792 54581743
51543792 54611487
51543792 56825612
51543792 67122557
51543792 72695654
51543792 73252844
51543792 74548256
51543792 75873304
51543792 76494006
51543792 83307244
51543792 84903965
51543792 87557311
51543792 87995349
51543792 89463324
51543792 91884854
51543792 117674417
51543792 120627547
51543792 127684106
51543792 129631184
51543792 129840088
51543792 131677027
51543792 133783957
51543792 142851768
51543792 151222208
51543792 155989324
51543792 161465015
51543792 166724912
51543792 168834731
51543792 205710774
51543792 229871864
51543792 238260874
51543792 241159821
51543792 263838766
51613496 16854388
51613496 30478394
51613496 31294167
51613496 35065277
51613496 37060481
51613496 39622856
51613496 39805814
51613496 41469982
51613496 42253232
51613496 43186460
51613496 45435999
51613496 50884531
51613496 52473265
51613496 65096005
51613496 66409671
51613496 68207378
51613496 70458047
51613496 74548256
51613496 77607254
51613496 84903965
51613496 93051876
51613496 98809160
51613496 99631222
51613496 110253180
51613496 116099511
51613496 117793928
51613496 119217419
51613496 120627547
51613496 123121569
51613496 127618089
51613496 127684106
51613496 129631184
51613496 140203448
51613496 144319796
51613496 149957548
51613496 151222208
51613496 166724912
51613496 186182395
51613496 207601901
51613496 212329156
51613496 222248052
51613496 241957644
51613496 281222130
51613496 357331432
51828073 16854388
51828073 66398898
51828073 68207378
51828073 74548256
51828073 84903965
51828073 117793928
51828073 120627547
51828073 123121569
51828073 129631184
51828073 144319796
51828073 157137446
51828073 212329156
51828073 221413264
51828073 241957644
51828073 252668782
51828073 357331432
52094943 129631184
52244792 8088112
52244792 9317502
52244792 22462180
52244792 25842688
52244792 27633075
52244792 29512930
52244792 30749396
52244792 34041607
52244792 34428380
52244792 37103150
52244792 37319411
52244792 39056518
52244792 40981798
52244792 43003845
52244792 43429151
52244792 49064411
52244792 53440054
52244792 66398898
52244792 117674417
52244792 238260874
52244792 252668782
52244792 263838766
52406684 30924124
52406684 51543792
52406684 54611487
52406684 73252844
52406684 129840088
52473265 16854388
52473265 22465184
52473265 25689832
52473265 28628582
52473265 31294167
52473265 35065277
52473265 37060481
52473265 39622856
52473265 39793140
52473265 39805814
52473265 40355959
52473265 41469982
52473265 42253232
52473265 43186460
52473265 43607200
52473265 45435999
52473265 46750407
52473265 51613496
52473265 53524177
52473265 59630220
52473265 65096005
52473265 65370547
52473265 68207378
52473265 70458047
52473265 74548256
52473265 75721164
52473265 77607254
52473265 93051876
52473265 99387429
52473265 99631222
52473265 109568333
52473265 110708265
52473265 116099511
52473265 116245256
52473265 117793928
52473265 118570373
52473265 119217419
52473265 120208344
52473265 123121569
52473265 127618089
52473265 129631184
52473265 137027740
52473265 144319796
52473265 157137446
52473265 166724912
52473265 175830894
52473265 186182395
52473265 214202608
52473265 268914056
52473265 357331432
52934833 70242865
52934833 100309986
52934833 129267461
52934833 129631184
52934833 164804966
53440054 22462180
53440054 25842688
53440054 27633075
53440054 28465635
53440054 29512930
53440054 30749396
53440054 34041607
53440054 34428380
53440054 37103150
53440054 37319411
53440054 40981798
53440054 43003845
53440054 43429151
53440054 45678199
53440054 46997754
53440054 49064411
53440054 52244792
53440054 56825612
53440054 58552646
53440054 66398898
53440054 69127992
53440054 78756744
53440054 117674417
53440054 238260874
53440054 252668782
53440054 263838766
53440054 319319045
53452510 43607200
53452510 84903965
53452510 93051876
53452510 151222208
53452510 281222130
53496283 8163442
53496283 9938852
53496283 14230524
53496283 15150609
53496283 17581754
53496283 17868918
53496283 18996905
53496283 21447363
53496283 22462180
53496283 23375688
53496283 24444592
53496283 25970331
53496283 27633075
53496283 28176041
53496283 28465635
53496283 31331740
53496283 34428380
53496283 39056518
53496283 40981798
53496283 43003845
53496283 54228724
53496283 70492333
53496283 74860418
53496283 83417972
53496283 88323281
53496283 113058991
53496283 116498875
53496283 117674417
53496283 126391227
53496283 129631184
53496283 134548250
53496283 136046012
53496283 149680650
53496283 155951259
53496283 166811519
53496283 184097849
53496283 188108667
53496283 197504076
53496283 263838766
53524177 28628582
53524177 31294167
53524177 39793140
53524177 49148265
53524177 52473265
53524177 70458047
53524177 71614377
53524177 75721164
53524177 95797963
53524177 100309986
53524177 123121569
53524177 268914056
53614354 40703590
53614354 89441393
53614354 100113633
53614354 113947726
53614354 142081739
53614354 210188819
53614354 303177511
53614354 304680205
53658654 19836737
53658654 21447363
53658654 34041607
53658654 40981798
53658654 66661590
53658654 109930226
53658654 158821955
53658654 164804966
53990192 15150609
53990192 22462180
53990192 27307810
53990192 29512930
53990192 34041607
53990192 34428380
53990192 36475508
53990192 40981798
53990192 43003845
53990192 43429151
53990192 46160500
53990192 49064411
53990192 49315012
53990192 66398898
53990192 98928134
53990192 99741379
53990192 108633391
53990192 109930226
53990192 149578245
53990192 163203962
53990192 187773078
53990192 215980492
53990192 238260874
53990192 252668782
53990192 360245938
54228724 8163442
54228724 14230524
54228724 21447363
54228724 23375688
54228724 23894637
54228724 40981798
54228724 43003845
54228724 49315012
54581743 14425825
54581743 15460081
54581743 22440364
54581743 22592948
54581743 25970331
54581743 27772095
54581743 37008705
54581743 51543792
54581743 54611487
54581743 63808966
54581743 70492333
54581743 78751746
54581743 102765423
54581743 147946019
54581743 148081553
54611487 2367911
54611487 8088112
54611487 8163442
54611487 14425825
54611487 15460081
54611487 17868918
54611487 22440364
54611487 22462180
54611487 22592948
54611487 23375688
54611487 23894637
54611487 25970331
54611487 27633075
54611487 27772095
54611487 28176041
54611487 28465635
54611487 29654458
54611487 30924124
54611487 31331740
54611487 33792219
54611487 34428380
54611487 34507480
54611487 35308050
54611487 36897543
54611487 37008705
54611487 37060481
54611487 39056518
54611487 40696036
54611487 40968863
54611487 40981798
54611487 42085197
54611487 43003845
54611487 51543792
54611487 52406684
54611487 54228724
54611487 54581743
54611487 63808966
54611487 70492333
54611487 72695654
54611487 73252844
54611487 74548256
54611487 78751746
54611487 80461949
54611487 83307244
54611487 84903965
54611487 88323281
54611487 89463324
54611487 91884854
54611487 93998005
54611487 102765423
54611487 117674417
54611487 120627547
54611487 127684106
54611487 129631184
54611487 129840088
54611487 133783957
54611487 142851768
54611487 147946019
54611487 148081553
54611487 148519842
54611487 151222208
54611487 155989324
54611487 158526208
54611487 161465015
54611487 168834731
54611487 179699335
54611487 205710774
54611487 234047967
54611487 238260874
54611487 241159821
54611487 263838766
54611487 339373057
54725490 21572976
54725490 23277227
54725490 43186460
54725490 57426978
54725490 61352392
54725490 66661590
54725490 70458047
54725490 85687328
54725490 94111672
54725490 109390923
54725490 110708265
54725490 112178021
54725490 115436566
54725490 120208344
54725490 128260873
54725490 129267461
54725490 137027740
54725490 158800506
54725490 164804966
54725490 168193966
54725490 178581767
54725490 186688919
54725490 215980492
54725490 227678669
54725490 252668782
54947318 58356127
54947318 69483760
54947318 70458047
54947318 120208344
54947318 127618089
55492770 49075375
55492770 67119770
55492770 95974196
55492770 106765077
55492770 158455991
55492770 171692646
55492770 193291779
55492770 224384233
55492770 232350989
55492770 235321144
55492770 303177511
55917979 34046028
55917979 41870991
55917979 43180035
55917979 63169333
55917979 65504845
55917979 69349768
55917979 92782231
55917979 106142776
55917979 120627547
55917979 129631184
55917979 164804966
56449726 22462180
56449726 28465635
56449726 34428380
56449726 40981798
56449726 43003845
56449726 70492333
56449726 88323281
56449726 113058991
56449726 129631184
56449726 148519842
56449726 238260874
56825612 8088112
56825612 12459972
56825612 22462180
56825612 25842688
56825612 27633075
56825612 28465635
56825612 29512930
56825612 30749396
56825612 31331740
56825612 34428380
56825612 37103150
56825612 37319411
56825612 39056518
56825612 40981798
56825612 43003845
56825612 43429151
56825612 45678199
56825612 46997754
56825612 49064411
56825612 49315012
56825612 51543792
56825612 52244792
56825612 53440054
56825612 58552646
56825612 66398898
56825612 69127992
56825612 70114798
56825612 78756744
56825612 86173523
56825612 88323281
56825612 117674417
56825612 124592955
56825612 238260874
56825612 263838766
57258645 39000244
57258645 40535570
57258645 147228841
57386237 9938852
57386237 49315012
57386237 61352392
57386237 85922753
57386237 109390923
57386237 124634906
57386237 163203962
57426978 9938852
57426978 21572976
57426978 43180035
57426978 54725490
57426978 61352392
57426978 63226359
57426978 66661590
57426978 78702020
57426978 80096702
57426978 92782231
57426978 94111672
57426978 99387429
57426978 109390923
57426978 115436566
57426978 120208344
57426978 123121569
57426978 128260873
57426978 129631184
57426978 137027740
57426978 164804966
57426978 165849510
57426978 168193966
57426978 175830894
57426978 202369108
57426978 215980492
57426978 227678669
57426978 250947200
57426978 303486555
57426978 331372178
57701952 25689832
57701952 37060481
57701952 39622856
57701952 39805814
57701952 40355959
57701952 46750407
57701952 66409671
57701952 68207378
57701952 93051876
57701952 96469436
57701952 99631222
57701952 105351998
57701952 123121569
57701952 129631184
57701952 157137446
57701952 186182395
57701952 191619704
57701952 222248052
57701952 281222130
58338707 106765077
58356127 31294167
58356127 39000244
58356127 39793140
58356127 43186460
58356127 54947318
58356127 70458047
58356127 115742788
58356127 116245256
58356127 120208344
58356127 123121569
58356127 127618089
58356127 268914056
58552646 8088112
58552646 15150609
58552646 19836737
58552646 22462180
58552646 25842688
58552646 27307810
58552646 27633075
58552646 28465635
58552646 29512930
58552646 30749396
58552646 31331740
58552646 34041607
58552646 34428380
58552646 37103150
58552646 37319411
58552646 39056518
58552646 40981798
58552646 43003845
58552646 43429151
58552646 45678199
58552646 46997754
58552646 49064411
58552646 49315012
58552646 52244792
58552646 53440054
58552646 56825612
58552646 66398898
58552646 67122557
58552646 69127992
58552646 78756744
58552646 83955939
58552646 88323281
58552646 99741379
58552646 108633391
58552646 117674417
58552646 189898898
58552646 238260874
58552646 252668782
58552646 263838766
59588845 8088112
59588845 8163442
59588845 15150609
59588845 21068395
59588845 22462180
59588845 24444592
59588845 27633075
59588845 28465635
59588845 31331740
59588845 31414569
59588845 34428380
59588845 36475508
59588845 39056518
59588845 40981798
59588845 42576711
59588845 43003845
59588845 59959466
59588845 63600411
59588845 70492333
59588845 88323281
59588845 117674417
59588845 122874598
59588845 129631184
59588845 141368711
59588845 238260874
59588845 263838766
59588845 309861288
59630220 16854388
59630220 25689832
59630220 39622856
59630220 41469982
59630220 52473265
59630220 65096005
59630220 68567671
59630220 74548256
59630220 77607254
59630220 109568333
59630220 110253180
59630220 127684106
59630220 129631184
59630220 166724912
59630220 175830894
59630220 221413264
59630220 222248052
59630220 341142328
59630220 375857150
59657176 21447363
59657176 43003845
59657176 61352392
59908492 34942750
59908492 43003845
59908492 53658654
59908492 85922753
59908492 158821955
59908492 164804966
59959466 14192900
59959466 22462180
59959466 25842688
59959466 30749396
59959466 34428380
59959466 40981798
59959466 43003845
59959466 49064411
59959466 51543792
59959466 53440054
59959466 66398898
59959466 70492333
59959466 78756744
59959466 88323281
59959466 117674417
59959466 215980492
59959466 238260874
59959466 252668782
60143763 310983162
60325333 40703590
60325333 184598688
60325333 185331750
60325333 303486555
60325333 322690327
60530411 23894637
60530411 61352392
60530411 109390923
61352392 9938852
61352392 21447363
61352392 31457243
61352392 39000244
61352392 40981798
61352392 54725490
61352392 57386237
61352392 57426978
61352392 60530411
61352392 81704742
61352392 85922753
61352392 106452202
61352392 109390923
61352392 110708265
61352392 120208344
61352392 127618089
61352392 128260873
61352392 142391105
61352392 163203962
61352392 164804966
61352392 168193966
61352392 215980492
61515224 14230524
61515224 157137446
61924683 66661590
61924683 70458047
61924683 120208344
61924683 168193966
61924683 178581767
62193662 40981798
62193662 53658654
62193662 130295352
62193662 164804966
63169333 55917979
63169333 84903965
63169333 127684106
63169333 129631184
63169333 187773078
63169333 188045721
63226359 57426978
63226359 81704742
63226359 165849510
63226359 303486555
63226359 331372178
63808966 14425825
63808966 15460081
63808966 22440364
63808966 22592948
63808966 23375688
63808966 25970331
63808966 27772095
63808966 34507480
63808966 37008705
63808966 148081553
63808966 339373057
64489627 22465184
64489627 52473265
64489627 65370547
64489627 118570373
64532921 18504495
64532921 69033178
64532921 129631184
64532921 142715837
64558032 34942750
64558032 66661590
64558032 97463613
64558032 164804966
64558032 239575192
65096005 16854388
65096005 25689832
65096005 30478394
65096005 31294167
65096005 35065277
65096005 37060481
65096005 39805814
65096005 41469982
65096005 42253232
65096005 43607200
65096005 45435999
65096005 46750407
65096005 51613496
65096005 52473265
65096005 59630220
65096005 66409671
65096005 68207378
65096005 74548256
65096005 77607254
65096005 84903965
65096005 93051876
65096005 99631222
65096005 109568333
65096005 110253180
65096005 116099511
65096005 117793928
65096005 119217419
65096005 120627547
65096005 123121569
65096005 127684106
65096005 129631184
65096005 144319796
65096005 151222208
65096005 155989324
65096005 157137446
65096005 166724912
65096005 175830894
65096005 186182395
65096005 207601901
65096005 222248052
65096005 241957644
65096005 357331432
65370547 16854388
65370547 28628582
65370547 30478394
65370547 35065277
65370547 40355959
65370547 46750407
65370547 52473265
65370547 61352392
65370547 64489627
65370547 66661590
65370547 80096702
65370547 99631222
65370547 110708265
65370547 120208344
65370547 123121569
65370547 127618089
65370547 129631184
65370547 140203448
65370547 157137446
66158559 40703590
66158559 67119770
66158559 78991357
66158559 100113633
66158559 106765077
66158559 131888932
66158559 141400436
66158559 144146678
66158559 152343162
66158559 162209030
66158559 193291779
66158559 208353282
66158559 215759738
66158559 228624227
66158559 232350989
66158559 235321144
66158559 250353576
66158559 281667160
66158559 303177511
66158559 369830135
66158559 370402681
66178366 109057557
66190348 34046028
66190348 69349768
66190348 106142776
66190348 123121569
66190348 127684106
66190348 129267461
66190348 129631184
66190348 157137446
66235505 8088112
66235505 18996905
66235505 21068395
66235505 22462180
66235505 23894637
66235505 24444592
66235505 27633075
66235505 28176041
66235505 28465635
66235505 31331740
66235505 34428380
66235505 39056518
66235505 40981798
66235505 43003845
66235505 70492333
66235505 75873304
66235505 76494006
66235505 85716069
66235505 87557311
66235505 88323281
66235505 113058991
66235505 116498875
66235505 117674417
66235505 124634906
66235505 126391227
66235505 134548250
66235505 143169862
66235505 155951259
66235505 163203962
66235505 164804966
66235505 166214735
66235505 189898898
66235505 213777144
66235505 238260874
66235505 263838766
66398898 8088112
66398898 9317502
66398898 12459972
66398898 14192900
66398898 15150609
66398898 15393649
66398898 19836737
66398898 22462180
66398898 25842688
66398898 27307810
66398898 29512930
66398898 30749396
66398898 34041607
66398898 34428380
66398898 37103150
66398898 37319411
66398898 38690166
66398898 40981798
66398898 43003845
66398898 43186460
66398898 43429151
66398898 45678199
66398898 46997754
66398898 49064411
66398898 49315012
66398898 51828073
66398898 52244792
66398898 53440054
66398898 61352392
66398898 66661590
66398898 69127992
66398898 70458047
66398898 78756744
66398898 81704742
66398898 82393622
66398898 83955939
66398898 98928134
66398898 99741379
66398898 109390923
66398898 109930226
66398898 110708265
66398898 116245256
66398898 119901002
66398898 124592955
66398898 149578245
66398898 195814649
66398898 215980492
66398898 235382801
66398898 238260874
66398898 251261925
66398898 252668782
66398898 263838766
66398898 319319045
66409671 16854388
66409671 25689832
66409671 30478394
66409671 35065277
66409671 37060481
66409671 39622856
66409671 39805814
66409671 40355959
66409671 41469982
66409671 42253232
66409671 43186460
66409671 43607200
66409671 45435999
66409671 46750407
66409671 51613496
66409671 57701952
66409671 65096005
66409671 68207378
66409671 77607254
66409671 99631222
66409671 110253180
66409671 116099511
66409671 116245256
66409671 119217419
66409671 120627547
66409671 123121569
66409671 129631184
66409671 155989324
66409671 157137446
66409671 186182395
66409671 207601901
66409671 214202608
66491235 40703590
66491235 78991357
66491235 112178021
66491235 152343162
66491235 158455991
66491235 235321144
66661590 34942750
66661590 53658654
66661590 54725490
66661590 57426978
66661590 66398898
66661590 70458047
66661590 94111672
66661590 97463613
66661590 109390923
66661590 119901002
66661590 126666372
66661590 128260873
66661590 158821955
66661590 164804966
66661590 215980492
66661590 252668782
67119770 40703590
67119770 55492770
67119770 66158559
67119770 89441393
67119770 99175138
67119770 106765077
67119770 107832484
67119770 110157900
67119770 116605328
67119770 131888932
67119770 141400436
67119770 142081739
67119770 144146678
67119770 158455991
67119770 184406493
67119770 193291779
67119770 208353282
67119770 215759738
67119770 224384233
67119770 228624227
67119770 241678730
67119770 250353576
67119770 303177511
67119770 322724917
67119770 369830135
67119770 409154171
67122557 19836737
67122557 21068395
67122557 22462180
67122557 25842688
67122557 27307810
67122557 28465635
67122557 31331740
67122557 34428380
67122557 40981798
67122557 43003845
67122557 45361614
67122557 45678199
67122557 49315012
67122557 51543792
67122557 53440054
67122557 58552646
67122557 66398898
67122557 69127992
67122557 70492333
67122557 81704742
67122557 83955939
67122557 86173523
67122557 87995349
67122557 88323281
67122557 113058991
67122557 134548250
67122557 137156454
67122557 149680650
67122557 164804966
67122557 189898898
67122557 238260874
67122557 252668782
67970853 49075375
67970853 106765077
67970853 110194770
67970853 110472918
67970853 112178021
67970853 152343162
67970853 162209030
67970853 171692646
67970853 184406493
67970853 210188819
67970853 224619935
67970853 232350989
67970853 235321144
67970853 369830135
68567671 52473265
68567671 59630220
68567671 120627547
68567671 151222208
68567671 222248052
68567671 311123328
69033178 40703590
69033178 64532921
69033178 92500075
69033178 110708265
69033178 140613139
69033178 142391105
69033178 187209808
69033178 227678669
69106995 61352392
69106995 109390923
69106995 371054607
69127992 9317502
69127992 14192900
69127992 15393649
69127992 19836737
69127992 27307810
69127992 38690166
69127992 49064411
69127992 83955939
69127992 99741379
69127992 109930226
69127992 149578245
69349768 34046028
69349768 43180035
69349768 52094943
69349768 52473265
69349768 52934833
69349768 55917979
69349768 58356127
69349768 65504845
69349768 66190348
69349768 69995907
69349768 70242865
69349768 72097691
69349768 74548256
69349768 75721164
69349768 78384692
69349768 78702020
69349768 91884854
69349768 92782231
69349768 106142776
69349768 110253180
69349768 112178021
69349768 116099511
69349768 120208344
69349768 120627547
69349768 123121569
69349768 127684106
69349768 129631184
69349768 130720241
69349768 142391105
69349768 146250354
69349768 151222208
69349768 206923101
69483760 28628582
69483760 50884531
69483760 120208344
69483760 147999706
69483760 168193966
69944557 43186460
69944557 85687328
69944557 142715837
69944557 202369108
69995907 69349768
69995907 158800506
70114798 8088112
70114798 9317502
70114798 12459972
70114798 21068395
70114798 22462180
70114798 25842688
70114798 27633075
70114798 28465635
70114798 30749396
70114798 31331740
70114798 34428380
70114798 35041070
70114798 37103150
70114798 37319411
70114798 40981798
70114798 43003845
70114798 49315012
70114798 56825612
70114798 66398898
70114798 70492333
70114798 75873304
70114798 83955939
70114798 86173523
70114798 88323281
70114798 98928134
70114798 99741379
70114798 108633391
70114798 113058991
70114798 117674417
70114798 124634906
70114798 137156454
70114798 189898898
70114798 215980492
70114798 238260874
70114798 319319045
70188615 106142776
70188615 187209808
70242865 39000244
70242865 46750407
70242865 52934833
70242865 65504845
70242865 69349768
70242865 117948376
70242865 118570373
70242865 129631184
70242865 142391105
70242865 157137446
70242865 175830894
70458047 28628582
70458047 30478394
70458047 30723701
70458047 31294167
70458047 39793140
70458047 43186460
70458047 43429151
70458047 46750407
70458047 50884531
70458047 51613496
70458047 52473265
70458047 53524177
70458047 54725490
70458047 58356127
70458047 66398898
70458047 66661590
70458047 75721164
70458047 93051876
70458047 94111672
70458047 109390923
70458047 112178021
70458047 115436566
70458047 116099511
70458047 116245256
70458047 120208344
70458047 123121569
70458047 127684106
70458047 128260873
70458047 129631184
70458047 137027740
70458047 140203448
70458047 164804966
70458047 168193966
70458047 214202608
70458047 215980492
70458047 252668782
70458047 268914056
70492333 2367911
70492333 8088112
70492333 8163442
70492333 14486007
70492333 17581754
70492333 17868918
70492333 18996905
70492333 22462180
70492333 23894637
70492333 24444592
70492333 27633075
70492333 28176041
70492333 28465635
70492333 30924124
70492333 31331740
70492333 33792219
70492333 34428380
70492333 35308050
70492333 36897543
70492333 39056518
70492333 40968863
70492333 40981798
70492333 42085197
70492333 42576711
70492333 43003845
70492333 51543792
70492333 52406684
70492333 54228724
70492333 54581743
70492333 54611487
70492333 72695654
70492333 73252844
70492333 75873304
70492333 76178518
70492333 76494006
70492333 78751746
70492333 80461949
70492333 83307244
70492333 83417972
70492333 86974093
70492333 87557311
70492333 89463324
70492333 93998005
70492333 102765423
70492333 117674417
70492333 120627547
70492333 127684106
70492333 129840088
70492333 131677027
70492333 133783957
70492333 141368711
70492333 142851768
70492333 148519842
70492333 156004026
70492333 161465015
70492333 168834731
70492333 179699335
70492333 205710774
70492333 234047967
70492333 238260874
70492333 241159821
71614377 30723701
71614377 31294167
71614377 39000244
71614377 49148265
71614377 53524177
71614377 95797963
71614377 100309986
71614377 268914056
72097691 66661590
72097691 69349768
72097691 70458047
72097691 117948376
72097691 123121569
72097691 140203448
72097691 214106450
72519886 39000244
72519886 40355959
72519886 55917979
72519886 85716069
72519886 106142776
72519886 107512718
72519886 129631184
72519886 177522486
72695654 22462180
72695654 34428380
72695654 40981798
72695654 43003845
72695654 51543792
72695654 52406684
72695654 54611487
72695654 73252844
72695654 78751746
72695654 83307244
72695654 89463324
72695654 142851768
72695654 168834731
72695654 238260874
73025843 24051168
73025843 40703590
73025843 49075375
73025843 53614354
73025843 55492770
73025843 66158559
73025843 66491235
73025843 67119770
73025843 67970853
73025843 75395723
73025843 78991357
73025843 81211471
73025843 86281179
73025843 89441393
73025843 95974196
73025843 99175138
73025843 100113633
73025843 106765077
73025843 107832484
73025843 110157900
73025843 110194770
73025843 110472918
73025843 111951477
73025843 112178021
73025843 113947726
73025843 116605328
73025843 131888932
73025843 141400436
73025843 142081739
73025843 144146678
73025843 149626047
73025843 152343162
73025843 152490004
73025843 158455991
73025843 162209030
73025843 171692646
73025843 184406493
73025843 189242210
73025843 191596466
73025843 193291779
73025843 197612216
73025843 208353282
73025843 210188819
73025843 215759738
73025843 216436275
73025843 224384233
73025843 224619935
73025843 228624227
73025843 232350989
73025843 235321144
73025843 238215599
73025843 241678730
73025843 250353576
73025843 281667160
73025843 303177511
73025843 304680205
73025843 322724917
73025843 369830135
73025843 370402681
73025843 409154171
73025843 432021286
73252844 2367911
73252844 8088112
73252844 17868918
73252844 22462180
73252844 24444592
73252844 31331740
73252844 33792219
73252844 34428380
73252844 35308050
73252844 40981798
73252844 42085197
73252844 43003845
73252844 51543792
73252844 52406684
73252844 54228724
73252844 54611487
73252844 70492333
73252844 72695654
73252844 78751746
73252844 88323281
73252844 89463324
73252844 117674417
73252844 120627547
73252844 127684106
73252844 129840088
73252844 238260874
73252844 241159821
73793971 39793140
73793971 43186460
73793971 52473265
73793971 61352392
73793971 70458047
73793971 75721164
73793971 110708265
73793971 127618089
73793971 129631184
73793971 147999706
73793971 157137446
73793971 164804966
73793971 227678669
74548256 16854388
74548256 21572976
74548256 23277227
74548256 25689832
74548256 30478394
74548256 35065277
74548256 39805814
74548256 41469982
74548256 42253232
74548256 46904723
74548256 51543792
74548256 51613496
74548256 51828073
74548256 52473265
74548256 54611487
74548256 59630220
74548256 65096005
74548256 68207378
74548256 69349768
74548256 77607254
74548256 78702020
74548256 84903965
74548256 105351998
74548256 115436566
74548256 116099511
74548256 120627547
74548256 123121569
74548256 127618089
74548256 127684106
74548256 129631184
74548256 151222208
74548256 155989324
74548256 157137446
74548256 166724912
74548256 169108031
74548256 212329156
74548256 241957644
74860418 14230524
74860418 17581754
74860418 21447363
74860418 22462180
74860418 23375688
74860418 27633075
74860418 28465635
74860418 31331740
74860418 34428380
74860418 40981798
74860418 43003845
74860418 53496283
74860418 53658654
74860418 54228724
74860418 70492333
74860418 76494006
74860418 85716069
74860418 87557311
74860418 88323281
74860418 108633391
74860418 113058991
74860418 116498875
74860418 120666148
74860418 126391227
74860418 129631184
74860418 131369976
74860418 134548250
74860418 136046012
74860418 137156454
74860418 139872488
74860418 143169862
74860418 149680650
74860418 155951259
74860418 166811519
74860418 175431001
74860418 184097849
74860418 188108667
74860418 238260874
74860418 263838766
75395723 81211471
75395723 106765077
75395723 116605328
75395723 142081739
75395723 152343162
75395723 152490004
75395723 193291779
75395723 208353282
75395723 215759738
75395723 224384233
75395723 228624227
75395723 232350989
75395723 250353576
75395723 303177511
75395723 304680205
75395723 369830135
75395723 432021286
75721164 31294167
75721164 46750407
75721164 52473265
75721164 53524177
75721164 70458047
75721164 80096702
75721164 83443129
75721164 99387429
75721164 110708265
75721164 123121569
75721164 127684106
75721164 129631184
75721164 147999706
75873304 22462180
75873304 27633075
75873304 28176041
75873304 28465635
75873304 31331740
75873304 34428380
75873304 39056518
75873304 40981798
75873304 43003845
75873304 51543792
75873304 70492333
75873304 76494006
75873304 86974093
75873304 88323281
75873304 117674417
75873304 238260874
76178518 40981798
76178518 51543792
76494006 15150609
76494006 17581754
76494006 18996905
76494006 22462180
76494006 28176041
76494006 28465635
76494006 31331740
76494006 34428380
76494006 40981798
76494006 43003845
76494006 51543792
76494006 54611487
76494006 70492333
76494006 75873304
76494006 78751746
76494006 83417972
76494006 86974093
76494006 87557311
76494006 88323281
76494006 113058991
76494006 131369976
76494006 134548250
76494006 137156454
76494006 155661154
76494006 175431001
76990669 14230524
76990669 21447363
76990669 22462180
76990669 27633075
76990669 28465635
76990669 31331740
76990669 34428380
76990669 40981798
76990669 43003845
76990669 49315012
76990669 88323281
76990669 117674417
76990669 149680650
76990669 189898898
76990669 238260874
76990669 263838766
77607254 16854388
77607254 25689832
77607254 30478394
77607254 35065277
77607254 37060481
77607254 39622856
77607254 39805814
77607254 40355959
77607254 41469982
77607254 42253232
77607254 43607200
77607254 45435999
77607254 46750407
77607254 51613496
77607254 52473265
77607254 59630220
77607254 65096005
77607254 66409671
77607254 68207378
77607254 74548256
77607254 84903965
77607254 93051876
77607254 99631222
77607254 110253180
77607254 116099511
77607254 117793928
77607254 119217419
77607254 120208344
77607254 120627547
77607254 123121569
77607254 127684106
77607254 129267461
77607254 129631184
77607254 144319796
77607254 155989324
77607254 157137446
77607254 166724912
77607254 175830894
77607254 186182395
77607254 207601901
77607254 281222130
78384692 21572976
78384692 65504845
78384692 66661590
78384692 69349768
78384692 85687328
78384692 92782231
78384692 106142776
78384692 120208344
78384692 127618089
78384692 129631184
78384692 212329156
78384692 227678669
78702020 57426978
78702020 74548256
78702020 80096702
78702020 164804966
78751746 51543792
78751746 52406684
78751746 54228724
78751746 54581743
78751746 54611487
78751746 73252844
78751746 80461949
78751746 83307244
78751746 142851768
78756744 8088112
78756744 9317502
78756744 22462180
78756744 25842688
78756744 27633075
78756744 28465635
78756744 29512930
78756744 30749396
78756744 31331740
78756744 34041607
78756744 34428380
78756744 35041070
78756744 37103150
78756744 37319411
78756744 40981798
78756744 43003845
78756744 43429151
78756744 46997754
78756744 49064411
78756744 52244792
78756744 53440054
78756744 56825612
78756744 58552646
78756744 59959466
78756744 66398898
78756744 81704742
78756744 84980138
78756744 86173523
78756744 86561505
78756744 98928134
78756744 99712896
78756744 99741379
78756744 108633391
78756744 117674417
78756744 149680650
78756744 188108667
78756744 189898898
78756744 238260874
78756744 251261925
78756744 252668782
78756744 263838766
78756744 319319045
78991357 24051168
78991357 40703590
78991357 66158559
78991357 66491235
78991357 89441393
78991357 95974196
78991357 110157900
78991357 111951477
78991357 112178021
78991357 116605328
78991357 131888932
78991357 141400436
78991357 142081739
78991357 144146678
78991357 149626047
78991357 152490004
78991357 162209030
78991357 191596466
78991357 193291779
78991357 208353282
78991357 210188819
78991357 216436275
78991357 224619935
78991357 228624227
78991357 232350989
78991357 241678730
78991357 250353576
78991357 281667160
78991357 303177511
78991357 304680205
79806862 23277227
79806862 40981798
79806862 43003845
79806862 57426978
79806862 66661590
79806862 81704742
79806862 94111672
79806862 112178021
79806862 123121569
79806862 127618089
79806862 128260873
79806862 147228841
79806862 164804966
79806862 165849510
79806862 168224294
79806862 215980492
79806862 303486555
79806862 331372178
80096702 21572976
80096702 57426978
80096702 75721164
80096702 78702020
80096702 85687328
80096702 94111672
80096702 106142776
80096702 115436566
80096702 119217419
80096702 120208344
80096702 127618089
80096702 129631184
80096702 137027740
80096702 142391105
80096702 164804966
80096702 168193966
80096702 186688919
80096702 227678669
80096702 251261925
80461949 2367911
80461949 8163442
80461949 23894637
80461949 42085197
81211471 75395723
81211471 85922753
81211471 99175138
81211471 110157900
81211471 110472918
81211471 111951477
81211471 112178021
81211471 116605328
81211471 141400436
81211471 152490004
81211471 162209030
81211471 171692646
81211471 184406493
81211471 208353282
81211471 210188819
81211471 215759738
81211471 224384233
81211471 224619935
81211471 232350989
81211471 235321144
81211471 250353576
81211471 281667160
81211471 304680205
81211471 369830135
81631697 9938852
81631697 21068395
81631697 28465635
81631697 34428380
81631697 36475508
81631697 40981798
81631697 43003845
81631697 53658654
81631697 54228724
81631697 81704742
81631697 85716069
81631697 88323281
81631697 107512718
81631697 155661154
81631697 189898898
81631697 213777144
81631697 546135380
81704742 9317502
81704742 14192900
81704742 34041607
81704742 61352392
81704742 63226359
81704742 66398898
81704742 78756744
81704742 79806862
81704742 86173523
81704742 107512718
81704742 108633391
81704742 109390923
81704742 109930226
81704742 128260873
81704742 137156454
81704742 149680650
81704742 158821955
81704742 163203962
81704742 165849510
81704742 168224294
81704742 189898898
81704742 213777144
81704742 215980492
81704742 224688614
81704742 251261925
81704742 252668782
81704742 281674948
81704742 290092792
81704742 303486555
81704742 322690327
81704742 331372178
82393622 14192900
82393622 15393649
82393622 38690166
82393622 99741379
82393622 109930226
82393622 235382801
82393622 252668782
83307244 22462180
83307244 27633075
83307244 34428380
83307244 40981798
83307244 51543792
83307244 52406684
83307244 54611487
83307244 72695654
83307244 73252844
83307244 78751746
83307244 83417972
83307244 86974093
83307244 87557311
83307244 89463324
83307244 120627547
83307244 129840088
83307244 141368711
83307244 205710774
83417972 8088112
83417972 17581754
83417972 17868918
83417972 18996905
83417972 22462180
83417972 24444592
83417972 27633075
83417972 28465635
83417972 31331740
83417972 34428380
83417972 40981798
83417972 43003845
83417972 51543792
83417972 53496283
83417972 66235505
83417972 70492333
83417972 75873304
83417972 76494006
83417972 80461949
83417972 83307244
83417972 85716069
83417972 86561505
83417972 86974093
83417972 87557311
83417972 88323281
83417972 99712896
83417972 107512718
83417972 113058991
83417972 126391227
83417972 137156454
83417972 143169862
83417972 148519842
83417972 149657313
83417972 149680650
83417972 155661154
83417972 155951259
83417972 175431001
83417972 184097849
83417972 188108667
83417972 197504076
83417972 217506336
83417972 229871864
83417972 263838766
83443129 75721164
83955939 9317502
83955939 14192900
83955939 15393649
83955939 19836737
83955939 69127992
83955939 99741379
83955939 149578245
84903965 16854388
84903965 30478394
84903965 37060481
84903965 39622856
84903965 39805814
84903965 40355959
84903965 41469982
84903965 42253232
84903965 46750407
84903965 51543792
84903965 51613496
84903965 51828073
84903965 53452510
84903965 54611487
84903965 63169333
84903965 65096005
84903965 68207378
84903965 74548256
84903965 77607254
84903965 93051876
84903965 96469436
84903965 99631222
84903965 110253180
84903965 116099511
84903965 117948376
84903965 120627547
84903965 123121569
84903965 127618089
84903965 127684106
84903965 129631184
84903965 144319796
84903965 149957548
84903965 151222208
84903965 155989324
84903965 157137446
84903965 166724912
84903965 186182395
84903965 207601901
84903965 212329156
84903965 214202608
84903965 221413264
84903965 241957644
84903965 357331432
84980138 22462180
84980138 25842688
84980138 29512930
84980138 30749396
84980138 34041607
84980138 37103150
84980138 37319411
84980138 40981798
84980138 43003845
84980138 43429151
84980138 45678199
84980138 49064411
84980138 52244792
84980138 53440054
84980138 66398898
84980138 78756744
84980138 252668782
85687328 16854388
85687328 23277227
85687328 43186460
85687328 54725490
85687328 69944557
85687328 80096702
85687328 109390923
85687328 110708265
85687328 112178021
85687328 119901002
85687328 120208344
85687328 126666372
85687328 127618089
85687328 128260873
85687328 168193966
85687328 178581767
85687328 186688919
85687328 202369108
85687328 215980492
85687328 227678669
85716069 21068395
85716069 22462180
85716069 25970331
85716069 31331740
85716069 34428380
85716069 36475508
85716069 39056518
85716069 40981798
85716069 43003845
85716069 45361614
85716069 46404902
85716069 66235505
85716069 67122557
85716069 70114798
85716069 70492333
85716069 75873304
85716069 81631697
85716069 83417972
85716069 88323281
85716069 89754844
85716069 107512718
85716069 113058991
85716069 115363439
85716069 120627547
85716069 124634906
85716069 126391227
85716069 134548250
85716069 136046012
85716069 137156454
85716069 137788485
85716069 139872488
85716069 143169862
85716069 149657313
85716069 149680650
85716069 155661154
85716069 155951259
85716069 160053476
85716069 163203962
85716069 164804966
85716069 166811519
85716069 171324921
85716069 175431001
85716069 185300771
85716069 187773078
85716069 188108667
85716069 189898898
85716069 194403468
85716069 213777144
85716069 238260874
85716069 360245938
85922753 49315012
85922753 57386237
85922753 61352392
85922753 81211471
85922753 97463613
85922753 109390923
85922753 158821955
85922753 163203962
85922753 164804966
86173523 8088112
86173523 14486007
86173523 15150609
86173523 17868918
86173523 22462180
86173523 24444592
86173523 25842688
86173523 27307810
86173523 27633075
86173523 31331740
86173523 34428380
86173523 36475508
86173523 37103150
86173523 39056518
86173523 40981798
86173523 43003845
86173523 43429151
86173523 45678199
86173523 46997754
86173523 49064411
86173523 49315012
86173523 53440054
86173523 66398898
86173523 67122557
86173523 70114798
86173523 78756744
86173523 81704742
86173523 85716069
86173523 88323281
86173523 107512718
86173523 108633391
86173523 117674417
86173523 124634906
86173523 126391227
86173523 136046012
86173523 137156454
86173523 149680650
86173523 155951259
86173523 160053476
86173523 163203962
86173523 168224294
86173523 188108667
86173523 189898898
86173523 215980492
86173523 224688614
86173523 238260874
86173523 251261925
86173523 252668782
86173523 263838766
86173523 281674948
86281179 40703590
86281179 95974196
86281179 100113633
86281179 106765077
86281179 113947726
86281179 131888932
86281179 142081739
86281179 171692646
86281179 193291779
86281179 208353282
86281179 232350989
86281179 235321144
86281179 303177511
86560711 22462180
86560711 28465635
86560711 34428380
86560711 34942750
86560711 40703590
86560711 40981798
86560711 43003845
86560711 53658654
86560711 59908492
86560711 62193662
86560711 64558032
86560711 66661590
86560711 81211471
86560711 85922753
86560711 88323281
86560711 97463613
86560711 118445707
86560711 130295352
86560711 158821955
86560711 164804966
86560711 214106450
86560711 239575192
86974093 22462180
86974093 28465635
86974093 31331740
86974093 34428380
86974093 40981798
86974093 43003845
86974093 51543792
86974093 54581743
86974093 75873304
86974093 76494006
86974093 80461949
86974093 83307244
86974093 83417972
86974093 87557311
86974093 238260874
86974093 241159821
87019066 21572976
87019066 52934833
87019066 54725490
87019066 61352392
87019066 66398898
87019066 66661590
87019066 70458047
87019066 80096702
87019066 110708265
87019066 168193966
87019066 178581767
87019066 215980492
87019066 252668782
87557311 8088112
87557311 8163442
87557311 18996905
87557311 22462180
87557311 27633075
87557311 28176041
87557311 28465635
87557311 31331740
87557311 34428380
87557311 39056518
87557311 40981798
87557311 43003845
87557311 51543792
87557311 54228724
87557311 66235505
87557311 70492333
87557311 75873304
87557311 76494006
87557311 83307244
87557311 83417972
87557311 85716069
87557311 86974093
87557311 88323281
87557311 113058991
87557311 116498875
87557311 120666148
87557311 126391227
87557311 134548250
87557311 136046012
87557311 137156454
87557311 139872488
87557311 143169862
87557311 149680650
87557311 150273565
87557311 155661154
87557311 155951259
87557311 166214735
87557311 166811519
87557311 168224294
87557311 175431001
87557311 238260874
87995349 34428380
87995349 40981798
87995349 51543792
87995349 66398898
87995349 67122557
87995349 98928134
87995349 215980492
88323281 8088112
88323281 8163442
88323281 17868918
88323281 18996905
88323281 22462180
88323281 23894637
88323281 27633075
88323281 28176041
88323281 28465635
88323281 31331740
88323281 31414569
88323281 34428380
88323281 39056518
88323281 40981798
88323281 43003845
88323281 46997754
88323281 53496283
88323281 54611487
88323281 66235505
88323281 74860418
88323281 75873304
88323281 76494006
88323281 83417972
88323281 85716069
88323281 86173523
88323281 99712896
88323281 113058991
88323281 116498875
88323281 117674417
88323281 126391227
88323281 131369976
88323281 134548250
88323281 136046012
88323281 141696128
88323281 142715837
88323281 149680650
88323281 150273565
88323281 155661154
88323281 155951259
88323281 166811519
88323281 168224294
88323281 290092792
89441393 53614354
89441393 67119770
89441393 78991357
89441393 110157900
89441393 111951477
89441393 113947726
89441393 131888932
89441393 141400436
89441393 144146678
89441393 152490004
89441393 158455991
89441393 162209030
89441393 184406493
89441393 191596466
89441393 210188819
89441393 215759738
89441393 216436275
89441393 224384233
89441393 228624227
89441393 232350989
89441393 241678730
89441393 250353576
89441393 281667160
89441393 303177511
89441393 409154171
89754844 22462180
89754844 34428380
89754844 36475508
89754844 40981798
89754844 43003845
89754844 137788485
89754844 188108667
90497217 39000244
90497217 117948376
90497217 164804966
91884854 41469982
91884854 51543792
91884854 54611487
91884854 69349768
91884854 129631184
92500075 40703590
92500075 69033178
92500075 106765077
92500075 187209808
92782231 34046028
92782231 41870991
92782231 43180035
92782231 55917979
92782231 57426978
92782231 69349768
92782231 78384692
92782231 106142776
92782231 214106450
93051876 16854388
93051876 25689832
93051876 30478394
93051876 37060481
93051876 39805814
93051876 40355959
93051876 41469982
93051876 42253232
93051876 45435999
93051876 50884531
93051876 51613496
93051876 52473265
93051876 53452510
93051876 57701952
93051876 65096005
93051876 70458047
93051876 77607254
93051876 84903965
93051876 98809160
93051876 99631222
93051876 110253180
93051876 116099511
93051876 119217419
93051876 123121569
93051876 144319796
93051876 151222208
93051876 157137446
93051876 186182395
93051876 222248052
93051876 241957644
93051876 281222130
93051876 357331432
93257977 59630220
93257977 66661590
93257977 151222208
93998005 2367911
93998005 8163442
93998005 14230524
93998005 22542097
93998005 23894637
93998005 33792219
93998005 61515224
93998005 157137446
93998005 205710774
93998005 374052936
94111672 23277227
94111672 54725490
94111672 57426978
94111672 66661590
94111672 70458047
94111672 80096702
94111672 109390923
94111672 112178021
94111672 116099511
94111672 120208344
94111672 137027740
94111672 164804966
94111672 168193966
94111672 178581767
94111672 215980492
94111672 227678669
94111672 250947200
95797963 31294167
95797963 39793140
95797963 49148265
95797963 53524177
95797963 71614377
95797963 100309986
95974196 40703590
95974196 55492770
95974196 78991357
95974196 86281179
95974196 100113633
95974196 106765077
95974196 110157900
95974196 112178021
95974196 116605328
95974196 131888932
95974196 142081739
95974196 144146678
95974196 152490004
95974196 158455991
95974196 171692646
95974196 184406493
95974196 191596466
95974196 193291779
95974196 210188819
95974196 215759738
95974196 224384233
95974196 232350989
95974196 235321144
95974196 241678730
95974196 250353576
95974196 281667160
95974196 303177511
95974196 304680205
95974196 369830135
95974196 409154171
97463613 34942750
97463613 66661590
97463613 85922753
97463613 164804966
97761486 9938852
97761486 15150609
97761486 21447363
97761486 40981798
97761486 49315012
97761486 61352392
97761486 109390923
98809160 16854388
98809160 39805814
98809160 51613496
98809160 93051876
98809160 144319796
98928134 19836737
98928134 34041607
98928134 66398898
98928134 99741379
98928134 109930226
98928134 215980492
98928134 235382801
98928134 252668782
99175138 40703590
99175138 67119770
99175138 81211471
99175138 100113633
99175138 106765077
99175138 110157900
99175138 110472918
99175138 131888932
99175138 152490004
99175138 162209030
99175138 171692646
99175138 184406493
99175138 191596466
99175138 193291779
99175138 208353282
99175138 210188819
99175138 215759738
99175138 250353576
99175138 303177511
99175138 304680205
99175138 369830135
99387429 16854388
99387429 21572976
99387429 39000244
99387429 39793140
99387429 41469982
99387429 43186460
99387429 52473265
99387429 57426978
99387429 75721164
99387429 80096702
99387429 106452202
99387429 127618089
99387429 129631184
99387429 164804966
99387429 168193966
99387429 175830894
99631222 16854388
99631222 25689832
99631222 28628582
99631222 30478394
99631222 37060481
99631222 39622856
99631222 39805814
99631222 40355959
99631222 41469982
99631222 42253232
99631222 43607200
99631222 45435999
99631222 46750407
99631222 51613496
99631222 52473265
99631222 57701952
99631222 65096005
99631222 66409671
99631222 68207378
99631222 77607254
99631222 84903965
99631222 93051876
99631222 110253180
99631222 116099511
99631222 117793928
99631222 118570373
99631222 119217419
99631222 123121569
99631222 129631184
99631222 140203448
99631222 144319796
99631222 150273801
99631222 155989324
99631222 157137446
99631222 175830894
99631222 186182395
99631222 207601901
99631222 241957644
99631222 357331432
99712896 17711130
99712896 21447363
99712896 22462180
99712896 28465635
99712896 34428380
99712896 36475508
99712896 43003845
99712896 78756744
99712896 81704742
99712896 85716069
99712896 86173523
99712896 88323281
99712896 107512718
99712896 116498875
99712896 126391227
99712896 134548250
99712896 137156454
99712896 137788485
99712896 150273565
99712896 155661154
99712896 155951259
99712896 158821955
99712896 160053476
99712896 163203962
99712896 168224294
99712896 184097849
99712896 187773078
99712896 188108667
99712896 189898898
99712896 194403468
99712896 197504076
99712896 213777144
99712896 217506336
99712896 238260874
99712896 263838766
99712896 281674948
99741379 14192900
99741379 15393649
99741379 19836737
99741379 29512930
99741379 30749396
99741379 38690166
99741379 66398898
99741379 69127992
99741379 82393622
99741379 83955939
99741379 109930226
99741379 124592955
99741379 149578245
99741379 215980492
99741379 235382801
99741379 252668782
99822359 23277227
99822359 40703590
99822359 106765077
99822359 140613139
99822359 215980492
100113633 24051168
100113633 40703590
100113633 53614354
100113633 66158559
100113633 86281179
100113633 95974196
100113633 99175138
100113633 110194770
100113633 110472918
100113633 112178021
100113633 113947726
100113633 116605328
100113633 131888932
100113633 142081739
100113633 162209030
100113633 184406493
100113633 191596466
100113633 210188819
100113633 215759738
100113633 224619935
100113633 228624227
100113633 232350989
100113633 235321144
100113633 281667160
100113633 303177511
100113633 304680205
100309986 31294167
100309986 49148265
100309986 52934833
100309986 53524177
100309986 71614377
100309986 95797963
100309986 268914056
100496045 66661590
100496045 120208344
102202329 9938852
102202329 22462180
102202329 34428380
102202329 40981798
102202329 43003845
102202329 57386237
102202329 61352392
102202329 88323281
102202329 124634906
102765423 14425825
102765423 15460081
102765423 22440364
102765423 22592948
102765423 23375688
102765423 25970331
102765423 27772095
102765423 29654458
102765423 34507480
102765423 37008705
102765423 40968863
102765423 54581743
102765423 54611487
102765423 63808966
102765423 70492333
102765423 147946019
102765423 148081553
102765423 158526208
102765423 339373057
105351998 43186460
105351998 57701952
105351998 74548256
105351998 149957548
105351998 166724912
105351998 169108031
105351998 192664595
106142776 23277227
106142776 34046028
106142776 41870991
106142776 43180035
106142776 55917979
106142776 65504845
106142776 66190348
106142776 69349768
106142776 70188615
106142776 72519886
106142776 78384692
106142776 80096702
106142776 92782231
106142776 127684106
106142776 129631184
106142776 178581767
106142776 206923101
106142776 214106450
106142776 227678669
106452202 21572976
106452202 28628582
106452202 39000244
106452202 39793140
106452202 43429151
106452202 52473265
106452202 57426978
106452202 61352392
106452202 66398898
106452202 70458047
106452202 94111672
106452202 99387429
106452202 115436566
106452202 117948376
106452202 120208344
106452202 123121569
106452202 127618089
106452202 129631184
106452202 137027740
106452202 140203448
106452202 142391105
106452202 151222208
106452202 164804966
106452202 178581767
106452202 215980492
106452202 251261925
106765077 40703590
106765077 49075375
106765077 55492770
106765077 58338707
106765077 66158559
106765077 67119770
106765077 67970853
106765077 75395723
106765077 86281179
106765077 92500075
106765077 95974196
106765077 99175138
106765077 99822359
106765077 107832484
106765077 110157900
106765077 110472918
106765077 111951477
106765077 113947726
106765077 119901002
106765077 127684106
106765077 131888932
106765077 139565747
106765077 140613139
106765077 141400436
106765077 144146678
106765077 144319796
106765077 147228841
106765077 152343162
106765077 152490004
106765077 158455991
106765077 162209030
106765077 184406493
106765077 191596466
106765077 206923101
106765077 215759738
106765077 216436275
106765077 224384233
106765077 241678730
106765077 250353576
106765077 303177511
106765077 322724917
106765077 369830135
106765077 370402681
106765077 409154171
106765077 546135380
107512718 17711130
107512718 21447363
107512718 22462180
107512718 34428380
107512718 36475508
107512718 40981798
107512718 43003845
107512718 78756744
107512718 81704742
107512718 83417972
107512718 85716069
107512718 86173523
107512718 86561505
107512718 99712896
107512718 114640374
107512718 116498875
107512718 126391227
107512718 128260873
107512718 136046012
107512718 137156454
107512718 137788485
107512718 141368711
107512718 149680650
107512718 155951259
107512718 158821955
107512718 160053476
107512718 163203962
107512718 168224294
107512718 187773078
107512718 188108667
107512718 189898898
107512718 190822461
107512718 192281027
107512718 213777144
107512718 217506336
107512718 224688614
107512718 249830707
107512718 251261925
107512718 360245938
107772827 8163442
107772827 22462180
107772827 31331740
107772827 34428380
107772827 40981798
107772827 49315012
107772827 54228724
107772827 60530411
107772827 61352392
107772827 124634906
107832484 40703590
107832484 67119770
107832484 106765077
107832484 113947726
107832484 141400436
107832484 144146678
108633391 8088112
108633391 12459972
108633391 14192900
108633391 15150609
108633391 17868918
108633391 19836737
108633391 21068395
108633391 21447363
108633391 22462180
108633391 25842688
108633391 27307810
108633391 27633075
108633391 28465635
108633391 29512930
108633391 31331740
108633391 34041607
108633391 34428380
108633391 39056518
108633391 40981798
108633391 43003845
108633391 46160500
108633391 49315012
108633391 66398898
108633391 70114798
108633391 81704742
108633391 86173523
108633391 88323281
108633391 109930226
108633391 117674417
108633391 163203962
108633391 187773078
108633391 189898898
108633391 195814649
108633391 234047967
108633391 238260874
108633391 252668782
108633391 263838766
108633391 319319045
108766329 40981798
108766329 54228724
108766329 70492333
108766329 127684106
108766329 129631184
108766329 134548250
109057557 66178366
109390923 9938852
109390923 14230524
109390923 23277227
109390923 46904723
109390923 54725490
109390923 57386237
109390923 57426978
109390923 60530411
109390923 61352392
109390923 66398898
109390923 66661590
109390923 70458047
109390923 81704742
109390923 94111672
109390923 112178021
109390923 119901002
109390923 120208344
109390923 124634906
109390923 127618089
109390923 128260873
109390923 137027740
109390923 164804966
109390923 168193966
109390923 178581767
109390923 189898898
109390923 202369108
109390923 215980492
109390923 252668782
109568333 42253232
109568333 52473265
109568333 59630220
109568333 65096005
109568333 109390923
109568333 116099511
109568333 175830894
109930226 14192900
109930226 15393649
109930226 19836737
109930226 30749396
109930226 34041607
109930226 66398898
109930226 69127992
109930226 81704742
109930226 82393622
109930226 98928134
109930226 99741379
109930226 124592955
109930226 149578245
109930226 215980492
109930226 235382801
110157900 40703590
110157900 67119770
110157900 78991357
110157900 81211471
110157900 89441393
110157900 99175138
110157900 106765077
110157900 111951477
110157900 113947726
110157900 131888932
110157900 142081739
110157900 144146678
110157900 152490004
110157900 158455991
110157900 171692646
110157900 184406493
110157900 193291779
110157900 208353282
110157900 215759738
110157900 224384233
110157900 235321144
110157900 241678730
110157900 250353576
110157900 303177511
110157900 322724917
110157900 369830135
110157900 432021286
110194770 24051168
110194770 67970853
110194770 100113633
110194770 112178021
110194770 142081739
110194770 152343162
110194770 210188819
110253180 16854388
110253180 30478394
110253180 37060481
110253180 39805814
110253180 40355959
110253180 41469982
110253180 42253232
110253180 46750407
110253180 51613496
110253180 59630220
110253180 65096005
110253180 66409671
110253180 69349768
110253180 77607254
110253180 84903965
110253180 93051876
110253180 99631222
110253180 119217419
110253180 123121569
110253180 127684106
110253180 129631184
110253180 144319796
110253180 150273801
110253180 151222208
110253180 155989324
110253180 157137446
110253180 186182395
110253180 207601901
110253180 212329156
110253180 222248052
110253180 241957644
110253180 281222130
110472918 67970853
110472918 81211471
110472918 99175138
110472918 100113633
110472918 106765077
110472918 162209030
110472918 171692646
110472918 241678730
110472918 281667160
110708265 21572976
110708265 30478394
110708265 39000244
110708265 43186460
110708265 50884531
110708265 52473265
110708265 54725490
110708265 61352392
110708265 66398898
110708265 69033178
110708265 75721164
110708265 85687328
110708265 115436566
110708265 117948376
110708265 120208344
110708265 123121569
110708265 127618089
110708265 164804966
110708265 252668782
111951477 24051168
111951477 78991357
111951477 81211471
111951477 89441393
111951477 106765077
111951477 110157900
111951477 152343162
111951477 158455991
111951477 162209030
111951477 224619935
111951477 235321144
111951477 250353576
111951477 303177511
111951477 369830135
111951477 409154171
112178021 21572976
112178021 23277227
112178021 24051168
112178021 54725490
112178021 61352392
112178021 66398898
112178021 66491235
112178021 66661590
112178021 67970853
112178021 70458047
112178021 78991357
112178021 81211471
112178021 85687328
112178021 94111672
112178021 100113633
112178021 109390923
112178021 110194770
112178021 113947726
112178021 120208344
112178021 129631184
112178021 131888932
112178021 144146678
112178021 152490004
112178021 168193966
112178021 178581767
112178021 186688919
112178021 210188819
112178021 215759738
112178021 224384233
112178021 227678669
112178021 235321144
112178021 250947200
112178021 252668782
113058991 8088112
113058991 15150609
113058991 17581754
113058991 17868918
113058991 18996905
113058991 21068395
113058991 21447363
113058991 22462180
113058991 23894637
113058991 24444592
113058991 27633075
113058991 28176041
113058991 28465635
113058991 31331740
113058991 33792219
113058991 34428380
113058991 39056518
113058991 40981798
113058991 43003845
113058991 53658654
113058991 70492333
113058991 76494006
113058991 83417972
113058991 85716069
113058991 87557311
113058991 88323281
113058991 98928134
113058991 108633391
113058991 116498875
113058991 117674417
113058991 120666148
113058991 126391227
113058991 131369976
113058991 134548250
113058991 136046012
113058991 137156454
113058991 137788485
113058991 139872488
113058991 143169862
113058991 149657313
113058991 149680650
113058991 150273565
113058991 155661154
113058991 155951259
113058991 164804966
113058991 166811519
113058991 168224294
113058991 171324921
113058991 184097849
113058991 188108667
113058991 189898898
113058991 238260874
113058991 241159821
113058991 263838766
113947726 24051168
113947726 40703590
113947726 53614354
113947726 86281179
113947726 89441393
113947726 100113633
113947726 106765077
113947726 107832484
113947726 110157900
113947726 112178021
113947726 141400436
113947726 142081739
113947726 144146678
113947726 149626047
113947726 152343162
113947726 162209030
113947726 184406493
113947726 191596466
113947726 210188819
113947726 224619935
113947726 232350989
113947726 303177511
113947726 304680205
113947726 369830135
113947726 432021286
114640374 21447363
114640374 22462180
114640374 34428380
114640374 36475508
114640374 40981798
114640374 43003845
114640374 81704742
114640374 85716069
114640374 86173523
114640374 136046012
114640374 137788485
114640374 149680650
114640374 168224294
114640374 188108667
114640374 189898898
114640374 190822461
114640374 213777144
115363439 9938852
115363439 14230524
115363439 18996905
115363439 21068395
115363439 21447363
115363439 22462180
115363439 23375688
115363439 23894637
115363439 25970331
115363439 27307810
115363439 27633075
115363439 28465635
115363439 31331740
115363439 31457243
115363439 34428380
115363439 40981798
115363439 43003845
115363439 49315012
115363439 57386237
115363439 60530411
115363439 61352392
115363439 63226359
115363439 66235505
115363439 75873304
115363439 81704742
115363439 85922753
115363439 88323281
115363439 109390923
115363439 113058991
115363439 117674417
115363439 134548250
115363439 141696128
115363439 148519842
115363439 155661154
115363439 155951259
115363439 162123733
115363439 164804966
115363439 165849510
115363439 166811519
115363439 168224294
115363439 171692646
115363439 187773078
115363439 188108667
115363439 189898898
115363439 194403468
115363439 195171695
115363439 197504076
115363439 213777144
115363439 230601773
115363439 238260874
115363439 250388198
115363439 263838766
115363439 385587514
115436566 16854388
115436566 21572976
115436566 31294167
115436566 39793140
115436566 43186460
115436566 54725490
115436566 57426978
115436566 70458047
115436566 74548256
115436566 80096702
115436566 106452202
115436566 110708265
115436566 116099511
115436566 116245256
115436566 120208344
115436566 123121569
115436566 129631184
115436566 142391105
115436566 164804966
115436566 178581767
115436566 214202608
115436566 215980492
115436566 242362681
115742788 58356127
115742788 66661590
115742788 80096702
115742788 109390923
115742788 110708265
115742788 140203448
115742788 227678669
116099511 16854388
116099511 21572976
116099511 25689832
116099511 28628582
116099511 30478394
116099511 31294167
116099511 35065277
116099511 37060481
116099511 39793140
116099511 39805814
116099511 40355959
116099511 41469982
116099511 42253232
116099511 43607200
116099511 45435999
116099511 46750407
116099511 50884531
116099511 51613496
116099511 52473265
116099511 65096005
116099511 66409671
116099511 68207378
116099511 70458047
116099511 74548256
116099511 77607254
116099511 84903965
116099511 93051876
116099511 94111672
116099511 99631222
116099511 109568333
116099511 115436566
116099511 123121569
116099511 127618089
116099511 127684106
116099511 129631184
116099511 137027740
116099511 140203448
116099511 144319796
116099511 150273801
116099511 157137446
116099511 175830894
116099511 186182395
116099511 188045721
116099511 214202608
116099511 241957644
116245256 16854388
116245256 25689832
116245256 31294167
116245256 43186460
116245256 46750407
116245256 52473265
116245256 58356127
116245256 66398898
116245256 66409671
116245256 70458047
116245256 115436566
116245256 123121569
116245256 214202608
116245256 252668782
116498875 22462180
116498875 31414569
116498875 34428380
116498875 40981798
116498875 43003845
116498875 88323281
116498875 107512718
116498875 126391227
116498875 129631184
116498875 143169862
116498875 155661154
116498875 160053476
116498875 166214735
116498875 166811519
116498875 168224294
116498875 188108667
116498875 189898898
116605328 40703590
116605328 67119770
116605328 75395723
116605328 78991357
116605328 81211471
116605328 95974196
116605328 100113633
116605328 131888932
116605328 144146678
116605328 152490004
116605328 162209030
116605328 184406493
116605328 191596466
116605328 193291779
116605328 210188819
116605328 228624227
116605328 232350989
116605328 235321144
116605328 303177511
116605328 304680205
117674417 8088112
117674417 21447363
117674417 22462180
117674417 24444592
117674417 27633075
117674417 34428380
117674417 39056518
117674417 40981798
117674417 42576711
117793928 16854388
117793928 25689832
117793928 35065277
117793928 39805814
117793928 40355959
117793928 40703590
117793928 45435999
117793928 51613496
117793928 51828073
117793928 52473265
117793928 65096005
117793928 77607254
117793928 99631222
117793928 123121569
117793928 126666372
117793928 212329156
117793928 221413264
117793928 227678669
117948376 16854388
117948376 22465184
117948376 28628582
117948376 39000244
117948376 70242865
117948376 72097691
117948376 84903965
117948376 90497217
117948376 110708265
117948376 120208344
117948376 123121569
117948376 127618089
117948376 127684106
117948376 128260873
117948376 129631184
117948376 137027740
117948376 139565747
117948376 186688919
117948376 250947200
117948376 546135380
118445707 34942750
118445707 40703590
118445707 81211471
118445707 158821955
118445707 164804966
118570373 22465184
118570373 39000244
118570373 50884531
118570373 52473265
118570373 99631222
119217419 16854388
119217419 25689832
119217419 30478394
119217419 35065277
119217419 37060481
119217419 39805814
119217419 40355959
119217419 41469982
119217419 42253232
119217419 43607200
119217419 45435999
119217419 46750407
119217419 51613496
119217419 52473265
119217419 65096005
119217419 66409671
119217419 77607254
119217419 80096702
119217419 93051876
119217419 99631222
119217419 110253180
119217419 123121569
119217419 129631184
119217419 144319796
119217419 157137446
119217419 186182395
119217419 207601901
119217419 222248052
119217419 241957644
119217419 281222130
119901002 43186460
119901002 66398898
119901002 66661590
119901002 109390923
119901002 120208344
119901002 128260873
119901002 168193966
119901002 178581767
119901002 215980492
119901002 227678669
120208344 16854388
120208344 23277227
120208344 28628582
120208344 46750407
120208344 46904723
120208344 52473265
120208344 54725490
120208344 54947318
120208344 57426978
120208344 58356127
120208344 61352392
120208344 66661590
120208344 69483760
120208344 70458047
120208344 77607254
120208344 80096702
120208344 85687328
120208344 94111672
120208344 109390923
120208344 110708265
120208344 115436566
120208344 117948376
120208344 119901002
120208344 120627547
120208344 122481121
120208344 123121569
120208344 127618089
120208344 128260873
120208344 137027740
120208344 140203448
120208344 146250354
120208344 147999706
120208344 164804966
120208344 168193966
120208344 178581767
120208344 185331750
120208344 202369108
120208344 214202608
120208344 215980492
120208344 227678669
120208344 242362681
120208344 250947200
120208344 251261925
120627547 16854388
120627547 21068395
120627547 21572976
120627547 22462180
120627547 25689832
120627547 30478394
120627547 34428380
120627547 35065277
120627547 36475508
120627547 39000244
120627547 40981798
120627547 41469982
120627547 42253232
120627547 43003845
120627547 51543792
120627547 51613496
120627547 51828073
120627547 52473265
120627547 54611487
120627547 55917979
120627547 61352392
120627547 65096005
120627547 66409671
120627547 66661590
120627547 68207378
120627547 69349768
120627547 70492333
120627547 73252844
120627547 74548256
120627547 77607254
120627547 83307244
120627547 84903965
120627547 85716069
120627547 99631222
120627547 110708265
120627547 117948376
120627547 120208344
120627547 123121569
120627547 127684106
120627547 129631184
120627547 141368711
120627547 144319796
120627547 151222208
120627547 155989324
120627547 157137446
120627547 166724912
120627547 169108031
120627547 207601901
120627547 212329156
120627547 222248052
120627547 251261925
120666148 14230524
120666148 21447363
120666148 22462180
120666148 27633075
120666148 28465635
120666148 31331740
120666148 34428380
120666148 39056518
120666148 40981798
120666148 43003845
120666148 70492333
120666148 88323281
120666148 129631184
120666148 238260874
120666148 263838766
122481121 46750407
122481121 120208344
122481121 123121569
122874598 21068395
122874598 34428380
122874598 36475508
122874598 40981798
122874598 43003845
122874598 63600411
122874598 129631184
123121569 16854388
123121569 21572976
123121569 22465184
123121569 25689832
123121569 28628582
123121569 30478394
123121569 31294167
123121569 35065277
123121569 37060481
123121569 39000244
123121569 39622856
123121569 39793140
123121569 39805814
123121569 41469982
123121569 42253232
123121569 43186460
123121569 43607200
123121569 45435999
123121569 46248613
123121569 50884531
123121569 51613496
123121569 51828073
123121569 52473265
123121569 53524177
123121569 57426978
123121569 57701952
123121569 58356127
123121569 65096005
123121569 65370547
123121569 66190348
123121569 66409671
123121569 66661590
123121569 68207378
123121569 69349768
123121569 70458047
123121569 74548256
123121569 75721164
123121569 77607254
123121569 84903965
123121569 93051876
123121569 99631222
123121569 110253180
123121569 110708265
123121569 115436566
123121569 116099511
123121569 116245256
123121569 117793928
123121569 117948376
123121569 119217419
123121569 120208344
123121569 120627547
123121569 122481121
123121569 127618089
123121569 127684106
123121569 129631184
123121569 137027740
123121569 140203448
123121569 142391105
123121569 144319796
123121569 151222208
123121569 155989324
123121569 157137446
123121569 164804966
123121569 166724912
123121569 175830894
123121569 178581767
123121569 207601901
123121569 214202608
123121569 215980492
123121569 222248052
123121569 241957644
123121569 357331432
124592955 15393649
124592955 19836737
124592955 38690166
124592955 99741379
124592955 109930226
124592955 149578245
124592955 235382801
124634906 46404902
124634906 109390923
124634906 164804966
126391227 8088112
126391227 8163442
126391227 9938852
126391227 17711130
126391227 17868918
126391227 18996905
126391227 22462180
126391227 23894637
126391227 24444592
126391227 27633075
126391227 28465635
126391227 31331740
126391227 34428380
126391227 39056518
126391227 40981798
126391227 43003845
126391227 54228724
126391227 66235505
126391227 70492333
126391227 83417972
126391227 85716069
126391227 86173523
126391227 88323281
126391227 107512718
126391227 113058991
126391227 116498875
126391227 117674417
126391227 129631184
126391227 131369976
126391227 134548250
126391227 141368711
126391227 143169862
126391227 155661154
126391227 155951259
126391227 168224294
126391227 189898898
126391227 224688614
126391227 233182045
126391227 238260874
126391227 249830707
126391227 263838766
126391227 281674948
126666372 23277227
126666372 66661590
126666372 85687328
126666372 126915142
126666372 164804966
126666372 242362681
126666372 250947200
126915142 23277227
126915142 66661590
126915142 109390923
126915142 110708265
126915142 126666372
126915142 178581767
126915142 185331750
126915142 186688919
126915142 210188819
126915142 227678669
126915142 250947200
126954251 66661590
127545984 17130127
127545984 30552541
127545984 66661590
127618089 16854388
127618089 21572976
127618089 22465184
127618089 23277227
127618089 39000244
127618089 51613496
127618089 52473265
127618089 54947318
127618089 58356127
127618089 61352392
127618089 66661590
127618089 73793971
127618089 74548256
127618089 80096702
127618089 84903965
127618089 85687328
127618089 99387429
127618089 109390923
127618089 110708265
127618089 116099511
127618089 117948376
127618089 120208344
127618089 123121569
127618089 128260873
127618089 129631184
127618089 137027740
127618089 140203448
127618089 157137446
127618089 168193966
127618089 185331750
127618089 188045721
127618089 215980492
127618089 250947200
127618089 252668782
127684106 16854388
127684106 25689832
127684106 30478394
127684106 37060481
127684106 39000244
127684106 39622856
127684106 39805814
127684106 40703590
127684106 41469982
127684106 41870991
127684106 42253232
127684106 43180035
127684106 43607200
127684106 51543792
127684106 51613496
127684106 54611487
127684106 59630220
127684106 63169333
127684106 65096005
127684106 66190348
127684106 69349768
127684106 70458047
127684106 70492333
127684106 74548256
127684106 75721164
127684106 77607254
127684106 84903965
127684106 89463324
127684106 106142776
127684106 106765077
127684106 108766329
127684106 110253180
127684106 116099511
127684106 117948376
127684106 120627547
127684106 123121569
127684106 129631184
127684106 133783957
127684106 144319796
127684106 151222208
127684106 155989324
127684106 156004026
127684106 157137446
127684106 161465015
127684106 168834731
127684106 175830894
127684106 186182395
127684106 188045721
127684106 212329156
127684106 241957644
127684106 242362681
128260873 22465184
128260873 36475508
128260873 54725490
128260873 57426978
128260873 61352392
128260873 66661590
128260873 70458047
128260873 81704742
128260873 107512718
128260873 109390923
128260873 117948376
128260873 119901002
128260873 120208344
128260873 127618089
128260873 137027740
128260873 142715837
128260873 158821955
128260873 164804966
128260873 178581767
128260873 189898898
128260873 215980492
128260873 250947200
128260873 251261925
129267461 52934833
129267461 54725490
129267461 66190348
129267461 66661590
129267461 70458047
129267461 77607254
129267461 129631184
129267461 186688919
129631184 16854388
129631184 23277227
129631184 25689832
129631184 30478394
129631184 34046028
129631184 35065277
129631184 36475508
129631184 37060481
129631184 39000244
129631184 39622856
129631184 39805814
129631184 40355959
129631184 41469982
129631184 42253232
129631184 43180035
129631184 43186460
129631184 43607200
129631184 45435999
129631184 46248613
129631184 51543792
129631184 51613496
129631184 51828073
129631184 52094943
129631184 52473265
129631184 52934833
129631184 54611487
129631184 55917979
129631184 57426978
129631184 57701952
129631184 59630220
129631184 63169333
129631184 63600411
129631184 64532921
129631184 65096005
129631184 65370547
129631184 66190348
129631184 66409671
129631184 69349768
129631184 70242865
129631184 70458047
129631184 73793971
129631184 74548256
129631184 75721164
129631184 77607254
129631184 78384692
129631184 80096702
129631184 84903965
129631184 91884854
129631184 99387429
129631184 99631222
129631184 106142776
129631184 106452202
129631184 108766329
129631184 110253180
129631184 112178021
129631184 115436566
129631184 116099511
129631184 116498875
129631184 117948376
129631184 119217419
129631184 120627547
129631184 120666148
129631184 122874598
129631184 123121569
129631184 126391227
129631184 127618089
129631184 127684106
129631184 129267461
129631184 134548250
129631184 139872488
129631184 142391105
129631184 143169862
129631184 144319796
129631184 149680650
129631184 150273565
129631184 151222208
129631184 155989324
129631184 157137446
129631184 164804966
129631184 166724912
129631184 166811519
129631184 168193966
129631184 175830894
129631184 178581767
129631184 184052865
129631184 186182395
129631184 188045721
129631184 188108667
129631184 207601901
129631184 210188819
129631184 212329156
129631184 214106450
129631184 214202608
129631184 215980492
129631184 221413264
129631184 241957644
129631184 242362681
129631184 251261925
129631184 309861288
129631184 357331432
129840088 36897543
129840088 51543792
129840088 52406684
129840088 54611487
129840088 73252844
129840088 83307244
129840088 205710774
130295352 62193662
130295352 164804966
130720241 40703590
130720241 69349768
131369976 22462180
131369976 25970331
131369976 34428380
131369976 40981798
131369976 43003845
131369976 85716069
131369976 88323281
131369976 126391227
131369976 129631184
131369976 134548250
131369976 139872488
131369976 155951259
131369976 166811519
131369976 238260874
131369976 263838766
131677027 51543792
131677027 54581743
131677027 54611487
131677027 78751746
131677027 142851768
131888932 24051168
131888932 40703590
131888932 66158559
131888932 67119770
131888932 78991357
131888932 86281179
131888932 89441393
131888932 95974196
131888932 99175138
131888932 100113633
131888932 106765077
131888932 110157900
131888932 112178021
131888932 116605328
131888932 141400436
131888932 142081739
131888932 144146678
131888932 152343162
131888932 152490004
131888932 158455991
131888932 162209030
131888932 184406493
131888932 191596466
131888932 208353282
131888932 210188819
131888932 215759738
131888932 224384233
131888932 238215599
131888932 250353576
131888932 281667160
131888932 303177511
131888932 304680205
131888932 322724917
131888932 369830135
131888932 409154171
131888932 432021286
133783957 51543792
133783957 54611487
133783957 127684106
133783957 161465015
134548250 8088112
134548250 9938852
134548250 17581754
134548250 18996905
134548250 21068395
134548250 21447363
134548250 22462180
134548250 23375688
134548250 23894637
134548250 27633075
134548250 28465635
134548250 31331740
134548250 34428380
134548250 39056518
134548250 40981798
134548250 43003845
134548250 70492333
134548250 85716069
134548250 88323281
134548250 108766329
134548250 113058991
134548250 115363439
134548250 117674417
134548250 126391227
134548250 129631184
134548250 131369976
134548250 139872488
134548250 143169862
134548250 155661154
134548250 155951259
134548250 162123733
134548250 166811519
134548250 188108667
134548250 189898898
134548250 197504076
134548250 230601773
134548250 238260874
134548250 241159821
134548250 250388198
134548250 385587514
136046012 8088112
136046012 9938852
136046012 21068395
136046012 22462180
136046012 24444592
136046012 27633075
136046012 28176041
136046012 34428380
136046012 36475508
136046012 39056518
136046012 40981798
136046012 43003845
136046012 53496283
136046012 66235505
136046012 70492333
136046012 74860418
136046012 81704742
136046012 85716069
136046012 86173523
136046012 86561505
136046012 88323281
136046012 107512718
136046012 113058991
136046012 116498875
136046012 117674417
136046012 120666148
136046012 134548250
136046012 137156454
136046012 137788485
136046012 139872488
136046012 143169862
136046012 149680650
136046012 155661154
136046012 155951259
136046012 163203962
136046012 166811519
136046012 168224294
136046012 171324921
136046012 184097849
136046012 188108667
136046012 189898898
136046012 190822461
136046012 217506336
136046012 224688614
136046012 238260874
136046012 251261925
136619060 37086650
136619060 109390923
137027740 21572976
137027740 31294167
137027740 40703590
137027740 52473265
137027740 54725490
137027740 57426978
137027740 70188615
137027740 70458047
137027740 80096702
137027740 94111672
137027740 109390923
137027740 116099511
137027740 117948376
137027740 120208344
137027740 123121569
137027740 127618089
137027740 128260873
137027740 168193966
137027740 175830894
137027740 215980492
137156454 9938852
137156454 14230524
137156454 17581754
137156454 21447363
137156454 22462180
137156454 27633075
137156454 28465635
137156454 31331740
137156454 34428380
137156454 39056518
137156454 40981798
137156454 43003845
137156454 54228724
137156454 66235505
137156454 70114798
137156454 70492333
137156454 74860418
137156454 75873304
137156454 76494006
137156454 78756744
137156454 81704742
137156454 83417972
137156454 85716069
137156454 86173523
137156454 87557311
137156454 88323281
137156454 107512718
137156454 113058991
137156454 116498875
137156454 120666148
137156454 129631184
137156454 134548250
137156454 136046012
137156454 139872488
137156454 143169862
137156454 149657313
137156454 149680650
137156454 150273565
137156454 155661154
137156454 160053476
137156454 168224294
137156454 171324921
137156454 175431001
137156454 184097849
137156454 188108667
137156454 189898898
137156454 213777144
137156454 224688614
137156454 238260874
137156454 251261925
137156454 263838766
137788485 21068395
137788485 21447363
137788485 22462180
137788485 25970331
137788485 34428380
137788485 36475508
137788485 39056518
137788485 40981798
137788485 43003845
137788485 45361614
137788485 70492333
137788485 81704742
137788485 85716069
137788485 86173523
137788485 88323281
137788485 89754844
137788485 99712896
137788485 107512718
137788485 113058991
137788485 114640374
137788485 124634906
137788485 126391227
137788485 134548250
137788485 136046012
137788485 137156454
137788485 139872488
137788485 143169862
137788485 149657313
137788485 149680650
137788485 155661154
137788485 160053476
137788485 168224294
137788485 171324921
137788485 189898898
137788485 190822461
137788485 213777144
137788485 217506336
137788485 238260874
137788485 251261925
139565747 40703590
139565747 61352392
139565747 70458047
139565747 80096702
139565747 106765077
139565747 109390923
139565747 117948376
139565747 119901002
139565747 128260873
139565747 206923101
139565747 447502799
139872488 14230524
139872488 17581754
139872488 18996905
139872488 21068395
139872488 21447363
139872488 22462180
139872488 24444592
139872488 27633075
139872488 28465635
139872488 34428380
139872488 40981798
139872488 43003845
139872488 54228724
139872488 66235505
139872488 70492333
139872488 85716069
139872488 87557311
139872488 88323281
139872488 113058991
139872488 116498875
139872488 120666148
139872488 129631184
139872488 131369976
139872488 134548250
139872488 136046012
139872488 137156454
139872488 137788485
139872488 149657313
139872488 149680650
139872488 155661154
139872488 155951259
139872488 166811519
139872488 168224294
139872488 175431001
139872488 233182045
139872488 238260874
139872488 263838766
140203448 16854388
140203448 28628582
140203448 40355959
140203448 46750407
140203448 50884531
140203448 51613496
140203448 52473265
140203448 65370547
140203448 70458047
140203448 72097691
140203448 99631222
140203448 106452202
140203448 116099511
140203448 120208344
140203448 123121569
140203448 127618089
140203448 157137446
140613139 69033178
140613139 106765077
141368711 36475508
141368711 51543792
141368711 70492333
141368711 81704742
141368711 83307244
141368711 86561505
141368711 120627547
141368711 126391227
141368711 127684106
141368711 129631184
141368711 133783957
141368711 161465015
141368711 188108667
141400436 24051168
141400436 49075375
141400436 66158559
141400436 67119770
141400436 78991357
141400436 81211471
141400436 89441393
141400436 106765077
141400436 107832484
141400436 113947726
141400436 131888932
141400436 142081739
141400436 158455991
141400436 162209030
141400436 184406493
141400436 215759738
141400436 250353576
141400436 303177511
141400436 369830135
141696128 22462180
141696128 27307810
141696128 34428380
141696128 40981798
141696128 43003845
141696128 49315012
141696128 88323281
141696128 168224294
141696128 230601773
141696128 238260874
141696128 357181767
142081739 24051168
142081739 40703590
142081739 53614354
142081739 67119770
142081739 75395723
142081739 78991357
142081739 86281179
142081739 95974196
142081739 100113633
142081739 110157900
142081739 110194770
142081739 113947726
142081739 131888932
142081739 141400436
142081739 184406493
142081739 191596466
142081739 193291779
142081739 208353282
142081739 210188819
142081739 238215599
142081739 250353576
142081739 303177511
142081739 304680205
142081739 322724917
142081739 432021286
142391105 18504495
142391105 43180035
142391105 61352392
142391105 69033178
142391105 69349768
142391105 70242865
142391105 80096702
142391105 106452202
142391105 115436566
142391105 123121569
142391105 129631184
142391105 164804966
142391105 184052865
142391105 210188819
142715837 22462180
142715837 30478394
142715837 34428380
142715837 40981798
142715837 43003845
142715837 43429151
142715837 45361614
142715837 46904723
142715837 49315012
142715837 52473265
142715837 54725490
142715837 57426978
142715837 61352392
142715837 63226359
142715837 64532921
142715837 66661590
142715837 69944557
142715837 70458047
142715837 81704742
142715837 85716069
142715837 88323281
142715837 109390923
142715837 110708265
142715837 120208344
142715837 127618089
142715837 128260873
142715837 140613139
142715837 141696128
142715837 149195032
142715837 168224294
142715837 189898898
142715837 206923101
142715837 230601773
142715837 250388198
142715837 281674948
142715837 357181767
142851768 34428380
142851768 51543792
142851768 54611487
142851768 72695654
142851768 78751746
142851768 131677027
143169862 9938852
143169862 22462180
143169862 27633075
143169862 28465635
143169862 34428380
143169862 40981798
143169862 43003845
143169862 66235505
143169862 83417972
143169862 85716069
143169862 87557311
143169862 88323281
143169862 113058991
143169862 116498875
143169862 126391227
143169862 129631184
143169862 136046012
143169862 137156454
143169862 148519842
143169862 149657313
143169862 150273565
143169862 155661154
143169862 155951259
143169862 166214735
143169862 166811519
143169862 175431001
143169862 238260874
143169862 263838766
144146678 24051168
144146678 40703590
144146678 49075375
144146678 66158559
144146678 67119770
144146678 78991357
144146678 89441393
144146678 95974196
144146678 106765077
144146678 107832484
144146678 110157900
144146678 112178021
144146678 113947726
144146678 116605328
144146678 131888932
144146678 149626047
144146678 152343162
144146678 152490004
144146678 158455991
144146678 184406493
144146678 191596466
144146678 193291779
144146678 215759738
144146678 216436275
144146678 224619935
144146678 228624227
144146678 232350989
144146678 235321144
144146678 238215599
144146678 241678730
144146678 250353576
144146678 281667160
144146678 303177511
144146678 304680205
144146678 369830135
144146678 370402681
144146678 409154171
144319796 16854388
144319796 25689832
144319796 30478394
144319796 37060481
144319796 39622856
144319796 39805814
144319796 41469982
144319796 42253232
144319796 43607200
144319796 45435999
144319796 46750407
144319796 51613496
144319796 51828073
144319796 52473265
144319796 65096005
144319796 68207378
144319796 77607254
144319796 84903965
144319796 93051876
144319796 98809160
144319796 99631222
144319796 106765077
144319796 110253180
144319796 116099511
144319796 119217419
144319796 120627547
144319796 123121569
144319796 127684106
144319796 129631184
144319796 155989324
144319796 157137446
144319796 175830894
144319796 186182395
144319796 207601901
144319796 212329156
144319796 222248052
144319796 241957644
144319796 281222130
144319796 357331432
146250354 28628582
146250354 61352392
146250354 69349768
146250354 70458047
146250354 120208344
146250354 147999706
146250354 227678669
146513510 22462180
146513510 61352392
146513510 85922753
146513510 109390923
146513510 124634906
147228841 39000244
147228841 57258645
147228841 106765077
147228841 151222208
147228841 215980492
147946019 14425825
147946019 15460081
147946019 22440364
147946019 22592948
147946019 25970331
147946019 27772095
147946019 34507480
147946019 37008705
147946019 54581743
147999706 28628582
147999706 31294167
147999706 69483760
147999706 75721164
147999706 120208344
147999706 146250354
147999706 175830894
148081553 25970331
148081553 40968863
148081553 54581743
148081553 54611487
148081553 63808966
148519842 2367911
148519842 8163442
148519842 15150609
148519842 23894637
148519842 54228724
148519842 234047967
149578245 14192900
149578245 15393649
149578245 19836737
149578245 38690166
149578245 69127992
149578245 83955939
149578245 99741379
149578245 109930226
149578245 124592955
149578245 235382801
149626047 24051168
149626047 49075375
149626047 78991357
149626047 113947726
149626047 144146678
149626047 162209030
149626047 191596466
149626047 210188819
149626047 232350989
149626047 303177511
149626047 304680205
149657313 18996905
149657313 21068395
149657313 22462180
149657313 25970331
149657313 27633075
149657313 28465635
149657313 31331740
149657313 34428380
149657313 36475508
149657313 39056518
149657313 40981798
149657313 43003845
149657313 46404902
149657313 54228724
149657313 66235505
149657313 70492333
149657313 75873304
149657313 76494006
149657313 83417972
149657313 88323281
149657313 107512718
149657313 113058991
149657313 116498875
149657313 126391227
149657313 129631184
149657313 134548250
149657313 136046012
149657313 137156454
149657313 137788485
149657313 139872488
149657313 143169862
149657313 149680650
149657313 150273565
149657313 155661154
149657313 155951259
149657313 166811519
149657313 171324921
149657313 175431001
149680650 8088112
149680650 8163442
149680650 9938852
149680650 15150609
149680650 21068395
149680650 21447363
149680650 22462180
149680650 24444592
149680650 27633075
149680650 28465635
149680650 31331740
149680650 34428380
149680650 40981798
149680650 43003845
149680650 46404902
149680650 67122557
149680650 76990669
149680650 78756744
149680650 81704742
149680650 85716069
149680650 86173523
149680650 88323281
149680650 107512718
149680650 117674417
149680650 124634906
149680650 129631184
149680650 136046012
149680650 137156454
149680650 150273565
149680650 155661154
149680650 160053476
149680650 163203962
149680650 164804966
149680650 189898898
149680650 213777144
149680650 224688614
149680650 251261925
149680650 263838766
149680650 290092792
149957548 16854388
149957548 51613496
149957548 84903965
149957548 96469436
149957548 105351998
149957548 169108031
149957548 191619704
149957548 241957644
150273565 22462180
150273565 24444592
150273565 27633075
150273565 28465635
150273565 34428380
150273565 40981798
150273565 43003845
150273565 54228724
150273565 66235505
150273565 70492333
150273565 75873304
150273565 76494006
150273565 85716069
150273565 87557311
150273565 88323281
150273565 99712896
150273565 113058991
150273565 116498875
150273565 117674417
150273565 120666148
150273565 129631184
150273565 131369976
150273565 134548250
150273565 136046012
150273565 137156454
150273565 139872488
150273565 143169862
150273565 149657313
150273565 149680650
150273565 155661154
150273565 155951259
150273565 166214735
150273565 166811519
150273565 168224294
150273565 175431001
150273565 184097849
150273565 188108667
150273565 189898898
150273565 197504076
150273565 238260874
150273565 263838766
150273801 16854388
150273801 25689832
150273801 46750407
150273801 50884531
150273801 52473265
150273801 99631222
150273801 110253180
150273801 116099511
150273801 157137446
151222208 16854388
151222208 35065277
151222208 37060481
151222208 39000244
151222208 39622856
151222208 43186460
151222208 51543792
151222208 51613496
151222208 51828073
151222208 52473265
151222208 53452510
151222208 54611487
151222208 65096005
151222208 68567671
151222208 69349768
151222208 74548256
151222208 84903965
151222208 93051876
151222208 93257977
151222208 96469436
151222208 99631222
151222208 106452202
151222208 110253180
151222208 116245256
151222208 120627547
151222208 123121569
151222208 127684106
151222208 129631184
151222208 147228841
151222208 166724912
151222208 186182395
151222208 212329156
151222208 221413264
151222208 311123328
151222208 336564384
151222208 341142328
151222208 357331432
152343162 24051168
152343162 40703590
152343162 49075375
152343162 66158559
152343162 66491235
152343162 67970853
152343162 75395723
152343162 106765077
152343162 111951477
152343162 113947726
152343162 131888932
152343162 144146678
152343162 158455991
152343162 184406493
152343162 210188819
152343162 224619935
152343162 228624227
152343162 235321144
152343162 250353576
152343162 303177511
152343162 369830135
152490004 49075375
152490004 75395723
152490004 78991357
152490004 81211471
152490004 89441393
152490004 99175138
152490004 106765077
152490004 110157900
152490004 110472918
152490004 112178021
152490004 116605328
152490004 131888932
152490004 144146678
152490004 162209030
152490004 193291779
152490004 208353282
152490004 215759738
152490004 224384233
152490004 232350989
152490004 281667160
155661154 9938852
155661154 14230524
155661154 17581754
155661154 21447363
155661154 22462180
155661154 23375688
155661154 25970331
155661154 27633075
155661154 28465635
155661154 31331740
155661154 34428380
155661154 40981798
155661154 43003845
155661154 46404902
155661154 53496283
155661154 53658654
155661154 54228724
155661154 56449726
155661154 70492333
155661154 74860418
155661154 75873304
155661154 76494006
155661154 85716069
155661154 87557311
155661154 88323281
155661154 108633391
155661154 113058991
155661154 116498875
155661154 120666148
155661154 126391227
155661154 129631184
155661154 131369976
155661154 134548250
155661154 136046012
155661154 137156454
155661154 139872488
155661154 143169862
155661154 148519842
155661154 149680650
155661154 150273565
155661154 155951259
155661154 166811519
155661154 175431001
155661154 184097849
155661154 188108667
155661154 238260874
155661154 263838766
155951259 2367911
155951259 9938852
155951259 14230524
155951259 17581754
155951259 21068395
155951259 21447363
155951259 22462180
155951259 23375688
155951259 23894637
155951259 24444592
155951259 28176041
155951259 28465635
155951259 31331740
155951259 33792219
155951259 34428380
155951259 39056518
155951259 40981798
155951259 43003845
155951259 50766536
155951259 54228724
155951259 66235505
155951259 70492333
155951259 74860418
155951259 83417972
155951259 85716069
155951259 86173523
155951259 88323281
155951259 107512718
155951259 108633391
155951259 113058991
155951259 115363439
155951259 116498875
155951259 120666148
155951259 124634906
155951259 126391227
155951259 127684106
155951259 131369976
155951259 134548250
155951259 136046012
155951259 139872488
155951259 143169862
155951259 149657313
155951259 150273565
155951259 155661154
155951259 166214735
155951259 166811519
155951259 187773078
155951259 189898898
155951259 238260874
155989324 16854388
155989324 25689832
155989324 30478394
155989324 37060481
155989324 39622856
155989324 39805814
155989324 40355959
155989324 41469982
155989324 42253232
155989324 46750407
155989324 51543792
155989324 51828073
155989324 54611487
155989324 65096005
155989324 66409671
155989324 68207378
155989324 74548256
155989324 77607254
155989324 84903965
155989324 99631222
155989324 110253180
155989324 120627547
155989324 123121569
155989324 127684106
155989324 129631184
155989324 144319796
155989324 157137446
155989324 166724912
155989324 186182395
155989324 186688919
155989324 212329156
155989324 221413264
155989324 241957644
156004026 14230524
156004026 40981798
156004026 127684106
157137446 14230524
157137446 16854388
157137446 22542097
157137446 25689832
157137446 28628582
157137446 31294167
157137446 37060481
157137446 39622856
157137446 39805814
157137446 40355959
157137446 41469982
157137446 42253232
157137446 45435999
157137446 46750407
157137446 50884531
157137446 51828073
157137446 52473265
157137446 57701952
157137446 65096005
157137446 65370547
157137446 66190348
157137446 66409671
157137446 68207378
157137446 73793971
157137446 74548256
157137446 77607254
157137446 84903965
157137446 93051876
157137446 99631222
157137446 110253180
157137446 116099511
157137446 119217419
157137446 123121569
157137446 127618089
157137446 127684106
157137446 129631184
157137446 140203448
157137446 144319796
157137446 150273801
157137446 155989324
157137446 166724912
157137446 186182395
157137446 207601901
157137446 212329156
157137446 214202608
157137446 222248052
157137446 241957644
157137446 281222130
157137446 357331432
157137446 374052936
158455991 24051168
158455991 40703590
158455991 49075375
158455991 55492770
158455991 66491235
158455991 67119770
158455991 89441393
158455991 95974196
158455991 106765077
158455991 110157900
158455991 111951477
158455991 131888932
158455991 141400436
158455991 144146678
158455991 152343162
158455991 162209030
158455991 215759738
158455991 228624227
158455991 232350989
158455991 238215599
158455991 250353576
158455991 303177511
158455991 304680205
158526208 15460081
158526208 22440364
158526208 25970331
158526208 34507480
158526208 63808966
158526208 339373057
158800506 23277227
158800506 40703590
158800506 54725490
158800506 109390923
158800506 128260873
158821955 34942750
158821955 53658654
158821955 66661590
158821955 81704742
158821955 85922753
158821955 128260873
158821955 164804966
158821955 189898898
160053476 8088112
160053476 9938852
160053476 21447363
160053476 22462180
160053476 34428380
160053476 36475508
160053476 39056518
160053476 40981798
160053476 43003845
160053476 45361614
160053476 57426978
160053476 70492333
160053476 81704742
160053476 85716069
160053476 86173523
160053476 88323281
160053476 98928134
160053476 107512718
160053476 108633391
160053476 113058991
160053476 115363439
160053476 116498875
160053476 117674417
160053476 124634906
160053476 137156454
160053476 137788485
160053476 149680650
160053476 155661154
160053476 163203962
160053476 164804966
160053476 168224294
160053476 184097849
160053476 187773078
160053476 188108667
160053476 189898898
160053476 190822461
160053476 192281027
160053476 213777144
160053476 217506336
160053476 230601773
160053476 238260874
160053476 250388198
160053476 251261925
160053476 263838766
160053476 319319045
160053476 360245938
161465015 51543792
161465015 54611487
161465015 127684106
161465015 133783957
161465015 141368711
161465015 156004026
162123733 14230524
162123733 17868918
162123733 21447363
162123733 22462180
162123733 23375688
162123733 27633075
162123733 31331740
162123733 34428380
162123733 40981798
162123733 43003845
162123733 60530411
162123733 61352392
162123733 66235505
162123733 81704742
162123733 86173523
162123733 88323281
162123733 109390923
162123733 115363439
162123733 117674417
162123733 134548250
162123733 141696128
162123733 160053476
162123733 168224294
162123733 187773078
162123733 189898898
162123733 195814649
162123733 213777144
162123733 230601773
162123733 250388198
162123733 263838766
162123733 357181767
162123733 385587514
162209030 24051168
162209030 40703590
162209030 66158559
162209030 67970853
162209030 78991357
162209030 81211471
162209030 89441393
162209030 99175138
162209030 100113633
162209030 106765077
162209030 110472918
162209030 111951477
162209030 113947726
162209030 116605328
162209030 131888932
162209030 141400436
162209030 149626047
162209030 152490004
162209030 158455991
162209030 184406493
162209030 191596466
162209030 215759738
162209030 228624227
162209030 232350989
162209030 235321144
162209030 281667160
162209030 303177511
162209030 304680205
163203962 9938852
163203962 40981798
163203962 43003845
163203962 45361614
163203962 57386237
163203962 61352392
163203962 81704742
163203962 85716069
163203962 85922753
163203962 86173523
163203962 86561505
163203962 88323281
163203962 107512718
163203962 108633391
163203962 136046012
163203962 149680650
163203962 160053476
163203962 168224294
163203962 187773078
163203962 189898898
163203962 213777144
163203962 234047967
163203962 251261925
163203962 290092792
163203962 360245938
164804966 16854388
164804966 21572976
164804966 34942750
164804966 36475508
164804966 39000244
164804966 43180035
164804966 52934833
164804966 53658654
164804966 54725490
164804966 55917979
164804966 57426978
164804966 61352392
164804966 66661590
164804966 70458047
164804966 78702020
164804966 80096702
164804966 85716069
164804966 85922753
164804966 94111672
164804966 97463613
164804966 109390923
164804966 110708265
164804966 115436566
164804966 120208344
164804966 123121569
164804966 124634906
164804966 126666372
164804966 128260873
164804966 129631184
164804966 149680650
164804966 158821955
164804966 168193966
164804966 215980492
164804966 242362681
164804966 250947200
164804966 251261925
165849510 9938852
165849510 57426978
165849510 63226359
165849510 81704742
165849510 171692646
165849510 185331750
165849510 303486555
165849510 331372178
166214735 15150609
166214735 17868918
166214735 18996905
166214735 21447363
166214735 22462180
166214735 23894637
166214735 27633075
166214735 28176041
166214735 28465635
166214735 31331740
166214735 33792219
166214735 34428380
166214735 40981798
166214735 43003845
166214735 50766536
166214735 54228724
166214735 66235505
166214735 70492333
166214735 75873304
166214735 76494006
166214735 108766329
166214735 113058991
166214735 116498875
166214735 117674417
166214735 127684106
166214735 129631184
166214735 134548250
166214735 143169862
166214735 149657313
166214735 150273565
166214735 155661154
166214735 155951259
166214735 175431001
166214735 184097849
166214735 187773078
166214735 188102842
166214735 238260874
166214735 263838766
166724912 16854388
166724912 25689832
166724912 30478394
166724912 35065277
166724912 39622856
166724912 41469982
166724912 42253232
166724912 51543792
166724912 51613496
166724912 52473265
166724912 59630220
166724912 65096005
166724912 68207378
166724912 74548256
166724912 77607254
166724912 84903965
166724912 94111672
166724912 105351998
166724912 120627547
166724912 123121569
166724912 127684106
166724912 129631184
166724912 151222208
166724912 155989324
166724912 157137446
166724912 212329156
166724912 221413264
166811519 8088112
166811519 9938852
166811519 15150609
166811519 17581754
166811519 17868918
166811519 18996905
166811519 21068395
166811519 21447363
166811519 22462180
166811519 24444592
166811519 27633075
166811519 28465635
166811519 31331740
166811519 33792219
166811519 34428380
166811519 36475508
166811519 39056518
166811519 40981798
166811519 43003845
166811519 53496283
166811519 54228724
166811519 70492333
166811519 85716069
166811519 88323281
166811519 107512718
166811519 113058991
166811519 116498875
166811519 117674417
166811519 129631184
166811519 134548250
166811519 136046012
166811519 139872488
166811519 143169862
166811519 149657313
166811519 149680650
166811519 155661154
166811519 155951259
166811519 166214735
166811519 171324921
166811519 175431001
166811519 184097849
166811519 187773078
166811519 188108667
166811519 189898898
166811519 197504076
166811519 238260874
166811519 263838766
166811519 281674948
168193966 23277227
168193966 43186460
168193966 43429151
168193966 46904723
168193966 54725490
168193966 57426978
168193966 61352392
168193966 69483760
168193966 70188615
168193966 70458047
168193966 80096702
168193966 85687328
168193966 94111672
168193966 99387429
168193966 109390923
168193966 112178021
168193966 119901002
168193966 120208344
168193966 127618089
168193966 129631184
168193966 137027740
168193966 139565747
168193966 164804966
168193966 178581767
168193966 185331750
168193966 215980492
168193966 250947200
168224294 9938852
168224294 22462180
168224294 27307810
168224294 31331740
168224294 34428380
168224294 40703590
168224294 40981798
168224294 43003845
168224294 45361614
168224294 49315012
168224294 57426978
168224294 60325333
168224294 63226359
168224294 79806862
168224294 81704742
168224294 87557311
168224294 88323281
168224294 107512718
168224294 115363439
168224294 116498875
168224294 126391227
168224294 141696128
168224294 142715837
168224294 160053476
168224294 162123733
168224294 163203962
168224294 165849510
168224294 171692646
168224294 184598688
168224294 185331750
168224294 187773078
168224294 189898898
168224294 194403468
168224294 213777144
168224294 230601773
168224294 233182045
168224294 238260874
168224294 250388198
168224294 263838766
168224294 303486555
168224294 322690327
168224294 331372178
168224294 357181767
168224294 360245938
168224294 385587514
168834731 51543792
168834731 54611487
168834731 72695654
168834731 127684106
169108031 43186460
169108031 66398898
169108031 74548256
169108031 105351998
169108031 120627547
169108031 149957548
169108031 192664595
169108031 252668782
169489451 21572976
169489451 40703590
169489451 54725490
169489451 168193966
171324921 22462180
171324921 34428380
171324921 36475508
171324921 39056518
171324921 40981798
171324921 43003845
171324921 113058991
171324921 120627547
171324921 137156454
171324921 137788485
171324921 149657313
171324921 238260874
171692646 27307810
171692646 49075375
171692646 49315012
171692646 55492770
171692646 63226359
171692646 67970853
171692646 81211471
171692646 86281179
171692646 95974196
171692646 99175138
171692646 110157900
171692646 110472918
171692646 165849510
171692646 185331750
171692646 210188819
171692646 224384233
171692646 224619935
171692646 232350989
171692646 281667160
171692646 303486555
171692646 369830135
175431001 2367911
175431001 8088112
175431001 8163442
175431001 14230524
175431001 14486007
175431001 15150609
175431001 17581754
175431001 18996905
175431001 21447363
175431001 22462180
175431001 23894637
175431001 24444592
175431001 25970331
175431001 27633075
175431001 28465635
175431001 31331740
175431001 33792219
175431001 34428380
175431001 36475508
175431001 39056518
175431001 40981798
175431001 43003845
175431001 46404902
175431001 54228724
175431001 66235505
175431001 70492333
175431001 74860418
175431001 75873304
175431001 76494006
175431001 83417972
175431001 85716069
175431001 87557311
175431001 88323281
175431001 108766329
175431001 113058991
175431001 117674417
175431001 120666148
175431001 126391227
175431001 131369976
175431001 136046012
175431001 137156454
175431001 139872488
175431001 143169862
175431001 149657313
175431001 149680650
175431001 150273565
175431001 155661154
175431001 155951259
175431001 166811519
175431001 184097849
175431001 188108667
175431001 189898898
175431001 194403468
175431001 195814649
175431001 197504076
175431001 213777144
175431001 229871864
175431001 238260874
175431001 241159821
175431001 263838766
175830894 39805814
175830894 42253232
175830894 52473265
175830894 57426978
175830894 59630220
175830894 65096005
175830894 77607254
175830894 99387429
175830894 99631222
175830894 109568333
175830894 116099511
175830894 123121569
175830894 127684106
175830894 129631184
175830894 137027740
175830894 144319796
175830894 147999706
175830894 548820179
177522486 21572976
177522486 57426978
177522486 72519886
177522486 129631184
177522486 215980492
178581767 43607200
178581767 54725490
178581767 66661590
178581767 94111672
178581767 106142776
178581767 106452202
178581767 109390923
178581767 115436566
178581767 119901002
178581767 120208344
178581767 123121569
178581767 126915142
178581767 128260873
178581767 129631184
178581767 168193966
178581767 186688919
178581767 215980492
178581767 250947200
178581767 252668782
179699335 23894637
179699335 54228724
179699335 234047967
184052865 129631184
184052865 142391105
184052865 215980492
184097849 2367911
184097849 8088112
184097849 8163442
184097849 14230524
184097849 15150609
184097849 17581754
184097849 17868918
184097849 18996905
184097849 21068395
184097849 21447363
184097849 22462180
184097849 23375688
184097849 24444592
184097849 27633075
184097849 28176041
184097849 28465635
184097849 31331740
184097849 33792219
184097849 34428380
184097849 39056518
184097849 40981798
184097849 53496283
184097849 54228724
184097849 66235505
184097849 70492333
184097849 74860418
184097849 75873304
184097849 83417972
184097849 85716069
184097849 86173523
184097849 87557311
184097849 88323281
184097849 99712896
184097849 113058991
184097849 116498875
184097849 117674417
184097849 126391227
184097849 129631184
184097849 131369976
184097849 134548250
184097849 136046012
184097849 137156454
184097849 139872488
184097849 143169862
184097849 149657313
184097849 150273565
184097849 155661154
184097849 155951259
184097849 160053476
184097849 166811519
184097849 168224294
184097849 175431001
184097849 188102842
184097849 188108667
184097849 189898898
184097849 194403468
184097849 197504076
184097849 213777144
184097849 230601773
184097849 238260874
184097849 263838766
184097849 281674948
184406493 40703590
184406493 49075375
184406493 67119770
184406493 67970853
184406493 81211471
184406493 89441393
184406493 95974196
184406493 99175138
184406493 100113633
184406493 106765077
184406493 110157900
184406493 113947726
184406493 116605328
184406493 131888932
184406493 141400436
184406493 142081739
184406493 144146678
184406493 152343162
184406493 162209030
184406493 189242210
184406493 191596466
184406493 215759738
184406493 224619935
184406493 228624227
184406493 232350989
184406493 235321144
184406493 238215599
184406493 241678730
184406493 250353576
184406493 281667160
184406493 303177511
184406493 369830135
184406493 370402681
184406493 432021286
184598688 40703590
184598688 60325333
184598688 185331750
184598688 322690327
185300771 21068395
185300771 22462180
185300771 34428380
185300771 36475508
185300771 40981798
185300771 43003845
185300771 83417972
185300771 88323281
185300771 124634906
185300771 134548250
185300771 164804966
185300771 189898898
185300771 213777144
185300771 238260874
185331750 16854388
185331750 39000244
185331750 40703590
185331750 57426978
185331750 60325333
185331750 94111672
185331750 110708265
185331750 127618089
185331750 165849510
185331750 168193966
185331750 171692646
185331750 184598688
185331750 227678669
185331750 233182045
185331750 303486555
185331750 322690327
185331750 331372178
185331750 357181767
185331750 385587514
185331750 546135380
186688919 46904723
186688919 54725490
186688919 80096702
186688919 112178021
186688919 117948376
186688919 126915142
186688919 129267461
186688919 155989324
186688919 178581767
186688919 202369108
187209808 40703590
187209808 66661590
187209808 69033178
187209808 92500075
187209808 109390923
187773078 8088112
187773078 15150609
187773078 17868918
187773078 18996905
187773078 22462180
187773078 27633075
187773078 31331740
187773078 34428380
187773078 36475508
187773078 40981798
187773078 43003845
187773078 46160500
187773078 53990192
187773078 85716069
187773078 107512718
187773078 108633391
187773078 117674417
187773078 160053476
187773078 163203962
187773078 168224294
187773078 189898898
187773078 194403468
187773078 230601773
187773078 238260874
187773078 251261925
187773078 290092792
188045721 18504495
188045721 57426978
188045721 61352392
188045721 110708265
188045721 116099511
188045721 127618089
188045721 127684106
188045721 129631184
188045721 137027740
188045721 164804966
188102842 2367911
188102842 8163442
188102842 17868918
188102842 18996905
188102842 22462180
188102842 27633075
188102842 28465635
188102842 34428380
188102842 40696036
188102842 40981798
188102842 43003845
188102842 54611487
188102842 70492333
188102842 88323281
188102842 166214735
188102842 238260874
188102842 263838766
188102842 546135380
188108667 2367911
188108667 8088112
188108667 8163442
188108667 14230524
188108667 18996905
188108667 21068395
188108667 21447363
188108667 22462180
188108667 23375688
188108667 24444592
188108667 27633075
188108667 28465635
188108667 31331740
188108667 34428380
188108667 36475508
188108667 39056518
188108667 40981798
188108667 43003845
188108667 45361614
188108667 53496283
188108667 54228724
188108667 70492333
188108667 74860418
188108667 75873304
188108667 76494006
188108667 78756744
188108667 83417972
188108667 85716069
188108667 86173523
188108667 87557311
188108667 88323281
188108667 99712896
188108667 107512718
188108667 113058991
188108667 116498875
188108667 117674417
188108667 120666148
188108667 126391227
188108667 129631184
188108667 131369976
188108667 134548250
188108667 136046012
188108667 137156454
188108667 137788485
188108667 139872488
188108667 141368711
188108667 143169862
188108667 149657313
188108667 149680650
188108667 150273565
188108667 155661154
188108667 155951259
188108667 160053476
188108667 163203962
188108667 166214735
188108667 166811519
188108667 168224294
188108667 171324921
188108667 175431001
188108667 184097849
188108667 185300771
188108667 187773078
188108667 189898898
188108667 190822461
188108667 192281027
188108667 194403468
188108667 197504076
188108667 213777144
188108667 217506336
188108667 224688614
188108667 230601773
188108667 238260874
188108667 251261925
188108667 263838766
189242210 49075375
189242210 81211471
189242210 99175138
189242210 110157900
189242210 141400436
189242210 184406493
189242210 191596466
189242210 210188819
189242210 224619935
189242210 250353576
189242210 303177511
189242210 369830135
189898898 8088112
189898898 9317502
189898898 15150609
189898898 17868918
189898898 18996905
189898898 21068395
189898898 21447363
189898898 22462180
189898898 24444592
189898898 27307810
189898898 27633075
189898898 31331740
189898898 34428380
189898898 40981798
189898898 43003845
189898898 46160500
189898898 46404902
189898898 66235505
189898898 67122557
189898898 70114798
189898898 76990669
189898898 78756744
189898898 81631697
189898898 81704742
189898898 85716069
189898898 86173523
189898898 86561505
189898898 107512718
189898898 108633391
189898898 109390923
189898898 113058991
189898898 114640374
189898898 115363439
189898898 116498875
189898898 117674417
189898898 126391227
189898898 128260873
189898898 134548250
189898898 136046012
189898898 137156454
189898898 137788485
189898898 142715837
189898898 149680650
189898898 158821955
189898898 160053476
189898898 162123733
189898898 163203962
189898898 166811519
189898898 168224294
189898898 175431001
189898898 184097849
189898898 185300771
189898898 187773078
189898898 188108667
189898898 190822461
189898898 192281027
189898898 195171695
189898898 195814649
189898898 213777144
189898898 224688614
189898898 230601773
189898898 241159821
189898898 249830707
189898898 250388198
189898898 251261925
189898898 263838766
189898898 281674948
189898898 290092792
189898898 322690327
189898898 331372178
189898898 360245938
190822461 21447363
190822461 22462180
190822461 34428380
190822461 36475508
190822461 40981798
190822461 43003845
190822461 81704742
190822461 83417972
190822461 85716069
190822461 126391227
190822461 136046012
190822461 149680650
190822461 160053476
190822461 163203962
190822461 168224294
190822461 187773078
190822461 189898898
190822461 213777144
191596466 40703590
191596466 78991357
191596466 89441393
191596466 95974196
191596466 99175138
191596466 100113633
191596466 106765077
191596466 113947726
191596466 116605328
191596466 131888932
191596466 142081739
191596466 144146678
191596466 149626047
191596466 162209030
191596466 184406493
191596466 189242210
191596466 193291779
191596466 210188819
191596466 215759738
191596466 224384233
191596466 232350989
191596466 250353576
191596466 281667160
191596466 303177511
191596466 304680205
191596466 369830135
192281027 22462180
192281027 34428380
192281027 36475508
192281027 40981798
192281027 43003845
192281027 81704742
192281027 85716069
192281027 116498875
192281027 149680650
192281027 160053476
192281027 163203962
192281027 189898898
192281027 224688614
192664595 105351998
192664595 169108031
192664595 546135380
193291779 40703590
193291779 49075375
193291779 55492770
193291779 66158559
193291779 67119770
193291779 75395723
193291779 78991357
193291779 81211471
193291779 86281179
193291779 95974196
193291779 99175138
193291779 110157900
193291779 110472918
193291779 116605328
193291779 131888932
193291779 142081739
193291779 144146678
193291779 152490004
193291779 162209030
193291779 171692646
193291779 191596466
193291779 210188819
193291779 215759738
193291779 216436275
193291779 224619935
193291779 232350989
193291779 235321144
193291779 241678730
193291779 281667160
193291779 303177511
193291779 369830135
193291779 409154171
194403468 8088112
194403468 14486007
194403468 17868918
194403468 18996905
194403468 21068395
194403468 22462180
194403468 25970331
194403468 27633075
194403468 28465635
194403468 31331740
194403468 34428380
194403468 40981798
194403468 43003845
194403468 45361614
194403468 46404902
194403468 66235505
194403468 70492333
194403468 75873304
194403468 81704742
194403468 83417972
194403468 85716069
194403468 87557311
194403468 99712896
194403468 107512718
194403468 108633391
194403468 113058991
194403468 115363439
194403468 116498875
194403468 117674417
194403468 124634906
194403468 134548250
194403468 137156454
194403468 139872488
194403468 141696128
194403468 149680650
194403468 155951259
194403468 160053476
194403468 162123733
194403468 163203962
194403468 164804966
194403468 168224294
194403468 171324921
194403468 175431001
194403468 184097849
194403468 185331750
194403468 187773078
194403468 188108667
194403468 189898898
194403468 195814649
194403468 197504076
194403468 213777144
194403468 230601773
194403468 234047967
194403468 238260874
194403468 251261925
194403468 263838766
194403468 360245938
195171695 14230524
195171695 15150609
195171695 21447363
195171695 23894637
195171695 49315012
195171695 61352392
195171695 109390923
195171695 115363439
195171695 124634906
195171695 189898898
195814649 22462180
195814649 28465635
195814649 34428380
195814649 40981798
195814649 43003845
197504076 9938852
197504076 17868918
197504076 18996905
197504076 22462180
197504076 24444592
197504076 27633075
197504076 28176041
197504076 28465635
197504076 31331740
197504076 34428380
197504076 40981798
197504076 43003845
197504076 46404902
197504076 53496283
197504076 61352392
197504076 66235505
197504076 70492333
197504076 81704742
197504076 83417972
197504076 85716069
197504076 86173523
197504076 88323281
197504076 99712896
197504076 113058991
197504076 115363439
197504076 116498875
197504076 117674417
197504076 124634906
197504076 126391227
197504076 134548250
197504076 136046012
197504076 150273565
197504076 155661154
197504076 155951259
197504076 160053476
197504076 166214735
197504076 166811519
197504076 168224294
197504076 175431001
197504076 184097849
197504076 187773078
197504076 188108667
197504076 189898898
197504076 194403468
197504076 195814649
197504076 213777144
197504076 217506336
197504076 224688614
197504076 230601773
197504076 233182045
197504076 238260874
197504076 241159821
197504076 250388198
197504076 263838766
197504076 281674948
197612216 210188819
197612216 238215599
202369108 46904723
202369108 57426978
202369108 61352392
202369108 66661590
202369108 69106995
202369108 69944557
202369108 85687328
202369108 109390923
202369108 120208344
202369108 164804966
202369108 168193966
202369108 178581767
202369108 186688919
202369108 215980492
202369108 227678669
202369108 250947200
202369108 447502799
203187792 52473265
203187792 57426978
203187792 110708265
203187792 164804966
203187792 227678669
203187792 546135380
203893499 17130127
203893499 39000244
205710774 15150609
205710774 23894637
205710774 33792219
205710774 36897543
206923101 34046028
206923101 40703590
206923101 41870991
206923101 106142776
206923101 106765077
207601901 16854388
207601901 25689832
207601901 30478394
207601901 35065277
207601901 37060481
207601901 39622856
207601901 40355959
207601901 41469982
207601901 42253232
207601901 46750407
207601901 51613496
207601901 65096005
207601901 66409671
207601901 77607254
207601901 84903965
207601901 99631222
207601901 110253180
207601901 118570373
207601901 119217419
207601901 120627547
207601901 123121569
207601901 129631184
207601901 144319796
207601901 150273801
207601901 157137446
207601901 241957644
207601901 357331432
208353282 53614354
208353282 66158559
208353282 66491235
208353282 67119770
208353282 75395723
208353282 78991357
208353282 81211471
208353282 86281179
208353282 99175138
208353282 110157900
208353282 112178021
208353282 131888932
208353282 142081739
208353282 152490004
208353282 210188819
208353282 215759738
208353282 224384233
208353282 224619935
208353282 232350989
208353282 250353576
208353282 304680205
209278480 66398898
209278480 252668782
210188819 24051168
210188819 40703590
210188819 46750407
210188819 53614354
210188819 57426978
210188819 66398898
210188819 66491235
210188819 66661590
210188819 67970853
210188819 70458047
210188819 78991357
210188819 81211471
210188819 85687328
210188819 89441393
210188819 94111672
210188819 99175138
210188819 99631222
210188819 100113633
210188819 109390923
210188819 110194770
210188819 110708265
210188819 112178021
210188819 113947726
210188819 116605328
210188819 126915142
210188819 127618089
210188819 128260873
210188819 129631184
210188819 131888932
210188819 141400436
210188819 142081739
210188819 142391105
210188819 149626047
210188819 152343162
210188819 164804966
210188819 168193966
210188819 171692646
210188819 185331750
210188819 191596466
210188819 208353282
210188819 215759738
210188819 215980492
210188819 224619935
210188819 228624227
210188819 235321144
210188819 242362681
210188819 250353576
210188819 281667160
210188819 303177511
210188819 304680205
210188819 369830135
210188819 432021286
212329156 16854388
212329156 21572976
212329156 37060481
212329156 39000244
212329156 39622856
212329156 41469982
212329156 42253232
212329156 46750407
212329156 51613496
212329156 51828073
212329156 66398898
212329156 74548256
212329156 84903965
212329156 110253180
212329156 110708265
212329156 117793928
212329156 127684106
212329156 129631184
212329156 144319796
212329156 151222208
212329156 155989324
212329156 157137446
212329156 166724912
212329156 221413264
212329156 241957644
212329156 252668782
212329156 336564384
212329156 357331432
213777144 8163442
213777144 9938852
213777144 15150609
213777144 17868918
213777144 21068395
213777144 22462180
213777144 23894637
213777144 24444592
213777144 27633075
213777144 31331740
213777144 31457243
213777144 33792219
213777144 34428380
213777144 39056518
213777144 40981798
213777144 43003845
213777144 70492333
213777144 81631697
213777144 81704742
213777144 85716069
213777144 88323281
213777144 107512718
213777144 113058991
213777144 117674417
213777144 124634906
213777144 126391227
213777144 137156454
213777144 149680650
213777144 155661154
213777144 158821955
213777144 160053476
213777144 163203962
213777144 164804966
213777144 166811519
213777144 168224294
213777144 175431001
213777144 184097849
213777144 185300771
213777144 185331750
213777144 187773078
213777144 188108667
213777144 189898898
213777144 194403468
213777144 195814649
213777144 234047967
213777144 238260874
213777144 241159821
213777144 251261925
213777144 263838766
213777144 290092792
214106450 34046028
214106450 40703590
214106450 43180035
214106450 69995907
214106450 72097691
214106450 92782231
214106450 106142776
214106450 129631184
215759738 24051168
215759738 40703590
215759738 66158559
215759738 67119770
215759738 75395723
215759738 81211471
215759738 89441393
215759738 95974196
215759738 99175138
215759738 100113633
215759738 106765077
215759738 110157900
215759738 112178021
215759738 131888932
215759738 141400436
215759738 144146678
215759738 152490004
215759738 158455991
215759738 162209030
215759738 184406493
215759738 191596466
215759738 193291779
215759738 208353282
215759738 210188819
215759738 224384233
215759738 228624227
215759738 232350989
215759738 235321144
215759738 238215599
215759738 250353576
215759738 303177511
215759738 304680205
215759738 322724917
215759738 432021286
215980492 14192900
215980492 15393649
215980492 19836737
215980492 38690166
215980492 46904723
215980492 53990192
215980492 54725490
215980492 57426978
215980492 61352392
215980492 66398898
215980492 66661590
215980492 69127992
215980492 70458047
215980492 81704742
215980492 83955939
215980492 94111672
215980492 98928134
215980492 99741379
215980492 109390923
215980492 109930226
215980492 115436566
215980492 119901002
215980492 120208344
215980492 127618089
215980492 128260873
215980492 129631184
215980492 137027740
215980492 149578245
215980492 164804966
215980492 168193966
215980492 178581767
215980492 250947200
215980492 252668782
216436275 78991357
216436275 89441393
216436275 106765077
216436275 144146678
216436275 193291779
216436275 235321144
216436275 241678730
216436275 250353576
216436275 304680205
217506336 17868918
217506336 21447363
217506336 22462180
217506336 28465635
217506336 34428380
217506336 36475508
217506336 40981798
217506336 43003845
217506336 81704742
217506336 83417972
217506336 99712896
217506336 114640374
217506336 116498875
217506336 117674417
217506336 136046012
217506336 137788485
217506336 149680650
217506336 160053476
217506336 163203962
217506336 168224294
217506336 188108667
217506336 197504076
217506336 241159821
217506336 249830707
217506336 250388198
217506336 263838766
221413264 16854388
221413264 41469982
221413264 42253232
221413264 51828073
221413264 59630220
221413264 84903965
221413264 117793928
221413264 129631184
221413264 151222208
221413264 155989324
221413264 166724912
221413264 212329156
221413264 241957644
221413264 357331432
224384233 40703590
224384233 49075375
224384233 55492770
224384233 67119770
224384233 75395723
224384233 81211471
224384233 89441393
224384233 106765077
224384233 107832484
224384233 110157900
224384233 110472918
224384233 112178021
224384233 131888932
224384233 152490004
224384233 171692646
224384233 191596466
224384233 215759738
224384233 232350989
224384233 235321144
224384233 238215599
224384233 250353576
224384233 281667160
224384233 303177511
224384233 369830135
224619935 24051168
224619935 40703590
224619935 67970853
224619935 78991357
224619935 81211471
224619935 100113633
224619935 111951477
224619935 113947726
224619935 144146678
224619935 152343162
224619935 171692646
224619935 184406493
224619935 193291779
224619935 208353282
224619935 210188819
224619935 235321144
224619935 238215599
224619935 281667160
224619935 303177511
224688614 8088112
224688614 17711130
224688614 21068395
224688614 22462180
224688614 31331740
224688614 34428380
224688614 36475508
224688614 40981798
224688614 43003845
224688614 78756744
224688614 81704742
224688614 85716069
224688614 86173523
224688614 99712896
224688614 116498875
224688614 117674417
224688614 126391227
224688614 136046012
224688614 137156454
224688614 149680650
224688614 155951259
224688614 160053476
224688614 166811519
224688614 168224294
224688614 187773078
224688614 189898898
224688614 192281027
224688614 238260874
224688614 249830707
224688614 263838766
227678669 23277227
227678669 46904723
227678669 54725490
227678669 57426978
227678669 69033178
227678669 94111672
227678669 115742788
227678669 119901002
228624227 24051168
228624227 40703590
228624227 66158559
228624227 67119770
228624227 75395723
228624227 78991357
228624227 89441393
228624227 100113633
228624227 116605328
228624227 144146678
228624227 152343162
228624227 158455991
228624227 162209030
228624227 184406493
228624227 210188819
228624227 215759738
228624227 232350989
228624227 235321144
228624227 303177511
228624227 304680205
229871864 39056518
229871864 238260874
229871864 241159821
229871864 263838766
230601773 22462180
230601773 34428380
230601773 40981798
230601773 43003845
230601773 88323281
230601773 115363439
230601773 141696128
230601773 142715837
230601773 149195032
230601773 160053476
230601773 162123733
230601773 168224294
230601773 187773078
230601773 189898898
230601773 197504076
230601773 217506336
230601773 233182045
230601773 238260874
230601773 250388198
230601773 263838766
230601773 281674948
230601773 357181767
230601773 360245938
230601773 385587514
232350989 24051168
232350989 40703590
232350989 49075375
232350989 55492770
232350989 66158559
232350989 67119770
232350989 67970853
232350989 75395723
232350989 78991357
232350989 81211471
232350989 86281179
232350989 89441393
232350989 95974196
232350989 99175138
232350989 100113633
232350989 113947726
232350989 116605328
232350989 131888932
232350989 144146678
232350989 149626047
232350989 152343162
232350989 152490004
232350989 158455991
232350989 162209030
232350989 171692646
232350989 184406493
232350989 191596466
232350989 193291779
232350989 208353282
232350989 210188819
232350989 215759738
232350989 224384233
232350989 224619935
232350989 228624227
232350989 241678730
232350989 281667160
232350989 303177511
232350989 304680205
232350989 322724917
233182045 22462180
233182045 27633075
233182045 34428380
233182045 40981798
233182045 43003845
233182045 70492333
233182045 166214735
233182045 168224294
233182045 230601773
233182045 238260874
233182045 250388198
233182045 357181767
233182045 385587514
234047967 23375688
234047967 148519842
234047967 179699335
235321144 24051168
235321144 49075375
235321144 55492770
235321144 66158559
235321144 66491235
235321144 67970853
235321144 81211471
235321144 86281179
235321144 95974196
235321144 100113633
235321144 110157900
235321144 111951477
235321144 112178021
235321144 116605328
235321144 144146678
235321144 152343162
235321144 162209030
235321144 184406493
235321144 193291779
235321144 210188819
235321144 215759738
235321144 216436275
235321144 224384233
235321144 224619935
235321144 228624227
235321144 238215599
235321144 250353576
235321144 281667160
235321144 303177511
235321144 304680205
235321144 369830135
235382801 9317502
235382801 14192900
235382801 15393649
235382801 19836737
235382801 38690166
235382801 82393622
235382801 83955939
235382801 98928134
235382801 99741379
235382801 109930226
235382801 124592955
235382801 149578245
238215599 40703590
238215599 49075375
238215599 53614354
238215599 66158559
238215599 89441393
238215599 106765077
238215599 110157900
238215599 110472918
238215599 131888932
238215599 142081739
238215599 144146678
238215599 152343162
238215599 158455991
238215599 184406493
238215599 197612216
238215599 215759738
238215599 224384233
238215599 224619935
238215599 228624227
238215599 235321144
238215599 250353576
238215599 281667160
238215599 303177511
238215599 369830135
238215599 432021286
238260874 39056518
238260874 229871864
238260874 241159821
238260874 263838766
239575192 40703590
239575192 64558032
239575192 164804966
241159821 39056518
241159821 238260874
241159821 263838766
241678730 67119770
241678730 78991357
241678730 89441393
241678730 106765077
241678730 110472918
241678730 184406493
241678730 193291779
241678730 216436275
241678730 250353576
241678730 303177511
241678730 369830135
241957644 16854388
241957644 30478394
241957644 39805814
241957644 40355959
241957644 41469982
241957644 42253232
241957644 51613496
241957644 51828073
241957644 65096005
241957644 74548256
241957644 84903965
241957644 93051876
241957644 99631222
241957644 110253180
241957644 119217419
241957644 123121569
241957644 127684106
241957644 129631184
241957644 144319796
241957644 149957548
241957644 155989324
241957644 157137446
241957644 186182395
241957644 207601901
241957644 212329156
241957644 221413264
241957644 357331432
242362681 21572976
242362681 66398898
242362681 115436566
242362681 120208344
242362681 126666372
242362681 127684106
242362681 129631184
242362681 164804966
249830707 17711130
249830707 22462180
249830707 36475508
249830707 40981798
249830707 43003845
249830707 81704742
249830707 85716069
249830707 86561505
249830707 126391227
249830707 136046012
249830707 137156454
249830707 160053476
249830707 188108667
249830707 189898898
249830707 217506336
249830707 224688614
249830707 251261925
250353576 24051168
250353576 40703590
250353576 49075375
250353576 66158559
250353576 67119770
250353576 75395723
250353576 78991357
250353576 81211471
250353576 89441393
250353576 95974196
250353576 99175138
250353576 106765077
250353576 110157900
250353576 111951477
250353576 131888932
250353576 141400436
250353576 142081739
250353576 144146678
250353576 152343162
250353576 158455991
250353576 184406493
250353576 191596466
250353576 208353282
250353576 210188819
250353576 215759738
250353576 216436275
250353576 224384233
250353576 235321144
250353576 238215599
250353576 241678730
250353576 303177511
250353576 304680205
250353576 369830135
250388198 22462180
250388198 34428380
250388198 40981798
250388198 168224294
250388198 189898898
250388198 230601773
250388198 233182045
250388198 357181767
250947200 46904723
250947200 50884531
250947200 57426978
250947200 94111672
250947200 109390923
250947200 112178021
250947200 117948376
250947200 120208344
250947200 126666372
250947200 127618089
250947200 128260873
250947200 164804966
250947200 168193966
250947200 202369108
250947200 215980492
251261925 8088112
251261925 21068395
251261925 21572976
251261925 22462180
251261925 34428380
251261925 36475508
251261925 40981798
251261925 43003845
251261925 66398898
251261925 78756744
251261925 80096702
251261925 81704742
251261925 86173523
251261925 86561505
251261925 106452202
251261925 107512718
251261925 108633391
251261925 120208344
251261925 128260873
251261925 129631184
251261925 136046012
251261925 149680650
251261925 160053476
251261925 163203962
251261925 164804966
251261925 186688919
251261925 187773078
251261925 188108667
251261925 189898898
251261925 250947200
251261925 252668782
251261925 263838766
251261925 360245938
252668782 8088112
252668782 12459972
252668782 14192900
252668782 19836737
252668782 22462180
252668782 27307810
252668782 27633075
252668782 28465635
252668782 29512930
252668782 30749396
252668782 34041607
252668782 34428380
252668782 37103150
252668782 37319411
252668782 38690166
252668782 40981798
252668782 43003845
252668782 43186460
252668782 43429151
252668782 46160500
252668782 46997754
252668782 49064411
252668782 49315012
252668782 51828073
252668782 52244792
252668782 53440054
252668782 66398898
252668782 66661590
252668782 69127992
252668782 70458047
252668782 78756744
252668782 81704742
252668782 82393622
252668782 83955939
252668782 98928134
252668782 99741379
252668782 109390923
252668782 110708265
252668782 116245256
252668782 124592955
252668782 127618089
252668782 149578245
252668782 178581767
252668782 214202608
252668782 215980492
252668782 235382801
252668782 238260874
252668782 251261925
252668782 263838766
263838766 39056518
263838766 229871864
263838766 238260874
263838766 241159821
268914056 28628582
268914056 30723701
268914056 31294167
268914056 39793140
268914056 49148265
268914056 52473265
268914056 53524177
268914056 58356127
268914056 70458047
268914056 71614377
268914056 100309986
268914056 214202608
281222130 16854388
281222130 25689832
281222130 37060481
281222130 39805814
281222130 43607200
281222130 45435999
281222130 51613496
281222130 53452510
281222130 57701952
281222130 77607254
281222130 93051876
281222130 110253180
281222130 119217419
281222130 144319796
281222130 157137446
281222130 186182395
281222130 222248052
281222130 357331432
281667160 24051168
281667160 66158559
281667160 78991357
281667160 81211471
281667160 89441393
281667160 100113633
281667160 110472918
281667160 131888932
281667160 144146678
281667160 152490004
281667160 162209030
281667160 171692646
281667160 184406493
281667160 191596466
281667160 193291779
281667160 210188819
281667160 224384233
281667160 224619935
281667160 232350989
281667160 235321144
281667160 303177511
281674948 22462180
281674948 27633075
281674948 31331740
281674948 34428380
281674948 40981798
281674948 43003845
281674948 81704742
281674948 86173523
281674948 99712896
281674948 107512718
281674948 116498875
281674948 126391227
281674948 142715837
281674948 155951259
281674948 166811519
281674948 184097849
281674948 188108667
281674948 189898898
281674948 197504076
281674948 230601773
281674948 238260874
281674948 263838766
288873834 66398898
288873834 109390923
288873834 128260873
288873834 252668782
290092792 2367911
290092792 8163442
290092792 9938852
290092792 14230524
290092792 15150609
290092792 17868918
290092792 18996905
290092792 21447363
290092792 22462180
290092792 23894637
290092792 24444592
290092792 27633075
290092792 28465635
290092792 31331740
290092792 31457243
290092792 33792219
290092792 34428380
290092792 39056518
290092792 40981798
290092792 43003845
290092792 49315012
290092792 54228724
290092792 57386237
290092792 59657176
290092792 60530411
290092792 61352392
290092792 76990669
290092792 81631697
290092792 81704742
290092792 85922753
290092792 86173523
290092792 88323281
290092792 97761486
290092792 102202329
290092792 107772827
290092792 109390923
290092792 115363439
290092792 117674417
290092792 124634906
290092792 126391227
290092792 146513510
290092792 149680650
290092792 162123733
290092792 163203962
290092792 187773078
290092792 189898898
290092792 195171695
290092792 197504076
290092792 213777144
290092792 238260874
290092792 241159821
290092792 263838766
290092792 281674948
290092792 360245938
290092792 546135380
303177511 24051168
303177511 40703590
303177511 49075375
303177511 53614354
303177511 55492770
303177511 66158559
303177511 67119770
303177511 75395723
303177511 78991357
303177511 86281179
303177511 89441393
303177511 95974196
303177511 99175138
303177511 100113633
303177511 106765077
303177511 110157900
303177511 111951477
303177511 113947726
303177511 116605328
303177511 131888932
303177511 141400436
303177511 142081739
303177511 144146678
303177511 149626047
303177511 152343162
303177511 158455991
303177511 162209030
303177511 184406493
303177511 189242210
303177511 191596466
303177511 193291779
303177511 210188819
303177511 215759738
303177511 224384233
303177511 224619935
303177511 228624227
303177511 232350989
303177511 235321144
303177511 238215599
303177511 241678730
303177511 250353576
303177511 281667160
303177511 304680205
303177511 322724917
303177511 369830135
303177511 432021286
303486555 57426978
303486555 60325333
303486555 63226359
303486555 81704742
303486555 165849510
303486555 171692646
303486555 322690327
303486555 357181767
304680205 49075375
304680205 53614354
304680205 75395723
304680205 78991357
304680205 81211471
304680205 95974196
304680205 99175138
304680205 100113633
304680205 113947726
304680205 116605328
304680205 131888932
304680205 142081739
304680205 144146678
304680205 149626047
304680205 158455991
304680205 162209030
304680205 191596466
304680205 208353282
304680205 210188819
304680205 215759738
304680205 216436275
304680205 228624227
304680205 232350989
304680205 235321144
304680205 250353576
304680205 303177511
304680205 322724917
304680205 369830135
309861288 129631184
310983162 60143763
310983162 66661590
310983162 178581767
310983162 546135380
311123328 68567671
311123328 151222208
311123328 357331432
319319045 8088112
319319045 9317502
319319045 15150609
319319045 18996905
319319045 22462180
319319045 25842688
319319045 27633075
319319045 28465635
319319045 29512930
319319045 30749396
319319045 31331740
319319045 34428380
319319045 37103150
319319045 37319411
319319045 39056518
319319045 40981798
319319045 43003845
319319045 43429151
319319045 49064411
319319045 52244792
319319045 53440054
319319045 69127992
319319045 70114798
319319045 78756744
319319045 99741379
319319045 108633391
319319045 117674417
319319045 215980492
319319045 229871864
319319045 238260874
319319045 263838766
322690327 40703590
322690327 60325333
322690327 81704742
322690327 184598688
322690327 185331750
322690327 189898898
322690327 303486555
322690327 385587514
322724917 49075375
322724917 67119770
322724917 106765077
322724917 110157900
322724917 131888932
322724917 142081739
322724917 232350989
322724917 241678730
322724917 303177511
322724917 304680205
331372178 40703590
331372178 57426978
331372178 63226359
331372178 81704742
331372178 165849510
331372178 185331750
331372178 189898898
331372178 357181767
336564384 212329156
336564384 341142328
339373057 14425825
339373057 15460081
339373057 22440364
339373057 34507480
339373057 63808966
339373057 158526208
341142328 59630220
341142328 336564384
341142328 375857150
357181767 40703590
357181767 81704742
357181767 141696128
357181767 142715837
357181767 162123733
357181767 168224294
357181767 185331750
357181767 230601773
357181767 233182045
357181767 250388198
357181767 303486555
357181767 331372178
357181767 385587514
357331432 16854388
357331432 30478394
357331432 40355959
357331432 41469982
357331432 42253232
357331432 51613496
357331432 51828073
357331432 52473265
357331432 65096005
357331432 99631222
357331432 123121569
357331432 127684106
357331432 129631184
357331432 144319796
357331432 151222208
357331432 157137446
357331432 207601901
357331432 212329156
357331432 215980492
357331432 221413264
357331432 241957644
357331432 281222130
357331432 375857150
360245938 15150609
360245938 22462180
360245938 31414569
360245938 34428380
360245938 36475508
360245938 40981798
360245938 43003845
360245938 46160500
360245938 53990192
360245938 85716069
360245938 107512718
360245938 160053476
360245938 163203962
360245938 168224294
360245938 187773078
360245938 189898898
360245938 230601773
360245938 234047967
360245938 251261925
360245938 290092792
360245938 385587514
369830135 40703590
369830135 49075375
369830135 66158559
369830135 67119770
369830135 67970853
369830135 75395723
369830135 81211471
369830135 95974196
369830135 99175138
369830135 106765077
369830135 110157900
369830135 111951477
369830135 113947726
369830135 131888932
369830135 141400436
369830135 144146678
369830135 152343162
369830135 171692646
369830135 184406493
369830135 189242210
369830135 191596466
369830135 210188819
369830135 224384233
369830135 235321144
369830135 238215599
369830135 241678730
369830135 250353576
369830135 303177511
369830135 304680205
369830135 432021286
370402681 40703590
370402681 66158559
370402681 106765077
370402681 144146678
370402681 184406493
371054607 447502799
374052936 14230524
374052936 23894637
375857150 59630220
375857150 341142328
385587514 21068395
385587514 22462180
385587514 34428380
385587514 40703590
385587514 40981798
385587514 43003845
385587514 60325333
385587514 63226359
385587514 81704742
385587514 115363439
385587514 162123733
385587514 168224294
385587514 171692646
385587514 185331750
385587514 187773078
385587514 230601773
385587514 233182045
385587514 322690327
385587514 331372178
385587514 357181767
385587514 360245938
409154171 40703590
409154171 67119770
409154171 89441393
409154171 95974196
409154171 106765077
409154171 111951477
409154171 131888932
432021286 40703590
432021286 75395723
432021286 110157900
432021286 113947726
432021286 131888932
432021286 142081739
432021286 184406493
432021286 210188819
432021286 215759738
432021286 238215599
432021286 303177511
432021286 369830135
447502799 139565747
447502799 202369108
447502799 227678669
447502799 371054607
466560636 106142776
