# subgrafo induzido pelos 500 primeiros vértices de um BFS sem sentido
# dataset: data/raw/twitter_combined.txt
# semente-rng: 2026
# semente: 307642294
# N: 500
# arestas: 15897
3840 7846
3840 10350
3840 13348
3840 15913
3840 76133
3840 1064051
3840 1183041
3840 2735591
3840 4893411
3840 7434902
3840 7852172
3840 7861312
3840 9507322
3840 10824382
3840 11666142
3840 13687132
3840 14575846
3840 14589257
3840 14688086
3840 15382192
3840 15853668
3840 16120265
3840 18532553
3840 20273398
3840 21637624
3840 22679419
3840 26173611
3840 60642052
3840 61436635
3840 97173422
7846 3840
7846 10350
7846 13348
7846 15913
7846 1183041
7846 3359851
7846 7565302
7846 7860742
7846 7861312
7846 7861622
7846 9451052
7846 12101862
7846 14922225
7846 15846407
7846 16079941
7846 16098603
7846 16453996
7846 18776017
7846 19595287
7846 20880546
7846 21324258
7846 21678052
7846 22679419
7846 24560836
7846 34068984
7846 48485771
7846 65913144
7846 116952434
7846 126444583
7846 184637153
7846 294198566
7846 303060652
10350 3840
10350 7846
10350 15913
10350 1064051
10350 1183041
10350 1265091
10350 1702611
10350 3359851
10350 3442781
10350 4893411
10350 5848412
10350 6068612
10350 7194892
10350 7860742
10350 7861312
10350 7872262
10350 8914942
10350 9275742
10350 9451052
10350 10668202
10350 13687132
10350 14269220
10350 14414761
10350 14453798
10350 15018214
10350 15300838
10350 15853073
10350 16038438
10350 16120265
10350 16799897
10350 18666844
10350 43662236
10350 48485771
10350 93905958
10350 127569781
10350 158558510
10923 10350
10923 15913
10923 1183041
10923 7861312
10923 7861622
12223 15913
12223 1702611
12223 3096071
12223 3359851
12223 3443591
12223 7194892
12223 8146732
12223 9451052
12223 13185852
12223 13356642
12223 14269220
12223 14453798
12223 14498622
12223 15154217
12223 15488968
12223 16364644
12223 18519106
12223 18715024
12223 18755518
12223 18811254
12223 18892183
12223 19413393
12223 19414296
12223 19550535
12223 19759597
12223 20659225
12223 24585498
12223 33191389
12223 36311369
12223 39394932
12223 48485771
12223 64488804
13348 3840
13348 7846
13348 10350
13348 15913
13348 72373
13348 76133
13348 229523
13348 253973
13348 755165
13348 765694
13348 789658
13348 849131
13348 992031
13348 1064051
13348 1455911
13348 2572271
13348 2735591
13348 3359851
13348 5676102
13348 7852172
13348 7861312
13348 8978672
13348 9275742
13348 9451052
13348 11666142
13348 13324892
13348 13687132
13348 14091509
13348 14804903
13348 14874480
13348 15006779
13348 15009761
13348 15018214
13348 15234657
13348 15259010
13348 15416485
13348 15670515
13348 15739966
13348 15846407
13348 15853073
13348 16095572
13348 16120265
13348 16409781
13348 16425197
13348 16930986
13348 17000457
13348 17092592
13348 18666844
13348 19380829
13348 19413393
13348 19595287
13348 20065936
13348 22679419
13348 22841103
13348 24724740
13348 24741685
13348 24742040
13348 49465463
13348 55338862
13348 60642052
13348 91396874
15913 10350
15913 3253671
15913 3443591
15913 7861312
15913 14269220
15913 17140787
65673 15913
65673 3359851
65673 3443591
65673 5443002
65673 7861312
65673 9117202
65673 12121162
65673 13687132
65673 14589257
65673 14691709
65673 14922225
65673 15234657
65673 18776017
65673 18791343
65673 18900668
65673 19563357
65673 21239763
65673 21678052
65673 22715267
65673 22831657
65673 23645599
65673 24585498
65673 24742040
65673 34068984
65673 34711597
65673 38542252
65673 42943177
65673 48485771
65673 63787760
65673 75095976
65673 81229871
65673 93905958
65673 96605784
65673 111164068
65673 111210694
65673 116952434
65673 126444583
65673 132253772
65673 144064703
65673 151222531
65673 152065057
65673 154708725
65673 155620461
65673 160839015
65673 160959034
65673 187744415
65673 191548936
65673 204089551
65673 238289569
65673 290097288
65673 294198566
72373 13348
72373 15913
72373 229523
72373 755165
72373 789658
72373 849131
72373 992031
72373 1455911
72373 5676102
72373 14091509
72373 14874480
72373 15416485
72373 15670515
72373 16095572
72373 16120265
72373 16425197
72373 16930986
72373 17000457
72373 24741685
72373 49465463
72373 55338862
76133 3840
76133 13348
76133 15913
229523 13348
229523 15913
229523 72373
229523 253973
229523 755165
229523 789314
229523 789658
229523 849131
229523 992031
229523 1455911
229523 2572271
229523 5676102
229523 8978672
229523 13434092
229523 14091509
229523 15416485
229523 16095572
229523 16120265
229523 16930986
229523 24741685
229523 49465463
229523 74286565
253973 13348
253973 15913
253973 229523
253973 849131
253973 14874480
253973 15670515
253973 16095572
253973 24741685
729733 15913
729733 3359851
729733 6478202
729733 17722816
729733 19519349
729733 21195122
729733 117187783
755165 13348
755165 15913
755165 229523
755165 765694
755165 789658
755165 849131
755165 1455911
755165 2572271
755165 5676102
755165 8978672
755165 14091509
755165 14874480
755165 15416485
755165 16095572
755165 16120265
755165 16425197
755165 16930986
755165 24741685
755165 49465463
755165 55338862
765694 15913
765694 72373
765694 229523
765694 755165
765694 849131
765694 992031
765694 1455911
765694 2572271
765694 5676102
765694 14091509
765694 14874480
765694 15416485
765694 16425197
765694 16930986
765694 24741685
765694 49465463
765694 91396874
789314 15913
789314 229523
789314 14269220
789314 15416485
789658 13348
789658 15913
789658 72373
789658 229523
789658 755165
789658 765694
789658 849131
789658 1455911
789658 5676102
789658 8978672
789658 14091509
789658 14874480
789658 15416485
789658 15670515
789658 16425197
789658 17000457
789658 24741685
789658 49465463
849131 13348
849131 15913
849131 72373
849131 229523
849131 253973
849131 755165
849131 789658
849131 992031
849131 1455911
849131 5676102
849131 8978672
849131 13434092
849131 14091509
849131 14269220
849131 14874480
849131 15416485
849131 15670515
849131 16095572
849131 16120265
849131 16409781
849131 16425197
849131 16930986
849131 17000457
849131 17034634
849131 19595287
849131 24741685
849131 24742040
849131 49465463
849131 55338862
849131 59804598
849131 74286565
849131 91396874
992031 13348
992031 15913
992031 229523
992031 849131
992031 5676102
992031 13434092
992031 14874480
992031 15416485
992031 15670515
992031 16120265
992031 16425197
992031 16930986
992031 17000457
992031 17034634
992031 24741685
992031 49465463
992031 55338862
992031 74286565
1064051 3840
1064051 10350
1064051 15913
1064051 1702611
1064051 2158461
1064051 14804903
1064051 15006779
1064051 15009761
1064051 15018214
1065921 10350
1065921 12223
1065921 15913
1065921 3359851
1065921 3443591
1065921 3462421
1065921 3824401
1065921 5442012
1065921 5445442
1065921 6478202
1065921 6608332
1065921 7377812
1065921 7860742
1065921 7861312
1065921 7872262
1065921 9451052
1065921 10668202
1065921 11461102
1065921 13185852
1065921 14038862
1065921 14155052
1065921 14180231
1065921 14269220
1065921 14424667
1065921 14453798
1065921 14471778
1065921 14498387
1065921 14575846
1065921 14589257
1065921 14609321
1065921 14688086
1065921 14691709
1065921 14692604
1065921 15112961
1065921 15222083
1065921 15234657
1065921 15259010
1065921 15838599
1065921 16038438
1065921 16098603
1065921 16453996
1065921 16799897
1065921 17053354
1065921 17092592
1065921 18581803
1065921 18715024
1065921 18776017
1065921 18849313
1065921 19413393
1065921 19550535
1065921 19595287
1065921 21195122
1065921 22679419
1065921 24004172
1065921 24081780
1065921 24641194
1065921 28719244
1065921 28933226
1065921 38514229
1065921 42361118
1065921 48370736
1065921 55338862
1065921 59804598
1065921 60968363
1065921 65913144
1065921 87764480
1065921 93905958
1065921 127569781
1065921 229141679
1065921 417927586
1183041 10350
1183041 15913
1183041 3443591
1183041 7861312
1183041 7861622
1183041 8914942
1183041 14269220
1183041 14414761
1265091 10350
1265091 15913
1265091 17140787
1455911 13348
1455911 15913
1455911 72373
1455911 229523
1455911 755165
1455911 765694
1455911 789658
1455911 849131
1455911 2572271
1455911 5676102
1455911 8978672
1455911 14874480
1455911 15416485
1455911 15670515
1455911 16095572
1455911 16120265
1455911 16930986
1455911 17000457
1455911 24741685
1455911 49465463
1455911 91396874
1476651 15913
1476651 17092592
1702611 10350
1702611 12223
1702611 15913
1702611 2158461
1702611 3359851
1702611 3462421
1702611 6608332
1702611 7194892
1702611 9451052
1702611 11666142
1702611 13185852
1702611 13687132
1702611 14137885
1702611 14155052
1702611 14269220
1702611 14575846
1702611 15018214
1702611 15222083
1702611 15259010
1702611 15447248
1702611 15488968
1702611 15582769
1702611 15591032
1702611 15838599
1702611 16102815
1702611 16874875
1702611 17092592
1702611 18715024
1702611 18755518
1702611 18892183
1702611 19414296
1702611 19550535
1702611 19595287
1702611 24585498
1702611 26173611
1702611 33191389
1702611 39394932
1702611 45862504
1702611 48485771
1702611 64488804
1775861 10350
1775861 15913
1775861 1183041
1775861 4893411
1775861 7861622
1775861 8914942
1775861 18755518
2009991 10350
2009991 15913
2009991 1183041
2009991 1775861
2009991 7861622
2009991 8914942
2009991 15853073
2158461 12223
2158461 15913
2158461 1183041
2158461 1702611
2158461 11666142
2158461 14155052
2158461 14575846
2158461 14804903
2158461 15006779
2158461 15009761
2158461 15591032
2158461 16102815
2158461 16874875
2158461 16930986
2572271 15913
2572271 229523
2572271 755165
2572271 765694
2572271 789658
2572271 1455911
2572271 5676102
2572271 8978672
2572271 14091509
2576401 15913
2576401 789314
2576401 1183041
2576401 3253671
2576401 14269220
2576401 17140787
2576401 34378922
2576401 59804598
2576401 107347772
2576401 384388981
2735591 3840
2735591 7846
2735591 10350
2735591 13348
2735591 15913
2735591 7861312
2735591 7872262
2735591 11911082
2735591 15846407
3096071 12223
3096071 15913
3096071 3359851
3096071 3462421
3096071 5442012
3096071 5445442
3096071 6608332
3096071 7194892
3096071 7377812
3096071 7434902
3096071 9451052
3096071 13356642
3096071 14155052
3096071 14269220
3096071 14453798
3096071 14471778
3096071 14575846
3096071 14589257
3096071 14609321
3096071 14691709
3096071 14922225
3096071 15112961
3096071 15154217
3096071 15222083
3096071 15234657
3096071 15259010
3096071 15488968
3096071 15582769
3096071 15838599
3096071 16079941
3096071 16098603
3096071 16651072
3096071 17028313
3096071 17092592
3096071 18301663
3096071 18666844
3096071 18715024
3096071 19162933
3096071 19414296
3096071 20019469
3096071 20273398
3096071 20880546
3096071 22831657
3096071 22841103
3096071 24942585
3096071 28960709
3096071 31037985
3096071 33191389
3096071 36311369
3096071 38514229
3096071 48485771
3096071 87764480
3096071 121258930
3096071 144040563
3096071 144723989
3096071 146071420
3096071 146155608
3096071 179524189
3253671 15913
3253671 1065921
3253671 2576401
3253671 3359851
3253671 3443591
3253671 9413072
3253671 11461102
3253671 13894102
3253671 14269220
3253671 16098603
3253671 17140787
3253671 18666844
3253671 18890465
3253671 19519349
3253671 19595287
3253671 22831657
3253671 59804598
3359851 7846
3359851 10350
3359851 12223
3359851 13348
3359851 15913
3359851 65673
3359851 1065921
3359851 1183041
3359851 1702611
3359851 3096071
3359851 3253671
3359851 3442781
3359851 3443591
3359851 3462421
3359851 3824401
3359851 5442012
3359851 5443002
3359851 5445442
3359851 6478202
3359851 6608332
3359851 7194892
3359851 7377812
3359851 7434902
3359851 7565302
3359851 7710472
3359851 7852172
3359851 7860742
3359851 7861312
3359851 7872262
3359851 7925002
3359851 8146732
3359851 9275742
3359851 9413072
3359851 9451052
3359851 10824382
3359851 11461102
3359851 11666142
3359851 12121162
3359851 12771872
3359851 13185852
3359851 13356642
3359851 13687132
3359851 13894102
3359851 14038862
3359851 14155052
3359851 14180231
3359851 14224219
3359851 14269220
3359851 14424667
3359851 14453798
3359851 14471778
3359851 14498387
3359851 14575846
3359851 14589257
3359851 14609321
3359851 14691709
3359851 14922225
3359851 15112961
3359851 15154217
3359851 15222083
3359851 15234657
3359851 15259010
3359851 15447248
3359851 15488968
3359851 15575251
3359851 15578992
3359851 15591032
3359851 15638249
3359851 15739966
3359851 15838599
3359851 15846407
3359851 15853073
3359851 16098603
3359851 16102815
3359851 16453996
3359851 16626187
3359851 16799897
3359851 17053354
3359851 17092592
3359851 17140787
3359851 18581803
3359851 18666844
3359851 18715024
3359851 18731347
3359851 18776017
3359851 18791343
3359851 18811254
3359851 18849313
3359851 18900668
3359851 19413393
3359851 19414296
3359851 19519349
3359851 19550535
3359851 19563357
3359851 19595287
3359851 20273398
3359851 20880546
3359851 21195122
3359851 21239763
3359851 21339114
3359851 21637624
3359851 22679419
3359851 22831657
3359851 22841103
3359851 23645599
3359851 24004172
3359851 24081780
3359851 24585498
3359851 24641194
3359851 24741685
3359851 24742040
3359851 24942585
3359851 25952851
3359851 26173611
3359851 31037985
3359851 33191389
3359851 34068984
3359851 34378922
3359851 34711597
3359851 36311369
3359851 38514229
3359851 38542252
3359851 39394932
3359851 42943177
3359851 45416789
3359851 45862504
3359851 47161442
3359851 48485771
3359851 55338862
3359851 59804598
3359851 60968363
3359851 61436635
3359851 63644892
3359851 63787760
3359851 64285972
3359851 64488804
3359851 65913144
3359851 87764480
3359851 92357649
3359851 93905958
3359851 96605784
3359851 111164068
3359851 111210694
3359851 116952434
3359851 121258930
3359851 132253772
3359851 144040563
3359851 146071420
3359851 146155608
3359851 152065057
3359851 154708725
3359851 177564924
3359851 187744415
3359851 191548936
3359851 250831586
3359851 290097288
3359851 294198566
3442781 10350
3442781 15913
3442781 3359851
3442781 3443591
3442781 3462421
3442781 6068612
3442781 7434902
3442781 14269220
3442781 14498622
3442781 15112961
3442781 15234657
3442781 15447248
3442781 18666844
3442781 19414296
3442781 19550535
3442781 22831657
3442781 24585498
3442781 48370736
3442781 48485771
3442781 64488804
3442781 93905958
3443591 10350
3443591 15913
3443591 1065921
3443591 1183041
3443591 3253671
3443591 3359851
3443591 3824401
3443591 6478202
3443591 7860742
3443591 7861312
3443591 8914942
3443591 9451052
3443591 14155052
3443591 14269220
3443591 14414761
3443591 14453798
3443591 14498622
3443591 14575846
3443591 15300838
3443591 16079941
3443591 16095572
3443591 17140787
3443591 18892183
3443591 19595287
3443591 33191389
3443591 64488804
3443591 65913144
3462421 15913
3462421 1065921
3462421 1183041
3462421 1702611
3462421 3096071
3462421 3442781
3462421 6068612
3462421 6608332
3462421 7194892
3462421 7434902
3462421 13185852
3462421 14453798
3462421 14471778
3462421 14575846
3462421 15222083
3462421 15838599
3462421 16102815
3462421 16799897
3462421 17214479
3462421 18715024
3462421 19413393
3462421 33191389
3462421 87764480
3462421 93905958
3824401 10350
3824401 15913
3824401 1065921
3824401 1702611
3824401 3359851
3824401 5442012
3824401 11461102
3824401 14269220
3824401 14688086
3824401 18666844
3824401 55338862
4291741 12223
4291741 15913
4291741 1702611
4291741 3096071
4291741 5442012
4291741 6608332
4291741 7194892
4291741 13185852
4291741 14038862
4291741 14453798
4291741 14575846
4291741 15112961
4291741 15154217
4291741 15222083
4291741 15447248
4291741 15488968
4291741 15582769
4291741 15591032
4291741 15638249
4291741 16874875
4291741 18666844
4291741 19550535
4291741 19595287
4291741 19759597
4291741 21339114
4291741 23645599
4291741 24585498
4291741 39394932
4291741 45862504
4291741 53789489
4291741 64488804
4291741 87764480
4622401 15913
4622401 15853073
4622401 16799897
4893411 10350
4893411 15913
4893411 1183041
4893411 1775861
4893411 5848412
4893411 6068612
4893411 7861312
4893411 7861622
4893411 8914942
4893411 15300838
4893411 15362015
4893411 15583454
5442012 15913
5442012 1065921
5442012 3096071
5442012 3359851
5442012 3442781
5442012 3824401
5442012 4291741
5442012 5443002
5442012 5445442
5442012 6608332
5442012 7157132
5442012 7377812
5442012 7434902
5442012 7565302
5442012 7860742
5442012 7861312
5442012 7872262
5442012 9117202
5442012 9275742
5442012 9413072
5442012 9451052
5442012 10115042
5442012 10824382
5442012 11461102
5442012 11911082
5442012 12771872
5442012 14038862
5442012 14155052
5442012 14180231
5442012 14269220
5442012 14424667
5442012 14453798
5442012 14471778
5442012 14498622
5442012 14589257
5442012 15112961
5442012 15154217
5442012 15222083
5442012 15234657
5442012 15447248
5442012 15488968
5442012 15575251
5442012 15853668
5442012 16098603
5442012 16453996
5442012 16626187
5442012 16651072
5442012 16799897
5442012 17028313
5442012 17092592
5442012 17564647
5442012 17586739
5442012 17632072
5442012 18021714
5442012 18345193
5442012 18532553
5442012 18581803
5442012 18666844
5442012 18715024
5442012 18776017
5442012 18791343
5442012 18849313
5442012 18900668
5442012 19162933
5442012 19413393
5442012 19414296
5442012 20019469
5442012 20273398
5442012 20323999
5442012 20471349
5442012 20880546
5442012 21075893
5442012 21195122
5442012 21678052
5442012 22273748
5442012 22831657
5442012 22841103
5442012 23645599
5442012 24004172
5442012 24081780
5442012 24585498
5442012 24742040
5442012 24942585
5442012 25827166
5442012 25952851
5442012 28281437
5442012 28478859
5442012 28719244
5442012 28775296
5442012 28933226
5442012 28960709
5442012 30680870
5442012 31037985
5442012 33191389
5442012 37444945
5442012 41937748
5442012 42361118
5442012 44234944
5442012 45416789
5442012 45509346
5442012 45862504
5442012 47495471
5442012 48485771
5442012 52559331
5442012 54514600
5442012 59804598
5442012 61853583
5442012 63644892
5442012 64285972
5442012 64488804
5442012 65913144
5442012 72156360
5442012 75914648
5442012 82969251
5442012 84052794
5442012 86852135
5442012 87764480
5442012 93905958
5442012 95109615
5442012 105150583
5442012 111210694
5442012 116952434
5442012 117187783
5442012 117541123
5442012 121258930
5442012 132253772
5442012 144040563
5442012 144723989
5442012 146071420
5442012 146155608
5442012 146320301
5442012 146350964
5442012 151711230
5442012 152065057
5442012 152435436
5442012 160959034
5442012 179524189
5442012 195795250
5442012 198876913
5442012 200212364
5442012 207752295
5442012 238289569
5442012 238308325
5442012 245394117
5442012 259074185
5442012 270076706
5442012 278062722
5442012 306445007
5442012 307642294
5442012 309325161
5442012 309366491
5442012 310233571
5442012 324061899
5442012 341840097
5442012 343042051
5442012 355637036
5442012 356447837
5442012 365904984
5442012 384388981
5442012 401029555
5442012 411273721
5442012 416718047
5442012 421848829
5442012 422950468
5442012 446023451
5442012 466645680
5442012 499839056
5442012 529658284
5443002 15913
5443002 3253671
5443002 3359851
5443002 3442781
5443002 3443591
5443002 7852172
5443002 9451052
5443002 12121162
5443002 13687132
5443002 14155052
5443002 14269220
5443002 14589257
5443002 14691709
5443002 14922225
5443002 15234657
5443002 15838599
5443002 16079941
5443002 17092592
5443002 17140787
5443002 18666844
5443002 18791343
5443002 18900668
5443002 19413393
5443002 19595287
5443002 21637624
5443002 22831657
5443002 24585498
5443002 24742040
5443002 34068984
5443002 42943177
5443002 48370736
5443002 59804598
5443002 64285972
5443002 87764480
5443002 93905958
5443002 96605784
5443002 151222531
5443002 154708725
5443002 155620461
5443002 290097288
5443002 294198566
5443002 384388981
5445442 15913
5445442 1065921
5445442 3096071
5445442 3359851
5445442 5442012
5445442 7377812
5445442 7861312
5445442 14589257
5445442 15112961
5445442 16626187
5445442 17028313
5445442 19162933
5445442 24942585
5445442 48485771
5445442 59804598
5445442 121258930
5445442 144040563
5445442 146155608
5445442 152435436
5676102 13348
5676102 15913
5676102 229523
5676102 755165
5676102 765694
5676102 789658
5676102 849131
5676102 1455911
5676102 2572271
5676102 12101862
5676102 13434092
5676102 14874480
5676102 15416485
5676102 15670515
5676102 16120265
5676102 16409781
5676102 16425197
5676102 16930986
5676102 24741685
5676102 49465463
5848412 10350
5848412 15913
5848412 1183041
5848412 4893411
5848412 7861312
5848412 9451052
5848412 15488968
5848412 15575251
5848412 18755518
5848412 48485771
6068612 10350
6068612 15913
6068612 1183041
6068612 3442781
6068612 4893411
6068612 15222083
6068612 16098603
6068612 16799897
6068612 19550535
6068612 24585498
6068612 48485771
6068612 93905958
6478202 15913
6478202 729733
6478202 1065921
6478202 3359851
6478202 3443591
6478202 5442012
6478202 7377812
6478202 7860742
6478202 11461102
6478202 13894102
6478202 14180231
6478202 14269220
6478202 17722816
6478202 18581803
6478202 18666844
6478202 18776017
6478202 19519349
6478202 21195122
6478202 28933226
6478202 31037985
6478202 116952434
6478202 117187783
6478202 121258930
6478202 144040563
6478202 144723989
6608332 10350
6608332 12223
6608332 15913
6608332 1065921
6608332 1183041
6608332 1702611
6608332 3096071
6608332 3253671
6608332 3359851
6608332 3443591
6608332 3462421
6608332 4291741
6608332 5442012
6608332 7157132
6608332 7194892
6608332 7377812
6608332 7434902
6608332 7565302
6608332 7860742
6608332 7861312
6608332 8146732
6608332 9413072
6608332 9451052
6608332 10115042
6608332 10824382
6608332 13185852
6608332 13356642
6608332 13687132
6608332 13894102
6608332 14038862
6608332 14155052
6608332 14180231
6608332 14269220
6608332 14453798
6608332 14498622
6608332 14575846
6608332 14609321
6608332 14688086
6608332 14691709
6608332 14692604
6608332 14922225
6608332 14999606
6608332 15098511
6608332 15112961
6608332 15154217
6608332 15222083
6608332 15234657
6608332 15259010
6608332 15447248
6608332 15488968
6608332 15575251
6608332 15578992
6608332 15582769
6608332 15591032
6608332 15638249
6608332 15838599
6608332 16079941
6608332 16098603
6608332 16626187
6608332 16651072
6608332 16799897
6608332 16874875
6608332 17053354
6608332 17092592
6608332 17214479
6608332 18301663
6608332 18581803
6608332 18666844
6608332 18715024
6608332 18755518
6608332 18849313
6608332 18892183
6608332 18900668
6608332 19413393
6608332 19414296
6608332 19550535
6608332 19595287
6608332 19759597
6608332 20273398
6608332 22679419
6608332 22841103
6608332 24585498
6608332 24742040
6608332 26173611
6608332 33191389
6608332 39394932
6608332 53789489
6608332 59804598
6608332 60968363
6608332 64488804
6608332 87764480
6608332 92357649
6608332 93905958
6608332 144040563
6608332 154708725
6608332 229141679
7157132 15913
7157132 3359851
7157132 5442012
7157132 6608332
7157132 7861312
7157132 9451052
7157132 13687132
7157132 14922225
7157132 15222083
7157132 15234657
7157132 15259010
7157132 15838599
7157132 15853668
7157132 16102815
7157132 20273398
7157132 21339114
7157132 22679419
7157132 22841103
7157132 23645599
7157132 24585498
7157132 24742040
7157132 26173611
7157132 28960709
7157132 31037985
7157132 33191389
7157132 48485771
7157132 87764480
7157132 121258930
7157132 144040563
7157132 146155608
7157132 154708725
7157132 290097288
7157132 294198566
7194892 10350
7194892 12223
7194892 15913
7194892 1702611
7194892 3096071
7194892 3359851
7194892 3442781
7194892 3462421
7194892 6608332
7194892 9451052
7194892 13185852
7194892 13356642
7194892 14155052
7194892 14269220
7194892 14453798
7194892 14471778
7194892 14575846
7194892 14692604
7194892 15222083
7194892 15234657
7194892 15488968
7194892 15838599
7194892 16079941
7194892 16098603
7194892 16874875
7194892 18666844
7194892 19595287
7194892 24585498
7194892 33191389
7194892 87764480
7194892 93905958
7377812 10350
7377812 12223
7377812 15913
7377812 1065921
7377812 1183041
7377812 3096071
7377812 3359851
7377812 5442012
7377812 6478202
7377812 6608332
7377812 7194892
7377812 7860742
7377812 7861312
7377812 7872262
7377812 9413072
7377812 9451052
7377812 10115042
7377812 10824382
7377812 11461102
7377812 12771872
7377812 14038862
7377812 14180231
7377812 14424667
7377812 14453798
7377812 14471778
7377812 14498387
7377812 14498622
7377812 14589257
7377812 14688086
7377812 14691709
7377812 14692604
7377812 14999606
7377812 15098511
7377812 15112961
7377812 15222083
7377812 15234657
7377812 15259010
7377812 15447248
7377812 15488968
7377812 15838599
7377812 16079941
7377812 16098603
7377812 16453996
7377812 16626187
7377812 16799897
7377812 17053354
7377812 17092592
7377812 18021714
7377812 18345193
7377812 18581803
7377812 18666844
7377812 18715024
7377812 18849313
7377812 18890465
7377812 19413393
7377812 19414296
7377812 20273398
7377812 20880546
7377812 21195122
7377812 22679419
7377812 22841103
7377812 24004172
7377812 24585498
7377812 24742040
7377812 28933226
7377812 28960709
7377812 36311369
7377812 38514229
7377812 42361118
7377812 45416789
7377812 45862504
7377812 47161442
7377812 48370736
7377812 48485771
7377812 59804598
7377812 64488804
7377812 65913144
7377812 71606873
7377812 87764480
7377812 92357649
7377812 93905958
7377812 117187783
7377812 250831586
7377812 384388981
7434902 12223
7434902 15913
7434902 1702611
7434902 3096071
7434902 3359851
7434902 3442781
7434902 3462421
7434902 6068612
7434902 6608332
7434902 12970892
7434902 13185852
7434902 13687132
7434902 14155052
7434902 14224219
7434902 14269220
7434902 14453798
7434902 14471778
7434902 14575846
7434902 14609321
7434902 14922225
7434902 15098511
7434902 15112961
7434902 15154217
7434902 15234657
7434902 15488968
7434902 15578992
7434902 15582769
7434902 15838599
7434902 16079941
7434902 16102815
7434902 16364644
7434902 16799897
7434902 16874875
7434902 17214479
7434902 18301663
7434902 18666844
7434902 18715024
7434902 18755518
7434902 18890465
7434902 18892183
7434902 19413393
7434902 19414296
7434902 19550535
7434902 19595287
7434902 22841103
7434902 24585498
7434902 36311369
7434902 38514229
7434902 45862504
7434902 48485771
7434902 93905958
7434902 121258930
7565302 15913
7565302 1183041
7565302 3359851
7565302 6608332
7565302 7157132
7565302 7852172
7565302 7861312
7565302 7861622
7565302 9451052
7565302 13687132
7565302 14137885
7565302 14922225
7565302 15222083
7565302 15234657
7565302 15259010
7565302 15575251
7565302 15578992
7565302 15838599
7565302 17092592
7565302 18849313
7565302 18900668
7565302 19413393
7565302 22679419
7565302 22841103
7565302 23645599
7565302 24585498
7565302 24741685
7565302 24742040
7565302 26173611
7565302 34711597
7565302 45862504
7565302 48370736
7565302 48485771
7565302 60642052
7565302 61436635
7565302 64488804
7565302 87764480
7565302 92357649
7565302 121258930
7565302 146155608
7565302 290097288
7710472 15913
7710472 3359851
7710472 7565302
7710472 9451052
7710472 10824382
7710472 15222083
7710472 15234657
7710472 18849313
7710472 24585498
7710472 31037985
7710472 48485771
7710472 64488804
7852172 3840
7852172 7846
7852172 10350
7852172 15913
7852172 1183041
7852172 7565302
7852172 7860742
7852172 7861312
7852172 7861622
7852172 7872262
7852172 13687132
7852172 14589257
7852172 15234657
7852172 60968363
7852172 177564924
7860742 7846
7860742 10350
7860742 15913
7860742 1065921
7860742 1183041
7860742 2735591
7860742 3359851
7860742 3443591
7860742 7157132
7860742 7377812
7860742 7565302
7860742 7852172
7860742 7861312
7860742 7861622
7860742 7872262
7860742 7925002
7860742 9451052
7860742 10824382
7860742 11461102
7860742 11911082
7860742 13687132
7860742 13894102
7860742 14155052
7860742 14180231
7860742 14269220
7860742 14471778
7860742 14498387
7860742 14589257
7860742 14609321
7860742 14688086
7860742 14691709
7860742 14922225
7860742 15222083
7860742 15259010
7860742 15447248
7860742 15575251
7860742 15739966
7860742 15846407
7860742 15853668
7860742 16079941
7860742 16098603
7860742 16453996
7860742 16799897
7860742 17092592
7860742 17140787
7860742 17632072
7860742 18021714
7860742 18776017
7860742 19370213
7860742 19413393
7860742 20273398
7860742 20880546
7860742 21195122
7860742 22679419
7860742 24004172
7860742 24081780
7860742 24585498
7860742 24641194
7860742 24742040
7860742 25952851
7860742 26173611
7860742 28719244
7860742 42361118
7860742 42943177
7860742 45416789
7860742 47161442
7860742 48370736
7860742 48485771
7860742 60968363
7860742 65913144
7860742 71383220
7860742 92357649
7860742 111210694
7860742 116952434
7860742 187744415
7860742 235216483
7860742 235818781
7860742 309366491
7861312 10350
7861312 10923
7861312 15913
7861312 1183041
7861312 1775861
7861312 2009991
7861312 4893411
7861312 5848412
7861312 7861622
7861312 8914942
7861312 9451052
7861312 15362015
7861312 15488968
7861312 15575251
7861312 15583454
7861312 15853073
7861312 17140787
7861312 18755518
7861312 48485771
7861622 7846
7861622 15913
7861622 1183041
7861622 1775861
7861622 4893411
7861622 7852172
7861622 7860742
7861622 7861312
7861622 8914942
7861622 9451052
7861622 15300838
7861622 15575251
7861622 59804598
7872262 7846
7872262 10350
7872262 12223
7872262 15913
7872262 1065921
7872262 3359851
7872262 3443591
7872262 6608332
7872262 7852172
7872262 7860742
7872262 7861312
7872262 7861622
7872262 7925002
7872262 8146732
7872262 9413072
7872262 9451052
7872262 11461102
7872262 11911082
7872262 13894102
7872262 14155052
7872262 14269220
7872262 14471778
7872262 14498387
7872262 14589257
7872262 14609321
7872262 14688086
7872262 14691709
7872262 14692604
7872262 14922225
7872262 15112961
7872262 15222083
7872262 15575251
7872262 15853668
7872262 16079941
7872262 16098603
7872262 16453996
7872262 18021714
7872262 18666844
7872262 18776017
7872262 19413393
7872262 19595287
7872262 20880546
7872262 21195122
7872262 24004172
7872262 24081780
7872262 24641194
7872262 24742040
7872262 28719244
7872262 42361118
7872262 45416789
7872262 47161442
7872262 48485771
7872262 60968363
7872262 65913144
7872262 71383220
7872262 71606873
7872262 93905958
7872262 116952434
7872262 235216483
7872262 235818781
7872262 290097288
7872262 309366491
7925002 15913
7925002 7860742
7925002 7861312
7925002 7872262
7925002 14269220
7925002 14609321
7925002 14691709
7925002 14922225
7925002 16098603
7925002 19595287
7925002 24004172
7925002 47161442
7925002 48370736
7925002 60968363
7925002 65913144
7925002 71606873
7925002 235216483
7925002 235818781
8146732 10350
8146732 12223
8146732 15913
8146732 1183041
8146732 6608332
8146732 7872262
8146732 9413072
8146732 9451052
8146732 13687132
8146732 14471778
8146732 14498387
8146732 14498622
8146732 14609321
8146732 15234657
8146732 15578992
8146732 15838599
8146732 15853668
8146732 16098603
8146732 18666844
8146732 28960709
8146732 65913144
8146732 235818781
8146732 309366491
8914942 10350
8914942 15913
8914942 1183041
8914942 3443591
8914942 7861312
8914942 14414761
8914942 14498622
8914942 15300838
8914942 15773009
8914942 34378922
8978672 15913
8978672 229523
8978672 755165
8978672 789658
8978672 849131
8978672 1455911
8978672 5676102
8978672 15416485
8978672 15670515
8978672 16409781
8978672 16425197
8978672 91396874
9117202 15913
9117202 65673
9117202 3359851
9117202 5442012
9117202 24542441
9117202 26422087
9117202 34068984
9117202 111164068
9117202 126444583
9117202 134979402
9117202 184637153
9117202 204089551
9117202 294198566
9117202 309366491
9117202 374949999
9117202 529658284
9275742 10350
9275742 15913
9275742 7861312
9275742 13324892
9275742 14155052
9275742 14589257
9275742 15575251
9275742 18755518
9275742 20880546
9275742 24560836
9275742 48485771
9275742 250831586
9413072 15913
9413072 1183041
9413072 1702611
9413072 3253671
9413072 3359851
9413072 3443591
9413072 5442012
9413072 6608332
9413072 7377812
9413072 7860742
9413072 7872262
9413072 8146732
9413072 9451052
9413072 14155052
9413072 14269220
9413072 14498387
9413072 14498622
9413072 14609321
9413072 14692604
9413072 15222083
9413072 16098603
9413072 17140787
9413072 18021714
9413072 18666844
9413072 19370213
9413072 19595287
9413072 45416789
9413072 48485771
9413072 53459595
9413072 60968363
9413072 65913144
9413072 87764480
9413072 235216483
9451052 7846
9451052 10350
9451052 12223
9451052 15913
9451052 1702611
9451052 3096071
9451052 3359851
9451052 3443591
9451052 4893411
9451052 5848412
9451052 6608332
9451052 7157132
9451052 7194892
9451052 7565302
9451052 7861312
9451052 9275742
9451052 13185852
9451052 13356642
9451052 13687132
9451052 14155052
9451052 14453798
9451052 14471778
9451052 14575846
9451052 15222083
9451052 15234657
9451052 15259010
9451052 15362015
9451052 15488968
9451052 15591032
9451052 18715024
9451052 18755518
9451052 18900668
9451052 19413393
9451052 19414296
9451052 19595287
9451052 20273398
9451052 22841103
9451052 24585498
9451052 24742040
9451052 31037985
9451052 33191389
9451052 34068984
9451052 36311369
9451052 43662236
9451052 45862504
9451052 48485771
9451052 64488804
9451052 87764480
9451052 144040563
9451052 144064703
9451052 154708725
9507322 3840
9507322 15913
9507322 14575846
10115042 15913
10115042 7377812
10115042 9451052
10115042 12101862
10115042 14609321
10115042 14692604
10115042 15222083
10115042 16098603
10115042 16626187
10115042 18776017
10115042 19550535
10115042 38514229
10115042 48485771
10115042 87764480
10668202 10350
10668202 15913
10668202 1065921
10668202 9451052
10668202 18581803
10668202 19413393
10824382 12223
10824382 15913
10824382 1183041
10824382 3359851
10824382 3442781
10824382 3443591
10824382 3462421
10824382 6608332
10824382 7377812
10824382 7434902
10824382 7860742
10824382 7861312
10824382 9451052
10824382 13185852
10824382 13687132
10824382 14038862
10824382 14155052
10824382 14922225
10824382 15154217
10824382 15222083
10824382 15234657
10824382 15259010
10824382 15447248
10824382 15575251
10824382 15638249
10824382 15838599
10824382 16799897
10824382 17053354
10824382 17092592
10824382 17214479
10824382 18715024
10824382 18791343
10824382 18811254
10824382 18849313
10824382 19414296
10824382 19550535
10824382 21637624
10824382 24585498
10824382 24741685
10824382 24742040
10824382 26173611
10824382 38514229
10824382 39394932
10824382 48370736
10824382 48485771
10824382 64488804
10824382 87764480
11461102 15913
11461102 1065921
11461102 3253671
11461102 3359851
11461102 3443591
11461102 3824401
11461102 5442012
11461102 6478202
11461102 7377812
11461102 7860742
11461102 7861312
11461102 7872262
11461102 9413072
11461102 13894102
11461102 14269220
11461102 14471778
11461102 16079941
11461102 16098603
11461102 17140787
11461102 18666844
11461102 19519349
11461102 19595287
11461102 22831657
11461102 24004172
11461102 55338862
11461102 59804598
11648692 17564647
11648692 19311729
11648692 20471349
11648692 23215572
11648692 26800967
11648692 59804598
11648692 67818595
11648692 115313263
11648692 160008685
11648692 172161833
11648692 186745799
11648692 210731960
11648692 211614808
11648692 238308325
11648692 240063501
11648692 281159810
11648692 307642294
11648692 309325161
11648692 325106566
11648692 337952973
11648692 339943969
11648692 356447837
11648692 384621304
11648692 385621090
11648692 560929638
11666142 10350
11666142 13348
11666142 15913
11666142 1183041
11666142 1702611
11666142 2158461
11666142 13687132
11666142 14155052
11666142 14804903
11666142 15006779
11666142 15018214
11666142 16102815
11666142 16120265
11666142 16874875
11666142 16930986
11666142 18301663
11666142 49465463
11911082 15913
11911082 2735591
11911082 7860742
11911082 7872262
11911082 14471778
11911082 14498387
11911082 16079941
11911082 16453996
11911082 17092592
11911082 22679419
11911082 24004172
11911082 24742040
12101862 7846
12101862 15913
12101862 5676102
12101862 7861312
12101862 14874480
12101862 15846407
12101862 17521796
12101862 18776017
12101862 60642052
12101862 87764480
12121162 15913
12121162 65673
12121162 3359851
12121162 3442781
12121162 3443591
12121162 6608332
12121162 7157132
12121162 7565302
12121162 9451052
12121162 13687132
12121162 14269220
12121162 14589257
12121162 15222083
12121162 15234657
12121162 15575251
12121162 18849313
12121162 18900668
12121162 19414296
12121162 19563357
12121162 20273398
12121162 21239763
12121162 22679419
12121162 22831657
12121162 33191389
12121162 34068984
12121162 38542252
12121162 45862504
12121162 48485771
12121162 63787760
12121162 64285972
12121162 93905958
12121162 96605784
12121162 116952434
12121162 144064703
12121162 152065057
12121162 154708725
12121162 187744415
12121162 191548936
12121162 290097288
12121162 294198566
12294012 15913
12294012 1265091
12294012 14269220
12294012 15234657
12294012 15416485
12294012 15447248
12294012 17140787
12771872 15913
12771872 5442012
12771872 14155052
12771872 14213416
12771872 14269220
12771872 14609321
12771872 17521796
12771872 17787399
12771872 18701960
12771872 18755518
12771872 19802312
12771872 23645599
12771872 24585498
12771872 24942585
12771872 38514229
12771872 45862504
12771872 64488804
12970892 15913
12970892 3462421
12970892 7434902
12970892 14575846
12970892 14609321
12970892 15488968
12970892 16364644
12970892 19414296
12970892 24585498
12970892 38514229
12970892 48485771
13185852 10350
13185852 12223
13185852 15913
13185852 1183041
13185852 1702611
13185852 2735591
13185852 3359851
13185852 3462421
13185852 6608332
13185852 7194892
13185852 7434902
13185852 7861312
13185852 9275742
13185852 9451052
13185852 13356642
13185852 14038862
13185852 14155052
13185852 14224219
13185852 14453798
13185852 14471778
13185852 14575846
13185852 14589257
13185852 14922225
13185852 15154217
13185852 15222083
13185852 15234657
13185852 15447248
13185852 15575251
13185852 15582769
13185852 15638249
13185852 15838599
13185852 16102815
13185852 16364644
13185852 16799897
13185852 17214479
13185852 18715024
13185852 18755518
13185852 18811254
13185852 18892183
13185852 19414296
13185852 19550535
13185852 19595287
13185852 19759597
13185852 22679419
13185852 24585498
13185852 24742040
13185852 34068984
13185852 38514229
13185852 39394932
13185852 48370736
13185852 48485771
13185852 53789489
13185852 64488804
13324892 13348
13324892 15913
13324892 2735591
13324892 24724740
13356642 12223
13356642 15913
13356642 3096071
13356642 3359851
13356642 6608332
13356642 7194892
13356642 9451052
13356642 13185852
13356642 14155052
13356642 14224219
13356642 14453798
13356642 14609321
13356642 15222083
13356642 15575251
13356642 15591032
13356642 15638249
13356642 16358416
13356642 16799897
13356642 19414296
13356642 19595287
13356642 19759597
13356642 24585498
13356642 31037985
13356642 33191389
13356642 39394932
13356642 53789489
13356642 64488804
13356642 87764480
13434092 15913
13434092 5676102
13434092 15416485
13434092 16120265
13434092 16930986
13687132 10350
13687132 15913
13687132 3359851
13687132 3443591
13687132 5443002
13687132 6608332
13687132 7194892
13687132 7860742
13687132 7861312
13687132 9451052
13687132 14498622
13687132 15222083
13687132 15234657
13687132 15259010
13687132 15488968
13687132 15578992
13687132 15739966
13687132 15838599
13687132 17092592
13687132 18849313
13687132 18900668
13687132 19413393
13687132 21339114
13687132 23645599
13687132 24585498
13687132 64488804
13687132 92357649
13894102 15913
13894102 3253671
13894102 6608332
13894102 7860742
13894102 7872262
13894102 7925002
13894102 11461102
13894102 14180231
13894102 14269220
13894102 14498387
13894102 16098603
13894102 16453996
13894102 18666844
13894102 19370213
13894102 19595287
13894102 22831657
13894102 24641194
13894102 45416789
13894102 55338862
13894102 64488804
13894102 65913144
13894102 235216483
14038862 15913
14038862 1065921
14038862 3359851
14038862 3443591
14038862 5442012
14038862 5443002
14038862 6608332
14038862 7157132
14038862 7377812
14038862 7565302
14038862 7860742
14038862 7861312
14038862 7861622
14038862 9275742
14038862 9451052
14038862 10824382
14038862 13185852
14038862 13687132
14038862 14155052
14038862 14180231
14038862 14269220
14038862 14453798
14038862 14471778
14038862 14589257
14038862 14691709
14038862 14922225
14038862 14999606
14038862 15098511
14038862 15222083
14038862 15234657
14038862 15259010
14038862 15447248
14038862 15575251
14038862 15838599
14038862 16098603
14038862 16651072
14038862 17092592
14038862 17140787
14038862 17214479
14038862 18666844
14038862 18776017
14038862 18791343
14038862 18849313
14038862 18900668
14038862 20273398
14038862 20880546
14038862 21339114
14038862 22679419
14038862 22841103
14038862 23645599
14038862 24585498
14038862 24742040
14038862 25952851
14038862 34378922
14038862 45416789
14038862 45862504
14038862 48485771
14038862 59804598
14038862 63787760
14038862 64285972
14038862 64488804
14038862 87764480
14038862 92357649
14038862 93905958
14038862 144040563
14038862 146155608
14091509 13348
14091509 15913
14091509 72373
14091509 229523
14091509 755165
14091509 765694
14091509 789658
14091509 849131
14091509 2572271
14091509 5676102
14091509 15416485
14091509 15670515
14091509 16095572
14091509 16120265
14091509 16425197
14091509 16930986
14091509 17000457
14091509 24741685
14091509 49465463
14137885 12223
14137885 15913
14137885 1702611
14137885 3462421
14137885 14155052
14137885 14453798
14137885 14575846
14137885 15234657
14137885 15259010
14137885 16102815
14137885 18755518
14137885 18900668
14137885 19413393
14137885 19414296
14137885 20273398
14137885 22679419
14137885 24585498
14137885 33191389
14137885 48485771
14155052 10350
14155052 12223
14155052 15913
14155052 1065921
14155052 1183041
14155052 1702611
14155052 3096071
14155052 3359851
14155052 3443591
14155052 6608332
14155052 7194892
14155052 7434902
14155052 7861312
14155052 7872262
14155052 8146732
14155052 9275742
14155052 9451052
14155052 11666142
14155052 13185852
14155052 13356642
14155052 14224219
14155052 14269220
14155052 14424667
14155052 14453798
14155052 14498622
14155052 14575846
14155052 14589257
14155052 14922225
14155052 15112961
14155052 15154217
14155052 15222083
14155052 15234657
14155052 15259010
14155052 15447248
14155052 15488968
14155052 15575251
14155052 15578992
14155052 15582769
14155052 15591032
14155052 16098603
14155052 16102815
14155052 16358416
14155052 16799897
14155052 16874875
14155052 17092592
14155052 18345193
14155052 18666844
14155052 18701960
14155052 18715024
14155052 18755518
14155052 18892183
14155052 18900668
14155052 19413393
14155052 19414296
14155052 19550535
14155052 19563357
14155052 19595287
14155052 19802312
14155052 20880546
14155052 21339114
14155052 22841103
14155052 23645599
14155052 24585498
14155052 24742040
14155052 24942585
14155052 26173611
14155052 31037985
14155052 33191389
14155052 36311369
14155052 39394932
14155052 45416789
14155052 45862504
14155052 48485771
14155052 64488804
14155052 87764480
14155052 92357649
14155052 93905958
14155052 144040563
14155052 146155608
14180231 15913
14180231 1065921
14180231 3359851
14180231 3443591
14180231 5442012
14180231 6478202
14180231 6608332
14180231 7377812
14180231 7860742
14180231 12771872
14180231 13894102
14180231 14038862
14180231 14424667
14180231 14471778
14180231 14688086
14180231 14692604
14180231 14999606
14180231 15098511
14180231 15222083
14180231 16098603
14180231 16453996
14180231 16651072
14180231 17092592
14180231 17632072
14180231 17722816
14180231 18581803
14180231 18776017
14180231 18900668
14180231 19413393
14180231 19563357
14180231 20471349
14180231 21195122
14180231 23215572
14180231 24004172
14180231 24081780
14180231 24641194
14180231 24742040
14180231 25952851
14180231 26800967
14180231 28478859
14180231 28933226
14180231 37444945
14180231 38514229
14180231 42361118
14180231 45416789
14180231 46762510
14180231 47495471
14180231 48485771
14180231 65913144
14180231 67818595
14180231 71606873
14180231 116952434
14180231 117187783
14180231 160008685
14180231 191548936
14180231 200212364
14180231 211614808
14180231 229141679
14180231 258203336
14180231 262775327
14180231 288231953
14180231 307642294
14180231 325106566
14180231 341840097
14213416 15913
14213416 24585498
14213856 15913
14213856 48485771
14213856 309366491
14224219 15913
14224219 3359851
14224219 13185852
14224219 13356642
14224219 15234657
14224219 16358416
14224219 22841103
14224219 24585498
14224219 33191389
14224219 39394932
14224219 53789489
14269220 10350
14269220 12223
14269220 15913
14269220 789314
14269220 849131
14269220 1065921
14269220 1183041
14269220 1702611
14269220 3096071
14269220 3253671
14269220 3359851
14269220 3442781
14269220 3443591
14269220 4291741
14269220 5442012
14269220 5443002
14269220 6608332
14269220 7157132
14269220 7194892
14269220 7434902
14269220 7852172
14269220 7860742
14269220 7861312
14269220 7861622
14269220 7872262
14269220 7925002
14269220 8914942
14269220 9451052
14269220 11461102
14269220 12121162
14269220 12771872
14269220 13185852
14269220 13687132
14269220 13894102
14269220 14155052
14269220 14414761
14269220 14453798
14269220 14498387
14269220 14575846
14269220 14589257
14269220 14691709
14269220 14874480
14269220 14922225
14269220 15154217
14269220 15234657
14269220 15259010
14269220 15416485
14269220 15447248
14269220 15575251
14269220 15591032
14269220 15838599
14269220 16079941
14269220 16098603
14269220 16425197
14269220 17092592
14269220 17140787
14269220 17787399
14269220 18666844
14269220 18701960
14269220 18715024
14269220 18755518
14269220 18776017
14269220 18849313
14269220 18890465
14269220 18892183
14269220 18900668
14269220 19370213
14269220 19413393
14269220 19414296
14269220 19563357
14269220 19595287
14269220 20273398
14269220 21339114
14269220 22679419
14269220 22831657
14269220 22841103
14269220 23645599
14269220 24004172
14269220 24585498
14269220 24741685
14269220 24742040
14269220 24942585
14269220 31037985
14269220 33191389
14269220 34068984
14269220 34378922
14269220 36311369
14269220 38514229
14269220 39394932
14269220 42361118
14269220 42943177
14269220 45416789
14269220 45862504
14269220 47161442
14269220 48485771
14269220 53789489
14269220 55338862
14269220 59804598
14269220 64488804
14269220 74286565
14269220 87764480
14269220 93905958
14269220 144040563
14269220 146155608
14269220 235216483
14269220 264925735
14269220 294198566
14301982 15913
14301982 48485771
14301982 59804598
14301982 309366491
14414761 10350
14414761 15913
14414761 1183041
14414761 3443591
14414761 7861312
14414761 14269220
14414761 14498622
14414761 15300838
14414761 15773009
14414761 17140787
14424667 15913
14424667 1065921
14424667 3359851
14424667 5442012
14424667 7377812
14424667 14180231
14424667 14453798
14424667 14589257
14424667 14922225
14424667 14999606
14424667 15098511
14424667 16038438
14424667 16098603
14424667 16651072
14424667 17053354
14424667 17092592
14424667 18581803
14424667 18666844
14424667 18849313
14424667 20880546
14424667 21195122
14424667 22841103
14424667 24742040
14424667 24942585
14424667 59804598
14424667 87764480
14424667 92357649
14424667 127569781
14424667 144040563
14424667 200212364
14448205 15913
14448205 1183041
14448205 7861312
14448205 14575846
14453798 10350
14453798 12223
14453798 15913
14453798 1065921
14453798 1183041
14453798 1702611
14453798 3096071
14453798 3359851
14453798 3443591
14453798 3462421
14453798 5442012
14453798 6608332
14453798 7194892
14453798 7434902
14453798 9275742
14453798 9451052
14453798 13185852
14453798 13356642
14453798 14137885
14453798 14155052
14453798 14269220
14453798 14471778
14453798 14575846
14453798 15112961
14453798 15154217
14453798 15222083
14453798 15575251
14453798 15582769
14453798 15591032
14453798 15638249
14453798 15838599
14453798 16079941
14453798 17053354
14453798 18715024
14453798 18755518
14453798 18811254
14453798 18892183
14453798 19550535
14453798 19595287
14453798 24585498
14453798 33191389
14453798 38514229
14453798 39394932
14453798 48485771
14453798 53789489
14453798 59804598
14453798 64488804
14453798 93905958
14471778 12223
14471778 15913
14471778 1065921
14471778 1702611
14471778 3096071
14471778 3462421
14471778 4291741
14471778 5442012
14471778 6608332
14471778 7194892
14471778 7377812
14471778 7434902
14471778 7860742
14471778 7872262
14471778 8146732
14471778 9451052
14471778 11461102
14471778 11911082
14471778 12771872
14471778 12970892
14471778 13185852
14471778 13356642
14471778 13687132
14471778 14180231
14471778 14453798
14471778 14498387
14471778 14575846
14471778 14589257
14471778 14609321
14471778 14692604
14471778 14922225
14471778 15098511
14471778 15112961
14471778 15154217
14471778 15447248
14471778 15488968
14471778 16079941
14471778 16098603
14471778 16626187
14471778 16799897
14471778 17092592
14471778 17214479
14471778 18345193
14471778 18666844
14471778 19414296
14471778 24004172
14471778 24585498
14471778 24641194
14471778 24942585
14471778 28719244
14471778 28933226
14471778 38514229
14471778 42361118
14471778 45416789
14471778 47161442
14471778 48370736
14471778 48485771
14471778 60968363
14471778 64488804
14471778 65913144
14471778 71383220
14471778 71606873
14471778 87764480
14471778 93905958
14471778 144040563
14471778 235216483
14498387 15913
14498387 1065921
14498387 7377812
14498387 7852172
14498387 7860742
14498387 7872262
14498387 8146732
14498387 9413072
14498387 13687132
14498387 14038862
14498387 14269220
14498387 14471778
14498387 14589257
14498387 14609321
14498387 14691709
14498387 14692604
14498387 14922225
14498387 15234657
14498387 15575251
14498387 16079941
14498387 16098603
14498387 16453996
14498387 16626187
14498387 17092592
14498387 18021714
14498387 18301663
14498387 18776017
14498387 19370213
14498387 19563357
14498387 21195122
14498387 21678052
14498387 24004172
14498387 24081780
14498387 24641194
14498387 42361118
14498387 45416789
14498387 47161442
14498387 48370736
14498387 60968363
14498387 71383220
14498387 71606873
14498387 187744415
14498387 235216483
14498622 10350
14498622 12223
14498622 15913
14498622 1183041
14498622 3442781
14498622 3443591
14498622 5442012
14498622 7861312
14498622 8146732
14498622 13687132
14498622 14155052
14498622 14691709
14498622 15222083
14498622 15300838
14498622 15488968
14498622 15575251
14498622 15578992
14498622 16079941
14498622 16799897
14498622 18666844
14498622 18715024
14498622 20273398
14498622 22841103
14498622 24585498
14498622 34378922
14498622 93905958
14498622 235216483
14575846 12223
14575846 15913
14575846 1065921
14575846 1183041
14575846 1702611
14575846 3096071
14575846 3359851
14575846 3443591
14575846 3462421
14575846 4291741
14575846 6608332
14575846 7194892
14575846 7434902
14575846 7861312
14575846 9451052
14575846 13356642
14575846 13687132
14575846 14155052
14575846 14224219
14575846 14269220
14575846 14453798
14575846 14471778
14575846 14498622
14575846 14691709
14575846 14692604
14575846 15098511
14575846 15112961
14575846 15222083
14575846 15234657
14575846 15447248
14575846 15488968
14575846 15578992
14575846 15582769
14575846 15591032
14575846 15838599
14575846 15853668
14575846 16079941
14575846 16102815
14575846 16799897
14575846 16874875
14575846 17092592
14575846 17214479
14575846 18345193
14575846 18715024
14575846 18755518
14575846 18890465
14575846 18892183
14575846 19413393
14575846 19414296
14575846 19550535
14575846 19595287
14575846 21339114
14575846 22841103
14575846 23645599
14575846 24724740
14575846 28960709
14575846 33191389
14575846 36311369
14575846 48485771
14575846 53789489
14575846 64488804
14575846 87764480
14575846 92357649
14575846 93905958
14589257 15913
14589257 1183041
14589257 3096071
14589257 5442012
14589257 7377812
14589257 7852172
14589257 7872262
14589257 9275742
14589257 14424667
14589257 14453798
14589257 14922225
14589257 15112961
14589257 15222083
14589257 15234657
14589257 15575251
14589257 15638249
14589257 15838599
14589257 16038438
14589257 16079941
14589257 16799897
14589257 17053354
14589257 18301663
14589257 20273398
14589257 20880546
14589257 26173611
14589257 45862504
14589257 48485771
14589257 64488804
14609321 15913
14609321 1065921
14609321 1183041
14609321 3096071
14609321 3359851
14609321 7194892
14609321 7434902
14609321 7852172
14609321 7872262
14609321 9413072
14609321 10115042
14609321 12970892
14609321 13356642
14609321 14155052
14609321 14471778
14609321 14498387
14609321 14575846
14609321 14691709
14609321 14692604
14609321 15154217
14609321 15488968
14609321 15582769
14609321 15591032
14609321 16079941
14609321 16098603
14609321 16626187
14609321 17214479
14609321 18021714
14609321 18301663
14609321 18666844
14609321 18715024
14609321 19414296
14609321 19595287
14609321 24004172
14609321 24641194
14609321 38514229
14609321 39394932
14609321 42361118
14609321 53459595
14609321 65913144
14609321 71606873
14609321 93905958
14609321 187744415
14609321 235216483
14688086 3840
14688086 10350
14688086 15913
14688086 1065921
14688086 3824401
14688086 6608332
14688086 7377812
14688086 7860742
14688086 7861312
14688086 7872262
14688086 9451052
14688086 11461102
14688086 14180231
14688086 14575846
14688086 14589257
14688086 14922225
14688086 15222083
14688086 17092592
14688086 17140787
14688086 18581803
14688086 18666844
14688086 18776017
14688086 19413393
14688086 20273398
14688086 20880546
14688086 21195122
14688086 21637624
14688086 24004172
14688086 24081780
14688086 24641194
14688086 28719244
14688086 42361118
14688086 47161442
14688086 48370736
14688086 60968363
14688086 65913144
14688086 87764480
14688086 92357649
14688086 93905958
14688086 229141679
14691709 10350
14691709 12223
14691709 15913
14691709 1065921
14691709 1702611
14691709 3359851
14691709 3442781
14691709 3443591
14691709 6608332
14691709 7157132
14691709 7377812
14691709 7565302
14691709 7860742
14691709 7861312
14691709 7925002
14691709 8146732
14691709 9451052
14691709 10824382
14691709 12121162
14691709 13356642
14691709 13687132
14691709 14038862
14691709 14155052
14691709 14269220
14691709 14453798
14691709 14471778
14691709 14498622
14691709 14575846
14691709 14589257
14691709 14609321
14691709 14692604
14691709 14922225
14691709 15098511
14691709 15154217
14691709 15222083
14691709 15234657
14691709 15259010
14691709 15447248
14691709 15575251
14691709 15578992
14691709 15670515
14691709 15838599
14691709 15846407
14691709 16098603
14691709 16799897
14691709 17053354
14691709 17092592
14691709 17214479
14691709 18581803
14691709 18715024
14691709 18776017
14691709 18791343
14691709 18849313
14691709 18900668
14691709 19413393
14691709 19550535
14691709 19563357
14691709 19595287
14691709 20273398
14691709 20880546
14691709 21195122
14691709 21678052
14691709 22679419
14691709 22841103
14691709 24585498
14691709 24641194
14691709 24742040
14691709 33191389
14691709 34068984
14691709 34378922
14691709 34711597
14691709 36311369
14691709 39394932
14691709 47161442
14691709 48370736
14691709 48485771
14691709 59804598
14691709 64285972
14691709 87764480
14691709 92357649
14691709 93905958
14691709 111210694
14691709 152065057
14691709 229141679
14691709 235818781
14692604 12223
14692604 15913
14692604 1065921
14692604 1183041
14692604 1702611
14692604 3096071
14692604 3443591
14692604 3462421
14692604 4291741
14692604 6608332
14692604 7194892
14692604 7377812
14692604 7434902
14692604 7565302
14692604 7861312
14692604 7872262
14692604 8146732
14692604 9275742
14692604 9413072
14692604 10115042
14692604 13185852
14692604 13356642
14692604 14155052
14692604 14180231
14692604 14269220
14692604 14453798
14692604 14471778
14692604 14498387
14692604 14498622
14692604 14575846
14692604 14589257
14692604 14609321
14692604 14691709
14692604 14922225
14692604 14999606
14692604 15098511
14692604 15112961
14692604 15154217
14692604 15222083
14692604 15234657
14692604 15259010
14692604 15447248
14692604 15488968
14692604 15578992
14692604 15582769
14692604 15591032
14692604 15638249
14692604 16098603
14692604 16626187
14692604 17053354
14692604 17092592
14692604 17214479
14692604 18021714
14692604 18301663
14692604 18581803
14692604 18666844
14692604 18715024
14692604 18755518
14692604 18791343
14692604 18892183
14692604 18900668
14692604 19413393
14692604 19414296
14692604 19595287
14692604 20108560
14692604 20273398
14692604 20880546
14692604 21195122
14692604 21339114
14692604 22679419
14692604 22841103
14692604 24585498
14692604 24742040
14692604 33191389
14692604 36311369
14692604 39394932
14692604 42361118
14692604 45416789
14692604 45862504
14692604 48485771
14692604 53459595
14692604 65913144
14692604 71606873
14692604 87764480
14692604 92357649
14692604 93905958
14692604 235216483
14804903 15913
14804903 1064051
14804903 1702611
14804903 2158461
14804903 11666142
14804903 13687132
14804903 15006779
14804903 15009761
14804903 15018214
14804903 15582769
14804903 16120265
14804903 16425197
14804903 18301663
14804903 49465463
14874480 13348
14874480 15913
14874480 72373
14874480 849131
14874480 12101862
14874480 14269220
14874480 15416485
14874480 15670515
14874480 16095572
14874480 16120265
14874480 16409781
14874480 16425197
14874480 17034634
14874480 24741685
14874480 24742040
14874480 49465463
14874480 55338862
14874480 74286565
14874480 91396874
14922225 15913
14922225 3443591
14922225 5443002
14922225 7157132
14922225 7565302
14922225 7860742
14922225 7872262
14922225 7925002
14922225 10824382
14922225 14498387
14922225 14589257
14922225 15234657
14922225 15575251
14922225 15739966
14922225 15838599
14922225 16098603
14922225 17092592
14922225 18776017
14922225 21195122
14922225 22679419
14922225 24081780
14922225 24585498
14922225 24742040
14922225 42361118
14922225 45416789
14922225 47161442
14922225 48370736
14922225 60968363
14922225 65913144
14922225 87764480
14922225 235216483
14999606 15913
14999606 3096071
14999606 3443591
14999606 3462421
14999606 6608332
14999606 7194892
14999606 7377812
14999606 14038862
14999606 14155052
14999606 14180231
14999606 14269220
14999606 14424667
14999606 14575846
14999606 14691709
14999606 14692604
14999606 14922225
14999606 15098511
14999606 15222083
14999606 15234657
14999606 15259010
14999606 15578992
14999606 16651072
14999606 17092592
14999606 18715024
14999606 18755518
14999606 18900668
14999606 19413393
14999606 21339114
14999606 22679419
14999606 22841103
14999606 23645599
14999606 24585498
14999606 28933226
14999606 33191389
14999606 45862504
14999606 48485771
14999606 65913144
14999606 87764480
14999606 92357649
14999606 121258930
14999606 229141679
15006539 15913
15006779 15913
15006779 1064051
15006779 1702611
15006779 2158461
15006779 11666142
15006779 13687132
15006779 14804903
15006779 15009761
15006779 15018214
15006779 49465463
15009761 15913
15009761 1064051
15009761 1702611
15009761 2158461
15009761 13687132
15009761 14804903
15009761 15006779
15009761 15018214
15009761 17092592
15018214 10350
15018214 13348
15018214 15913
15018214 1064051
15018214 1702611
15018214 2158461
15018214 11666142
15018214 13687132
15018214 14155052
15018214 14575846
15018214 14804903
15018214 15006779
15018214 15009761
15018214 15582769
15018214 16120265
15018214 49465463
15070932 11648692
15070932 15846407
15070932 17448921
15070932 17564647
15070932 19311729
15070932 20471349
15070932 21504535
15070932 23215572
15070932 24125323
15070932 26176694
15070932 26800967
15070932 29785987
15070932 30267128
15070932 36850842
15070932 40329238
15070932 49781679
15070932 58245520
15070932 59804598
15070932 67818595
15070932 74325773
15070932 79056710
15070932 87044829
15070932 105150583
15070932 105895378
15070932 115313263
15070932 123684709
15070932 127935456
15070932 130917777
15070932 160008685
15070932 172161833
15070932 186745799
15070932 210731960
15070932 211614808
15070932 238308325
15070932 240063501
15070932 247031120
15070932 248861233
15070932 250708662
15070932 250831586
15070932 252887163
15070932 253893287
15070932 262775327
15070932 275550472
15070932 277675909
15070932 281159810
15070932 287411130
15070932 296242468
15070932 297683673
15070932 307642294
15070932 308103112
15070932 309064372
15070932 309325161
15070932 322822476
15070932 325106566
15070932 337952973
15070932 339943969
15070932 345569115
15070932 355602073
15070932 356447837
15070932 381296177
15070932 382360772
15070932 384621304
15070932 385621090
15070932 422114084
15070932 431983156
15070932 446023451
15070932 448774841
15070932 467903803
15070932 491431687
15070932 498542846
15070932 543373651
15070932 548631386
15070932 560482964
15070932 560929638
15098511 10350
15098511 12223
15098511 15913
15098511 1702611
15098511 3096071
15098511 3443591
15098511 3462421
15098511 6608332
15098511 7377812
15098511 7434902
15098511 7565302
15098511 14038862
15098511 14137885
15098511 14155052
15098511 14180231
15098511 14269220
15098511 14424667
15098511 14453798
15098511 14471778
15098511 14575846
15098511 14609321
15098511 14691709
15098511 14692604
15098511 14922225
15098511 14999606
15098511 15154217
15098511 15234657
15098511 16364644
15098511 17092592
15098511 17214479
15098511 18345193
15098511 18666844
15098511 18715024
15098511 18755518
15098511 18892183
15098511 18900668
15098511 19413393
15098511 19414296
15098511 19550535
15098511 20273398
15098511 21339114
15098511 22679419
15098511 22831657
15098511 24585498
15098511 28933226
15098511 33191389
15098511 36311369
15098511 38514229
15098511 45862504
15098511 48485771
15098511 92357649
15098511 93905958
15098511 229141679
15112961 12223
15112961 15913
15112961 1702611
15112961 3096071
15112961 3442781
15112961 3462421
15112961 5442012
15112961 7377812
15112961 7872262
15112961 9451052
15112961 13356642
15112961 14155052
15112961 14453798
15112961 14575846
15112961 14589257
15112961 14692604
15112961 15575251
15112961 15582769
15112961 16799897
15112961 16874875
15112961 17028313
15112961 18715024
15112961 18791343
15112961 19162933
15112961 19414296
15112961 20019469
15112961 20880546
15112961 24585498
15112961 24942585
15112961 31037985
15112961 33191389
15112961 48485771
15112961 64488804
15112961 121258930
15112961 144040563
15112961 146071420
15112961 146155608
15154217 12223
15154217 15913
15154217 3096071
15154217 3359851
15154217 6608332
15154217 7194892
15154217 7860742
15154217 9451052
15154217 13185852
15154217 13356642
15154217 14155052
15154217 14269220
15154217 14453798
15154217 14575846
15154217 14609321
15154217 15222083
15154217 15488968
15154217 15591032
15154217 15638249
15154217 16098603
15154217 18666844
15154217 18715024
15154217 18811254
15154217 19414296
15154217 19550535
15154217 19595287
15154217 20880546
15154217 22831657
15154217 24585498
15154217 38514229
15154217 39394932
15154217 45416789
15154217 48485771
15154217 53789489
15154217 64488804
15154217 65913144
15154217 144040563
15222083 10350
15222083 12223
15222083 15913
15222083 1065921
15222083 1702611
15222083 3096071
15222083 3359851
15222083 3442781
15222083 3443591
15222083 3462421
15222083 4291741
15222083 5442012
15222083 5443002
15222083 6068612
15222083 6608332
15222083 7157132
15222083 7194892
15222083 7377812
15222083 7565302
15222083 7860742
15222083 7861312
15222083 8146732
15222083 9275742
15222083 9413072
15222083 9451052
15222083 10115042
15222083 10824382
15222083 13185852
15222083 13356642
15222083 13687132
15222083 14038862
15222083 14155052
15222083 14180231
15222083 14269220
15222083 14453798
15222083 14498622
15222083 14575846
15222083 14589257
15222083 14609321
15222083 14688086
15222083 14691709
15222083 14692604
15222083 14922225
15222083 14999606
15222083 15112961
15222083 15154217
15222083 15234657
15222083 15259010
15222083 15447248
15222083 15488968
15222083 15575251
15222083 15578992
15222083 15582769
15222083 15591032
15222083 15638249
15222083 15838599
15222083 16079941
15222083 16098603
15222083 16358416
15222083 16626187
15222083 16651072
15222083 16799897
15222083 16874875
15222083 17053354
15222083 17092592
15222083 17214479
15222083 18301663
15222083 18581803
15222083 18666844
15222083 18715024
15222083 18811254
15222083 18849313
15222083 18900668
15222083 19413393
15222083 19414296
15222083 19550535
15222083 19595287
15222083 19759597
15222083 20273398
15222083 22679419
15222083 22841103
15222083 23645599
15222083 24585498
15222083 24742040
15222083 26173611
15222083 31037985
15222083 33191389
15222083 34378922
15222083 36311369
15222083 39394932
15222083 45862504
15222083 48485771
15222083 53789489
15222083 59804598
15222083 60968363
15222083 64488804
15222083 87764480
15222083 92357649
15222083 93905958
15222083 121258930
15222083 144040563
15222083 154708725
15222083 229141679
15234657 10350
15234657 15913
15234657 1183041
15234657 2735591
15234657 5442012
15234657 7157132
15234657 7194892
15234657 7861312
15234657 9451052
15234657 10824382
15234657 12101862
15234657 13687132
15234657 14922225
15234657 15575251
15234657 15853668
15234657 16098603
15234657 18776017
15234657 18849313
15234657 19550535
15234657 20108560
15234657 20273398
15234657 22679419
15234657 22841103
15234657 24742040
15234657 48485771
15234657 61436635
15234657 87764480
15234657 92357649
15234657 93905958
15234657 121258930
15259010 10350
15259010 15913
15259010 1183041
15259010 7157132
15259010 7861312
15259010 13687132
15259010 14453798
15259010 15234657
15259010 24585498
15300838 10350
15300838 15913
15300838 1183041
15300838 3443591
15300838 4893411
15300838 7861312
15300838 8914942
15300838 14414761
15300838 14498622
15300838 15773009
15300838 34378922
15300838 127569781
15362015 10350
15362015 15913
15362015 1183041
15362015 4893411
15362015 7861312
15362015 7861622
15362015 9451052
15362015 15583454
15382192 15913
15416485 13348
15416485 15913
15416485 229523
15416485 253973
15416485 755165
15416485 789658
15416485 1455911
15416485 5676102
15416485 13434092
15416485 14091509
15416485 16095572
15416485 16120265
15416485 16425197
15416485 16930986
15416485 24741685
15416485 49465463
15430929 15913
15430929 1183041
15430929 3253671
15430929 6068612
15430929 7434902
15430929 7861312
15430929 14155052
15430929 14269220
15430929 14575846
15430929 15582769
15430929 17140787
15430929 18666844
15430929 18755518
15430929 18890465
15430929 19550535
15430929 20880546
15430929 48485771
15447248 12223
15447248 15913
15447248 1065921
15447248 1183041
15447248 4291741
15447248 7157132
15447248 7565302
15447248 7860742
15447248 9451052
15447248 10824382
15447248 13356642
15447248 13687132
15447248 14269220
15447248 14691709
15447248 14922225
15447248 15222083
15447248 15234657
15447248 15575251
15447248 15638249
15447248 15838599
15447248 16098603
15447248 16874875
15447248 17092592
15447248 17140787
15447248 18776017
15447248 19550535
15447248 21637624
15447248 22679419
15447248 22841103
15447248 23645599
15447248 24585498
15447248 24742040
15447248 34378922
15447248 38514229
15447248 45862504
15447248 48370736
15447248 48485771
15447248 64488804
15447248 87764480
15447248 92357649
15447248 144040563
15488968 10350
15488968 12223
15488968 15913
15488968 1183041
15488968 1702611
15488968 3096071
15488968 3359851
15488968 4893411
15488968 5848412
15488968 6608332
15488968 7194892
15488968 7434902
15488968 7860742
15488968 7861622
15488968 8914942
15488968 9451052
15488968 12970892
15488968 13687132
15488968 14155052
15488968 14498622
15488968 14575846
15488968 14609321
15488968 14692604
15488968 15112961
15488968 15154217
15488968 15222083
15488968 15575251
15488968 15582769
15488968 16079941
15488968 16098603
15488968 16799897
15488968 16874875
15488968 17140787
15488968 17214479
15488968 18666844
15488968 18715024
15488968 18755518
15488968 18890465
15488968 18892183
15488968 19595287
15488968 19759597
15488968 20659225
15488968 20880546
15488968 24004172
15488968 24942585
15488968 38514229
15488968 48485771
15488968 59804598
15488968 87764480
15488968 144040563
15575251 15913
15575251 3359851
15575251 5848412
15575251 7861312
15575251 7861622
15575251 9275742
15575251 14589257
15575251 15112961
15575251 15222083
15575251 15488968
15575251 18900668
15575251 20880546
15575251 22679419
15575251 22841103
15575251 23645599
15575251 24585498
15575251 31037985
15575251 33191389
15575251 48485771
15575251 64488804
15575251 121258930
15575251 144040563
15575251 146155608
15578992 12223
15578992 15913
15578992 1183041
15578992 1702611
15578992 3359851
15578992 7434902
15578992 7565302
15578992 7861312
15578992 9451052
15578992 13356642
15578992 13687132
15578992 14155052
15578992 14453798
15578992 14575846
15578992 14589257
15578992 14691709
15578992 14922225
15578992 15222083
15578992 15259010
15578992 15488968
15578992 15838599
15578992 17214479
15578992 18715024
15578992 18755518
15578992 18776017
15578992 19414296
15578992 20273398
15578992 21339114
15578992 22679419
15578992 22841103
15578992 24585498
15578992 33191389
15578992 45862504
15578992 48485771
15578992 59804598
15578992 64488804
15578992 87764480
15582769 12223
15582769 15913
15582769 1702611
15582769 3096071
15582769 4291741
15582769 5442012
15582769 6608332
15582769 7194892
15582769 13185852
15582769 13356642
15582769 13687132
15582769 14155052
15582769 14269220
15582769 14453798
15582769 14575846
15582769 14804903
15582769 15018214
15582769 15112961
15582769 15222083
15582769 15430929
15582769 15488968
15582769 15591032
15582769 15638249
15582769 16079941
15582769 16874875
15582769 18666844
15582769 18715024
15582769 18755518
15582769 18890465
15582769 19413393
15582769 19414296
15582769 19595287
15582769 39394932
15582769 48485771
15583454 10350
15583454 15913
15583454 1183041
15583454 4893411
15583454 7861312
15583454 7861622
15583454 15362015
15591032 12223
15591032 15913
15591032 1702611
15591032 3359851
15591032 4291741
15591032 6608332
15591032 7194892
15591032 7861312
15591032 9451052
15591032 11666142
15591032 13185852
15591032 13356642
15591032 14155052
15591032 14269220
15591032 14453798
15591032 14575846
15591032 14609321
15591032 14692604
15591032 15154217
15591032 15582769
15591032 15638249
15591032 16102815
15591032 16874875
15591032 18666844
15591032 18715024
15591032 19414296
15591032 19550535
15591032 19595287
15591032 24585498
15638249 12223
15638249 15913
15638249 1183041
15638249 1702611
15638249 4291741
15638249 6608332
15638249 7194892
15638249 13185852
15638249 13356642
15638249 14453798
15638249 14575846
15638249 14589257
15638249 14692604
15638249 15154217
15638249 15222083
15638249 15447248
15638249 15582769
15638249 15591032
15638249 16079941
15638249 18666844
15638249 18715024
15638249 18811254
15638249 19550535
15638249 36311369
15638249 39394932
15638249 48485771
15638249 53789489
15638249 64488804
15638249 87764480
15670515 7846
15670515 10350
15670515 13348
15670515 15913
15670515 72373
15670515 229523
15670515 253973
15670515 755165
15670515 765694
15670515 789658
15670515 849131
15670515 1183041
15670515 1455911
15670515 3253671
15670515 3443591
15670515 5442012
15670515 5676102
15670515 7861312
15670515 8978672
15670515 11666142
15670515 14091509
15670515 14691709
15670515 14874480
15670515 15416485
15670515 16095572
15670515 16120265
15670515 16409781
15670515 16425197
15670515 16930986
15670515 17000457
15670515 17034634
15670515 17140787
15670515 18666844
15670515 19595287
15670515 24741685
15670515 24742040
15670515 49465463
15670515 55338862
15670515 74286565
15670515 91396874
15670515 93905958
15739966 13348
15739966 15913
15739966 3359851
15739966 7860742
15739966 7861312
15739966 10824382
15739966 13687132
15739966 14922225
15773009 10350
15773009 15913
15773009 1183041
15773009 7861312
15773009 14414761
15773009 15300838
15838599 15913
15838599 7194892
15838599 7565302
15846407 3840
15846407 7846
15846407 10350
15846407 13348
15846407 15913
15846407 1183041
15846407 3359851
15846407 5442012
15846407 7861312
15846407 9275742
15846407 12101862
15846407 14155052
15846407 15234657
15846407 17092592
15846407 20065936
15846407 20108560
15846407 22679419
15846407 33051095
15846407 34378922
15846407 87764480
15846407 250831586
15853073 10350
15853073 13348
15853073 15913
15853073 1183041
15853073 2735591
15853073 3359851
15853073 4893411
15853073 7861312
15853073 7861622
15853073 8914942
15853073 15447248
15853073 15575251
15853668 5442012
15853668 7157132
15853668 7872262
15853668 14575846
15853668 15234657
15853668 15838599
15853668 18776017
15853668 22679419
15853668 24742040
15853668 24942585
15853668 34068984
15853668 48485771
15853668 87764480
15853668 116952434
15853668 128302994
15853668 144723989
15853668 146155608
16038438 10350
16038438 15913
16038438 1183041
16038438 3462421
16038438 4291741
16038438 7860742
16038438 7861312
16038438 9451052
16038438 14424667
16038438 14589257
16038438 16079941
16038438 16098603
16038438 18666844
16038438 20273398
16038438 23645599
16038438 24585498
16038438 43662236
16038438 48370736
16038438 127569781
16079941 7846
16079941 10350
16079941 15913
16079941 3096071
16079941 3443591
16079941 7194892
16079941 7860742
16079941 7861312
16079941 7872262
16079941 11461102
16079941 11911082
16079941 14269220
16079941 14471778
16079941 14498387
16079941 14498622
16079941 14589257
16079941 14609321
16079941 15488968
16079941 15575251
16079941 15582769
16079941 15638249
16079941 16038438
16079941 16098603
16079941 16453996
16079941 16626187
16079941 17140787
16079941 18345193
16079941 18666844
16079941 18715024
16079941 18849313
16079941 20880546
16079941 24004172
16079941 38514229
16079941 42361118
16079941 45416789
16079941 47161442
16079941 48485771
16079941 65913144
16079941 71606873
16079941 117187783
16079941 144040563
16079941 235216483
16095572 13348
16095572 15913
16095572 229523
16095572 253973
16095572 789658
16095572 849131
16095572 1455911
16095572 3443591
16095572 5676102
16095572 11666142
16095572 13687132
16095572 14091509
16095572 14874480
16095572 15416485
16095572 15670515
16095572 16120265
16095572 16409781
16095572 16425197
16095572 16930986
16095572 24741685
16095572 24742040
16095572 49465463
16095572 55338862
16095572 91396874
16098603 7846
16098603 15913
16098603 1065921
16098603 1183041
16098603 2735591
16098603 3096071
16098603 3253671
16098603 3359851
16098603 3442781
16098603 3443591
16098603 6068612
16098603 6608332
16098603 7157132
16098603 7194892
16098603 7377812
16098603 7860742
16098603 7861312
16098603 7872262
16098603 7925002
16098603 8146732
16098603 9413072
16098603 9451052
16098603 10115042
16098603 11461102
16098603 13356642
16098603 13687132
16098603 13894102
16098603 14038862
16098603 14155052
16098603 14180231
16098603 14269220
16098603 14424667
16098603 14471778
16098603 14498387
16098603 14609321
16098603 14691709
16098603 14692604
16098603 14922225
16098603 15154217
16098603 15234657
16098603 15447248
16098603 15488968
16098603 15578992
16098603 15838599
16098603 15853668
16098603 16038438
16098603 16079941
16098603 16453996
16098603 16626187
16098603 17092592
16098603 17214479
16098603 18021714
16098603 18301663
16098603 18666844
16098603 18776017
16098603 18849313
16098603 19370213
16098603 19413393
16098603 19519349
16098603 20880546
16098603 21195122
16098603 21678052
16098603 22679419
16098603 22715267
16098603 22831657
16098603 24004172
16098603 24081780
16098603 24560836
16098603 24641194
16098603 25952851
16098603 28933226
16098603 28960709
16098603 33191389
16098603 34068984
16098603 34378922
16098603 38514229
16098603 42361118
16098603 45416789
16098603 47161442
16098603 48370736
16098603 48485771
16098603 53459595
16098603 60968363
16098603 63787760
16098603 65913144
16098603 71606873
16098603 93905958
16098603 116952434
16098603 126444583
16098603 152065057
16098603 187744415
16098603 235216483
16098603 294198566
16102815 12223
16102815 15913
16102815 1183041
16102815 1702611
16102815 2158461
16102815 3443591
16102815 3462421
16102815 7157132
16102815 7434902
16102815 11666142
16102815 13185852
16102815 14137885
16102815 14155052
16102815 14575846
16102815 15222083
16102815 15259010
16102815 15578992
16102815 15591032
16102815 15838599
16102815 16799897
16102815 16874875
16102815 17214479
16102815 18715024
16102815 18755518
16102815 18892183
16102815 19414296
16102815 23645599
16102815 24585498
16102815 33191389
16102815 45862504
16102815 48485771
16102815 93905958
16102815 121258930
16120265 13348
16120265 15913
16120265 229523
16120265 755165
16120265 849131
16120265 1183041
16120265 1455911
16120265 11666142
16120265 13434092
16120265 14091509
16120265 14874480
16120265 15416485
16120265 15670515
16120265 16095572
16120265 16409781
16120265 16425197
16120265 16930986
16120265 17000457
16120265 17034634
16120265 24741685
16120265 49465463
16120265 55338862
16120265 91396874
16212685 15913
16212685 2735591
16358416 12223
16358416 15913
16358416 9451052
16358416 13356642
16358416 13687132
16358416 14155052
16358416 14224219
16358416 15222083
16358416 20273398
16358416 24585498
16358416 24742040
16358416 33191389
16358416 64488804
16364644 12223
16364644 15913
16364644 7434902
16364644 12970892
16364644 13185852
16364644 14453798
16364644 14575846
16364644 18715024
16364644 18755518
16364644 18892183
16364644 24585498
16364644 48485771
16409781 15913
16409781 253973
16409781 765694
16409781 849131
16409781 14874480
16409781 15416485
16409781 15670515
16409781 16095572
16409781 16120265
16409781 16425197
16409781 16930986
16409781 17034634
16409781 19595287
16409781 24741685
16409781 24742040
16409781 49465463
16409781 55338862
16409781 59804598
16409781 74286565
16409781 91396874
16425197 15913
16425197 789658
16425197 5676102
16425197 11666142
16425197 14091509
16425197 14874480
16425197 15416485
16425197 15670515
16425197 16095572
16425197 16120265
16425197 16409781
16425197 16930986
16425197 24741685
16425197 24742040
16425197 49465463
16425197 55338862
16425197 74286565
16425197 91396874
16453996 7846
16453996 15913
16453996 1065921
16453996 3359851
16453996 5442012
16453996 7377812
16453996 7852172
16453996 7860742
16453996 7861312
16453996 7872262
16453996 11911082
16453996 13687132
16453996 13894102
16453996 14180231
16453996 14498387
16453996 14691709
16453996 14922225
16453996 15222083
16453996 15488968
16453996 15575251
16453996 15853668
16453996 16079941
16453996 16098603
16453996 17092592
16453996 18021714
16453996 18581803
16453996 18666844
16453996 18776017
16453996 19370213
16453996 19413393
16453996 19595287
16453996 20273398
16453996 21195122
16453996 22679419
16453996 22841103
16453996 24004172
16453996 24081780
16453996 24641194
16453996 24742040
16453996 24942585
16453996 25952851
16453996 28719244
16453996 28933226
16453996 33191389
16453996 42361118
16453996 45416789
16453996 47161442
16453996 48370736
16453996 48485771
16453996 59804598
16453996 60968363
16453996 65913144
16453996 71383220
16453996 71606873
16453996 116952434
16453996 121258930
16453996 144040563
16453996 146155608
16453996 191548936
16453996 235216483
16453996 294198566
16453996 309366491
16626187 15913
16626187 7377812
16626187 7852172
16626187 10115042
16626187 14471778
16626187 14498387
16626187 14609321
16626187 14692604
16626187 14922225
16626187 15222083
16626187 15259010
16626187 15838599
16626187 16079941
16626187 16098603
16626187 17053354
16626187 17092592
16626187 20880546
16626187 48485771
16626187 87764480
16626187 121258930
16626187 158558510
16651072 15913
16651072 3096071
16651072 5442012
16651072 6608332
16651072 7861312
16651072 14038862
16651072 14180231
16651072 14424667
16651072 14999606
16651072 15222083
16651072 17092592
16651072 18581803
16651072 18666844
16651072 28933226
16651072 59804598
16799897 10350
16799897 12223
16799897 15913
16799897 1065921
16799897 3359851
16799897 3462421
16799897 6608332
16799897 7434902
16799897 7861312
16799897 13185852
16799897 13356642
16799897 14155052
16799897 14224219
16799897 14498622
16799897 14575846
16799897 14691709
16799897 15112961
16799897 15222083
16799897 15488968
16799897 15578992
16799897 16102815
16799897 16358416
16799897 19414296
16799897 20880546
16799897 24004172
16799897 24585498
16799897 33191389
16799897 48485771
16799897 87764480
16799897 144040563
16874875 12223
16874875 15913
16874875 1183041
16874875 1702611
16874875 4291741
16874875 6608332
16874875 7194892
16874875 7434902
16874875 11666142
16874875 13687132
16874875 14453798
16874875 14498622
16874875 14575846
16874875 15447248
16874875 15488968
16874875 15582769
16874875 15591032
16874875 16102815
16874875 18715024
16874875 33191389
16895274 15913
16895274 1183041
16895274 7861312
16930986 15913
16930986 11666142
16930986 13434092
16930986 16120265
16930986 49465463
17000457 13348
17000457 15913
17000457 72373
17000457 229523
17000457 755165
17000457 765694
17000457 789658
17000457 849131
17000457 5676102
17000457 16120265
17000457 24741685
17000457 49465463
17028313 15913
17028313 5442012
17028313 5445442
17028313 15112961
17028313 20019469
17028313 22841103
17028313 24942585
17028313 31037985
17028313 48485771
17028313 121258930
17028313 144040563
17028313 146155608
17034634 15913
17034634 849131
17034634 14874480
17034634 15670515
17034634 16409781
17034634 16425197
17034634 16930986
17034634 24741685
17034634 24742040
17034634 74286565
17034634 91396874
17053354 10350
17053354 12223
17053354 15913
17053354 1065921
17053354 3359851
17053354 7377812
17053354 7434902
17053354 9275742
17053354 9451052
17053354 10115042
17053354 13185852
17053354 13687132
17053354 14155052
17053354 14453798
17053354 14471778
17053354 14575846
17053354 14609321
17053354 14692604
17053354 15154217
17053354 15575251
17053354 16098603
17053354 16102815
17053354 16364644
17053354 16626187
17053354 18666844
17053354 18715024
17053354 18791343
17053354 19414296
17053354 24585498
17053354 38514229
17053354 48485771
17053354 59804598
17092592 13348
17092592 15913
17092592 1065921
17092592 1476651
17092592 1702611
17092592 2158461
17092592 3096071
17092592 3359851
17092592 5442012
17092592 5443002
17092592 6608332
17092592 7194892
17092592 7377812
17092592 7565302
17092592 7860742
17092592 10824382
17092592 11911082
17092592 13356642
17092592 13687132
17092592 14038862
17092592 14155052
17092592 14180231
17092592 14424667
17092592 14471778
17092592 14498387
17092592 14688086
17092592 14691709
17092592 14692604
17092592 14922225
17092592 14999606
17092592 15006779
17092592 15009761
17092592 15098511
17092592 15222083
17092592 15447248
17092592 15838599
17092592 16098603
17092592 16453996
17092592 16626187
17092592 16651072
17092592 17214479
17092592 18345193
17092592 18581803
17092592 18715024
17092592 18776017
17092592 18791343
17092592 19413393
17092592 20273398
17092592 21637624
17092592 24004172
17092592 24081780
17092592 24742040
17092592 25952851
17092592 28933226
17092592 34711597
17092592 36311369
17092592 42361118
17092592 45862504
17092592 48370736
17092592 55338862
17092592 59804598
17092592 87764480
17092592 207752295
17092592 235216483
17092592 235818781
17140787 10350
17140787 15913
17140787 2576401
17140787 3253671
17140787 3359851
17140787 3443591
17140787 7861312
17140787 14269220
17140787 15488968
17140787 16079941
17140787 19595287
17140787 22831657
17140787 93905958
17214479 15913
17214479 3359851
17214479 3442781
17214479 3462421
17214479 7434902
17214479 12970892
17214479 13185852
17214479 14471778
17214479 14575846
17214479 14609321
17214479 14691709
17214479 14692604
17214479 14922225
17214479 15222083
17214479 15234657
17214479 15259010
17214479 15838599
17214479 16102815
17214479 17092592
17214479 18900668
17214479 19413393
17214479 19595287
17214479 20273398
17214479 21339114
17214479 22841103
17214479 23645599
17214479 53459595
17214479 87764480
17214479 92357649
17214479 93905958
17214479 158558510
17448921 17564647
17448921 252887163
17448921 275550472
17448921 307642294
17448921 446023451
17521796 15913
17521796 9275742
17521796 12101862
17521796 12771872
17521796 17787399
17521796 18701960
17521796 19802312
17521796 23645599
17521796 24585498
17521796 45862504
17521796 64488804
17564647 3359851
17564647 5442012
17564647 11648692
17564647 15070932
17564647 17448921
17564647 17586739
17564647 19311729
17564647 20471349
17564647 21075893
17564647 21504535
17564647 21913907
17564647 23215572
17564647 24125323
17564647 24542441
17564647 24742040
17564647 26176694
17564647 26800967
17564647 30267128
17564647 34068984
17564647 36836939
17564647 36850842
17564647 40329238
17564647 41656802
17564647 47495471
17564647 48939443
17564647 49781679
17564647 58245520
17564647 59804598
17564647 61853583
17564647 67818595
17564647 71606873
17564647 74325773
17564647 77806232
17564647 79056710
17564647 84672379
17564647 87044829
17564647 93905958
17564647 103661402
17564647 105150583
17564647 105895378
17564647 115313263
17564647 121472925
17564647 123684709
17564647 127935456
17564647 130917777
17564647 134979402
17564647 146155608
17564647 146350964
17564647 160008685
17564647 165795009
17564647 172161833
17564647 186745799
17564647 187744415
17564647 210731960
17564647 211614808
17564647 213032194
17564647 221636679
17564647 238308325
17564647 240063501
17564647 245394117
17564647 247031120
17564647 250441643
17564647 250708662
17564647 252887163
17564647 253893287
17564647 258203336
17564647 262775327
17564647 277139373
17564647 277675909
17564647 278062722
17564647 281159810
17564647 284174632
17564647 287411130
17564647 288231953
17564647 290097288
17564647 294198566
17564647 296242468
17564647 298757008
17564647 307642294
17564647 308103112
17564647 309064372
17564647 309325161
17564647 310233571
17564647 322822476
17564647 325106566
17564647 337952973
17564647 339943969
17564647 341603426
17564647 341840097
17564647 345569115
17564647 356447837
17564647 362626342
17564647 374949999
17564647 381296177
17564647 381788237
17564647 382360772
17564647 384388981
17564647 384621304
17564647 385621090
17564647 417927586
17564647 422114084
17564647 422253889
17564647 431983156
17564647 446023451
17564647 448774841
17564647 491431687
17564647 496262970
17564647 498542846
17564647 499839056
17564647 501705927
17564647 543373651
17564647 548539370
17564647 548631386
17564647 560482964
17564647 560929638
17586739 15913
17586739 3359851
17586739 7860742
17586739 14038862
17586739 15070932
17586739 15575251
17586739 17564647
17586739 19162933
17586739 20323999
17586739 20880546
17586739 24004172
17586739 24742040
17586739 24942585
17586739 25827166
17586739 28281437
17586739 28719244
17586739 30680870
17586739 45509346
17586739 47495471
17586739 48485771
17586739 54514600
17586739 117541123
17586739 121258930
17586739 146155608
17586739 146320301
17586739 172161833
17586739 179524189
17586739 198876913
17586739 207752295
17586739 238308325
17586739 258203336
17586739 259074185
17586739 298757008
17586739 306445007
17586739 307642294
17586739 309325161
17586739 326659062
17586739 411273721
17586739 416718047
17586739 422253889
17586739 499839056
17632072 7846
17632072 10350
17632072 15913
17632072 1183041
17632072 3359851
17632072 5442012
17632072 7194892
17632072 7860742
17632072 7861312
17632072 9275742
17632072 9451052
17632072 14038862
17632072 14180231
17632072 14424667
17632072 14471778
17632072 14589257
17632072 14609321
17632072 14922225
17632072 15222083
17632072 15575251
17632072 16098603
17632072 16453996
17632072 16626187
17632072 18581803
17632072 18666844
17632072 18776017
17632072 19413393
17632072 20273398
17632072 20471349
17632072 20880546
17632072 22273748
17632072 22679419
17632072 24004172
17632072 24742040
17632072 24942585
17632072 25827166
17632072 25952851
17632072 28719244
17632072 28933226
17632072 31037985
17632072 37444945
17632072 47495471
17632072 48485771
17632072 59804598
17632072 65913144
17632072 67818595
17632072 84672379
17632072 87764480
17632072 117187783
17632072 121258930
17632072 144040563
17632072 146155608
17632072 151711230
17632072 160008685
17632072 198876913
17632072 200212364
17632072 235216483
17632072 238289569
17632072 250831586
17632072 258203336
17632072 259074185
17632072 307642294
17632072 308103112
17632072 309366491
17632072 322822476
17632072 365904984
17722816 15913
17722816 729733
17722816 3359851
17722816 3443591
17722816 6478202
17722816 7860742
17722816 12771872
17722816 14180231
17722816 14269220
17722816 18581803
17722816 18666844
17722816 18776017
17722816 19519349
17722816 21195122
17722816 22679419
17722816 25952851
17722816 28933226
17722816 48485771
17722816 59804598
17722816 116952434
17722816 117187783
17787399 10350
17787399 15913
17787399 1183041
17787399 3443591
17787399 7861312
17787399 12771872
17787399 14269220
17787399 16651072
17787399 17140787
17787399 17521796
17787399 24742040
17787399 38514229
18021714 15913
18021714 5442012
18021714 7377812
18021714 7852172
18021714 7860742
18021714 7861312
18021714 7861622
18021714 7872262
18021714 7925002
18021714 14038862
18021714 14471778
18021714 14498387
18021714 14589257
18021714 14609321
18021714 14691709
18021714 14692604
18021714 14922225
18021714 15234657
18021714 15575251
18021714 15853668
18021714 16098603
18021714 16453996
18021714 18666844
18021714 18776017
18021714 19370213
18021714 20273398
18021714 20880546
18021714 21195122
18021714 22679419
18021714 24004172
18021714 24081780
18021714 24641194
18021714 25952851
18021714 28933226
18021714 42361118
18021714 45416789
18021714 47161442
18021714 48370736
18021714 48485771
18021714 60968363
18021714 65913144
18021714 71383220
18021714 71606873
18021714 121258930
18021714 146155608
18021714 235216483
18021714 235818781
18021714 290097288
18021714 309366491
18301663 15913
18301663 1702611
18301663 3096071
18301663 6608332
18301663 7194892
18301663 7434902
18301663 11666142
18301663 14155052
18301663 14589257
18301663 14609321
18301663 15018214
18301663 15222083
18301663 16098603
18301663 16874875
18301663 16930986
18301663 18715024
18301663 18776017
18301663 24004172
18301663 24560836
18301663 24585498
18301663 42361118
18301663 64488804
18301663 87764480
18345193 15913
18345193 3443591
18345193 5442012
18345193 7194892
18345193 7377812
18345193 14155052
18345193 14471778
18345193 14575846
18345193 14922225
18345193 15098511
18345193 15234657
18345193 15578992
18345193 16079941
18345193 16098603
18345193 17092592
18345193 18666844
18345193 18715024
18345193 18900668
18345193 19413393
18345193 22841103
18345193 23645599
18345193 24742040
18345193 36311369
18345193 45862504
18345193 59804598
18345193 64488804
18345193 93905958
18345193 121258930
18345193 191548936
18519106 12223
18519106 15913
18519106 15488968
18519106 18755518
18519106 18892183
18519106 19759597
18519106 20659225
18532553 3840
18532553 15913
18532553 5442012
18532553 18776017
18532553 48485771
18532553 59804598
18532553 97173422
18581803 7846
18581803 10350
18581803 15913
18581803 1065921
18581803 1183041
18581803 3096071
18581803 3359851
18581803 3443591
18581803 5442012
18581803 6478202
18581803 6608332
18581803 7157132
18581803 7194892
18581803 7377812
18581803 7565302
18581803 7852172
18581803 7860742
18581803 7861312
18581803 7861622
18581803 7872262
18581803 7925002
18581803 8146732
18581803 9413072
18581803 9451052
18581803 10668202
18581803 10824382
18581803 12771872
18581803 13687132
18581803 13894102
18581803 14038862
18581803 14180231
18581803 14269220
18581803 14424667
18581803 14471778
18581803 14498622
18581803 14589257
18581803 14609321
18581803 14688086
18581803 14691709
18581803 14692604
18581803 14922225
18581803 15112961
18581803 15154217
18581803 15222083
18581803 15234657
18581803 15259010
18581803 15447248
18581803 15488968
18581803 15575251
18581803 15578992
18581803 15838599
18581803 15853668
18581803 16079941
18581803 16098603
18581803 16453996
18581803 16651072
18581803 16799897
18581803 17092592
18581803 17140787
18581803 17632072
18581803 17722816
18581803 18021714
18581803 18301663
18581803 18345193
18581803 18666844
18581803 18701960
18581803 18776017
18581803 18791343
18581803 18849313
18581803 18900668
18581803 19162933
18581803 19370213
18581803 19413393
18581803 19563357
18581803 19595287
18581803 20019469
18581803 20273398
18581803 20471349
18581803 20880546
18581803 21195122
18581803 21339114
18581803 22273748
18581803 22679419
18581803 22831657
18581803 22841103
18581803 23645599
18581803 24004172
18581803 24081780
18581803 24641194
18581803 24742040
18581803 24942585
18581803 25952851
18581803 26173611
18581803 26422087
18581803 26800967
18581803 28281437
18581803 28478859
18581803 28719244
18581803 28933226
18581803 28960709
18581803 31037985
18581803 33191389
18581803 34068984
18581803 34378922
18581803 36311369
18581803 37444945
18581803 38514229
18581803 42361118
18581803 45416789
18581803 45509346
18581803 45862504
18581803 46762510
18581803 47161442
18581803 47495471
18581803 48485771
18581803 53459595
18581803 59804598
18581803 60968363
18581803 61853583
18581803 64488804
18581803 65913144
18581803 71383220
18581803 71606873
18581803 87764480
18581803 92357649
18581803 93905958
18581803 116952434
18581803 117187783
18581803 117541123
18581803 121258930
18581803 144040563
18581803 144723989
18581803 146155608
18581803 146350964
18581803 154708725
18581803 187744415
18581803 191548936
18581803 198876913
18581803 200212364
18581803 207752295
18581803 229141679
18581803 235216483
18581803 235818781
18581803 250831586
18581803 258203336
18581803 262775327
18581803 275550472
18581803 288231953
18581803 303060652
18581803 307642294
18581803 309366491
18581803 322641198
18581803 325106566
18581803 341840097
18581803 342279134
18581803 356447837
18581803 450692479
18666844 10350
18666844 12223
18666844 15913
18666844 1183041
18666844 1702611
18666844 3096071
18666844 3253671
18666844 3359851
18666844 3443591
18666844 3824401
18666844 5442012
18666844 5443002
18666844 7194892
18666844 7434902
18666844 7861312
18666844 7872262
18666844 8146732
18666844 9275742
18666844 9451052
18666844 11461102
18666844 13356642
18666844 13894102
18666844 14269220
18666844 14471778
18666844 14498622
18666844 14575846
18666844 14609321
18666844 15154217
18666844 15430929
18666844 15447248
18666844 15488968
18666844 15575251
18666844 15582769
18666844 15591032
18666844 16079941
18666844 16098603
18666844 16651072
18666844 16799897
18666844 16874875
18666844 17140787
18666844 17214479
18666844 18715024
18666844 18890465
18666844 18900668
18666844 19414296
18666844 19519349
18666844 19550535
18666844 19595287
18666844 20273398
18666844 20880546
18666844 22831657
18666844 24585498
18666844 24942585
18666844 34068984
18666844 43662236
18666844 48485771
18666844 53789489
18666844 59804598
18666844 64488804
18666844 87764480
18666844 144040563
18666844 144723989
18666844 146155608
18666844 152065057
18666844 187744415
18666844 235216483
18666844 250831586
18701960 15913
18701960 1183041
18701960 12771872
18701960 14155052
18701960 14269220
18701960 15234657
18701960 15447248
18701960 17521796
18701960 19802312
18701960 20273398
18701960 21339114
18701960 23645599
18701960 24585498
18701960 24942585
18701960 45862504
18701960 64488804
18715024 12223
18715024 15913
18715024 1065921
18715024 1702611
18715024 3096071
18715024 3359851
18715024 3443591
18715024 3462421
18715024 5442012
18715024 6608332
18715024 7194892
18715024 7377812
18715024 7434902
18715024 7861312
18715024 9451052
18715024 11666142
18715024 13185852
18715024 13356642
18715024 13687132
18715024 14137885
18715024 14155052
18715024 14269220
18715024 14453798
18715024 14498622
18715024 14575846
18715024 14609321
18715024 14691709
18715024 14922225
18715024 15098511
18715024 15112961
18715024 15154217
18715024 15222083
18715024 15234657
18715024 15259010
18715024 15447248
18715024 15488968
18715024 15575251
18715024 15578992
18715024 15582769
18715024 15591032
18715024 15638249
18715024 16079941
18715024 16102815
18715024 16364644
18715024 16874875
18715024 17092592
18715024 18301663
18715024 18345193
18715024 18666844
18715024 18755518
18715024 18811254
18715024 18890465
18715024 18892183
18715024 18900668
18715024 19414296
18715024 19550535
18715024 19595287
18715024 19759597
18715024 20273398
18715024 21339114
18715024 22679419
18715024 22841103
18715024 23645599
18715024 24585498
18715024 24724740
18715024 28933226
18715024 34711597
18715024 36311369
18715024 39394932
18715024 42361118
18715024 45862504
18715024 48485771
18715024 53789489
18715024 64488804
18715024 87764480
18715024 92357649
18715024 93905958
18715024 144040563
18731347 3840
18731347 13348
18731347 15913
18731347 76133
18731347 7434902
18731347 7852172
18731347 13687132
18731347 15382192
18731347 18666844
18731347 20273398
18731347 177564924
18755518 12223
18755518 15913
18755518 1183041
18755518 1702611
18755518 7861312
18755518 9451052
18755518 13185852
18755518 13687132
18755518 14453798
18755518 14575846
18755518 16102815
18755518 16364644
18755518 18715024
18755518 18890465
18755518 18892183
18755518 19414296
18755518 19550535
18755518 19759597
18755518 20659225
18755518 21339114
18755518 24585498
18755518 33191389
18755518 36311369
18755518 45862504
18755518 53789489
18755518 64488804
18776017 7846
18776017 10350
18776017 15913
18776017 1065921
18776017 3359851
18776017 3442781
18776017 3443591
18776017 5442012
18776017 5443002
18776017 7194892
18776017 7710472
18776017 7860742
18776017 7872262
18776017 7925002
18776017 8146732
18776017 9413072
18776017 9451052
18776017 10115042
18776017 12101862
18776017 14038862
18776017 14180231
18776017 14269220
18776017 14471778
18776017 14498387
18776017 14589257
18776017 14609321
18776017 14688086
18776017 14691709
18776017 14922225
18776017 15222083
18776017 15234657
18776017 15259010
18776017 15578992
18776017 15838599
18776017 15853668
18776017 16079941
18776017 16098603
18776017 16453996
18776017 17092592
18776017 17140787
18776017 17214479
18776017 17722816
18776017 18021714
18776017 18301663
18776017 18532553
18776017 18581803
18776017 18666844
18776017 18715024
18776017 18849313
18776017 19370213
18776017 19413393
18776017 19519349
18776017 20880546
18776017 21195122
18776017 21239763
18776017 21678052
18776017 22679419
18776017 22831657
18776017 22841103
18776017 24004172
18776017 24081780
18776017 24560836
18776017 24585498
18776017 24641194
18776017 24742040
18776017 25827166
18776017 25952851
18776017 28719244
18776017 28933226
18776017 34068984
18776017 34378922
18776017 37444945
18776017 42361118
18776017 45416789
18776017 47161442
18776017 48370736
18776017 48485771
18776017 53459595
18776017 59804598
18776017 60968363
18776017 63787760
18776017 65913144
18776017 71606873
18776017 87764480
18776017 92357649
18776017 93905958
18776017 111210694
18776017 116952434
18776017 126444583
18776017 128302994
18776017 144040563
18776017 155620461
18776017 160959034
18776017 184637153
18776017 187744415
18776017 198876913
18776017 204089551
18776017 235216483
18776017 270076706
18791343 15913
18791343 3359851
18791343 3443591
18791343 5443002
18791343 7157132
18791343 7565302
18791343 7860742
18791343 9451052
18791343 10824382
18791343 14691709
18791343 14922225
18791343 15112961
18791343 15234657
18791343 15259010
18791343 15838599
18791343 17053354
18791343 17092592
18791343 20273398
18791343 21339114
18791343 22679419
18791343 23645599
18791343 24742040
18791343 48485771
18791343 121258930
18791343 144040563
18791343 146155608
18791343 151222531
18811254 12223
18811254 15913
18811254 13185852
18811254 14453798
18811254 15154217
18811254 15222083
18811254 15638249
18811254 18715024
18811254 19550535
18811254 39394932
18811254 48485771
18811254 64488804
18849313 15913
18849313 1065921
18849313 3359851
18849313 5442012
18849313 7710472
18849313 9451052
18849313 10824382
18849313 13687132
18849313 14589257
18849313 15222083
18849313 15234657
18849313 15575251
18849313 16079941
18849313 16098603
18849313 19413393
18849313 21637624
18849313 22679419
18890465 15913
18890465 1702611
18890465 3253671
18890465 3359851
18890465 3443591
18890465 7434902
18890465 7860742
18890465 7861312
18890465 14155052
18890465 14269220
18890465 14498622
18890465 14575846
18890465 14609321
18890465 15430929
18890465 15488968
18890465 15582769
18890465 16874875
18890465 17140787
18890465 18666844
18890465 18715024
18890465 18755518
18890465 19595287
18890465 21339114
18890465 24585498
18892183 12223
18892183 15913
18892183 1183041
18892183 1702611
18892183 3443591
18892183 3462421
18892183 7434902
18892183 7861312
18892183 13185852
18892183 14155052
18892183 14269220
18892183 14453798
18892183 14575846
18892183 15098511
18892183 15488968
18892183 16364644
18892183 17214479
18892183 18715024
18892183 18755518
18892183 19414296
18892183 19550535
18892183 19759597
18892183 20659225
18892183 24585498
18892183 33191389
18892183 36311369
18892183 87764480
18892183 93905958
18900668 15913
18900668 3359851
18900668 5442012
18900668 6608332
18900668 7565302
18900668 9451052
18900668 13687132
18900668 14155052
18900668 14471778
18900668 14922225
18900668 14999606
18900668 15222083
18900668 15234657
18900668 15838599
18900668 18666844
18900668 18715024
18900668 19413393
18900668 19595287
18900668 20273398
18900668 22679419
18900668 23645599
18900668 33191389
18900668 59804598
19162933 15913
19162933 3096071
19162933 5442012
19162933 5445442
19162933 7860742
19162933 15112961
19162933 15575251
19162933 15853668
19162933 17028313
19162933 17586739
19162933 20019469
19162933 20880546
19162933 22273748
19162933 24942585
19162933 28719244
19162933 31037985
19162933 45862504
19162933 48485771
19162933 121258930
19162933 144040563
19162933 146071420
19162933 146155608
19162933 152435436
19162933 198876913
19162933 200212364
19162933 207752295
19162933 235216483
19311729 9117202
19311729 15070932
19311729 17564647
19311729 20471349
19311729 21913907
19311729 23215572
19311729 24125323
19311729 24542441
19311729 26176694
19311729 26800967
19311729 34068984
19311729 36850842
19311729 40329238
19311729 41656802
19311729 67818595
19311729 74325773
19311729 84672379
19311729 87044829
19311729 105895378
19311729 115313263
19311729 123684709
19311729 127935456
19311729 131490551
19311729 146350964
19311729 160008685
19311729 163339795
19311729 165795009
19311729 172161833
19311729 186287415
19311729 211614808
19311729 213032194
19311729 238308325
19311729 245394117
19311729 247031120
19311729 250441643
19311729 250708662
19311729 262775327
19311729 275550472
19311729 281159810
19311729 284174632
19311729 288231953
19311729 294198566
19311729 296242468
19311729 297683673
19311729 307642294
19311729 309064372
19311729 309325161
19311729 325106566
19311729 337952973
19311729 339943969
19311729 345569115
19311729 356447837
19311729 362626342
19311729 381296177
19311729 381788237
19311729 385621090
19311729 422253889
19311729 491431687
19311729 498542846
19311729 543373651
19311729 560929638
19370213 15913
19370213 3443591
19370213 7852172
19370213 7861312
19370213 7872262
19370213 9413072
19370213 13894102
19370213 14155052
19370213 14269220
19370213 14498387
19370213 15234657
19370213 16098603
19370213 16453996
19370213 18021714
19370213 18776017
19370213 19595287
19370213 21195122
19370213 24004172
19370213 24641194
19370213 31037985
19370213 42361118
19370213 45416789
19370213 47161442
19370213 60968363
19370213 65913144
19370213 71606873
19370213 235216483
19370213 235818781
19380829 10350
19380829 13348
19380829 15913
19380829 2735591
19380829 7861312
19380829 15234657
19413393 12223
19413393 15913
19413393 1065921
19413393 3096071
19413393 3359851
19413393 3462421
19413393 5442012
19413393 6608332
19413393 7157132
19413393 7377812
19413393 7434902
19413393 7872262
19413393 9275742
19413393 9451052
19413393 13687132
19413393 14137885
19413393 14155052
19413393 14180231
19413393 14269220
19413393 14471778
19413393 14575846
19413393 14691709
19413393 14692604
19413393 15018214
19413393 15112961
19413393 15222083
19413393 15234657
19413393 15259010
19413393 15575251
19413393 15582769
19413393 15838599
19413393 16098603
19413393 16453996
19413393 17092592
19413393 18581803
19413393 18791343
19413393 18849313
19413393 18900668
19413393 25952851
19413393 34711597
19413393 36311369
19414296 12223
19414296 15913
19414296 1702611
19414296 3096071
19414296 3359851
19414296 7434902
19414296 9451052
19414296 13185852
19414296 13356642
19414296 14155052
19414296 14224219
19414296 14575846
19414296 14589257
19414296 15098511
19414296 15112961
19414296 15154217
19414296 15591032
19414296 15838599
19414296 17053354
19414296 18715024
19414296 18755518
19414296 18892183
19414296 18900668
19414296 19595287
19414296 20273398
19414296 22841103
19414296 23645599
19414296 24585498
19414296 33191389
19414296 36311369
19414296 39394932
19414296 45862504
19414296 48485771
19414296 64488804
19414296 87764480
19414296 93905958
19414296 121258930
19414296 154708725
19519349 15913
19519349 3359851
19519349 6478202
19519349 7157132
19519349 7860742
19519349 9275742
19519349 11461102
19519349 13687132
19519349 13894102
19519349 14180231
19519349 14269220
19519349 14692604
19519349 14922225
19519349 15234657
19519349 16098603
19519349 17092592
19519349 17140787
19519349 17722816
19519349 18581803
19519349 18666844
19519349 18776017
19519349 19595287
19519349 20880546
19519349 22679419
19519349 59804598
19519349 116952434
19519349 117187783
19519349 121258930
19519349 144723989
19519349 309366491
19550535 12223
19550535 15913
19550535 1183041
19550535 1702611
19550535 3359851
19550535 6068612
19550535 7434902
19550535 7861312
19550535 13185852
19550535 14155052
19550535 14453798
19550535 15154217
19550535 15447248
19550535 15638249
19550535 18666844
19550535 18715024
19550535 18755518
19550535 18811254
19550535 18892183
19550535 24585498
19550535 39394932
19550535 53789489
19550535 64488804
19550535 93905958
19563357 15913
19563357 3359851
19563357 3443591
19563357 6608332
19563357 7157132
19563357 9451052
19563357 10824382
19563357 12121162
19563357 13687132
19563357 14180231
19563357 14269220
19563357 14691709
19563357 15222083
19563357 15575251
19563357 15838599
19563357 18021714
19563357 18581803
19563357 19413393
19563357 20273398
19563357 22679419
19563357 26173611
19563357 33191389
19563357 34068984
19563357 42943177
19563357 59804598
19563357 63787760
19563357 64285972
19563357 93905958
19563357 154708725
19595287 7846
19595287 10350
19595287 15913
19595287 1065921
19595287 1702611
19595287 3253671
19595287 3359851
19595287 3443591
19595287 5443002
19595287 7194892
19595287 7860742
19595287 7872262
19595287 9451052
19595287 13185852
19595287 13356642
19595287 13894102
19595287 14155052
19595287 14269220
19595287 14453798
19595287 14575846
19595287 14589257
19595287 14609321
19595287 14691709
19595287 15488968
19595287 15575251
19595287 15582769
19595287 15591032
19595287 17140787
19595287 17214479
19595287 18890465
19595287 19413393
19595287 19414296
19595287 22679419
19595287 22841103
19595287 24741685
19595287 24742040
19595287 48485771
19595287 59804598
19595287 87764480
19759597 12223
19759597 15913
19759597 15222083
19759597 15488968
19759597 18755518
19759597 18892183
19759597 19550535
19759597 20659225
19802312 15913
19802312 14155052
19802312 18701960
19802312 18755518
19802312 24585498
20019469 15913
20019469 15112961
20019469 19162933
20019469 20880546
20019469 24585498
20019469 24942585
20019469 31037985
20019469 48485771
20019469 121258930
20019469 144040563
20019469 146071420
20019469 146155608
20019469 179524189
20065936 15913
20065936 1183041
20065936 15846407
20108560 15913
20108560 7861312
20108560 14589257
20108560 15846407
20108560 250831586
20273398 3840
20273398 10350
20273398 12223
20273398 15913
20273398 1065921
20273398 1702611
20273398 3096071
20273398 3359851
20273398 3443591
20273398 3462421
20273398 5442012
20273398 7157132
20273398 7194892
20273398 7434902
20273398 7565302
20273398 7860742
20273398 7861312
20273398 9451052
20273398 10824382
20273398 12121162
20273398 13356642
20273398 13687132
20273398 14038862
20273398 14137885
20273398 14155052
20273398 14269220
20273398 14453798
20273398 14498622
20273398 14589257
20273398 14688086
20273398 14691709
20273398 14692604
20273398 14922225
20273398 15098511
20273398 15112961
20273398 15222083
20273398 15234657
20273398 15259010
20273398 15382192
20273398 15447248
20273398 15575251
20273398 15578992
20273398 15838599
20273398 15853668
20273398 16038438
20273398 16453996
20273398 16799897
20273398 17092592
20273398 17214479
20273398 18021714
20273398 18581803
20273398 18666844
20273398 18715024
20273398 18776017
20273398 18791343
20273398 18900668
20273398 19413393
20273398 19414296
20273398 19563357
20273398 20880546
20273398 21339114
20273398 21678052
20273398 22679419
20273398 22841103
20273398 23645599
20273398 24585498
20273398 24742040
20273398 33191389
20273398 36311369
20273398 38514229
20273398 42361118
20273398 43662236
20273398 45509346
20273398 45862504
20273398 48370736
20273398 48485771
20273398 59804598
20273398 64488804
20273398 71383220
20273398 87764480
20273398 92357649
20273398 93905958
20273398 111210694
20273398 121258930
20273398 127569781
20273398 144040563
20273398 146320301
20273398 177564924
20273398 181668778
20273398 184637153
20273398 191548936
20273398 200212364
20273398 229141679
20273398 238289569
20273398 294198566
20273398 307642294
20273398 322641198
20273398 370952365
20323999 15913
20323999 5442012
20323999 17586739
20323999 24942585
20323999 41937748
20323999 45509346
20323999 47495471
20323999 48485771
20323999 67818595
20323999 72156360
20323999 146155608
20323999 152435436
20323999 259074185
20323999 278062722
20323999 307642294
20323999 312604104
20323999 325106566
20323999 326659062
20323999 341840097
20323999 343042051
20323999 370952365
20323999 384388981
20323999 411273721
20471349 11648692
20471349 14180231
20471349 15070932
20471349 15838599
20471349 17092592
20471349 17564647
20471349 17632072
20471349 18581803
20471349 19311729
20471349 22715267
20471349 23215572
20471349 24542441
20471349 26422087
20471349 26800967
20471349 28478859
20471349 28960709
20471349 34711597
20471349 36850842
20471349 40329238
20471349 41656802
20471349 42361118
20471349 47495471
20471349 48939443
20471349 64285972
20471349 67818595
20471349 72156360
20471349 84672379
20471349 87044829
20471349 93905958
20471349 103661402
20471349 105150583
20471349 105895378
20471349 111210694
20471349 115313263
20471349 121258930
20471349 127935456
20471349 130917777
20471349 146155608
20471349 146350964
20471349 160008685
20471349 165795009
20471349 181668778
20471349 186287415
20471349 207752295
20471349 210731960
20471349 211614808
20471349 238289569
20471349 238308325
20471349 240063501
20471349 245394117
20471349 248861233
20471349 250441643
20471349 250708662
20471349 252887163
20471349 253893287
20471349 258203336
20471349 262775327
20471349 275550472
20471349 277139373
20471349 277675909
20471349 281159810
20471349 284174632
20471349 288231953
20471349 296242468
20471349 297683673
20471349 298757008
20471349 303060652
20471349 308103112
20471349 309325161
20471349 309366491
20471349 310233571
20471349 322822476
20471349 325106566
20471349 326659062
20471349 337952973
20471349 339943969
20471349 341840097
20471349 344966590
20471349 356447837
20471349 362626342
20471349 381788237
20471349 387975746
20471349 422114084
20471349 422253889
20471349 446023451
20471349 450692479
20471349 529658284
20659225 12223
20659225 15913
20659225 15488968
20659225 18519106
20659225 18755518
20659225 18892183
20659225 19759597
20880546 7846
20880546 15913
20880546 3096071
20880546 3359851
20880546 5442012
20880546 7377812
20880546 7565302
20880546 7852172
20880546 7860742
20880546 7861312
20880546 7872262
20880546 9275742
20880546 9451052
20880546 14038862
20880546 14424667
20880546 14589257
20880546 14691709
20880546 15112961
20880546 15154217
20880546 15575251
20880546 15853668
20880546 16079941
20880546 16098603
20880546 16626187
20880546 16799897
20880546 18776017
20880546 18900668
20880546 19162933
20880546 19414296
20880546 20019469
20880546 20065936
20880546 20273398
20880546 22679419
20880546 24004172
20880546 24585498
20880546 24641194
20880546 24742040
20880546 24942585
20880546 28719244
20880546 31037985
20880546 45862504
20880546 48485771
20880546 59804598
20880546 64488804
20880546 65913144
20880546 74286565
20880546 121258930
20880546 144040563
20880546 146155608
20880546 309366491
21075893 3359851
21075893 17564647
21075893 21913907
21075893 23215572
21075893 26800967
21075893 36836939
21075893 48939443
21075893 77806232
21075893 87044829
21075893 105895378
21075893 115313263
21075893 127935456
21075893 146350964
21075893 160008685
21075893 172161833
21075893 210731960
21075893 211614808
21075893 213032194
21075893 238308325
21075893 240063501
21075893 245394117
21075893 250441643
21075893 250708662
21075893 252887163
21075893 277139373
21075893 281159810
21075893 288231953
21075893 290097288
21075893 294198566
21075893 298757008
21075893 307206030
21075893 307642294
21075893 309325161
21075893 337952973
21075893 339943969
21075893 356447837
21075893 362626342
21075893 384621304
21075893 431983156
21075893 446023451
21075893 543373651
21075893 548539370
21195122 15913
21195122 729733
21195122 1065921
21195122 6478202
21195122 7157132
21195122 7377812
21195122 7852172
21195122 7860742
21195122 7861312
21195122 7872262
21195122 7925002
21195122 14180231
21195122 14424667
21195122 14498387
21195122 14589257
21195122 14609321
21195122 14688086
21195122 14691709
21195122 14922225
21195122 16098603
21195122 16453996
21195122 17722816
21195122 18021714
21195122 18581803
21195122 18666844
21195122 18776017
21195122 19370213
21195122 19519349
21195122 24004172
21195122 24081780
21195122 24641194
21195122 25952851
21195122 28933226
21195122 42361118
21195122 45416789
21195122 47161442
21195122 48370736
21195122 48485771
21195122 59804598
21195122 60968363
21195122 64285972
21195122 65913144
21195122 71383220
21195122 71606873
21195122 116952434
21195122 117187783
21195122 121258930
21195122 187744415
21195122 235216483
21195122 235818781
21239763 15913
21239763 65673
21239763 3359851
21239763 9451052
21239763 12121162
21239763 18849313
21239763 34068984
21239763 63787760
21239763 64285972
21239763 93905958
21239763 152065057
21239763 154708725
21239763 290097288
21239763 294198566
21324258 15913
21324258 7861312
21339114 15913
21339114 1183041
21339114 7157132
21339114 7861312
21339114 13687132
21339114 24585498
21339114 24742040
21504535 17564647
21504535 20471349
21504535 23215572
21504535 24125323
21504535 26176694
21504535 26800967
21504535 30267128
21504535 40329238
21504535 59804598
21504535 74325773
21504535 87044829
21504535 115313263
21504535 127935456
21504535 160008685
21504535 172161833
21504535 186745799
21504535 211614808
21504535 247031120
21504535 250708662
21504535 253893287
21504535 275550472
21504535 287411130
21504535 307642294
21504535 309325161
21504535 325106566
21504535 339943969
21504535 356447837
21504535 382360772
21504535 384621304
21504535 385621090
21504535 431983156
21504535 491431687
21504535 498542846
21504535 543373651
21504535 560929638
21637624 12223
21637624 15913
21637624 3359851
21637624 5443002
21637624 7157132
21637624 7860742
21637624 7861312
21637624 9451052
21637624 10824382
21637624 13185852
21637624 13687132
21637624 14038862
21637624 14155052
21637624 14269220
21637624 14453798
21637624 14589257
21637624 14688086
21637624 14922225
21637624 15154217
21637624 15234657
21637624 15447248
21637624 15575251
21637624 15638249
21637624 15670515
21637624 15739966
21637624 15838599
21637624 17053354
21637624 17092592
21637624 18715024
21637624 18811254
21637624 18849313
21637624 19413393
21637624 19550535
21637624 22679419
21637624 24742040
21637624 48370736
21637624 48485771
21637624 59804598
21637624 64488804
21678052 7846
21678052 15913
21678052 65673
21678052 3359851
21678052 7860742
21678052 12121162
21678052 14498387
21678052 16098603
21678052 18776017
21678052 19413393
21678052 22679419
21678052 22715267
21678052 24004172
21678052 24560836
21678052 24742040
21678052 34068984
21678052 48485771
21678052 59804598
21678052 64285972
21678052 65913144
21678052 87764480
21678052 111164068
21678052 116952434
21678052 126444583
21678052 132253772
21678052 152065057
21678052 184637153
21678052 187744415
21678052 191548936
21678052 204089551
21678052 238289569
21678052 250831586
21678052 290097288
21678052 294198566
21678052 309366491
21913907 3359851
21913907 15070932
21913907 17564647
21913907 19311729
21913907 21075893
21913907 34068984
21913907 48939443
21913907 77806232
21913907 87044829
21913907 105895378
21913907 115313263
21913907 160008685
21913907 172161833
21913907 187744415
21913907 211614808
21913907 213032194
21913907 238308325
21913907 245394117
21913907 250441643
21913907 250708662
21913907 252887163
21913907 262775327
21913907 277675909
21913907 294198566
21913907 307642294
21913907 309325161
21913907 322822476
21913907 325106566
21913907 339943969
21913907 431983156
21913907 543373651
22273748 15913
22273748 3096071
22273748 5442012
22273748 14922225
22273748 15234657
22273748 15853668
22273748 17632072
22273748 18776017
22273748 20880546
22273748 24004172
22273748 24641194
22273748 24942585
22273748 25827166
22273748 25952851
22273748 28719244
22273748 37444945
22273748 48485771
22273748 86852135
22273748 116952434
22273748 144040563
22273748 146320301
22273748 151711230
22273748 184637153
22273748 238289569
22273748 270076706
22273748 282733465
22273748 309366491
22273748 365904984
22273748 394475305
22679419 7846
22679419 13348
22679419 1065921
22679419 3359851
22679419 5442012
22679419 5443002
22679419 6608332
22679419 7377812
22679419 7434902
22679419 7565302
22679419 7852172
22679419 7860742
22679419 7861622
22679419 7872262
22679419 7925002
22679419 9275742
22679419 9451052
22679419 10824382
22679419 12121162
22679419 13185852
22679419 14038862
22679419 14137885
22679419 14155052
22679419 14269220
22679419 14448205
22679419 14471778
22679419 14498387
22679419 14575846
22679419 14589257
22679419 14609321
22679419 14691709
22679419 14922225
22679419 14999606
22679419 15234657
22679419 15259010
22679419 15447248
22679419 15575251
22679419 15578992
22679419 15846407
22679419 15853668
22679419 16098603
22679419 16364644
22679419 16626187
22679419 17092592
22679419 17632072
22679419 17722816
22679419 18666844
22679419 18755518
22679419 18776017
22679419 18791343
22679419 18849313
22679419 18900668
22679419 19370213
22679419 19413393
22679419 19414296
22679419 19519349
22679419 19550535
22679419 20273398
22679419 20880546
22679419 21195122
22679419 21339114
22679419 22841103
22679419 24742040
22679419 24942585
22679419 28281437
22679419 28719244
22679419 28933226
22679419 28960709
22679419 31037985
22679419 33191389
22679419 38514229
22679419 38542252
22679419 42943177
22679419 45862504
22679419 48370736
22679419 48485771
22679419 59804598
22679419 60968363
22679419 61853583
22679419 64285972
22679419 64488804
22679419 65913144
22679419 71383220
22679419 81229871
22679419 92357649
22679419 93905958
22679419 94441197
22679419 111210694
22679419 117187783
22679419 144040563
22679419 146155608
22679419 184637153
22679419 207752295
22679419 229141679
22679419 235216483
22679419 307642294
22679419 322641198
22715267 15913
22715267 65673
22715267 3359851
22715267 16098603
22715267 21678052
22715267 24560836
22715267 34068984
22715267 111164068
22715267 116952434
22715267 126444583
22715267 132253772
22715267 184637153
22715267 187744415
22715267 204089551
22715267 238289569
22715267 309366491
22831657 15913
22831657 3096071
22831657 3359851
22831657 3442781
22831657 3443591
22831657 5443002
22831657 7860742
22831657 7861312
22831657 11461102
22831657 12121162
22831657 13894102
22831657 14269220
22831657 15154217
22831657 16098603
22831657 16425197
22831657 17140787
22831657 18666844
22831657 24942585
22831657 34068984
22831657 48485771
22831657 59804598
22831657 93905958
22831657 144040563
22831657 146155608
22831657 154708725
22841103 10350
22841103 12223
22841103 15913
22841103 1183041
22841103 1702611
22841103 2735591
22841103 3096071
22841103 3359851
22841103 3443591
22841103 3462421
22841103 5442012
22841103 6608332
22841103 7157132
22841103 7194892
22841103 7377812
22841103 7434902
22841103 7565302
22841103 7860742
22841103 7861312
22841103 7872262
22841103 8146732
22841103 9275742
22841103 9451052
22841103 13687132
22841103 14038862
22841103 14137885
22841103 14155052
22841103 14224219
22841103 14269220
22841103 14424667
22841103 14498622
22841103 14575846
22841103 14589257
22841103 14691709
22841103 14692604
22841103 14922225
22841103 14999606
22841103 15112961
22841103 15222083
22841103 15234657
22841103 15259010
22841103 15447248
22841103 15575251
22841103 15578992
22841103 15838599
22841103 16364644
22841103 16453996
22841103 16799897
22841103 17092592
22841103 17214479
22841103 18301663
22841103 18345193
22841103 18581803
22841103 18666844
22841103 18715024
22841103 18755518
22841103 18776017
22841103 18892183
22841103 18900668
22841103 19413393
22841103 19414296
22841103 19595287
22841103 20273398
22841103 21339114
22841103 22679419
22841103 23645599
22841103 24585498
22841103 24742040
22841103 24942585
22841103 31037985
22841103 33191389
22841103 34068984
22841103 34378922
22841103 36311369
22841103 38514229
22841103 42361118
22841103 42943177
22841103 45862504
22841103 48370736
22841103 48485771
22841103 59804598
22841103 64488804
22841103 87764480
22841103 92357649
22841103 93905958
22841103 121258930
22841103 144040563
22841103 146071420
22841103 146155608
22841103 250831586
23215572 11648692
23215572 14180231
23215572 15070932
23215572 17564647
23215572 19311729
23215572 20471349
23215572 21075893
23215572 21504535
23215572 24125323
23215572 26176694
23215572 26800967
23215572 28478859
23215572 29785987
23215572 30267128
23215572 36850842
23215572 40329238
23215572 47495471
23215572 49781679
23215572 58245520
23215572 67818595
23215572 74325773
23215572 79056710
23215572 87044829
23215572 105150583
23215572 105895378
23215572 115313263
23215572 127935456
23215572 130917777
23215572 160008685
23215572 172161833
23215572 186745799
23215572 210731960
23215572 211614808
23215572 221636679
23215572 238308325
23215572 240063501
23215572 245394117
23215572 248861233
23215572 250708662
23215572 252887163
23215572 253893287
23215572 258203336
23215572 262775327
23215572 277139373
23215572 281159810
23215572 284174632
23215572 287411130
23215572 288231953
23215572 296242468
23215572 297683673
23215572 298757008
23215572 307642294
23215572 308103112
23215572 309064372
23215572 309325161
23215572 310233571
23215572 322822476
23215572 325106566
23215572 337952973
23215572 339943969
23215572 341603426
23215572 356447837
23215572 362626342
23215572 381296177
23215572 384388981
23215572 384621304
23215572 385621090
23215572 417927586
23215572 422253889
23215572 431983156
23215572 446023451
23215572 448774841
23215572 467903803
23215572 491431687
23215572 498542846
23215572 543373651
23215572 548539370
23215572 548631386
23215572 560929638
23645599 12223
23645599 15913
23645599 3359851
23645599 9451052
23645599 13356642
23645599 13687132
23645599 14155052
23645599 14453798
23645599 15222083
23645599 15234657
23645599 15447248
23645599 15575251
23645599 15578992
23645599 15591032
23645599 15838599
23645599 18715024
23645599 19414296
23645599 22679419
23645599 22841103
23645599 33191389
23645599 45862504
23645599 48485771
23645599 121258930
24004172 15913
24004172 1065921
24004172 1183041
24004172 3359851
24004172 3443591
24004172 5442012
24004172 7194892
24004172 7377812
24004172 7860742
24004172 7861312
24004172 7872262
24004172 7925002
24004172 14180231
24004172 14269220
24004172 14471778
24004172 14498387
24004172 14589257
24004172 14609321
24004172 14688086
24004172 14692604
24004172 15112961
24004172 15488968
24004172 15575251
24004172 16079941
24004172 16098603
24004172 16453996
24004172 16799897
24004172 18021714
24004172 18301663
24004172 18666844
24004172 18776017
24004172 19370213
24004172 20880546
24004172 21195122
24004172 21678052
24004172 22679419
24004172 24081780
24004172 24560836
24004172 24641194
24004172 28719244
24004172 28933226
24004172 34068984
24004172 38542252
24004172 42361118
24004172 45416789
24004172 47161442
24004172 48485771
24004172 53459595
24004172 60968363
24004172 64488804
24004172 65913144
24004172 71383220
24004172 71606873
24004172 87764480
24004172 93905958
24004172 144040563
24004172 154708725
24004172 200212364
24004172 235216483
24081780 12223
24081780 15913
24081780 1065921
24081780 3359851
24081780 3443591
24081780 5442012
24081780 5443002
24081780 7157132
24081780 7194892
24081780 7565302
24081780 7852172
24081780 7860742
24081780 7861312
24081780 7861622
24081780 7872262
24081780 7925002
24081780 9451052
24081780 10824382
24081780 13687132
24081780 13894102
24081780 14038862
24081780 14155052
24081780 14180231
24081780 14453798
24081780 14471778
24081780 14498387
24081780 14609321
24081780 14688086
24081780 14922225
24081780 15222083
24081780 15234657
24081780 15575251
24081780 15578992
24081780 15739966
24081780 15838599
24081780 15853668
24081780 16098603
24081780 16453996
24081780 17092592
24081780 18021714
24081780 18581803
24081780 18666844
24081780 18776017
24081780 19370213
24081780 19413393
24081780 20273398
24081780 20880546
24081780 21195122
24081780 22679419
24081780 24004172
24081780 24585498
24081780 24641194
24081780 24742040
24081780 25952851
24081780 26173611
24081780 28719244
24081780 28933226
24081780 28960709
24081780 33191389
24081780 34068984
24081780 34378922
24081780 42361118
24081780 45416789
24081780 45862504
24081780 47161442
24081780 48370736
24081780 48485771
24081780 59804598
24081780 60968363
24081780 64488804
24081780 65913144
24081780 71383220
24081780 71606873
24081780 87764480
24081780 93905958
24081780 121258930
24081780 146155608
24081780 235216483
24081780 235818781
24125323 15070932
24125323 17564647
24125323 19311729
24125323 21504535
24125323 23215572
24125323 26176694
24125323 26800967
24125323 30267128
24125323 40329238
24125323 49781679
24125323 58245520
24125323 74325773
24125323 84672379
24125323 87044829
24125323 105895378
24125323 115313263
24125323 121472925
24125323 127935456
24125323 130917777
24125323 146350964
24125323 160008685
24125323 165795009
24125323 172161833
24125323 186745799
24125323 210731960
24125323 211614808
24125323 238308325
24125323 240063501
24125323 247031120
24125323 250441643
24125323 250708662
24125323 252887163
24125323 253893287
24125323 275550472
24125323 277675909
24125323 281159810
24125323 287411130
24125323 297683673
24125323 307642294
24125323 309325161
24125323 322822476
24125323 325106566
24125323 339943969
24125323 345569115
24125323 356447837
24125323 381296177
24125323 382360772
24125323 384621304
24125323 385621090
24125323 431983156
24125323 491431687
24125323 498542846
24125323 543373651
24125323 548631386
24125323 560482964
24125323 560929638
24542441 15913
24542441 9117202
24542441 17564647
24542441 19311729
24542441 25952851
24542441 26422087
24542441 41656802
24542441 74275571
24542441 84672379
24542441 87044829
24542441 134979402
24542441 186287415
24542441 258203336
24542441 275550472
24542441 284174632
24542441 296242468
24542441 307642294
24542441 309064372
24542441 309325161
24542441 339943969
24542441 341603426
24542441 345569115
24542441 374949999
24542441 384621304
24542441 387566789
24542441 529658284
24560836 15913
24560836 1183041
24560836 7861312
24560836 9275742
24560836 16098603
24560836 18301663
24560836 158558510
24585498 12223
24585498 15913
24585498 1183041
24585498 3359851
24585498 7194892
24585498 7861312
24585498 9451052
24585498 13356642
24585498 14155052
24585498 14224219
24585498 14269220
24585498 14453798
24585498 14498622
24585498 14589257
24585498 14922225
24585498 15154217
24585498 15222083
24585498 15259010
24585498 15575251
24585498 15578992
24585498 15591032
24585498 16799897
24585498 17140787
24585498 18755518
24585498 19414296
24585498 20880546
24585498 21339114
24585498 22679419
24585498 22841103
24585498 24742040
24585498 33191389
24585498 48485771
24585498 53789489
24585498 59804598
24585498 64488804
24585498 144040563
24641194 7846
24641194 10350
24641194 15913
24641194 1065921
24641194 3359851
24641194 3443591
24641194 5442012
24641194 7157132
24641194 7860742
24641194 7861312
24641194 7861622
24641194 7872262
24641194 9451052
24641194 13894102
24641194 14180231
24641194 14269220
24641194 14471778
24641194 14498387
24641194 14589257
24641194 14609321
24641194 14688086
24641194 14691709
24641194 14692604
24641194 14922225
24641194 15234657
24641194 15575251
24641194 15853668
24641194 16079941
24641194 16098603
24641194 16453996
24641194 16626187
24641194 17092592
24641194 18021714
24641194 18581803
24641194 18666844
24641194 18776017
24641194 19370213
24641194 19413393
24641194 20880546
24641194 21195122
24641194 22273748
24641194 22679419
24641194 24004172
24641194 24081780
24641194 24742040
24641194 24942585
24641194 25827166
24641194 25952851
24641194 28719244
24641194 28933226
24641194 31037985
24641194 34068984
24641194 38542252
24641194 42361118
24641194 45416789
24641194 45862504
24641194 47161442
24641194 48370736
24641194 48485771
24641194 59804598
24641194 60968363
24641194 63787760
24641194 65913144
24641194 71383220
24641194 71606873
24641194 87764480
24641194 92357649
24641194 93905958
24641194 116952434
24641194 117187783
24641194 121258930
24641194 126444583
24641194 144040563
24641194 146155608
24641194 146350964
24641194 187744415
24641194 204089551
24641194 235216483
24641194 235818781
24641194 294198566
24641194 309366491
24724740 13348
24724740 15913
24724740 13324892
24724740 14575846
24724740 18715024
24741685 13348
24741685 15913
24741685 229523
24741685 253973
24741685 755165
24741685 1455911
24741685 2735591
24741685 5676102
24741685 14091509
24741685 14874480
24741685 15670515
24741685 16095572
24741685 16120265
24741685 16409781
24741685 16425197
24741685 16930986
24741685 17000457
24741685 17034634
24741685 19595287
24741685 24742040
24741685 49465463
24741685 55338862
24741685 74286565
24741685 91396874
24742040 13348
24742040 15913
24742040 3359851
24742040 5443002
24742040 7860742
24742040 9451052
24742040 11911082
24742040 14269220
24742040 14691709
24742040 14874480
24742040 14922225
24742040 15447248
24742040 15670515
24742040 16038438
24742040 16358416
24742040 16409781
24742040 18581803
24742040 18776017
24742040 19162933
24742040 19595287
24742040 22679419
24742040 24081780
24742040 24641194
24742040 30680870
24742040 34378922
24742040 38542252
24742040 55338862
24742040 59804598
24742040 74286565
24742040 93905958
24742040 116952434
24742040 146155608
24742040 198876913
24742040 290097288
24742040 343042051
24742040 411273721
24742040 422253889
24742040 548539370
24942585 15913
24942585 3096071
24942585 3359851
24942585 5442012
24942585 5445442
24942585 7157132
24942585 7860742
24942585 7861312
24942585 9275742
24942585 9451052
24942585 13687132
24942585 14038862
24942585 14155052
24942585 14269220
24942585 14424667
24942585 15112961
24942585 15575251
24942585 15853668
24942585 17028313
24942585 18666844
24942585 18701960
24942585 19162933
24942585 19413393
24942585 20019469
24942585 20323999
24942585 20880546
24942585 22679419
24942585 22831657
24942585 22841103
24942585 24585498
24942585 28281437
24942585 28719244
24942585 28933226
24942585 30680870
24942585 31037985
24942585 37444945
24942585 47495471
24942585 48485771
24942585 53685618
24942585 59804598
24942585 75914648
24942585 84052794
24942585 86852135
24942585 117541123
24942585 121258930
24942585 144040563
24942585 146071420
24942585 146155608
24942585 146320301
24942585 152435436
24942585 198876913
24942585 200212364
24942585 316264827
24942585 325106566
24942585 326659062
24942585 347508389
24942585 362626342
24942585 566753653
25827166 15853668
25827166 22273748
25827166 28719244
25827166 37444945
25827166 48485771
25827166 75914648
25827166 86852135
25827166 144723989
25827166 146155608
25827166 151711230
25827166 307642294
25827166 365904984
25827166 416718047
25952851 7846
25952851 15913
25952851 3359851
25952851 3443591
25952851 5442012
25952851 7377812
25952851 7860742
25952851 7872262
25952851 9275742
25952851 9451052
25952851 14180231
25952851 14269220
25952851 14471778
25952851 15222083
25952851 15447248
25952851 15838599
25952851 15853668
25952851 16098603
25952851 16453996
25952851 17092592
25952851 17632072
25952851 17722816
25952851 18021714
25952851 18532553
25952851 18581803
25952851 18776017
25952851 19413393
25952851 19519349
25952851 21195122
25952851 22273748
25952851 22679419
25952851 24004172
25952851 24081780
25952851 24641194
25952851 28719244
25952851 28933226
25952851 28960709
25952851 37444945
25952851 42361118
25952851 45416789
25952851 48485771
25952851 59804598
25952851 65913144
25952851 84672379
25952851 86852135
25952851 87764480
25952851 117187783
25952851 128302994
25952851 144040563
25952851 144723989
25952851 184637153
25952851 200212364
25952851 235216483
25952851 238289569
25952851 307642294
25952851 309366491
25952851 416718047
26173611 15913
26173611 1702611
26173611 7157132
26173611 7565302
26173611 7860742
26173611 9451052
26173611 13687132
26173611 14137885
26173611 14155052
26173611 14922225
26173611 15838599
26173611 19413393
26173611 20273398
26173611 22841103
26173611 24585498
26173611 47161442
26176694 17564647
26176694 19311729
26176694 20471349
26176694 23215572
26176694 24125323
26176694 26800967
26176694 34068984
26176694 40329238
26176694 58245520
26176694 74325773
26176694 87044829
26176694 105895378
26176694 115313263
26176694 121472925
26176694 127935456
26176694 130917777
26176694 160008685
26176694 165795009
26176694 186745799
26176694 211614808
26176694 238308325
26176694 240063501
26176694 250441643
26176694 252887163
26176694 253893287
26176694 262775327
26176694 277675909
26176694 281159810
26176694 287411130
26176694 288231953
26176694 297683673
26176694 307642294
26176694 309325161
26176694 322822476
26176694 325106566
26176694 337952973
26176694 339943969
26176694 345569115
26176694 356447837
26176694 382360772
26176694 384621304
26176694 385621090
26176694 422114084
26176694 431983156
26176694 446023451
26176694 491431687
26176694 498542846
26176694 543373651
26176694 548631386
26176694 560482964
26176694 560929638
26422087 3359851
26422087 9117202
26422087 18581803
26422087 20471349
26422087 22679419
26422087 22715267
26422087 24542441
26422087 34068984
26422087 204089551
26422087 284174632
26422087 296242468
26422087 303060652
26422087 307642294
26422087 309366491
26422087 345569115
26422087 374949999
26422087 387975746
26422087 529658284
26800967 5442012
26800967 11648692
26800967 15070932
26800967 17564647
26800967 19311729
26800967 20471349
26800967 21075893
26800967 23215572
26800967 24125323
26800967 24742040
26800967 26176694
26800967 28478859
26800967 30267128
26800967 40329238
26800967 49781679
26800967 58245520
26800967 67818595
26800967 74325773
26800967 87044829
26800967 105150583
26800967 115313263
26800967 127935456
26800967 130917777
26800967 146155608
26800967 160008685
26800967 172161833
26800967 186745799
26800967 210731960
26800967 211614808
26800967 238308325
26800967 245394117
26800967 247031120
26800967 250831586
26800967 252887163
26800967 253893287
26800967 258203336
26800967 262775327
26800967 275550472
26800967 277675909
26800967 287411130
26800967 298757008
26800967 307642294
26800967 308103112
26800967 309064372
26800967 309325161
26800967 310233571
26800967 325106566
26800967 337952973
26800967 339943969
26800967 341840097
26800967 356447837
26800967 362626342
26800967 381296177
26800967 382360772
26800967 384621304
26800967 431983156
26800967 446023451
26800967 491431687
26800967 498542846
26800967 543373651
26800967 548631386
28281437 3359851
28281437 14038862
28281437 15234657
28281437 17586739
28281437 18581803
28281437 20880546
28281437 22679419
28281437 24742040
28281437 24942585
28281437 47495471
28281437 48485771
28281437 59804598
28281437 105150583
28281437 121258930
28281437 144040563
28281437 146155608
28281437 307642294
28478859 5442012
28478859 14180231
28478859 18581803
28478859 20471349
28478859 23215572
28478859 26800967
28478859 67818595
28478859 105895378
28478859 210731960
28478859 221636679
28478859 245394117
28478859 258203336
28478859 262775327
28478859 288231953
28478859 298757008
28478859 307642294
28478859 309325161
28478859 325106566
28478859 339943969
28478859 341840097
28478859 384621304
28478859 417927586
28478859 446023451
28478859 501724209
28478859 548631386
28719244 5442012
28719244 7860742
28719244 7872262
28719244 14498387
28719244 15112961
28719244 16453996
28719244 16626187
28719244 19162933
28719244 20880546
28719244 22273748
28719244 22679419
28719244 24004172
28719244 24081780
28719244 24641194
28719244 24942585
28719244 25827166
28719244 25952851
28719244 31037985
28719244 37444945
28719244 42361118
28719244 47161442
28719244 48485771
28719244 52559331
28719244 60968363
28719244 75914648
28719244 86852135
28719244 93905958
28719244 116952434
28719244 144040563
28719244 146155608
28719244 151711230
28719244 200212364
28719244 306445007
28719244 307642294
28719244 365904984
28719244 367443729
28719244 394475305
28719244 401029555
28719244 416718047
28775296 15913
28775296 5442012
28775296 7565302
28775296 9451052
28775296 14038862
28775296 14269220
28775296 15112961
28775296 15853668
28775296 20880546
28775296 22273748
28775296 22679419
28775296 24742040
28775296 24942585
28775296 31037985
28775296 48485771
28775296 59804598
28775296 117541123
28775296 121258930
28775296 144040563
28775296 146071420
28775296 146155608
28775296 198876913
28775296 200212364
28775296 306445007
28775296 309366491
28775296 316264827
28775296 365904984
28775296 421848829
28933226 15913
28933226 1065921
28933226 3359851
28933226 3443591
28933226 5442012
28933226 6478202
28933226 7377812
28933226 7860742
28933226 7872262
28933226 9413072
28933226 12771872
28933226 13687132
28933226 14038862
28933226 14155052
28933226 14180231
28933226 14269220
28933226 14424667
28933226 14471778
28933226 14498387
28933226 14575846
28933226 14589257
28933226 14691709
28933226 14692604
28933226 14922225
28933226 14999606
28933226 15098511
28933226 15112961
28933226 15154217
28933226 15234657
28933226 15488968
28933226 16098603
28933226 16453996
28933226 16651072
28933226 17092592
28933226 17214479
28933226 17632072
28933226 17722816
28933226 18021714
28933226 18345193
28933226 18532553
28933226 18581803
28933226 18666844
28933226 18715024
28933226 18776017
28933226 20880546
28933226 21195122
28933226 22679419
28933226 24004172
28933226 24081780
28933226 24641194
28933226 24742040
28933226 24942585
28933226 25827166
28933226 25952851
28933226 28719244
28933226 36311369
28933226 37444945
28933226 45416789
28933226 47161442
28933226 48485771
28933226 59804598
28933226 65913144
28933226 71383220
28933226 71606873
28933226 87764480
28933226 116952434
28933226 117187783
28933226 144723989
28933226 146155608
28933226 200212364
28933226 229141679
28933226 235216483
28933226 235818781
28960709 15913
28960709 3096071
28960709 7157132
28960709 7852172
28960709 8146732
28960709 13356642
28960709 14575846
28960709 15447248
28960709 15838599
28960709 15853668
28960709 16098603
28960709 17092592
28960709 18581803
28960709 19413393
28960709 20273398
28960709 24742040
28960709 25952851
28960709 34378922
28960709 42361118
28960709 93905958
28960709 116952434
28960709 144723989
29785987 23215572
29785987 59804598
29785987 309325161
30267128 17564647
30267128 21504535
30267128 23215572
30267128 24125323
30267128 26176694
30267128 26800967
30267128 115313263
30267128 127935456
30267128 160008685
30267128 186745799
30267128 252887163
30267128 281159810
30267128 287411130
30267128 307642294
30267128 309325161
30267128 382360772
30267128 498542846
30267128 543373651
30267128 560929638
30680870 15913
30680870 3096071
30680870 5442012
30680870 7565302
30680870 7860742
30680870 14038862
30680870 15112961
30680870 15575251
30680870 15853668
30680870 17586739
30680870 18776017
30680870 19162933
30680870 20880546
30680870 22273748
30680870 22679419
30680870 24004172
30680870 24742040
30680870 24942585
30680870 25827166
30680870 28719244
30680870 28775296
30680870 31037985
30680870 37444945
30680870 41937748
30680870 45509346
30680870 45862504
30680870 48485771
30680870 52559331
30680870 54514600
30680870 59005241
30680870 61853583
30680870 75914648
30680870 86852135
30680870 95109615
30680870 117541123
30680870 121258930
30680870 144040563
30680870 146071420
30680870 146155608
30680870 146320301
30680870 151711230
30680870 152435436
30680870 179524189
30680870 198876913
30680870 200212364
30680870 207752295
30680870 259074185
30680870 306445007
30680870 307642294
30680870 316264827
30680870 324061899
30680870 349358004
30680870 355637036
30680870 365904984
30680870 367443729
30680870 384388981
30680870 401029555
30680870 416718047
30680870 421848829
30680870 422950468
30680870 466645680
31037985 15913
31037985 14155052
31037985 15112961
31037985 17028313
31037985 20880546
31037985 24942585
31037985 48485771
31037985 87764480
31037985 121258930
31037985 144040563
31037985 146155608
33051095 7846
33051095 15913
33051095 1183041
33051095 7860742
33051095 7861312
33051095 7861622
33051095 15846407
33051095 20108560
33051095 20880546
33191389 12223
33191389 15913
33191389 1702611
33191389 3359851
33191389 3443591
33191389 3462421
33191389 9451052
33191389 13356642
33191389 14137885
33191389 14155052
33191389 14224219
33191389 14453798
33191389 14575846
33191389 14922225
33191389 15112961
33191389 15234657
33191389 15259010
33191389 15838599
33191389 16358416
33191389 16799897
33191389 18755518
33191389 19414296
33191389 22841103
33191389 24585498
33191389 31037985
33191389 48485771
33191389 53789489
33191389 64488804
33191389 87764480
34068984 15913
34068984 2735591
34068984 9451052
34068984 12121162
34068984 22679419
34068984 22831657
34068984 63787760
34068984 93905958
34068984 116952434
34068984 126444583
34068984 187744415
34068984 290097288
34068984 294198566
34378922 10350
34378922 15913
34378922 1183041
34378922 3443591
34378922 7861312
34378922 13687132
34378922 14155052
34378922 14269220
34378922 14498622
34378922 14589257
34378922 14691709
34378922 15234657
34378922 15575251
34378922 22679419
34378922 24585498
34378922 24742040
34711597 15913
34711597 65673
34711597 3359851
34711597 3443591
34711597 7194892
34711597 7565302
34711597 9451052
34711597 14609321
34711597 14691709
34711597 15222083
34711597 15259010
34711597 17092592
34711597 18715024
34711597 18900668
34711597 19413393
34711597 20471349
34711597 87764480
34711597 93905958
36311369 12223
36311369 15913
36311369 1702611
36311369 3096071
36311369 3359851
36311369 3443591
36311369 7194892
36311369 7434902
36311369 9451052
36311369 14155052
36311369 14269220
36311369 14453798
36311369 14575846
36311369 14692604
36311369 15098511
36311369 15222083
36311369 15638249
36311369 16079941
36311369 16102815
36311369 16364644
36311369 16874875
36311369 17214479
36311369 18715024
36311369 18755518
36311369 18892183
36311369 19414296
36311369 19759597
36311369 20273398
36311369 24585498
36311369 34068984
36311369 39394932
36311369 48485771
36311369 64488804
36311369 87764480
36311369 93905958
36836939 17564647
36836939 21075893
36836939 48939443
36836939 105895378
36836939 127935456
36836939 160008685
36836939 172161833
36836939 211614808
36836939 213032194
36836939 221636679
36836939 238308325
36836939 240063501
36836939 245394117
36836939 253893287
36836939 298757008
36836939 307206030
36836939 307642294
36836939 309325161
36836939 322822476
36836939 339943969
36836939 362626342
36836939 381788237
36836939 384621304
36836939 422253889
36836939 543373651
36850842 15234657
36850842 17564647
36850842 19311729
36850842 20471349
36850842 23215572
36850842 24125323
36850842 26176694
36850842 48939443
36850842 59804598
36850842 87044829
36850842 105895378
36850842 115313263
36850842 127935456
36850842 134979402
36850842 160008685
36850842 172161833
36850842 211614808
36850842 238308325
36850842 250708662
36850842 252887163
36850842 262775327
36850842 275550472
36850842 277675909
36850842 281159810
36850842 284174632
36850842 287411130
36850842 296242468
36850842 297683673
36850842 307642294
36850842 309064372
36850842 309325161
36850842 322822476
36850842 325106566
36850842 337952973
36850842 339943969
36850842 381296177
36850842 384621304
36850842 385621090
36850842 467903803
36850842 543373651
37444945 15913
37444945 5442012
37444945 8146732
37444945 14180231
37444945 15853668
37444945 17632072
37444945 18776017
37444945 19162933
37444945 22273748
37444945 24942585
37444945 25827166
37444945 25952851
37444945 28719244
37444945 28933226
37444945 86852135
37444945 144040563
37444945 151711230
37444945 179524189
37444945 309366491
37444945 394475305
38514229 15913
38514229 1065921
38514229 3096071
38514229 3442781
38514229 7194892
38514229 7377812
38514229 7434902
38514229 9451052
38514229 10115042
38514229 10824382
38514229 12771872
38514229 12970892
38514229 13185852
38514229 14155052
38514229 14180231
38514229 14269220
38514229 14453798
38514229 14471778
38514229 14575846
38514229 14589257
38514229 14609321
38514229 14691709
38514229 15098511
38514229 15112961
38514229 15154217
38514229 15488968
38514229 15638249
38514229 16079941
38514229 16098603
38514229 16799897
38514229 17053354
38514229 17214479
38514229 17787399
38514229 18581803
38514229 18755518
38514229 19413393
38514229 19414296
38514229 20273398
38514229 22679419
38514229 24942585
38514229 39394932
38514229 48485771
38514229 64488804
38542252 15913
38542252 3359851
38542252 3442781
38542252 3443591
38542252 7860742
38542252 7872262
38542252 12121162
38542252 14269220
38542252 14498387
38542252 18666844
38542252 24004172
38542252 24641194
38542252 24742040
38542252 34068984
38542252 42361118
38542252 45416789
38542252 45862504
38542252 59804598
38542252 63787760
38542252 65913144
38542252 93905958
38542252 111164068
38542252 111210694
38542252 152065057
38542252 154708725
38542252 187744415
38542252 290097288
38542252 294198566
39394932 10350
39394932 12223
39394932 15913
39394932 1702611
39394932 3359851
39394932 4291741
39394932 6608332
39394932 7194892
39394932 13185852
39394932 13356642
39394932 14155052
39394932 14224219
39394932 14269220
39394932 14453798
39394932 14575846
39394932 14609321
39394932 15154217
39394932 15582769
39394932 15638249
39394932 18666844
39394932 18715024
39394932 18811254
39394932 19414296
39394932 19550535
39394932 19595287
39394932 21637624
39394932 24585498
39394932 36311369
39394932 38514229
39394932 48485771
39394932 53789489
39394932 64488804
39394932 87764480
40329238 17564647
40329238 18776017
40329238 19311729
40329238 20471349
40329238 21504535
40329238 23215572
40329238 24125323
40329238 26176694
40329238 26800967
40329238 58245520
40329238 59804598
40329238 74325773
40329238 87044829
40329238 105895378
40329238 115313263
40329238 127935456
40329238 160008685
40329238 172161833
40329238 186745799
40329238 211614808
40329238 238308325
40329238 240063501
40329238 247031120
40329238 250708662
40329238 252887163
40329238 253893287
40329238 262775327
40329238 277675909
40329238 281159810
40329238 287411130
40329238 290097288
40329238 294198566
40329238 297683673
40329238 307642294
40329238 308103112
40329238 309064372
40329238 309325161
40329238 322822476
40329238 325106566
40329238 339943969
40329238 345569115
40329238 356447837
40329238 382360772
40329238 384621304
40329238 385621090
40329238 431983156
40329238 491431687
40329238 498542846
40329238 543373651
40329238 548631386
40329238 560482964
41656802 3359851
41656802 17564647
41656802 19311729
41656802 20471349
41656802 34068984
41656802 48939443
41656802 74275571
41656802 84672379
41656802 87044829
41656802 250708662
41656802 252887163
41656802 258203336
41656802 262775327
41656802 275550472
41656802 284174632
41656802 288231953
41656802 294198566
41656802 296242468
41656802 307642294
41656802 309325161
41656802 325106566
41656802 337952973
41656802 374949999
41656802 384621304
41656802 387566789
41937748 15913
41937748 1183041
41937748 5442012
41937748 9275742
41937748 15112961
41937748 15575251
41937748 17632072
41937748 20323999
41937748 20880546
41937748 22831657
41937748 24742040
41937748 24942585
41937748 28719244
41937748 31037985
41937748 45509346
41937748 48485771
41937748 53685618
41937748 59804598
41937748 61853583
41937748 63644892
41937748 72156360
41937748 117541123
41937748 121258930
41937748 144040563
41937748 146155608
41937748 152435436
41937748 179524189
41937748 198876913
41937748 270076706
41937748 307642294
41937748 324061899
41937748 384388981
42361118 15913
42361118 1065921
42361118 6608332
42361118 7377812
42361118 7565302
42361118 7852172
42361118 7860742
42361118 7872262
42361118 7925002
42361118 8146732
42361118 13687132
42361118 14180231
42361118 14269220
42361118 14471778
42361118 14498387
42361118 14589257
42361118 14609321
42361118 14688086
42361118 14691709
42361118 14692604
42361118 14922225
42361118 15222083
42361118 15447248
42361118 16079941
42361118 16098603
42361118 16453996
42361118 17092592
42361118 18021714
42361118 18301663
42361118 18581803
42361118 18715024
42361118 18776017
42361118 19370213
42361118 20273398
42361118 21195122
42361118 22679419
42361118 22841103
42361118 23645599
42361118 24004172
42361118 24081780
42361118 24641194
42361118 24742040
42361118 25952851
42361118 26173611
42361118 28719244
42361118 38542252
42361118 45416789
42361118 47161442
42361118 48370736
42361118 48485771
42361118 60968363
42361118 65913144
42361118 71383220
42361118 71606873
42361118 87764480
42361118 121258930
42361118 160839015
42361118 229141679
42361118 235216483
42361118 235818781
42361118 238289569
42361118 309366491
42943177 15913
42943177 3359851
42943177 7157132
42943177 19563357
42943177 26173611
42943177 33191389
42943177 87764480
43662236 10350
43662236 15913
43662236 9451052
43662236 14589257
43662236 15575251
43662236 16038438
43662236 18666844
43662236 20273398
43662236 24585498
44234944 15913
44234944 5442012
44234944 20880546
44234944 24942585
44234944 48485771
44234944 59804598
44234944 121258930
44234944 144040563
44234944 146155608
44234944 411273721
45416789 7846
45416789 10350
45416789 15913
45416789 3359851
45416789 3443591
45416789 7377812
45416789 7860742
45416789 7861312
45416789 7861622
45416789 7872262
45416789 7925002
45416789 9413072
45416789 11911082
45416789 13894102
45416789 14155052
45416789 14180231
45416789 14269220
45416789 14471778
45416789 14498387
45416789 14589257
45416789 14609321
45416789 14691709
45416789 14692604
45416789 14922225
45416789 15154217
45416789 15853668
45416789 16079941
45416789 16098603
45416789 16453996
45416789 16626187
45416789 17092592
45416789 18021714
45416789 18581803
45416789 18666844
45416789 18776017
45416789 19370213
45416789 20880546
45416789 21195122
45416789 22679419
45416789 24004172
45416789 24081780
45416789 24641194
45416789 24742040
45416789 25952851
45416789 28719244
45416789 38542252
45416789 42361118
45416789 47161442
45416789 48370736
45416789 48485771
45416789 60968363
45416789 65913144
45416789 71383220
45416789 71606873
45416789 87764480
45416789 116952434
45416789 121258930
45416789 200212364
45416789 235216483
45416789 309366491
45509346 15913
45509346 5442012
45509346 14038862
45509346 15112961
45509346 15575251
45509346 17140787
45509346 17586739
45509346 18776017
45509346 19162933
45509346 20273398
45509346 20323999
45509346 20880546
45509346 24742040
45509346 24942585
45509346 28719244
45509346 30680870
45509346 31037985
45509346 41937748
45509346 47495471
45509346 48485771
45509346 53685618
45509346 54514600
45509346 59804598
45509346 61853583
45509346 72156360
45509346 75914648
45509346 103661402
45509346 117187783
45509346 117541123
45509346 121258930
45509346 144040563
45509346 146155608
45509346 152435436
45509346 179524189
45509346 198876913
45509346 200212364
45509346 207752295
45509346 306445007
45509346 307642294
45509346 308103112
45509346 312604104
45509346 316264827
45509346 325106566
45509346 326659062
45509346 341840097
45509346 343042051
45509346 355637036
45509346 370952365
45509346 384388981
45509346 401029555
45509346 411273721
45509346 417927586
45509346 422253889
45862504 12223
45862504 15913
45862504 1183041
45862504 1702611
45862504 3359851
45862504 3443591
45862504 5442012
45862504 7377812
45862504 7434902
45862504 7565302
45862504 7860742
45862504 7861312
45862504 9275742
45862504 9451052
45862504 13687132
45862504 14269220
45862504 14589257
45862504 14922225
45862504 15098511
45862504 15222083
45862504 15234657
45862504 15259010
45862504 15575251
45862504 15578992
45862504 15838599
45862504 17092592
45862504 17214479
45862504 17521796
45862504 18715024
45862504 18755518
45862504 18900668
45862504 19414296
45862504 19595287
45862504 20273398
45862504 21339114
45862504 22679419
45862504 22841103
45862504 23645599
45862504 24585498
45862504 31037985
45862504 33191389
45862504 48485771
45862504 64488804
45862504 87764480
45862504 92357649
45862504 144040563
46762510 14180231
46762510 18581803
46762510 67818595
46762510 105895378
46762510 210639349
46762510 281159810
46762510 298757008
46762510 307642294
46762510 310233571
46762510 341840097
46762510 384621304
46762510 417927586
47161442 10350
47161442 15913
47161442 3359851
47161442 3443591
47161442 7157132
47161442 7377812
47161442 7565302
47161442 7860742
47161442 7861312
47161442 7872262
47161442 7925002
47161442 14269220
47161442 14471778
47161442 14498387
47161442 14688086
47161442 14691709
47161442 14922225
47161442 16079941
47161442 16098603
47161442 16453996
47161442 18021714
47161442 18581803
47161442 18776017
47161442 19370213
47161442 21195122
47161442 22679419
47161442 24004172
47161442 24081780
47161442 24641194
47161442 24742040
47161442 28719244
47161442 34068984
47161442 42361118
47161442 45416789
47161442 48370736
47161442 60968363
47161442 65913144
47161442 71383220
47161442 71606873
47161442 117187783
47161442 146350964
47161442 235216483
47161442 309366491
47495471 15913
47495471 5442012
47495471 14038862
47495471 14180231
47495471 15112961
47495471 15234657
47495471 17586739
47495471 17632072
47495471 18581803
47495471 20323999
47495471 20471349
47495471 20880546
47495471 22679419
47495471 23215572
47495471 24742040
47495471 24942585
47495471 28281437
47495471 28719244
47495471 45509346
47495471 48485771
47495471 59804598
47495471 61853583
47495471 103661402
47495471 105150583
47495471 121258930
47495471 144040563
47495471 146155608
47495471 146320301
47495471 198876913
47495471 207752295
47495471 211614808
47495471 213504157
47495471 258203336
47495471 259074185
47495471 307642294
47495471 309325161
47495471 324061899
47495471 326659062
47495471 343042051
47495471 370952365
47495471 384388981
47495471 411273721
47495471 417927586
47495471 422253889
47495471 499839056
47495471 566753653
48370736 10350
48370736 15913
48370736 1065921
48370736 1183041
48370736 3442781
48370736 3443591
48370736 6068612
48370736 7157132
48370736 7194892
48370736 7565302
48370736 7852172
48370736 7860742
48370736 7861312
48370736 7872262
48370736 7925002
48370736 9451052
48370736 10824382
48370736 13185852
48370736 13687132
48370736 14038862
48370736 14471778
48370736 14589257
48370736 14609321
48370736 14688086
48370736 14691709
48370736 14922225
48370736 15234657
48370736 15575251
48370736 15739966
48370736 15838599
48370736 16038438
48370736 16079941
48370736 16098603
48370736 16453996
48370736 16626187
48370736 16799897
48370736 17092592
48370736 18776017
48370736 19413393
48370736 20273398
48370736 20880546
48370736 21195122
48370736 21637624
48370736 22679419
48370736 22841103
48370736 24081780
48370736 24585498
48370736 24641194
48370736 24742040
48370736 38514229
48370736 42361118
48370736 45416789
48370736 45862504
48370736 47161442
48370736 48485771
48370736 60968363
48370736 64488804
48370736 65913144
48370736 71383220
48370736 71606873
48370736 87764480
48370736 121258930
48370736 235216483
48370736 235818781
48485771 7846
48485771 10350
48485771 12223
48485771 15913
48485771 3096071
48485771 3443591
48485771 5442012
48485771 5848412
48485771 7194892
48485771 7710472
48485771 7861312
48485771 9275742
48485771 9451052
48485771 10115042
48485771 14155052
48485771 14589257
48485771 14691709
48485771 15112961
48485771 15154217
48485771 15222083
48485771 15234657
48485771 15575251
48485771 15638249
48485771 16079941
48485771 16098603
48485771 16102815
48485771 16799897
48485771 17140787
48485771 18755518
48485771 18776017
48485771 19162933
48485771 19414296
48485771 19595287
48485771 20019469
48485771 20065936
48485771 20108560
48485771 20273398
48485771 20880546
48485771 23645599
48485771 24585498
48485771 24942585
48485771 31037985
48485771 33191389
48485771 34068984
48485771 36311369
48485771 61853583
48485771 64488804
48485771 93905958
48485771 121258930
48485771 144040563
48485771 146071420
48485771 146155608
48485771 154708725
48939443 3359851
48939443 7860742
48939443 15070932
48939443 17564647
48939443 19311729
48939443 20471349
48939443 21075893
48939443 36836939
48939443 36850842
48939443 41656802
48939443 77806232
48939443 87044829
48939443 105895378
48939443 115313263
48939443 121472925
48939443 123684709
48939443 127935456
48939443 131490551
48939443 134979402
48939443 146350964
48939443 160008685
48939443 163339795
48939443 165795009
48939443 172161833
48939443 211614808
48939443 213032194
48939443 238308325
48939443 240063501
48939443 245394117
48939443 250441643
48939443 250708662
48939443 252887163
48939443 253893287
48939443 258203336
48939443 262775327
48939443 275550472
48939443 277675909
48939443 281159810
48939443 284174632
48939443 288231953
48939443 296242468
48939443 307642294
48939443 309325161
48939443 322822476
48939443 325106566
48939443 339943969
48939443 356447837
48939443 362626342
48939443 374949999
48939443 381788237
48939443 384621304
48939443 422253889
48939443 431983156
48939443 543373651
49465463 15913
49465463 849131
49465463 1455911
49465463 5676102
49465463 11666142
49465463 14091509
49465463 15670515
49465463 16095572
49465463 16120265
49465463 16409781
49465463 16425197
49465463 16930986
49465463 17000457
49465463 24741685
49465463 91396874
49781679 23215572
49781679 24125323
49781679 26800967
49781679 58245520
49781679 59804598
49781679 87044829
49781679 115313263
49781679 172161833
49781679 186745799
49781679 247031120
49781679 250831586
49781679 307642294
49781679 309325161
49781679 322822476
49781679 325106566
49781679 339943969
49781679 385621090
52559331 5442012
52559331 7860742
52559331 18776017
52559331 22273748
52559331 25827166
52559331 28719244
52559331 30680870
52559331 48485771
52559331 54514600
52559331 59005241
52559331 84052794
52559331 95109615
52559331 121258930
52559331 144040563
52559331 146155608
52559331 146320301
52559331 179524189
52559331 198876913
52559331 200212364
52559331 282733465
52559331 307642294
52559331 324061899
52559331 349358004
52559331 355637036
52559331 365904984
52559331 367443729
52559331 401029555
52559331 422950468
52559331 466645680
53459595 15913
53459595 9413072
53459595 14609321
53459595 14692604
53459595 16098603
53459595 17214479
53459595 18666844
53459595 18776017
53459595 24004172
53459595 48485771
53459595 65913144
53459595 158558510
53685618 15913
53685618 5442012
53685618 15112961
53685618 16626187
53685618 17632072
53685618 20323999
53685618 20880546
53685618 24742040
53685618 24942585
53685618 28719244
53685618 31037985
53685618 41937748
53685618 44234944
53685618 45509346
53685618 45862504
53685618 47495471
53685618 48485771
53685618 59804598
53685618 63644892
53685618 64488804
53685618 82969251
53685618 103661402
53685618 121258930
53685618 144040563
53685618 146155608
53685618 146320301
53685618 152435436
53685618 213504157
53685618 270076706
53685618 307642294
53685618 324061899
53685618 343042051
53685618 370952365
53685618 411273721
53685618 566753653
53789489 12223
53789489 15913
53789489 4291741
53789489 13185852
53789489 13356642
53789489 14155052
53789489 14224219
53789489 14453798
53789489 14575846
53789489 15154217
53789489 15638249
53789489 18715024
53789489 18755518
53789489 19414296
53789489 19550535
53789489 24585498
53789489 33191389
53789489 39394932
54514600 15913
54514600 5442012
54514600 17586739
54514600 20880546
54514600 24942585
54514600 30680870
54514600 45509346
54514600 48485771
54514600 52559331
54514600 121258930
54514600 144040563
54514600 146155608
54514600 198876913
54514600 307642294
54514600 367443729
54514600 422950468
55338862 13348
55338862 15913
55338862 72373
55338862 849131
55338862 992031
55338862 1065921
55338862 1183041
55338862 3824401
55338862 7861312
55338862 11461102
55338862 13687132
55338862 13894102
55338862 15670515
55338862 15853073
55338862 16120265
55338862 16409781
55338862 16425197
55338862 17092592
55338862 18666844
55338862 24742040
55338862 59804598
55338862 93905958
58245520 17564647
58245520 23215572
58245520 24125323
58245520 26176694
58245520 26800967
58245520 40329238
58245520 49781679
58245520 59804598
58245520 67818595
58245520 105895378
58245520 115313263
58245520 127935456
58245520 160008685
58245520 186745799
58245520 211614808
58245520 247031120
58245520 253893287
58245520 287411130
58245520 307642294
58245520 308103112
58245520 309325161
58245520 325106566
58245520 339943969
58245520 382360772
58245520 431983156
58245520 498542846
58245520 548631386
59005241 5442012
59005241 7860742
59005241 15853668
59005241 18776017
59005241 20880546
59005241 22273748
59005241 24004172
59005241 24942585
59005241 28719244
59005241 30680870
59005241 37444945
59005241 48485771
59005241 52559331
59005241 75914648
59005241 95109615
59005241 121258930
59005241 146155608
59005241 146320301
59005241 200212364
59005241 270076706
59005241 282733465
59005241 307642294
59005241 349358004
59005241 365904984
59005241 367443729
59005241 394475305
59005241 401029555
59005241 421848829
59005241 422950468
59005241 466645680
59804598 7846
59804598 10350
59804598 12223
59804598 15913
59804598 729733
59804598 849131
59804598 1065921
59804598 1183041
59804598 1702611
59804598 3096071
59804598 3253671
59804598 3359851
59804598 3443591
59804598 3824401
59804598 4291741
59804598 5443002
59804598 5445442
59804598 6608332
59804598 7157132
59804598 7377812
59804598 7860742
59804598 7861312
59804598 9117202
59804598 9275742
59804598 9413072
59804598 11461102
59804598 11648692
59804598 11911082
59804598 12771872
59804598 13185852
59804598 13687132
59804598 14038862
59804598 14213856
59804598 14269220
59804598 14424667
59804598 14453798
59804598 14471778
59804598 14498387
59804598 14575846
59804598 14589257
59804598 14874480
59804598 14922225
59804598 15154217
59804598 15234657
59804598 15259010
59804598 15430929
59804598 15582769
59804598 15591032
59804598 15638249
59804598 16453996
59804598 16626187
59804598 16651072
59804598 16874875
59804598 17053354
59804598 17092592
59804598 17140787
59804598 17632072
59804598 17722816
59804598 18345193
59804598 18581803
59804598 18666844
59804598 18715024
59804598 18776017
59804598 18811254
59804598 18900668
59804598 19550535
59804598 19563357
59804598 19595287
59804598 20273398
59804598 21195122
59804598 21239763
59804598 21504535
59804598 21637624
59804598 22715267
59804598 22831657
59804598 23645599
59804598 24004172
59804598 24081780
59804598 24585498
59804598 24641194
59804598 24741685
59804598 24742040
59804598 24942585
59804598 25952851
59804598 26800967
59804598 28719244
59804598 28933226
59804598 29785987
59804598 36311369
59804598 36850842
59804598 38542252
59804598 40329238
59804598 41937748
59804598 42361118
59804598 47495471
59804598 48485771
59804598 53685618
59804598 55338862
59804598 58245520
59804598 60968363
59804598 63644892
59804598 63787760
59804598 64285972
59804598 65913144
59804598 74325773
59804598 79056710
59804598 84672379
59804598 93905958
59804598 111210694
59804598 116952434
59804598 117541123
59804598 121258930
59804598 123684709
59804598 126444583
59804598 132253772
59804598 144040563
59804598 146071420
59804598 152435436
59804598 160959034
59804598 184637153
59804598 191548936
59804598 204089551
59804598 210731960
59804598 235216483
59804598 238289569
59804598 238308325
59804598 252887163
59804598 253893287
59804598 262775327
59804598 270076706
59804598 307642294
59804598 309064372
59804598 309325161
59804598 316264827
59804598 322822476
59804598 339943969
59804598 356447837
59804598 381296177
59804598 384388981
60642052 3840
60642052 13348
60642052 15913
60642052 11666142
60968363 7846
60968363 15913
60968363 1065921
60968363 3359851
60968363 3443591
60968363 6608332
60968363 7565302
60968363 7852172
60968363 7860742
60968363 7861312
60968363 7872262
60968363 7925002
60968363 14471778
60968363 14498387
60968363 14688086
60968363 14691709
60968363 14922225
60968363 15222083
60968363 15234657
60968363 15853668
60968363 16098603
60968363 16453996
60968363 18021714
60968363 18581803
60968363 18776017
60968363 19370213
60968363 21195122
60968363 22679419
60968363 24004172
60968363 24081780
60968363 24641194
60968363 24742040
60968363 28719244
60968363 42361118
60968363 45416789
60968363 47161442
60968363 48370736
60968363 48485771
60968363 65913144
60968363 71383220
60968363 71606873
60968363 235216483
60968363 235818781
60968363 309366491
61436635 15913
61436635 9451052
61436635 15234657
61853583 5442012
61853583 15112961
61853583 15853668
61853583 20323999
61853583 22273748
61853583 24942585
61853583 25827166
61853583 28719244
61853583 30680870
61853583 48485771
61853583 103661402
61853583 121258930
61853583 144040563
61853583 146155608
61853583 151711230
61853583 198876913
61853583 207752295
61853583 278062722
61853583 306445007
61853583 309366491
61853583 365904984
63644892 15913
63644892 849131
63644892 3359851
63644892 5442012
63644892 9275742
63644892 9451052
63644892 14269220
63644892 15112961
63644892 15575251
63644892 16409781
63644892 16626187
63644892 19595287
63644892 20880546
63644892 22679419
63644892 22831657
63644892 24560836
63644892 24742040
63644892 24942585
63644892 31037985
63644892 41937748
63644892 45862504
63644892 48485771
63644892 53685618
63644892 59804598
63644892 64488804
63644892 74286565
63644892 91396874
63644892 93905958
63644892 121258930
63644892 144040563
63644892 146155608
63644892 307642294
63644892 316264827
63787760 15913
63787760 65673
63787760 3359851
63787760 9451052
63787760 12121162
63787760 16098603
63787760 19563357
63787760 21195122
63787760 21239763
63787760 34068984
63787760 38542252
63787760 48485771
63787760 64285972
63787760 93905958
63787760 111210694
63787760 116952434
63787760 144064703
63787760 154708725
63787760 187744415
63787760 191548936
63787760 290097288
63787760 294198566
64285972 15913
64285972 3359851
64285972 5442012
64285972 5443002
64285972 7565302
64285972 9451052
64285972 12121162
64285972 14038862
64285972 14691709
64285972 15575251
64285972 19413393
64285972 19563357
64285972 20471349
64285972 21195122
64285972 21239763
64285972 21678052
64285972 22679419
64285972 33191389
64285972 34068984
64285972 59804598
64285972 63787760
64285972 93905958
64285972 144064703
64285972 152065057
64285972 154708725
64285972 155620461
64285972 186287415
64285972 187744415
64285972 191548936
64285972 204089551
64285972 245394117
64285972 262775327
64285972 275550472
64285972 284174632
64285972 288231953
64285972 290097288
64285972 294198566
64285972 381788237
64488804 10350
64488804 12223
64488804 15913
64488804 1702611
64488804 9451052
64488804 10824382
64488804 13356642
64488804 13687132
64488804 14155052
64488804 14453798
64488804 14575846
64488804 15112961
64488804 15638249
64488804 16874875
64488804 18715024
64488804 18755518
64488804 19414296
64488804 19550535
64488804 20273398
64488804 22679419
64488804 24004172
64488804 24585498
64488804 33191389
64488804 36311369
64488804 39394932
64488804 45862504
64488804 48485771
64488804 144040563
65913144 7846
65913144 10350
65913144 15913
65913144 1065921
65913144 1183041
65913144 3359851
65913144 3443591
65913144 7377812
65913144 7852172
65913144 7860742
65913144 7861312
65913144 7861622
65913144 7872262
65913144 7925002
65913144 8146732
65913144 9413072
65913144 11911082
65913144 13894102
65913144 14180231
65913144 14453798
65913144 14471778
65913144 14498387
65913144 14589257
65913144 14609321
65913144 14688086
65913144 14692604
65913144 14922225
65913144 15112961
65913144 15154217
65913144 15575251
65913144 15853668
65913144 16079941
65913144 16098603
65913144 16453996
65913144 18021714
65913144 18666844
65913144 18776017
65913144 19370213
65913144 19595287
65913144 20880546
65913144 21195122
65913144 24004172
65913144 24081780
65913144 24641194
65913144 24942585
65913144 25952851
65913144 34068984
65913144 38514229
65913144 42361118
65913144 45416789
65913144 47161442
65913144 48370736
65913144 48485771
65913144 53459595
65913144 60968363
65913144 71383220
65913144 71606873
65913144 87764480
65913144 116952434
65913144 121258930
65913144 184637153
65913144 187744415
65913144 235216483
65913144 235818781
65913144 238289569
67818595 15913
67818595 3359851
67818595 5442012
67818595 9451052
67818595 11648692
67818595 14180231
67818595 15070932
67818595 17564647
67818595 17632072
67818595 18581803
67818595 19311729
67818595 20323999
67818595 20471349
67818595 23215572
67818595 24942585
67818595 26176694
67818595 26800967
67818595 28478859
67818595 46762510
67818595 48485771
67818595 58245520
67818595 61853583
67818595 74325773
67818595 87044829
67818595 105150583
67818595 105895378
67818595 115313263
67818595 121258930
67818595 127935456
67818595 144040563
67818595 146155608
67818595 172161833
67818595 186745799
67818595 198876913
67818595 210731960
67818595 211614808
67818595 221636679
67818595 238308325
67818595 245394117
67818595 250831586
67818595 252887163
67818595 258203336
67818595 262775327
67818595 275550472
67818595 277139373
67818595 281159810
67818595 288231953
67818595 294198566
67818595 298757008
67818595 307642294
67818595 308103112
67818595 309325161
67818595 310233571
67818595 325106566
67818595 337952973
67818595 339943969
67818595 341840097
67818595 356447837
67818595 362626342
67818595 384621304
67818595 385621090
67818595 417927586
67818595 446023451
67818595 498542846
67818595 543373651
71383220 7846
71383220 15913
71383220 3359851
71383220 7860742
71383220 7861312
71383220 7861622
71383220 7872262
71383220 7925002
71383220 9451052
71383220 14038862
71383220 14180231
71383220 14471778
71383220 14498387
71383220 14609321
71383220 14691709
71383220 14922225
71383220 15575251
71383220 15578992
71383220 16079941
71383220 16098603
71383220 16453996
71383220 17092592
71383220 18021714
71383220 18581803
71383220 18666844
71383220 18776017
71383220 19370213
71383220 19413393
71383220 20273398
71383220 20880546
71383220 21195122
71383220 22679419
71383220 24004172
71383220 24081780
71383220 24641194
71383220 24742040
71383220 28719244
71383220 31037985
71383220 42361118
71383220 45416789
71383220 47161442
71383220 48370736
71383220 48485771
71383220 59804598
71383220 60968363
71383220 64488804
71383220 65913144
71383220 71606873
71383220 121258930
71383220 146155608
71383220 235216483
71383220 235818781
71606873 14180231
71606873 14471778
71606873 14498387
71606873 14609321
71606873 14692604
71606873 16079941
71606873 16098603
71606873 16453996
71606873 19370213
71606873 24004172
71606873 24641194
71606873 28933226
71606873 42361118
71606873 45416789
71606873 47161442
71606873 53459595
71606873 60968363
71606873 65913144
71606873 71383220
71606873 158558510
71606873 235216483
71606873 235818781
71606873 309325161
72156360 15913
72156360 5442012
72156360 20323999
72156360 20471349
72156360 20880546
72156360 24742040
72156360 41937748
72156360 45509346
72156360 48485771
72156360 103661402
72156360 117541123
72156360 121258930
72156360 144040563
72156360 146155608
72156360 258203336
72156360 259074185
72156360 307642294
72156360 325106566
72156360 326659062
72156360 341840097
72156360 362626342
72156360 370952365
72156360 411273721
72156360 417927586
74275571 41656802
74275571 258203336
74275571 307642294
74275571 339943969
74275571 341603426
74275571 529658284
74286565 10350
74286565 15913
74286565 229523
74286565 849131
74286565 5443002
74286565 11666142
74286565 13434092
74286565 13687132
74286565 14269220
74286565 14589257
74286565 14874480
74286565 15416485
74286565 15670515
74286565 16120265
74286565 16409781
74286565 16425197
74286565 17034634
74286565 19413393
74286565 19595287
74286565 24741685
74286565 24742040
74286565 48485771
74286565 91396874
74286565 151222531
74286565 290097288
74325773 17564647
74325773 23215572
74325773 24125323
74325773 26176694
74325773 26800967
74325773 40329238
74325773 59804598
74325773 115313263
74325773 211614808
74325773 238308325
74325773 287411130
74325773 307642294
74325773 309325161
74325773 325106566
74325773 339943969
74325773 356447837
74325773 384621304
74325773 385621090
74325773 498542846
75095976 15913
75095976 14922225
75095976 15234657
75914648 15913
75914648 5442012
75914648 15853668
75914648 20880546
75914648 22273748
75914648 24942585
75914648 25827166
75914648 28719244
75914648 30680870
75914648 37444945
75914648 45509346
75914648 48485771
75914648 59005241
75914648 86852135
75914648 95109615
75914648 117541123
75914648 121258930
75914648 144040563
75914648 146155608
75914648 146320301
75914648 146350964
75914648 151711230
75914648 195795250
75914648 200212364
75914648 211614808
75914648 258203336
75914648 270076706
75914648 282733465
75914648 307642294
75914648 324061899
75914648 325106566
75914648 347508389
75914648 355637036
75914648 362626342
75914648 365904984
75914648 367443729
75914648 394475305
75914648 401029555
75914648 416718047
75914648 422253889
75914648 466645680
77806232 3359851
77806232 15070932
77806232 17564647
77806232 21075893
77806232 21913907
77806232 48939443
77806232 87044829
77806232 105895378
77806232 115313263
77806232 146350964
77806232 160008685
77806232 165795009
77806232 172161833
77806232 211614808
77806232 238308325
77806232 240063501
77806232 250441643
77806232 252887163
77806232 258203336
77806232 281159810
77806232 298757008
77806232 307206030
77806232 307642294
77806232 309325161
77806232 325106566
77806232 339943969
77806232 356447837
77806232 362626342
77806232 384621304
77806232 422253889
79056710 17564647
79056710 23215572
79056710 59804598
79056710 172161833
79056710 250831586
79056710 307642294
79056710 337952973
81229871 15913
81229871 65673
81229871 3359851
81229871 18666844
81229871 19563357
81229871 24742040
81229871 31037985
81229871 65913144
81229871 93905958
81229871 111164068
81229871 126444583
81229871 187744415
82969251 15913
82969251 5442012
82969251 15112961
82969251 17632072
82969251 20880546
82969251 24742040
82969251 24942585
82969251 28719244
82969251 31037985
82969251 47495471
82969251 48485771
82969251 59804598
82969251 121258930
82969251 144040563
82969251 146155608
82969251 146320301
82969251 307642294
82969251 370952365
84052794 15913
84052794 5442012
84052794 14038862
84052794 15575251
84052794 15853668
84052794 18776017
84052794 24942585
84052794 48485771
84052794 52559331
84052794 59005241
84052794 75914648
84052794 121258930
84052794 144040563
84052794 146155608
84052794 146320301
84052794 200212364
84052794 307642294
84052794 401029555
84052794 422950468
84052794 466645680
84672379 3359851
84672379 9117202
84672379 14498387
84672379 17632072
84672379 19311729
84672379 20471349
84672379 24125323
84672379 24542441
84672379 25952851
84672379 59804598
84672379 60968363
84672379 87044829
84672379 134979402
84672379 146350964
84672379 160008685
84672379 186287415
84672379 248861233
84672379 252887163
84672379 258203336
84672379 277675909
84672379 284174632
84672379 296242468
84672379 307642294
84672379 309325161
84672379 322822476
84672379 325106566
84672379 339943969
84672379 341603426
84672379 345569115
86852135 15913
86852135 5442012
86852135 15853668
86852135 18776017
86852135 22273748
86852135 24942585
86852135 25827166
86852135 25952851
86852135 28719244
86852135 37444945
86852135 42361118
86852135 48485771
86852135 75914648
86852135 121258930
86852135 144040563
86852135 146155608
86852135 151711230
86852135 270076706
86852135 282733465
86852135 307642294
86852135 365904984
86852135 367443729
86852135 394475305
86852135 416718047
87044829 3359851
87044829 15070932
87044829 17564647
87044829 19311729
87044829 20471349
87044829 21075893
87044829 21504535
87044829 21913907
87044829 23215572
87044829 24125323
87044829 24542441
87044829 26176694
87044829 26800967
87044829 34068984
87044829 36850842
87044829 40329238
87044829 41656802
87044829 48939443
87044829 49781679
87044829 67818595
87044829 77806232
87044829 84672379
87044829 105895378
87044829 115313263
87044829 123684709
87044829 127935456
87044829 134979402
87044829 146350964
87044829 160008685
87044829 165795009
87044829 172161833
87044829 186287415
87044829 211614808
87044829 213032194
87044829 221636679
87044829 238308325
87044829 240063501
87044829 245394117
87044829 247031120
87044829 250441643
87044829 250708662
87044829 252887163
87044829 258203336
87044829 262775327
87044829 275550472
87044829 277675909
87044829 281159810
87044829 284174632
87044829 287411130
87044829 288231953
87044829 294198566
87044829 296242468
87044829 297683673
87044829 298757008
87044829 307206030
87044829 307642294
87044829 309064372
87044829 309325161
87044829 322822476
87044829 325106566
87044829 337952973
87044829 339943969
87044829 341603426
87044829 345569115
87044829 356447837
87044829 362626342
87044829 374949999
87044829 381788237
87044829 382360772
87044829 384621304
87044829 385621090
87044829 387566789
87044829 422253889
87044829 431983156
87044829 491431687
87044829 498542846
87044829 543373651
87044829 548631386
87044829 560482964
87764480 10350
87764480 15913
87764480 1183041
87764480 7157132
87764480 7194892
87764480 7377812
87764480 7565302
87764480 7860742
87764480 7861312
87764480 7925002
87764480 9275742
87764480 9451052
87764480 12101862
87764480 13687132
87764480 14471778
87764480 14589257
87764480 14688086
87764480 15234657
87764480 15575251
87764480 16626187
87764480 16799897
87764480 17092592
87764480 18715024
87764480 19413393
87764480 20273398
87764480 21195122
87764480 22679419
87764480 22841103
87764480 24004172
87764480 24585498
87764480 28933226
87764480 31037985
87764480 34378922
87764480 34711597
87764480 42361118
87764480 45862504
87764480 48485771
87764480 92357649
87764480 93905958
87764480 116952434
91396874 13348
91396874 15913
91396874 253973
91396874 849131
91396874 1455911
91396874 8978672
91396874 14269220
91396874 14874480
91396874 15670515
91396874 16095572
91396874 16120265
91396874 16409781
91396874 16425197
91396874 16930986
91396874 17000457
91396874 17034634
91396874 24741685
91396874 24742040
91396874 49465463
91396874 55338862
91396874 74286565
92357649 15913
92357649 7194892
92357649 9451052
92357649 14155052
92357649 14575846
92357649 14688086
92357649 14691709
92357649 14692604
92357649 15154217
92357649 15222083
92357649 15234657
92357649 15447248
92357649 17214479
92357649 18715024
92357649 22841103
92357649 23645599
92357649 45862504
92357649 48485771
93905958 10350
93905958 15913
93905958 65673
93905958 1065921
93905958 3359851
93905958 3442781
93905958 3443591
93905958 3462421
93905958 5442012
93905958 5443002
93905958 6608332
93905958 7194892
93905958 7434902
93905958 9451052
93905958 12121162
93905958 13687132
93905958 14155052
93905958 14269220
93905958 14453798
93905958 14498622
93905958 14575846
93905958 15222083
93905958 15234657
93905958 15578992
93905958 15670515
93905958 16098603
93905958 16102815
93905958 17140787
93905958 17214479
93905958 18345193
93905958 18666844
93905958 18715024
93905958 18776017
93905958 19413393
93905958 19414296
93905958 19550535
93905958 19563357
93905958 19595287
93905958 20880546
93905958 22679419
93905958 22831657
93905958 23645599
93905958 24742040
93905958 28719244
93905958 28960709
93905958 33191389
93905958 34068984
93905958 34378922
93905958 38542252
93905958 48485771
93905958 59804598
93905958 63787760
93905958 64285972
93905958 64488804
93905958 111210694
93905958 144040563
93905958 144064703
93905958 152065057
93905958 154708725
93905958 187744415
93905958 191548936
93905958 290097288
93905958 294198566
94441197 181668778
94441197 307642294
94441197 322641198
94441197 450692479
95109615 15913
95109615 5442012
95109615 7860742
95109615 15112961
95109615 15853668
95109615 18776017
95109615 19162933
95109615 22273748
95109615 24004172
95109615 24942585
95109615 25827166
95109615 28719244
95109615 30680870
95109615 37444945
95109615 48485771
95109615 52559331
95109615 59005241
95109615 75914648
95109615 84052794
95109615 86852135
95109615 121258930
95109615 146155608
95109615 146320301
95109615 195795250
95109615 198876913
95109615 282733465
95109615 307642294
95109615 324061899
95109615 347508389
95109615 349358004
95109615 355637036
95109615 365904984
95109615 367443729
95109615 394475305
95109615 401029555
95109615 416718047
95109615 422950468
95109615 466645680
96605784 15913
96605784 65673
96605784 3359851
96605784 290097288
97173422 15913
97173422 18532553
103661402 15913
103661402 3359851
103661402 5442012
103661402 14180231
103661402 15112961
103661402 15853668
103661402 17564647
103661402 18021714
103661402 18776017
103661402 20471349
103661402 24742040
103661402 24942585
103661402 25827166
103661402 45509346
103661402 47495471
103661402 48485771
103661402 59804598
103661402 61853583
103661402 72156360
103661402 82969251
103661402 121258930
103661402 144040563
103661402 146155608
103661402 198876913
103661402 211614808
103661402 282733465
103661402 306445007
103661402 307206030
103661402 307642294
103661402 324061899
103661402 325106566
103661402 343042051
103661402 362626342
103661402 365904984
103661402 367443729
103661402 370952365
103661402 394475305
103661402 401029555
103661402 416718047
103661402 417927586
103661402 422253889
103661402 422950468
103661402 446023451
103661402 452342492
103661402 548539370
105150583 3359851
105150583 5442012
105150583 14180231
105150583 15070932
105150583 15154217
105150583 17140787
105150583 17564647
105150583 17586739
105150583 18581803
105150583 20323999
105150583 20471349
105150583 20880546
105150583 21075893
105150583 23215572
105150583 24742040
105150583 24942585
105150583 26800967
105150583 28281437
105150583 28478859
105150583 45509346
105150583 46762510
105150583 47495471
105150583 61853583
105150583 63787760
105150583 67818595
105150583 71606873
105150583 72156360
105150583 93905958
105150583 103661402
105150583 105895378
105150583 115313263
105150583 121258930
105150583 127935456
105150583 146155608
105150583 172161833
105150583 187744415
105150583 198876913
105150583 207752295
105150583 210639349
105150583 210731960
105150583 211614808
105150583 221636679
105150583 238308325
105150583 245394117
105150583 247031120
105150583 256974037
105150583 258203336
105150583 259074185
105150583 262775327
105150583 277139373
105150583 278062722
105150583 281159810
105150583 288231953
105150583 290097288
105150583 294198566
105150583 298757008
105150583 306445007
105150583 307206030
105150583 307642294
105150583 309064372
105150583 309325161
105150583 310233571
105150583 312604104
105150583 325106566
105150583 326659062
105150583 337952973
105150583 339943969
105150583 341840097
105150583 356447837
105150583 362626342
105150583 384388981
105150583 384621304
105150583 411273721
105150583 417927586
105150583 422253889
105150583 446023451
105150583 452342492
105150583 496262970
105150583 499839056
105150583 501724209
105150583 548539370
105150583 548631386
105895378 65673
105895378 3359851
105895378 7860742
105895378 9117202
105895378 15070932
105895378 17140787
105895378 17564647
105895378 17586739
105895378 19311729
105895378 20471349
105895378 21075893
105895378 21913907
105895378 23215572
105895378 24125323
105895378 26176694
105895378 26800967
105895378 28478859
105895378 29785987
105895378 36836939
105895378 36850842
105895378 40329238
105895378 46762510
105895378 48939443
105895378 58245520
105895378 67818595
105895378 77806232
105895378 84672379
105895378 87044829
105895378 105150583
105895378 115313263
105895378 121472925
105895378 123684709
105895378 127935456
105895378 131490551
105895378 146350964
105895378 160008685
105895378 163339795
105895378 165795009
105895378 172161833
105895378 186745799
105895378 210639349
105895378 210731960
105895378 211614808
105895378 213032194
105895378 221636679
105895378 238308325
105895378 240063501
105895378 245394117
105895378 248861233
105895378 250441643
105895378 250708662
105895378 252887163
105895378 253893287
105895378 256974037
105895378 258203336
105895378 262775327
105895378 275550472
105895378 277139373
105895378 277675909
105895378 281159810
105895378 284174632
105895378 287411130
105895378 288231953
105895378 294198566
105895378 296242468
105895378 297683673
105895378 298757008
105895378 307206030
105895378 307642294
105895378 309064372
105895378 309325161
105895378 310233571
105895378 322822476
105895378 325106566
105895378 337952973
105895378 339943969
105895378 341840097
105895378 345569115
105895378 356447837
105895378 362626342
105895378 381788237
105895378 382360772
105895378 384621304
105895378 385621090
105895378 417927586
105895378 422114084
105895378 431983156
105895378 446023451
105895378 467903803
105895378 501705927
105895378 543373651
105895378 548631386
107347772 15913
107347772 34378922
111164068 15913
111164068 65673
111164068 9117202
111164068 9451052
111164068 14691709
111164068 21678052
111164068 22715267
111164068 24742040
111164068 34068984
111164068 38542252
111164068 59804598
111164068 81229871
111164068 111210694
111164068 116952434
111164068 126444583
111164068 132253772
111164068 154708725
111164068 160959034
111164068 184637153
111164068 187744415
111164068 204089551
111164068 238289569
111164068 294198566
111210694 15913
111210694 65673
111210694 3359851
111210694 3442781
111210694 3443591
111210694 7157132
111210694 7860742
111210694 12121162
111210694 14269220
111210694 14691709
111210694 15575251
111210694 16098603
111210694 18666844
111210694 18776017
111210694 19413393
111210694 22679419
111210694 22715267
111210694 24742040
111210694 24942585
111210694 34068984
111210694 38542252
111210694 59804598
111210694 63787760
111210694 81229871
111210694 93905958
111210694 111164068
111210694 126444583
111210694 144064703
111210694 146155608
111210694 152065057
111210694 154708725
111210694 187744415
111210694 191548936
111210694 290097288
111210694 294198566
115313263 3359851
115313263 11648692
115313263 15070932
115313263 17564647
115313263 19311729
115313263 20471349
115313263 21075893
115313263 21504535
115313263 21913907
115313263 23215572
115313263 24125323
115313263 24742040
115313263 26176694
115313263 26800967
115313263 29785987
115313263 30267128
115313263 36850842
115313263 40329238
115313263 48939443
115313263 49781679
115313263 58245520
115313263 67818595
115313263 74325773
115313263 77806232
115313263 87044829
115313263 105150583
115313263 105895378
115313263 121472925
115313263 123684709
115313263 127935456
115313263 130917777
115313263 146350964
115313263 160008685
115313263 165795009
115313263 172161833
115313263 186745799
115313263 210731960
115313263 211614808
115313263 213032194
115313263 221636679
115313263 238308325
115313263 240063501
115313263 245394117
115313263 247031120
115313263 250441643
115313263 250708662
115313263 252887163
115313263 253893287
115313263 256974037
115313263 258203336
115313263 262775327
115313263 275550472
115313263 277139373
115313263 277675909
115313263 281159810
115313263 287411130
115313263 288231953
115313263 294198566
115313263 296242468
115313263 297683673
115313263 298757008
115313263 307206030
115313263 307642294
115313263 308103112
115313263 309064372
115313263 309325161
115313263 310233571
115313263 322822476
115313263 325106566
115313263 337952973
115313263 339943969
115313263 341840097
115313263 345569115
115313263 356447837
115313263 362626342
115313263 381296177
115313263 381788237
115313263 382360772
115313263 384621304
115313263 385621090
115313263 417927586
115313263 422253889
115313263 431983156
115313263 446023451
115313263 464413911
115313263 496262970
115313263 498542846
115313263 501705927
115313263 543373651
115313263 548539370
116952434 7846
116952434 15913
116952434 65673
116952434 3359851
116952434 6478202
116952434 7860742
116952434 7872262
116952434 7925002
116952434 9451052
116952434 12121162
116952434 14180231
116952434 14589257
116952434 15853668
116952434 16098603
116952434 16453996
116952434 18581803
116952434 18666844
116952434 18776017
116952434 19413393
116952434 19519349
116952434 21195122
116952434 21678052
116952434 22273748
116952434 22679419
116952434 22715267
116952434 24641194
116952434 24742040
116952434 28719244
116952434 28960709
116952434 34068984
116952434 45416789
116952434 48485771
116952434 59804598
116952434 63787760
116952434 65913144
116952434 87764480
116952434 93905958
116952434 111164068
116952434 117187783
116952434 126444583
116952434 128302994
116952434 132253772
116952434 144723989
116952434 184637153
116952434 187744415
116952434 204089551
116952434 212498957
116952434 238289569
116952434 290097288
116952434 294198566
116952434 309366491
117187783 15913
117187783 3359851
117187783 3443591
117187783 5442012
117187783 6478202
117187783 7157132
117187783 7377812
117187783 7565302
117187783 12771872
117187783 13687132
117187783 14180231
117187783 14269220
117187783 14424667
117187783 14471778
117187783 14609321
117187783 16079941
117187783 17632072
117187783 17722816
117187783 18581803
117187783 18666844
117187783 18776017
117187783 19519349
117187783 20880546
117187783 21195122
117187783 22679419
117187783 24641194
117187783 24942585
117187783 25952851
117187783 28719244
117187783 28933226
117187783 28960709
117187783 31037985
117187783 45509346
117187783 47161442
117187783 48485771
117187783 116952434
117187783 121258930
117187783 144040563
117187783 144723989
117187783 200212364
117187783 238289569
117541123 15913
117541123 3096071
117541123 5442012
117541123 7565302
117541123 7860742
117541123 9275742
117541123 15112961
117541123 15575251
117541123 15853668
117541123 17586739
117541123 18581803
117541123 19162933
117541123 19413393
117541123 20880546
117541123 22273748
117541123 22679419
117541123 24742040
117541123 24942585
117541123 28719244
117541123 28775296
117541123 30680870
117541123 41937748
117541123 45509346
117541123 48485771
117541123 54514600
117541123 59804598
117541123 61853583
117541123 72156360
117541123 75914648
117541123 111210694
117541123 121258930
117541123 144040563
117541123 146155608
117541123 146320301
117541123 152435436
117541123 198876913
117541123 200212364
117541123 207752295
117541123 259074185
117541123 306445007
117541123 307642294
117541123 309366491
117541123 316264827
117541123 324061899
117541123 355637036
117541123 365904984
117541123 367443729
117541123 370952365
117541123 384388981
117541123 401029555
117541123 416718047
117541123 421848829
117541123 422950468
117541123 499839056
121258930 5442012
121258930 7861312
121258930 15112961
121258930 24942585
121258930 31037985
121258930 48485771
121258930 144040563
121258930 146155608
121472925 3359851
121472925 48939443
121472925 105895378
121472925 160008685
121472925 211614808
121472925 245394117
121472925 250441643
121472925 250708662
121472925 252887163
121472925 258203336
121472925 277675909
121472925 281159810
121472925 288231953
121472925 309325161
121472925 322822476
121472925 339943969
121472925 543373651
123684709 3359851
123684709 15070932
123684709 17564647
123684709 19311729
123684709 21075893
123684709 21913907
123684709 34068984
123684709 36836939
123684709 48939443
123684709 75914648
123684709 77806232
123684709 87044829
123684709 105895378
123684709 115313263
123684709 121472925
123684709 127935456
123684709 131490551
123684709 146350964
123684709 160008685
123684709 163339795
123684709 165795009
123684709 170487428
123684709 172161833
123684709 187744415
123684709 211614808
123684709 213032194
123684709 221636679
123684709 238308325
123684709 240063501
123684709 245394117
123684709 250441643
123684709 250708662
123684709 252887163
123684709 253893287
123684709 258203336
123684709 262775327
123684709 277675909
123684709 281159810
123684709 294198566
123684709 298757008
123684709 307206030
123684709 307642294
123684709 309325161
123684709 322822476
123684709 325106566
123684709 339943969
123684709 356447837
123684709 362626342
123684709 381788237
123684709 384621304
123684709 422253889
123684709 431983156
123684709 464413911
123684709 501705927
123684709 543373651
126444583 7846
126444583 15913
126444583 65673
126444583 3359851
126444583 16098603
126444583 18776017
126444583 21678052
126444583 22715267
126444583 34068984
126444583 81229871
126444583 111164068
126444583 116952434
126444583 132253772
126444583 184637153
126444583 187744415
126444583 204089551
126444583 238289569
127569781 10350
127569781 15913
127569781 1065921
127569781 1183041
127569781 5848412
127569781 7861312
127569781 7861622
127569781 8914942
127569781 14424667
127569781 14589257
127569781 15300838
127569781 15575251
127569781 15583454
127569781 16038438
127569781 16799897
127569781 20273398
127935456 15070932
127935456 17564647
127935456 19311729
127935456 20471349
127935456 21075893
127935456 21504535
127935456 21913907
127935456 23215572
127935456 24125323
127935456 26176694
127935456 26800967
127935456 30267128
127935456 36836939
127935456 36850842
127935456 40329238
127935456 41656802
127935456 48939443
127935456 58245520
127935456 59804598
127935456 67818595
127935456 74325773
127935456 87044829
127935456 105150583
127935456 105895378
127935456 115313263
127935456 123684709
127935456 131490551
127935456 146350964
127935456 160008685
127935456 172161833
127935456 186745799
127935456 210639349
127935456 210731960
127935456 211614808
127935456 213032194
127935456 221636679
127935456 238308325
127935456 240063501
127935456 245394117
127935456 247031120
127935456 248861233
127935456 250441643
127935456 250708662
127935456 252887163
127935456 253893287
127935456 262775327
127935456 275550472
127935456 277139373
127935456 277675909
127935456 281159810
127935456 287411130
127935456 288231953
127935456 297683673
127935456 298757008
127935456 307206030
127935456 307642294
127935456 308103112
127935456 309325161
127935456 310233571
127935456 322822476
127935456 325106566
127935456 339943969
127935456 341840097
127935456 356447837
127935456 362626342
127935456 374949999
127935456 381296177
127935456 381788237
127935456 382360772
127935456 384621304
127935456 385621090
127935456 417927586
127935456 422253889
127935456 431983156
127935456 467903803
127935456 491431687
127935456 498542846
127935456 501705927
127935456 543373651
127935456 548539370
127935456 548631386
127935456 560929638
128302994 15913
128302994 15853668
128302994 18776017
128302994 25952851
128302994 28960709
128302994 34068984
128302994 116952434
128302994 184637153
128302994 212498957
128302994 309366491
130917777 17564647
130917777 26800967
130917777 115313263
130917777 238308325
130917777 252887163
130917777 308103112
130917777 309325161
130917777 325106566
130917777 337952973
130917777 339943969
130917777 382360772
131490551 19311729
131490551 48939443
131490551 105895378
131490551 127935456
131490551 160008685
131490551 163339795
131490551 221636679
131490551 238308325
131490551 258203336
131490551 262775327
131490551 298757008
131490551 307642294
131490551 325106566
131490551 422253889
131490551 501705927
132253772 15913
132253772 65673
132253772 3359851
132253772 3443591
132253772 5442012
132253772 12121162
132253772 15234657
132253772 16098603
132253772 18666844
132253772 18776017
132253772 19563357
132253772 21678052
132253772 22679419
132253772 22715267
132253772 34068984
132253772 93905958
132253772 111164068
132253772 152065057
132253772 154708725
132253772 160959034
132253772 187744415
132253772 191548936
132253772 238289569
132253772 290097288
132253772 294198566
134979402 15913
134979402 3359851
134979402 9117202
134979402 36850842
134979402 48939443
134979402 84672379
134979402 87044829
134979402 252887163
134979402 258203336
134979402 307642294
134979402 309325161
134979402 325106566
134979402 339943969
134979402 341603426
144040563 15913
144040563 3096071
144040563 3359851
144040563 5442012
144040563 7157132
144040563 7861312
144040563 9275742
144040563 9451052
144040563 13687132
144040563 14424667
144040563 14589257
144040563 15112961
144040563 15575251
144040563 15853668
144040563 16079941
144040563 17028313
144040563 18581803
144040563 19162933
144040563 19413393
144040563 20019469
144040563 20273398
144040563 22679419
144040563 22831657
144040563 22841103
144040563 24585498
144040563 24942585
144040563 31037985
144040563 48485771
144040563 61853583
144040563 64488804
144040563 121258930
144040563 146071420
144040563 146155608
144040563 179524189
144064703 7846
144064703 15913
144064703 3359851
144064703 9451052
144064703 12121162
144064703 19414296
144064703 34068984
144064703 48485771
144064703 64285972
144064703 93905958
144064703 152065057
144064703 154708725
144064703 191548936
144064703 294198566
144723989 7157132
144723989 7852172
144723989 14922225
144723989 15234657
144723989 15838599
144723989 15853668
144723989 18581803
144723989 24742040
144723989 28960709
144723989 121258930
144723989 309366491
146071420 15913
146071420 3359851
146071420 5442012
146071420 9451052
146071420 15112961
146071420 15222083
146071420 19162933
146071420 20019469
146071420 22679419
146071420 22841103
146071420 24585498
146071420 24942585
146071420 31037985
146071420 45862504
146071420 48485771
146071420 64488804
146071420 121258930
146071420 144040563
146071420 146155608
146155608 15913
146155608 5442012
146155608 13687132
146155608 15112961
146155608 17028313
146155608 20880546
146155608 24742040
146155608 24942585
146155608 31037985
146155608 48485771
146155608 121258930
146155608 144040563
146155608 146071420
146320301 5442012
146320301 7157132
146320301 7860742
146320301 14038862
146320301 15575251
146320301 17586739
146320301 18776017
146320301 20273398
146320301 20880546
146320301 22273748
146320301 24742040
146320301 24942585
146320301 25827166
146320301 28719244
146320301 30680870
146320301 31037985
146320301 37444945
146320301 45862504
146320301 47495471
146320301 48485771
146320301 52559331
146320301 59005241
146320301 64488804
146320301 75914648
146320301 82969251
146320301 84052794
146320301 95109615
146320301 117541123
146320301 121258930
146320301 144040563
146320301 146155608
146320301 151711230
146320301 250831586
146320301 270076706
146320301 282733465
146320301 307642294
146320301 324061899
146320301 355637036
146320301 367443729
146320301 384388981
146320301 394475305
146320301 401029555
146320301 416718047
146320301 466645680
146350964 15913
146350964 5442012
146350964 7860742
146350964 14498387
146350964 15234657
146350964 17564647
146350964 18581803
146350964 18776017
146350964 19311729
146350964 20471349
146350964 21075893
146350964 22679419
146350964 24125323
146350964 24641194
146350964 24742040
146350964 47161442
146350964 48485771
146350964 48939443
146350964 65913144
146350964 75914648
146350964 77806232
146350964 84672379
146350964 87044829
146350964 105895378
146350964 115313263
146350964 121258930
146350964 123684709
146350964 127935456
146350964 146155608
146350964 160008685
146350964 163339795
146350964 172161833
146350964 211614808
146350964 213032194
146350964 221636679
146350964 238308325
146350964 240063501
146350964 245394117
146350964 250441643
146350964 250708662
146350964 252887163
146350964 253893287
146350964 258203336
146350964 262775327
146350964 277675909
146350964 281159810
146350964 284174632
146350964 288231953
146350964 294198566
146350964 296242468
146350964 298757008
146350964 307206030
146350964 307642294
146350964 309325161
146350964 322822476
146350964 339943969
146350964 356447837
146350964 362626342
146350964 381788237
146350964 384621304
146350964 422253889
146350964 501705927
146350964 543373651
151222531 15913
151222531 5443002
151222531 24742040
151711230 15913
151711230 5442012
151711230 15853668
151711230 18776017
151711230 20880546
151711230 22273748
151711230 24942585
151711230 25827166
151711230 28719244
151711230 37444945
151711230 48485771
151711230 61853583
151711230 75914648
151711230 86852135
151711230 116952434
151711230 144040563
151711230 146320301
151711230 184637153
151711230 198876913
151711230 200212364
151711230 250831586
151711230 270076706
151711230 307642294
151711230 309366491
151711230 365904984
151711230 367443729
151711230 394475305
151711230 401029555
151711230 416718047
152065057 15913
152065057 3359851
152065057 3443591
152065057 7157132
152065057 7860742
152065057 9451052
152065057 12121162
152065057 14691709
152065057 15575251
152065057 16098603
152065057 18666844
152065057 18849313
152065057 18900668
152065057 19563357
152065057 21239763
152065057 24742040
152065057 34068984
152065057 59804598
152065057 63787760
152065057 64285972
152065057 87764480
152065057 93905958
152065057 154708725
152065057 187744415
152065057 191548936
152065057 290097288
152065057 294198566
152435436 15913
152435436 3096071
152435436 5442012
152435436 5445442
152435436 15112961
152435436 15222083
152435436 17028313
152435436 18581803
152435436 19162933
152435436 20019469
152435436 22841103
152435436 24942585
152435436 31037985
152435436 45862504
152435436 48485771
152435436 59804598
152435436 64488804
152435436 87764480
152435436 121258930
152435436 144040563
152435436 146071420
152435436 146155608
152435436 179524189
152435436 198876913
152435436 207752295
152435436 250831586
152435436 384388981
154708725 15913
154708725 3359851
154708725 7157132
154708725 7565302
154708725 9451052
154708725 13687132
154708725 14691709
154708725 15234657
154708725 15447248
154708725 22679419
154708725 24742040
154708725 34068984
154708725 48485771
154708725 63787760
154708725 75095976
154708725 92357649
154708725 93905958
154708725 290097288
155620461 15913
155620461 65673
155620461 3359851
155620461 5443002
155620461 7157132
155620461 7565302
155620461 9451052
155620461 18776017
155620461 19413393
155620461 22679419
155620461 34068984
155620461 63787760
155620461 64285972
155620461 75095976
155620461 87764480
155620461 93905958
155620461 154708725
155620461 160959034
155620461 187744415
155620461 191548936
155620461 290097288
155620461 294198566
158558510 10350
158558510 15913
158558510 9451052
158558510 14589257
158558510 14922225
158558510 15575251
158558510 16626187
158558510 17214479
158558510 24560836
158558510 48485771
158558510 53459595
158558510 71606873
158558510 235216483
160008685 3359851
160008685 7860742
160008685 11648692
160008685 14180231
160008685 15070932
160008685 17564647
160008685 17632072
160008685 19311729
160008685 20471349
160008685 21075893
160008685 21504535
160008685 21913907
160008685 23215572
160008685 24125323
160008685 26176694
160008685 26800967
160008685 30267128
160008685 34068984
160008685 36836939
160008685 36850842
160008685 40329238
160008685 48939443
160008685 58245520
160008685 77806232
160008685 84672379
160008685 87044829
160008685 105895378
160008685 115313263
160008685 121472925
160008685 123684709
160008685 127935456
160008685 130917777
160008685 131490551
160008685 146350964
160008685 163339795
160008685 165795009
160008685 172161833
160008685 186745799
160008685 211614808
160008685 213032194
160008685 221636679
160008685 238308325
160008685 240063501
160008685 245394117
160008685 247031120
160008685 250441643
160008685 250708662
160008685 252887163
160008685 253893287
160008685 258203336
160008685 262775327
160008685 275550472
160008685 277675909
160008685 281159810
160008685 284174632
160008685 287411130
160008685 288231953
160008685 296242468
160008685 297683673
160008685 298757008
160008685 307206030
160008685 307642294
160008685 309325161
160008685 322822476
160008685 325106566
160008685 339943969
160008685 345569115
160008685 356447837
160008685 362626342
160008685 381788237
160008685 382360772
160008685 384621304
160008685 385621090
160008685 446023451
160008685 491431687
160008685 498542846
160008685 501705927
160008685 543373651
160008685 548631386
160008685 560929638
160839015 15913
160839015 3359851
160839015 7157132
160839015 13687132
160839015 22679419
160839015 26173611
160839015 42943177
160839015 59804598
160959034 7846
160959034 15913
160959034 65673
160959034 3359851
160959034 5443002
160959034 7157132
160959034 7565302
160959034 13687132
160959034 15234657
160959034 18776017
160959034 22679419
160959034 22715267
160959034 24742040
160959034 34068984
160959034 93905958
160959034 96605784
160959034 111164068
160959034 116952434
160959034 132253772
160959034 155620461
160959034 187744415
160959034 204089551
160959034 290097288
160959034 294198566
160959034 303060652
163339795 19311729
163339795 48939443
163339795 105895378
163339795 131490551
163339795 146350964
163339795 160008685
163339795 238308325
163339795 245394117
163339795 298757008
163339795 307642294
163339795 325106566
165795009 3359851
165795009 17564647
165795009 19311729
165795009 20471349
165795009 24125323
165795009 26176694
165795009 48939443
165795009 77806232
165795009 87044829
165795009 105895378
165795009 115313263
165795009 121472925
165795009 123684709
165795009 160008685
165795009 172161833
165795009 211614808
165795009 213032194
165795009 238308325
165795009 240063501
165795009 245394117
165795009 250441643
165795009 250708662
165795009 252887163
165795009 258203336
165795009 277675909
165795009 281159810
165795009 284174632
165795009 288231953
165795009 294198566
165795009 298757008
165795009 307206030
165795009 307642294
165795009 309325161
165795009 322822476
165795009 325106566
165795009 339943969
165795009 384621304
165795009 543373651
170487428 294198566
170487428 307642294
172161833 3359851
172161833 11648692
172161833 15070932
172161833 17564647
172161833 17586739
172161833 19311729
172161833 21075893
172161833 21504535
172161833 21913907
172161833 23215572
172161833 24125323
172161833 24742040
172161833 26800967
172161833 34068984
172161833 36836939
172161833 36850842
172161833 40329238
172161833 48939443
172161833 49781679
172161833 67818595
172161833 77806232
172161833 79056710
172161833 87044829
172161833 105150583
172161833 105895378
172161833 115313263
172161833 121472925
172161833 123684709
172161833 127935456
172161833 146350964
172161833 160008685
172161833 165795009
172161833 186745799
172161833 210639349
172161833 210731960
172161833 211614808
172161833 213032194
172161833 221636679
172161833 238308325
172161833 240063501
172161833 245394117
172161833 247031120
172161833 250708662
172161833 252887163
172161833 253893287
172161833 258203336
172161833 262775327
172161833 277139373
172161833 277675909
172161833 278062722
172161833 287411130
172161833 288231953
172161833 290097288
172161833 294198566
172161833 296242468
172161833 297683673
172161833 298757008
172161833 307206030
172161833 307642294
172161833 308103112
172161833 309064372
172161833 309325161
172161833 310233571
172161833 325106566
172161833 337952973
172161833 339943969
172161833 341840097
172161833 356447837
172161833 362626342
172161833 384621304
172161833 385621090
172161833 417927586
172161833 422253889
172161833 431983156
172161833 446023451
172161833 491431687
172161833 496262970
172161833 498542846
172161833 501705927
172161833 501724209
172161833 543373651
172161833 548539370
172161833 548631386
177564924 10350
177564924 15913
177564924 3359851
177564924 18731347
177564924 20273398
179524189 15913
179524189 3096071
179524189 5442012
179524189 7860742
179524189 9451052
179524189 14038862
179524189 15112961
179524189 15575251
179524189 17028313
179524189 19162933
179524189 20019469
179524189 20880546
179524189 21339114
179524189 24585498
179524189 24942585
179524189 28719244
179524189 30680870
179524189 31037985
179524189 37444945
179524189 41937748
179524189 45509346
179524189 48485771
179524189 52559331
179524189 87764480
179524189 121258930
179524189 144040563
179524189 146071420
179524189 146155608
179524189 152435436
179524189 198876913
179524189 200212364
179524189 207752295
179524189 324061899
179524189 421848829
181668778 20273398
181668778 20471349
181668778 22679419
181668778 94441197
181668778 307642294
181668778 322641198
181668778 450692479
184637153 7846
184637153 15913
184637153 3359851
184637153 9117202
184637153 15853668
184637153 16098603
184637153 18666844
184637153 18776017
184637153 20273398
184637153 21678052
184637153 22679419
184637153 22715267
184637153 24742040
184637153 25952851
184637153 28960709
184637153 34068984
184637153 48485771
184637153 59804598
184637153 65913144
184637153 93905958
184637153 111164068
184637153 116952434
184637153 126444583
184637153 128302994
184637153 144723989
184637153 151711230
184637153 154708725
184637153 187744415
184637153 191548936
184637153 204089551
184637153 238289569
184637153 250831586
184637153 290097288
184637153 294198566
184637153 309366491
186287415 19311729
186287415 20471349
186287415 34068984
186287415 64285972
186287415 84672379
186287415 87044829
186287415 252887163
186287415 277675909
186287415 284174632
186287415 288231953
186287415 307642294
186287415 309325161
186287415 325106566
186287415 339943969
186745799 11648692
186745799 17564647
186745799 21504535
186745799 23215572
186745799 24125323
186745799 26176694
186745799 26800967
186745799 40329238
186745799 49781679
186745799 58245520
186745799 67818595
186745799 105895378
186745799 115313263
186745799 127935456
186745799 160008685
186745799 172161833
186745799 211614808
186745799 238308325
186745799 240063501
186745799 247031120
186745799 287411130
186745799 307642294
186745799 308103112
186745799 309325161
186745799 322822476
186745799 325106566
186745799 339943969
186745799 356447837
186745799 385621090
186745799 431983156
186745799 498542846
186745799 543373651
186745799 548631386
186745799 560929638
187744415 15913
187744415 65673
187744415 3359851
187744415 3443591
187744415 7860742
187744415 12121162
187744415 14498387
187744415 14609321
187744415 16098603
187744415 18581803
187744415 18666844
187744415 18776017
187744415 19563357
187744415 21195122
187744415 21678052
187744415 22715267
187744415 24004172
187744415 24641194
187744415 34068984
187744415 38542252
187744415 63787760
187744415 64285972
187744415 65913144
187744415 81229871
187744415 93905958
187744415 111164068
187744415 111210694
187744415 116952434
187744415 126444583
187744415 132253772
187744415 144064703
187744415 152065057
187744415 154708725
187744415 184637153
187744415 191548936
187744415 204089551
187744415 238289569
187744415 290097288
187744415 294198566
191548936 15913
191548936 3359851
191548936 12121162
191548936 14180231
191548936 16453996
191548936 18345193
191548936 18581803
191548936 18776017
191548936 20273398
191548936 21678052
191548936 34068984
191548936 59804598
191548936 63787760
191548936 64285972
191548936 93905958
191548936 111210694
191548936 144064703
191548936 152065057
191548936 154708725
191548936 187744415
191548936 204089551
191548936 290097288
191548936 294198566
195795250 15913
195795250 5442012
195795250 14038862
195795250 15112961
195795250 15853668
195795250 18776017
195795250 20880546
195795250 22273748
195795250 24942585
195795250 25827166
195795250 28719244
195795250 31037985
195795250 48485771
195795250 75914648
195795250 86852135
195795250 95109615
195795250 121258930
195795250 144040563
195795250 146155608
195795250 151711230
195795250 198876913
195795250 200212364
195795250 270076706
195795250 355637036
195795250 365904984
195795250 367443729
195795250 394475305
195795250 416718047
195795250 466645680
198876913 15913
198876913 3096071
198876913 5442012
198876913 5445442
198876913 9451052
198876913 14038862
198876913 14922225
198876913 15112961
198876913 15853668
198876913 17028313
198876913 17586739
198876913 17632072
198876913 18581803
198876913 18776017
198876913 19162933
198876913 20019469
198876913 20880546
198876913 22273748
198876913 22679419
198876913 24004172
198876913 24742040
198876913 24942585
198876913 28719244
198876913 28775296
198876913 30680870
198876913 31037985
198876913 37444945
198876913 45509346
198876913 48485771
198876913 52559331
198876913 54514600
198876913 59804598
198876913 61853583
198876913 64488804
198876913 86852135
198876913 117541123
198876913 121258930
198876913 144040563
198876913 146071420
198876913 146155608
198876913 151711230
198876913 152435436
198876913 179524189
198876913 195795250
198876913 200212364
198876913 207752295
198876913 306445007
198876913 308103112
198876913 316264827
198876913 324061899
198876913 365904984
198876913 367443729
198876913 370952365
198876913 411273721
198876913 416718047
198876913 421848829
198876913 422950468
198876913 466645680
198876913 499839056
200212364 7846
200212364 15913
200212364 3096071
200212364 5442012
200212364 7157132
200212364 7565302
200212364 7860742
200212364 7861312
200212364 9451052
200212364 12771872
200212364 14180231
200212364 14269220
200212364 14424667
200212364 14471778
200212364 14609321
200212364 14691709
200212364 15112961
200212364 15488968
200212364 15575251
200212364 15853668
200212364 16098603
200212364 16799897
200212364 17632072
200212364 18581803
200212364 18666844
200212364 18776017
200212364 19162933
200212364 19413393
200212364 20273398
200212364 20880546
200212364 22273748
200212364 22679419
200212364 22831657
200212364 24004172
200212364 24742040
200212364 24942585
200212364 25952851
200212364 28719244
200212364 28933226
200212364 30680870
200212364 31037985
200212364 45416789
200212364 45862504
200212364 48485771
200212364 52559331
200212364 59804598
200212364 65913144
200212364 75914648
200212364 86852135
200212364 93905958
200212364 117187783
200212364 121258930
200212364 144040563
200212364 146071420
200212364 146155608
200212364 151711230
200212364 152435436
200212364 179524189
200212364 198876913
200212364 207752295
200212364 235216483
200212364 270076706
200212364 306445007
200212364 309366491
200212364 365904984
200212364 422950468
204089551 7846
204089551 15913
204089551 65673
204089551 3359851
204089551 14589257
204089551 15234657
204089551 18776017
204089551 21678052
204089551 22715267
204089551 24560836
204089551 34068984
204089551 59804598
204089551 64285972
204089551 93905958
204089551 111164068
204089551 116952434
204089551 126444583
204089551 160959034
204089551 187744415
204089551 191548936
204089551 238289569
204089551 290097288
204089551 294198566
207752295 15913
207752295 5442012
207752295 5445442
207752295 6478202
207752295 7157132
207752295 7860742
207752295 14180231
207752295 14498387
207752295 14922225
207752295 15222083
207752295 15853668
207752295 17092592
207752295 18581803
207752295 19162933
207752295 19413393
207752295 19519349
207752295 20019469
207752295 20471349
207752295 20880546
207752295 22273748
207752295 22679419
207752295 24742040
207752295 24942585
207752295 28719244
207752295 30680870
207752295 45509346
207752295 47495471
207752295 48485771
207752295 59804598
207752295 61853583
207752295 71606873
207752295 87764480
207752295 121258930
207752295 144040563
207752295 146155608
207752295 151711230
207752295 152435436
207752295 179524189
207752295 198876913
207752295 200212364
207752295 259074185
207752295 307642294
207752295 309366491
207752295 325106566
207752295 384388981
207752295 411273721
207752295 452342492
210639349 46762510
210639349 105895378
210639349 127935456
210639349 172161833
210639349 238308325
210639349 262775327
210639349 288231953
210639349 307642294
210639349 312604104
210639349 341840097
210639349 417927586
210639349 422253889
210639349 446023451
210639349 501724209
210731960 11648692
210731960 15070932
210731960 17564647
210731960 20471349
210731960 21075893
210731960 23215572
210731960 24125323
210731960 24742040
210731960 26800967
210731960 28478859
210731960 59804598
210731960 67818595
210731960 105150583
210731960 105895378
210731960 115313263
210731960 127935456
210731960 172161833
210731960 211614808
210731960 221636679
210731960 238308325
210731960 277139373
210731960 287411130
210731960 307642294
210731960 308103112
210731960 309325161
210731960 325106566
210731960 337952973
210731960 339943969
210731960 345569115
210731960 356447837
210731960 382360772
210731960 431983156
211614808 3359851
211614808 5442012
211614808 7860742
211614808 11648692
211614808 14180231
211614808 15070932
211614808 15846407
211614808 17564647
211614808 19311729
211614808 20471349
211614808 21075893
211614808 21504535
211614808 21913907
211614808 23215572
211614808 24125323
211614808 24742040
211614808 26176694
211614808 26800967
211614808 28478859
211614808 29785987
211614808 36836939
211614808 36850842
211614808 40329238
211614808 47495471
211614808 48939443
211614808 58245520
211614808 59804598
211614808 67818595
211614808 71606873
211614808 74325773
211614808 75914648
211614808 77806232
211614808 87044829
211614808 103661402
211614808 105150583
211614808 105895378
211614808 115313263
211614808 116952434
211614808 121472925
211614808 123684709
211614808 127935456
211614808 130917777
211614808 146155608
211614808 146350964
211614808 160008685
211614808 165795009
211614808 172161833
211614808 186745799
211614808 210731960
211614808 213032194
211614808 221636679
211614808 238308325
211614808 240063501
211614808 245394117
211614808 247031120
211614808 250441643
211614808 250708662
211614808 250831586
211614808 252887163
211614808 253893287
211614808 256974037
211614808 258203336
211614808 262775327
211614808 275550472
211614808 277139373
211614808 277675909
211614808 281159810
211614808 284174632
211614808 287411130
211614808 288231953
211614808 290097288
211614808 294198566
211614808 296242468
211614808 297683673
211614808 298757008
211614808 307206030
211614808 307642294
211614808 308103112
211614808 309064372
211614808 309325161
211614808 310233571
211614808 322822476
211614808 325106566
211614808 326659062
211614808 337952973
211614808 339943969
211614808 341840097
211614808 345569115
211614808 356447837
211614808 362626342
211614808 381296177
211614808 381788237
211614808 382360772
211614808 384621304
211614808 385621090
211614808 411273721
211614808 417927586
211614808 422114084
211614808 422253889
211614808 431983156
211614808 446023451
211614808 448774841
211614808 491431687
211614808 498542846
211614808 501705927
211614808 543373651
211614808 548539370
211614808 548631386
211614808 560482964
211614808 560929638
212498957 15913
212498957 7860742
212498957 15234657
212498957 15853668
212498957 18776017
212498957 116952434
212498957 128302994
213032194 3359851
213032194 15070932
213032194 17564647
213032194 19311729
213032194 21075893
213032194 21913907
213032194 34068984
213032194 36836939
213032194 48939443
213032194 87044829
213032194 105895378
213032194 115313263
213032194 121472925
213032194 127935456
213032194 146350964
213032194 160008685
213032194 165795009
213032194 172161833
213032194 187744415
213032194 211614808
213032194 221636679
213032194 238308325
213032194 240063501
213032194 245394117
213032194 250441643
213032194 250708662
213032194 252887163
213032194 262775327
213032194 277675909
213032194 281159810
213032194 294198566
213032194 298757008
213032194 307206030
213032194 309325161
213032194 322822476
213032194 325106566
213032194 339943969
213032194 356447837
213032194 362626342
213032194 381788237
213032194 384621304
213032194 422253889
213032194 431983156
213032194 501705927
213032194 543373651
213504157 47495471
213504157 270076706
213504157 307642294
221636679 5442012
221636679 17564647
221636679 21075893
221636679 23215572
221636679 24742040
221636679 28478859
221636679 36836939
221636679 67818595
221636679 87044829
221636679 105895378
221636679 115313263
221636679 127935456
221636679 131490551
221636679 146350964
221636679 160008685
221636679 172161833
221636679 210731960
221636679 211614808
221636679 213032194
221636679 238308325
221636679 247031120
221636679 250441643
221636679 253893287
221636679 258203336
221636679 262775327
221636679 277675909
221636679 281159810
221636679 288231953
221636679 298757008
221636679 325106566
221636679 337952973
221636679 341840097
221636679 356447837
221636679 362626342
221636679 381788237
221636679 384621304
221636679 417927586
221636679 422253889
221636679 446023451
221636679 501724209
221636679 548539370
229141679 15913
229141679 1065921
229141679 3443591
229141679 6608332
229141679 7860742
229141679 7861312
229141679 14038862
229141679 14180231
229141679 14424667
229141679 14688086
229141679 14691709
229141679 14922225
229141679 14999606
229141679 15098511
229141679 15234657
229141679 18581803
229141679 20273398
229141679 22679419
229141679 24641194
229141679 24742040
229141679 28933226
229141679 36311369
229141679 42361118
229141679 45416789
229141679 65913144
229141679 87764480
229141679 235818781
235216483 7846
235216483 10350
235216483 15913
235216483 7860742
235216483 7861312
235216483 7872262
235216483 7925002
235216483 9451052
235216483 13687132
235216483 13894102
235216483 14269220
235216483 14471778
235216483 14498387
235216483 14498622
235216483 14609321
235216483 14692604
235216483 14922225
235216483 16079941
235216483 16098603
235216483 16453996
235216483 17092592
235216483 18021714
235216483 19370213
235216483 19595287
235216483 21195122
235216483 22679419
235216483 24004172
235216483 24081780
235216483 24641194
235216483 24742040
235216483 25952851
235216483 42361118
235216483 45416789
235216483 47161442
235216483 48370736
235216483 59804598
235216483 60968363
235216483 65913144
235216483 71383220
235216483 71606873
235216483 158558510
235216483 235818781
235216483 309366491
235818781 10350
235818781 15913
235818781 3443591
235818781 7157132
235818781 7860742
235818781 7861312
235818781 7872262
235818781 13687132
235818781 14269220
235818781 14691709
235818781 14922225
235818781 17092592
235818781 18666844
235818781 18776017
235818781 19370213
235818781 22679419
235818781 22841103
235818781 24742040
235818781 48370736
235818781 59804598
235818781 65913144
235818781 71606873
238289569 7846
238289569 15913
238289569 65673
238289569 3359851
238289569 5442012
238289569 7157132
238289569 7860742
238289569 8146732
238289569 9413072
238289569 12121162
238289569 14498387
238289569 15853668
238289569 16098603
238289569 18021714
238289569 18776017
238289569 20273398
238289569 20471349
238289569 21678052
238289569 22273748
238289569 22715267
238289569 24560836
238289569 25952851
238289569 34068984
238289569 42361118
238289569 47161442
238289569 48485771
238289569 59804598
238289569 63787760
238289569 65913144
238289569 81229871
238289569 93905958
238289569 111164068
238289569 116952434
238289569 126444583
238289569 132253772
238289569 146155608
238289569 154708725
238289569 160959034
238289569 184637153
238289569 187744415
238289569 191548936
238289569 204089551
238289569 290097288
238289569 294198566
238289569 309366491
238308325 5442012
238308325 11648692
238308325 14180231
238308325 15070932
238308325 15112961
238308325 17564647
238308325 17586739
238308325 17632072
238308325 19311729
238308325 21075893
238308325 21913907
238308325 23215572
238308325 24125323
238308325 26176694
238308325 26800967
238308325 34068984
238308325 36836939
238308325 36850842
238308325 40329238
238308325 48939443
238308325 59804598
238308325 61853583
238308325 63787760
238308325 67818595
238308325 74325773
238308325 77806232
238308325 87044829
238308325 93905958
238308325 105150583
238308325 105895378
238308325 115313263
238308325 123684709
238308325 127935456
238308325 130917777
238308325 131490551
238308325 146350964
238308325 160008685
238308325 163339795
238308325 165795009
238308325 172161833
238308325 186745799
238308325 187744415
238308325 210639349
238308325 210731960
238308325 211614808
238308325 213032194
238308325 240063501
238308325 245394117
238308325 250441643
238308325 250708662
238308325 252887163
238308325 258203336
238308325 262775327
238308325 277139373
238308325 277675909
238308325 281159810
238308325 287411130
238308325 288231953
238308325 296242468
238308325 298757008
238308325 307642294
238308325 308103112
238308325 309064372
238308325 309325161
238308325 310233571
238308325 322822476
238308325 325106566
238308325 326659062
238308325 337952973
238308325 339943969
238308325 341840097
238308325 345569115
238308325 356447837
238308325 362626342
238308325 381788237
238308325 382360772
238308325 384621304
238308325 385621090
238308325 417927586
238308325 422253889
238308325 431983156
238308325 446023451
238308325 501705927
238308325 543373651
238308325 548539370
238308325 560929638
240063501 3359851
240063501 7860742
240063501 11648692
240063501 15070932
240063501 17564647
240063501 20471349
240063501 21075893
240063501 23215572
240063501 24125323
240063501 26176694
240063501 34068984
240063501 36836939
240063501 40329238
240063501 48939443
240063501 58245520
240063501 59804598
240063501 77806232
240063501 87044829
240063501 105895378
240063501 115313263
240063501 123684709
240063501 127935456
240063501 130917777
240063501 146350964
240063501 160008685
240063501 165795009
240063501 172161833
240063501 186745799
240063501 211614808
240063501 213032194
240063501 238308325
240063501 245394117
240063501 250441643
240063501 250708662
240063501 252887163
240063501 262775327
240063501 287411130
240063501 297683673
240063501 298757008
240063501 307642294
240063501 308103112
240063501 309325161
240063501 362626342
240063501 384621304
240063501 422253889
240063501 431983156
240063501 498542846
240063501 543373651
240063501 560482964
245394117 3359851
245394117 5442012
245394117 15070932
245394117 17564647
245394117 19311729
245394117 20471349
245394117 21075893
245394117 21913907
245394117 23215572
245394117 26800967
245394117 28478859
245394117 34068984
245394117 36836939
245394117 48939443
245394117 64285972
245394117 67818595
245394117 87044829
245394117 105895378
245394117 115313263
245394117 121258930
245394117 121472925
245394117 127935456
245394117 146155608
245394117 146350964
245394117 160008685
245394117 163339795
245394117 165795009
245394117 172161833
245394117 187744415
245394117 211614808
245394117 213032194
245394117 221636679
245394117 238308325
245394117 240063501
245394117 250441643
245394117 250708662
245394117 252887163
245394117 253893287
245394117 258203336
245394117 262775327
245394117 277139373
245394117 277675909
245394117 281159810
245394117 288231953
245394117 294198566
245394117 298757008
245394117 307206030
245394117 307642294
245394117 309325161
245394117 310233571
245394117 322822476
245394117 325106566
245394117 337952973
245394117 339943969
245394117 341840097
245394117 356447837
245394117 362626342
245394117 381788237
245394117 384621304
245394117 422253889
245394117 431983156
245394117 501705927
245394117 543373651
245394117 548539370
247031120 15070932
247031120 17564647
247031120 19311729
247031120 21504535
247031120 24125323
247031120 24742040
247031120 26176694
247031120 26800967
247031120 40329238
247031120 49781679
247031120 58245520
247031120 87044829
247031120 105150583
247031120 115313263
247031120 127935456
247031120 130917777
247031120 146155608
247031120 160008685
247031120 172161833
247031120 186745799
247031120 211614808
247031120 221636679
247031120 253893287
247031120 281159810
247031120 288231953
247031120 307642294
247031120 308103112
247031120 309325161
247031120 325106566
247031120 339943969
247031120 362626342
247031120 382360772
247031120 385621090
247031120 422253889
247031120 446023451
247031120 491431687
247031120 498542846
248861233 15070932
248861233 17632072
248861233 20471349
248861233 23215572
248861233 24542441
248861233 84672379
248861233 127935456
248861233 252887163
248861233 284174632
248861233 294198566
248861233 310233571
248861233 322822476
248861233 325106566
248861233 345569115
250441643 9117202
250441643 19311729
250441643 20471349
250441643 21075893
250441643 24125323
250441643 26176694
250441643 48939443
250441643 87044829
250441643 105895378
250441643 115313263
250441643 121472925
250441643 123684709
250441643 160008685
250441643 165795009
250441643 211614808
250441643 213032194
250441643 221636679
250441643 252887163
250441643 258203336
250441643 277675909
250441643 281159810
250441643 288231953
250441643 294198566
250441643 307642294
250441643 309325161
250441643 339943969
250441643 362626342
250441643 543373651
250708662 3359851
250708662 15070932
250708662 17564647
250708662 19311729
250708662 20471349
250708662 21075893
250708662 21504535
250708662 23215572
250708662 24125323
250708662 26176694
250708662 36850842
250708662 40329238
250708662 41656802
250708662 48939443
250708662 87044829
250708662 105895378
250708662 115313263
250708662 121472925
250708662 123684709
250708662 127935456
250708662 146350964
250708662 160008685
250708662 165795009
250708662 211614808
250708662 213032194
250708662 238308325
250708662 245394117
250708662 252887163
250708662 253893287
250708662 262775327
250708662 277675909
250708662 281159810
250708662 287411130
250708662 294198566
250708662 296242468
250708662 297683673
250708662 298757008
250708662 307642294
250708662 309325161
250708662 322822476
250708662 325106566
250708662 339943969
250708662 362626342
250708662 384621304
250708662 385621090
250708662 422253889
250708662 467903803
250708662 491431687
250708662 543373651
252887163 3359851
252887163 14922225
252887163 15234657
252887163 17564647
252887163 20471349
252887163 21075893
252887163 21913907
252887163 22841103
252887163 23215572
252887163 24125323
252887163 26176694
252887163 26800967
252887163 34068984
252887163 36850842
252887163 40329238
252887163 41656802
252887163 48939443
252887163 77806232
252887163 84672379
252887163 87044829
252887163 105895378
252887163 115313263
252887163 121258930
252887163 121472925
252887163 123684709
252887163 134979402
252887163 146350964
252887163 160008685
252887163 165795009
252887163 172161833
252887163 186287415
252887163 211614808
252887163 213032194
252887163 238308325
252887163 245394117
252887163 248861233
252887163 250441643
252887163 250708662
252887163 258203336
252887163 262775327
252887163 275550472
252887163 277675909
252887163 281159810
252887163 284174632
252887163 287411130
252887163 288231953
252887163 297683673
252887163 298757008
252887163 307206030
252887163 307642294
252887163 309325161
252887163 322822476
252887163 325106566
252887163 337952973
252887163 339943969
252887163 341603426
252887163 345569115
252887163 384621304
252887163 385621090
252887163 417927586
252887163 431983156
252887163 548631386
253893287 15070932
253893287 17564647
253893287 20471349
253893287 21504535
253893287 23215572
253893287 24125323
253893287 26176694
253893287 26800967
253893287 36836939
253893287 40329238
253893287 48939443
253893287 58245520
253893287 59804598
253893287 105895378
253893287 115313263
253893287 123684709
253893287 127935456
253893287 146350964
253893287 160008685
253893287 172161833
253893287 187744415
253893287 211614808
253893287 221636679
253893287 238308325
253893287 245394117
253893287 250708662
253893287 258203336
253893287 287411130
253893287 298757008
253893287 307642294
253893287 309325161
253893287 339943969
253893287 362626342
253893287 381788237
253893287 384621304
253893287 385621090
253893287 422253889
253893287 446023451
253893287 498542846
253893287 543373651
253893287 548631386
256974037 3359851
256974037 21075893
256974037 245394117
256974037 288231953
256974037 290097288
256974037 294198566
256974037 307206030
256974037 307642294
256974037 309325161
256974037 339943969
256974037 384621304
258203336 14180231
258203336 15853668
258203336 17564647
258203336 17586739
258203336 17632072
258203336 18581803
258203336 20471349
258203336 23215572
258203336 24542441
258203336 26800967
258203336 28478859
258203336 41656802
258203336 47495471
258203336 48939443
258203336 67818595
258203336 72156360
258203336 74275571
258203336 75914648
258203336 84672379
258203336 87044829
258203336 105895378
258203336 115313263
258203336 121472925
258203336 123684709
258203336 131490551
258203336 134979402
258203336 146350964
258203336 160008685
258203336 165795009
258203336 172161833
258203336 211614808
258203336 221636679
258203336 245394117
258203336 250441643
258203336 250831586
258203336 252887163
258203336 253893287
258203336 262775327
258203336 275550472
258203336 277675909
258203336 281159810
258203336 284174632
258203336 288231953
258203336 298757008
258203336 307206030
258203336 307642294
258203336 308103112
258203336 309325161
258203336 310233571
258203336 322822476
258203336 325106566
258203336 326659062
258203336 337952973
258203336 339943969
258203336 341603426
258203336 341840097
258203336 362626342
258203336 374949999
258203336 381788237
258203336 384621304
258203336 387566789
258203336 417927586
258203336 446023451
258203336 501705927
258203336 501724209
258203336 543373651
259074185 3096071
259074185 5442012
259074185 15112961
259074185 17586739
259074185 17632072
259074185 20323999
259074185 20880546
259074185 24742040
259074185 24942585
259074185 30680870
259074185 31037985
259074185 47495471
259074185 48485771
259074185 61853583
259074185 72156360
259074185 117541123
259074185 121258930
259074185 144040563
259074185 146155608
259074185 152435436
259074185 207752295
259074185 278062722
259074185 307642294
259074185 309366491
259074185 384388981
259074185 411273721
259074185 499839056
262775327 14180231
262775327 15070932
262775327 17564647
262775327 18581803
262775327 19311729
262775327 20471349
262775327 21913907
262775327 23215572
262775327 24125323
262775327 24742040
262775327 26176694
262775327 26800967
262775327 28478859
262775327 36850842
262775327 40329238
262775327 41656802
262775327 48939443
262775327 59804598
262775327 64285972
262775327 67818595
262775327 87044829
262775327 105150583
262775327 105895378
262775327 115313263
262775327 121472925
262775327 123684709
262775327 127935456
262775327 131490551
262775327 146350964
262775327 160008685
262775327 172161833
262775327 210639349
262775327 211614808
262775327 213032194
262775327 221636679
262775327 238308325
262775327 245394117
262775327 250441643
262775327 250708662
262775327 252887163
262775327 258203336
262775327 277139373
262775327 277675909
262775327 281159810
262775327 284174632
262775327 287411130
262775327 288231953
262775327 298757008
262775327 307206030
262775327 307642294
262775327 308103112
262775327 309325161
262775327 310233571
262775327 322822476
262775327 325106566
262775327 337952973
262775327 339943969
262775327 341840097
262775327 356447837
262775327 362626342
262775327 381788237
262775327 384621304
262775327 385621090
262775327 417927586
262775327 422253889
262775327 431983156
262775327 498542846
262775327 501705927
264925735 15913
264925735 3443591
264925735 14269220
264925735 24585498
270076706 5442012
270076706 15112961
270076706 15853668
270076706 18776017
270076706 20880546
270076706 22273748
270076706 24742040
270076706 24942585
270076706 25827166
270076706 28719244
270076706 31037985
270076706 41937748
270076706 48485771
270076706 59005241
270076706 59804598
270076706 75914648
270076706 86852135
270076706 121258930
270076706 144040563
270076706 146320301
270076706 151711230
270076706 200212364
270076706 213504157
270076706 306445007
270076706 307642294
270076706 324061899
270076706 367443729
270076706 394475305
275550472 3359851
275550472 7860742
275550472 15234657
275550472 17448921
275550472 19311729
275550472 20471349
275550472 21504535
275550472 24125323
275550472 24542441
275550472 26176694
275550472 26800967
275550472 36850842
275550472 41656802
275550472 48939443
275550472 59804598
275550472 64285972
275550472 84672379
275550472 87044829
275550472 105895378
275550472 127935456
275550472 160008685
275550472 211614808
275550472 252887163
275550472 258203336
275550472 277675909
275550472 281159810
275550472 284174632
275550472 307642294
275550472 309325161
275550472 339943969
275550472 341603426
275550472 385621090
275550472 387566789
275550472 543373651
277139373 17564647
277139373 20471349
277139373 21075893
277139373 23215572
277139373 26800967
277139373 67818595
277139373 105895378
277139373 115313263
277139373 127935456
277139373 172161833
277139373 210731960
277139373 211614808
277139373 238308325
277139373 245394117
277139373 262775327
277139373 281159810
277139373 288231953
277139373 294198566
277139373 298757008
277139373 307642294
277139373 309325161
277139373 325106566
277139373 337952973
277139373 339943969
277139373 341840097
277139373 356447837
277139373 362626342
277139373 384621304
277139373 417927586
277139373 548539370
277675909 15070932
277675909 17564647
277675909 19311729
277675909 20471349
277675909 21075893
277675909 21913907
277675909 24125323
277675909 26176694
277675909 26800967
277675909 36850842
277675909 48939443
277675909 84672379
277675909 87044829
277675909 105895378
277675909 115313263
277675909 121472925
277675909 123684709
277675909 127935456
277675909 146350964
277675909 160008685
277675909 165795009
277675909 172161833
277675909 186287415
277675909 211614808
277675909 213032194
277675909 221636679
277675909 238308325
277675909 245394117
277675909 250441643
277675909 252887163
277675909 258203336
277675909 262775327
277675909 275550472
277675909 281159810
277675909 284174632
277675909 288231953
277675909 294198566
277675909 298757008
277675909 307642294
277675909 309064372
277675909 309325161
277675909 339943969
277675909 356447837
277675909 362626342
277675909 381788237
277675909 385621090
278062722 5442012
278062722 17564647
278062722 17586739
278062722 20323999
278062722 20880546
278062722 24942585
278062722 47495471
278062722 61853583
278062722 121258930
278062722 146155608
278062722 172161833
278062722 198876913
278062722 259074185
278062722 307642294
278062722 309325161
278062722 362626342
278062722 411273721
278062722 499839056
278062722 548539370
281159810 3359851
281159810 11648692
281159810 15070932
281159810 17564647
281159810 19311729
281159810 20471349
281159810 21075893
281159810 23215572
281159810 24125323
281159810 26176694
281159810 26800967
281159810 30267128
281159810 34068984
281159810 36850842
281159810 40329238
281159810 46762510
281159810 48939443
281159810 59804598
281159810 63787760
281159810 77806232
281159810 87044829
281159810 105150583
281159810 105895378
281159810 115313263
281159810 116952434
281159810 121472925
281159810 123684709
281159810 127935456
281159810 130917777
281159810 146350964
281159810 160008685
281159810 165795009
281159810 211614808
281159810 213032194
281159810 221636679
281159810 238308325
281159810 245394117
281159810 247031120
281159810 250441643
281159810 250708662
281159810 252887163
281159810 258203336
281159810 262775327
281159810 275550472
281159810 277139373
281159810 277675909
281159810 284174632
281159810 288231953
281159810 297683673
281159810 298757008
281159810 303060652
281159810 307206030
281159810 307642294
281159810 308103112
281159810 309064372
281159810 309325161
281159810 310233571
281159810 322822476
281159810 325106566
281159810 337952973
281159810 339943969
281159810 345569115
281159810 362626342
281159810 382360772
281159810 384621304
281159810 385621090
281159810 431983156
281159810 491431687
281159810 543373651
281159810 548539370
281159810 560482964
281159810 560929638
282733465 15913
282733465 5442012
282733465 7860742
282733465 15112961
282733465 15575251
282733465 15853668
282733465 18776017
282733465 20880546
282733465 22273748
282733465 24942585
282733465 25827166
282733465 28719244
282733465 31037985
282733465 37444945
282733465 48485771
282733465 52559331
282733465 59005241
282733465 75914648
282733465 86852135
282733465 95109615
282733465 103661402
282733465 121258930
282733465 144040563
282733465 146155608
282733465 146320301
282733465 151711230
282733465 195795250
282733465 307642294
282733465 324061899
282733465 325106566
282733465 347508389
282733465 355637036
282733465 365904984
282733465 367443729
282733465 394475305
282733465 401029555
282733465 416718047
282733465 422950468
282733465 466645680
284174632 17564647
284174632 19311729
284174632 20471349
284174632 22841103
284174632 23215572
284174632 26422087
284174632 34068984
284174632 36850842
284174632 41656802
284174632 48939443
284174632 64285972
284174632 84672379
284174632 87044829
284174632 105895378
284174632 146350964
284174632 160008685
284174632 165795009
284174632 186287415
284174632 204089551
284174632 211614808
284174632 248861233
284174632 252887163
284174632 258203336
284174632 262775327
284174632 275550472
284174632 277675909
284174632 281159810
284174632 288231953
284174632 296242468
284174632 307642294
284174632 308103112
284174632 309064372
284174632 309325161
284174632 309366491
284174632 310233571
284174632 322822476
284174632 325106566
284174632 339943969
284174632 374949999
284174632 384621304
284174632 387566789
284174632 417927586
287411130 17564647
287411130 21504535
287411130 23215572
287411130 24125323
287411130 26176694
287411130 26800967
287411130 30267128
287411130 36850842
287411130 40329238
287411130 58245520
287411130 59804598
287411130 74325773
287411130 87044829
287411130 105895378
287411130 115313263
287411130 127935456
287411130 130917777
287411130 160008685
287411130 172161833
287411130 186745799
287411130 210731960
287411130 211614808
287411130 238308325
287411130 240063501
287411130 250708662
287411130 252887163
287411130 253893287
287411130 262775327
287411130 281159810
287411130 307642294
287411130 309325161
287411130 322822476
287411130 325106566
287411130 339943969
287411130 345569115
287411130 356447837
287411130 382360772
287411130 384621304
287411130 385621090
287411130 431983156
287411130 448774841
287411130 498542846
287411130 543373651
287411130 560929638
288231953 14180231
288231953 17564647
288231953 18581803
288231953 19311729
288231953 20471349
288231953 21075893
288231953 23215572
288231953 26176694
288231953 28478859
288231953 41656802
288231953 48939443
288231953 64285972
288231953 67818595
288231953 87044829
288231953 105895378
288231953 115313263
288231953 121472925
288231953 127935456
288231953 146350964
288231953 160008685
288231953 165795009
288231953 172161833
288231953 186287415
288231953 210639349
288231953 211614808
288231953 221636679
288231953 238308325
288231953 245394117
288231953 247031120
288231953 250441643
288231953 252887163
288231953 256974037
288231953 258203336
288231953 262775327
288231953 277139373
288231953 277675909
288231953 281159810
288231953 284174632
288231953 296242468
288231953 298757008
288231953 303060652
288231953 307642294
288231953 308103112
288231953 309064372
288231953 309325161
288231953 310233571
288231953 322822476
288231953 325106566
288231953 337952973
288231953 339943969
288231953 341840097
288231953 356447837
288231953 362626342
288231953 384621304
288231953 385621090
288231953 417927586
288231953 422253889
288231953 431983156
288231953 446023451
288231953 548539370
290097288 7846
290097288 15913
290097288 3359851
290097288 7157132
290097288 7860742
290097288 15853668
290097288 18776017
290097288 21075893
290097288 21678052
290097288 24742040
290097288 34068984
290097288 38542252
290097288 59804598
290097288 64285972
290097288 93905958
290097288 121258930
290097288 126444583
290097288 155620461
290097288 184637153
290097288 187744415
290097288 191548936
290097288 204089551
290097288 238289569
290097288 294198566
290097288 309325161
290097288 381788237
290097288 384388981
294198566 15913
294198566 65673
294198566 3359851
294198566 5443002
294198566 9451052
294198566 12121162
294198566 13687132
294198566 14589257
294198566 20273398
294198566 21678052
294198566 22679419
294198566 24742040
294198566 34068984
294198566 38542252
294198566 64285972
294198566 93905958
294198566 111210694
294198566 116952434
294198566 154708725
294198566 187744415
294198566 191548936
294198566 290097288
296242468 15913
296242468 3359851
296242468 7860742
296242468 7872262
296242468 15070932
296242468 15846407
296242468 17564647
296242468 18776017
296242468 19311729
296242468 20471349
296242468 23215572
296242468 26422087
296242468 26800967
296242468 34068984
296242468 36850842
296242468 41656802
296242468 48939443
296242468 59804598
296242468 65913144
296242468 84672379
296242468 87044829
296242468 105895378
296242468 111164068
296242468 115313263
296242468 116952434
296242468 126444583
296242468 146350964
296242468 172161833
296242468 187744415
296242468 211614808
296242468 238308325
296242468 248861233
296242468 250441643
296242468 250708662
296242468 281159810
296242468 284174632
296242468 288231953
296242468 294198566
296242468 307642294
296242468 309325161
296242468 325106566
296242468 337952973
296242468 339943969
296242468 345569115
296242468 381788237
296242468 467903803
296242468 543373651
297683673 19311729
297683673 20471349
297683673 23215572
297683673 24125323
297683673 26176694
297683673 36850842
297683673 40329238
297683673 87044829
297683673 105895378
297683673 115313263
297683673 127935456
297683673 160008685
297683673 172161833
297683673 211614808
297683673 240063501
297683673 250708662
297683673 252887163
297683673 281159810
297683673 307642294
297683673 309064372
297683673 309325161
297683673 325106566
297683673 337952973
297683673 339943969
297683673 345569115
297683673 385621090
297683673 431983156
297683673 498542846
298757008 17564647
298757008 17586739
298757008 20471349
298757008 21075893
298757008 23215572
298757008 26800967
298757008 28478859
298757008 36836939
298757008 46762510
298757008 67818595
298757008 77806232
298757008 87044829
298757008 105895378
298757008 115313263
298757008 127935456
298757008 131490551
298757008 146350964
298757008 160008685
298757008 163339795
298757008 165795009
298757008 172161833
298757008 211614808
298757008 213032194
298757008 221636679
298757008 238308325
298757008 240063501
298757008 245394117
298757008 250708662
298757008 252887163
298757008 253893287
298757008 258203336
298757008 262775327
298757008 277139373
298757008 277675909
298757008 281159810
298757008 288231953
298757008 307642294
298757008 309064372
298757008 309325161
298757008 310233571
298757008 322822476
298757008 325106566
298757008 326659062
298757008 339943969
298757008 341840097
298757008 356447837
298757008 362626342
298757008 381788237
298757008 384621304
298757008 417927586
298757008 422253889
298757008 431983156
298757008 446023451
298757008 548539370
303060652 15913
303060652 3359851
303060652 18581803
303060652 20471349
303060652 22679419
303060652 26422087
303060652 34068984
303060652 48485771
303060652 59804598
303060652 111164068
303060652 309366491
306445007 15913
306445007 5442012
306445007 7860742
306445007 14038862
306445007 15112961
306445007 15575251
306445007 15853668
306445007 16453996
306445007 17586739
306445007 18776017
306445007 19162933
306445007 20880546
306445007 22273748
306445007 24004172
306445007 24942585
306445007 25827166
306445007 28719244
306445007 28775296
306445007 30680870
306445007 31037985
306445007 37444945
306445007 45509346
306445007 48485771
306445007 52559331
306445007 54514600
306445007 59005241
306445007 71606873
306445007 75914648
306445007 84052794
306445007 86852135
306445007 95109615
306445007 117541123
306445007 121258930
306445007 144040563
306445007 146155608
306445007 146320301
306445007 151711230
306445007 179524189
306445007 195795250
306445007 198876913
306445007 200212364
306445007 235216483
306445007 270076706
306445007 282733465
306445007 307642294
306445007 316264827
306445007 324061899
306445007 347508389
306445007 349358004
306445007 355637036
306445007 365904984
306445007 367443729
306445007 394475305
306445007 401029555
306445007 416718047
306445007 421848829
306445007 422950468
306445007 466645680
307206030 3359851
307206030 21075893
307206030 23215572
307206030 34068984
307206030 36836939
307206030 67818595
307206030 77806232
307206030 87044829
307206030 103661402
307206030 105895378
307206030 115313263
307206030 146350964
307206030 160008685
307206030 165795009
307206030 172161833
307206030 211614808
307206030 213032194
307206030 238308325
307206030 245394117
307206030 250441643
307206030 252887163
307206030 256974037
307206030 258203336
307206030 262775327
307206030 277139373
307206030 281159810
307206030 290097288
307206030 294198566
307206030 298757008
307206030 307642294
307206030 309325161
307206030 322822476
307206030 325106566
307206030 337952973
307206030 339943969
307206030 356447837
307206030 384621304
307642294 15913
307642294 11648692
307642294 14038862
307642294 14180231
307642294 15070932
307642294 15853668
307642294 17448921
307642294 17564647
307642294 17586739
307642294 17632072
307642294 18581803
307642294 19311729
307642294 20323999
307642294 20471349
307642294 21075893
307642294 21504535
307642294 21913907
307642294 22273748
307642294 22679419
307642294 23215572
307642294 24125323
307642294 25827166
307642294 25952851
307642294 26176694
307642294 26422087
307642294 26800967
307642294 28281437
307642294 28478859
307642294 28719244
307642294 28775296
307642294 28960709
307642294 29785987
307642294 30267128
307642294 30680870
307642294 36836939
307642294 36850842
307642294 40329238
307642294 41656802
307642294 41937748
307642294 44234944
307642294 45509346
307642294 46762510
307642294 47495471
307642294 48485771
307642294 48939443
307642294 49781679
307642294 52559331
307642294 54514600
307642294 58245520
307642294 59005241
307642294 59804598
307642294 61853583
307642294 63644892
307642294 67818595
307642294 71606873
307642294 72156360
307642294 74275571
307642294 74325773
307642294 75914648
307642294 77806232
307642294 79056710
307642294 82969251
307642294 84052794
307642294 84672379
307642294 86852135
307642294 87044829
307642294 94441197
307642294 95109615
307642294 103661402
307642294 105150583
307642294 105895378
307642294 115313263
307642294 117541123
307642294 121258930
307642294 121472925
307642294 123684709
307642294 127935456
307642294 130917777
307642294 131490551
307642294 134979402
307642294 144723989
307642294 146155608
307642294 146320301
307642294 146350964
307642294 151711230
307642294 152435436
307642294 160008685
307642294 163339795
307642294 165795009
307642294 170487428
307642294 172161833
307642294 179524189
307642294 181668778
307642294 186287415
307642294 186745799
307642294 195795250
307642294 198876913
307642294 200212364
307642294 207752295
307642294 210639349
307642294 210731960
307642294 211614808
307642294 213032194
307642294 213504157
307642294 221636679
307642294 238308325
307642294 240063501
307642294 245394117
307642294 247031120
307642294 248861233
307642294 250441643
307642294 250708662
307642294 250831586
307642294 252887163
307642294 253893287
307642294 256974037
307642294 258203336
307642294 259074185
307642294 262775327
307642294 270076706
307642294 275550472
307642294 277139373
307642294 277675909
307642294 278062722
307642294 281159810
307642294 282733465
307642294 284174632
307642294 287411130
307642294 288231953
307642294 296242468
307642294 297683673
307642294 298757008
307642294 306445007
307642294 307206030
307642294 308103112
307642294 309064372
307642294 309325161
307642294 309366491
307642294 310233571
307642294 312604104
307642294 316264827
307642294 322641198
307642294 322822476
307642294 324061899
307642294 325106566
307642294 326659062
307642294 337952973
307642294 339943969
307642294 341603426
307642294 341840097
307642294 342279134
307642294 343042051
307642294 345569115
307642294 347508389
307642294 349358004
307642294 355602073
307642294 355637036
307642294 356447837
307642294 362626342
307642294 365904984
307642294 370952365
307642294 374949999
307642294 381296177
307642294 381788237
307642294 382360772
307642294 384621304
307642294 385621090
307642294 387566789
307642294 387975746
307642294 394475305
307642294 401029555
307642294 411273721
307642294 416718047
307642294 417927586
307642294 421848829
307642294 422114084
307642294 422253889
307642294 422950468
307642294 431983156
307642294 446023451
307642294 448774841
307642294 450692479
307642294 452342492
307642294 464413911
307642294 466645680
307642294 467903803
307642294 491431687
307642294 496262970
307642294 498542846
307642294 499839056
307642294 501705927
307642294 501724209
307642294 529658284
307642294 543373651
307642294 548539370
307642294 548631386
307642294 560482964
307642294 560929638
307642294 566753653
308103112 15913
308103112 5442012
308103112 9275742
308103112 14038862
308103112 14589257
308103112 15112961
308103112 15575251
308103112 17564647
308103112 17632072
308103112 20471349
308103112 20880546
308103112 23215572
308103112 24125323
308103112 24742040
308103112 24942585
308103112 26176694
308103112 26800967
308103112 40329238
308103112 45509346
308103112 48485771
308103112 58245520
308103112 59804598
308103112 67818595
308103112 74325773
308103112 115313263
308103112 121258930
308103112 130917777
308103112 144040563
308103112 172161833
308103112 186745799
308103112 198876913
308103112 210731960
308103112 211614808
308103112 238308325
308103112 240063501
308103112 247031120
308103112 250831586
308103112 252887163
308103112 258203336
308103112 262775327
308103112 281159810
308103112 284174632
308103112 288231953
308103112 296242468
308103112 307642294
308103112 309325161
308103112 309366491
308103112 310233571
308103112 325106566
308103112 337952973
308103112 339943969
308103112 356447837
308103112 382360772
308103112 384388981
308103112 384621304
308103112 385621090
308103112 446023451
308103112 548631386
309064372 15913
309064372 3359851
309064372 5442012
309064372 15070932
309064372 17564647
309064372 19311729
309064372 23215572
309064372 24125323
309064372 26176694
309064372 26800967
309064372 36850842
309064372 40329238
309064372 59804598
309064372 87044829
309064372 105150583
309064372 105895378
309064372 115313263
309064372 121258930
309064372 146155608
309064372 172161833
309064372 211614808
309064372 238308325
309064372 250831586
309064372 252887163
309064372 258203336
309064372 275550472
309064372 277675909
309064372 281159810
309064372 284174632
309064372 288231953
309064372 290097288
309064372 294198566
309064372 297683673
309064372 298757008
309064372 307642294
309064372 309325161
309064372 310233571
309064372 325106566
309064372 339943969
309064372 341603426
309064372 345569115
309064372 384621304
309064372 422114084
309064372 431983156
309325161 11648692
309325161 15070932
309325161 17564647
309325161 17586739
309325161 19311729
309325161 20471349
309325161 21075893
309325161 21504535
309325161 21913907
309325161 23215572
309325161 24125323
309325161 24542441
309325161 24742040
309325161 26176694
309325161 26800967
309325161 28478859
309325161 29785987
309325161 30267128
309325161 36836939
309325161 36850842
309325161 40329238
309325161 41656802
309325161 47495471
309325161 48939443
309325161 49781679
309325161 58245520
309325161 67818595
309325161 71606873
309325161 77806232
309325161 84672379
309325161 87044829
309325161 105150583
309325161 105895378
309325161 115313263
309325161 121472925
309325161 123684709
309325161 127935456
309325161 130917777
309325161 134979402
309325161 146350964
309325161 160008685
309325161 165795009
309325161 172161833
309325161 186287415
309325161 186745799
309325161 210731960
309325161 211614808
309325161 213032194
309325161 238308325
309325161 240063501
309325161 245394117
309325161 247031120
309325161 250441643
309325161 250708662
309325161 252887163
309325161 253893287
309325161 256974037
309325161 258203336
309325161 262775327
309325161 275550472
309325161 277139373
309325161 277675909
309325161 278062722
309325161 281159810
309325161 284174632
309325161 287411130
309325161 288231953
309325161 290097288
309325161 294198566
309325161 296242468
309325161 297683673
309325161 298757008
309325161 307642294
309325161 308103112
309325161 309064372
309325161 310233571
309325161 322822476
309325161 325106566
309325161 337952973
309325161 339943969
309325161 341603426
309325161 341840097
309325161 345569115
309325161 356447837
309325161 362626342
309325161 381296177
309325161 381788237
309325161 382360772
309325161 384621304
309325161 385621090
309325161 411273721
309325161 417927586
309325161 422114084
309325161 422253889
309325161 431983156
309325161 446023451
309325161 448774841
309325161 491431687
309325161 498542846
309325161 499839056
309325161 501705927
309325161 501724209
309325161 543373651
309325161 548539370
309325161 548631386
309325161 560482964
309325161 560929638
309366491 7860742
309366491 7861312
309366491 8146732
309366491 15234657
309366491 15838599
309366491 15853668
309366491 18776017
309366491 19519349
309366491 22679419
309366491 28960709
309366491 116952434
309366491 144723989
309366491 177564924
310233571 15913
310233571 3359851
310233571 3443591
310233571 5442012
310233571 13687132
310233571 17564647
310233571 18900668
310233571 20471349
310233571 23215572
310233571 24742040
310233571 26800967
310233571 34068984
310233571 46762510
310233571 59804598
310233571 64488804
310233571 67818595
310233571 105895378
310233571 115313263
310233571 121258930
310233571 127935456
310233571 146155608
310233571 172161833
310233571 187744415
310233571 211614808
310233571 238308325
310233571 245394117
310233571 248861233
310233571 258203336
310233571 262775327
310233571 281159810
310233571 284174632
310233571 288231953
310233571 298757008
310233571 307642294
310233571 308103112
310233571 309064372
310233571 309325161
310233571 309366491
310233571 322822476
310233571 325106566
310233571 337952973
310233571 339943969
310233571 341603426
310233571 341840097
310233571 356447837
310233571 384621304
310233571 417927586
312604104 5442012
312604104 20323999
312604104 24942585
312604104 45509346
312604104 47495471
312604104 146155608
312604104 210639349
312604104 307642294
312604104 325106566
312604104 411273721
316264827 5442012
316264827 14038862
316264827 15112961
316264827 15575251
316264827 20019469
316264827 24942585
316264827 28775296
316264827 30680870
316264827 41937748
316264827 63644892
316264827 117541123
316264827 144040563
316264827 146071420
316264827 198876913
316264827 306445007
316264827 307642294
316264827 324061899
316264827 421848829
316264827 499839056
322641198 18581803
322641198 20273398
322641198 20471349
322641198 22679419
322641198 28960709
322641198 94441197
322641198 181668778
322641198 307642294
322641198 450692479
322822476 17564647
322822476 17632072
322822476 20471349
322822476 23215572
322822476 24125323
322822476 26176694
322822476 36836939
322822476 36850842
322822476 48939443
322822476 49781679
322822476 84672379
322822476 121472925
322822476 123684709
322822476 127935456
322822476 146350964
322822476 160008685
322822476 165795009
322822476 211614808
322822476 245394117
322822476 248861233
322822476 252887163
322822476 258203336
322822476 262775327
322822476 275550472
322822476 281159810
322822476 284174632
322822476 288231953
322822476 298757008
322822476 307206030
322822476 309325161
322822476 309366491
322822476 310233571
322822476 337952973
322822476 339943969
322822476 385621090
322822476 464413911
324061899 15913
324061899 5442012
324061899 15112961
324061899 15853668
324061899 17632072
324061899 18776017
324061899 19162933
324061899 20880546
324061899 22273748
324061899 24004172
324061899 24742040
324061899 24942585
324061899 25827166
324061899 28719244
324061899 28775296
324061899 30680870
324061899 37444945
324061899 41937748
324061899 47495471
324061899 48485771
324061899 52559331
324061899 59005241
324061899 59804598
324061899 75914648
324061899 86852135
324061899 95109615
324061899 103661402
324061899 117541123
324061899 121258930
324061899 144040563
324061899 146155608
324061899 151711230
324061899 179524189
324061899 195795250
324061899 198876913
324061899 200212364
324061899 270076706
324061899 282733465
324061899 306445007
324061899 307642294
324061899 316264827
324061899 347508389
324061899 355637036
324061899 365904984
324061899 367443729
324061899 394475305
324061899 401029555
324061899 411273721
324061899 416718047
324061899 421848829
324061899 422950468
324061899 466645680
325106566 5442012
325106566 11648692
325106566 14180231
325106566 15070932
325106566 17564647
325106566 18776017
325106566 19311729
325106566 20323999
325106566 20471349
325106566 23215572
325106566 24125323
325106566 24942585
325106566 25827166
325106566 26176694
325106566 26800967
325106566 28478859
325106566 28719244
325106566 34068984
325106566 36850842
325106566 40329238
325106566 41656802
325106566 45509346
325106566 48485771
325106566 48939443
325106566 58245520
325106566 67818595
325106566 72156360
325106566 74325773
325106566 75914648
325106566 77806232
325106566 84672379
325106566 86852135
325106566 87044829
325106566 103661402
325106566 105150583
325106566 105895378
325106566 115313263
325106566 121472925
325106566 123684709
325106566 126444583
325106566 127935456
325106566 130917777
325106566 131490551
325106566 134979402
325106566 146155608
325106566 160008685
325106566 163339795
325106566 165795009
325106566 172161833
325106566 186287415
325106566 186745799
325106566 207752295
325106566 211614808
325106566 213032194
325106566 221636679
325106566 238308325
325106566 245394117
325106566 247031120
325106566 248861233
325106566 250708662
325106566 252887163
325106566 258203336
325106566 262775327
325106566 277139373
325106566 281159810
325106566 282733465
325106566 284174632
325106566 287411130
325106566 288231953
325106566 296242468
325106566 297683673
325106566 298757008
325106566 303060652
325106566 307206030
325106566 307642294
325106566 308103112
325106566 309064372
325106566 309325161
325106566 310233571
325106566 312604104
325106566 337952973
325106566 339943969
325106566 341840097
325106566 347508389
325106566 356447837
325106566 362626342
325106566 365904984
325106566 382360772
325106566 384621304
325106566 385621090
325106566 401029555
325106566 416718047
325106566 417927586
325106566 422253889
325106566 431983156
325106566 446023451
325106566 452342492
325106566 548631386
326659062 5442012
326659062 17586739
326659062 20323999
326659062 20471349
326659062 20880546
326659062 24742040
326659062 24942585
326659062 45509346
326659062 47495471
326659062 61853583
326659062 72156360
326659062 121258930
326659062 146155608
326659062 198876913
326659062 211614808
326659062 238308325
326659062 258203336
326659062 290097288
326659062 298757008
326659062 307642294
326659062 341840097
326659062 384388981
326659062 384621304
326659062 417927586
337952973 3359851
337952973 15070932
337952973 17564647
337952973 19311729
337952973 20471349
337952973 20880546
337952973 21075893
337952973 23215572
337952973 24125323
337952973 24742040
337952973 26800967
337952973 34068984
337952973 41656802
337952973 59804598
337952973 67818595
337952973 79056710
337952973 87044829
337952973 105150583
337952973 105895378
337952973 115313263
337952973 123684709
337952973 130917777
337952973 172161833
337952973 210731960
337952973 211614808
337952973 221636679
337952973 238308325
337952973 245394117
337952973 252887163
337952973 258203336
337952973 262775327
337952973 277139373
337952973 281159810
337952973 288231953
337952973 290097288
337952973 294198566
337952973 296242468
337952973 307206030
337952973 307642294
337952973 308103112
337952973 309325161
337952973 310233571
337952973 322822476
337952973 325106566
337952973 339943969
337952973 356447837
337952973 382360772
337952973 384621304
337952973 385621090
337952973 417927586
337952973 422253889
337952973 446023451
337952973 467903803
339943969 11648692
339943969 15070932
339943969 17564647
339943969 19311729
339943969 21075893
339943969 21504535
339943969 21913907
339943969 23215572
339943969 24125323
339943969 24542441
339943969 26176694
339943969 26800967
339943969 28478859
339943969 36836939
339943969 36850842
339943969 40329238
339943969 48939443
339943969 49781679
339943969 58245520
339943969 67818595
339943969 71606873
339943969 74275571
339943969 74325773
339943969 77806232
339943969 84672379
339943969 87044829
339943969 93905958
339943969 105150583
339943969 105895378
339943969 115313263
339943969 121472925
339943969 127935456
339943969 130917777
339943969 134979402
339943969 146350964
339943969 160008685
339943969 165795009
339943969 172161833
339943969 186287415
339943969 186745799
339943969 210731960
339943969 211614808
339943969 213032194
339943969 238308325
339943969 245394117
339943969 250441643
339943969 250708662
339943969 252887163
339943969 253893287
339943969 258203336
339943969 262775327
339943969 275550472
339943969 277139373
339943969 277675909
339943969 281159810
339943969 284174632
339943969 287411130
339943969 288231953
339943969 296242468
339943969 297683673
339943969 298757008
339943969 307642294
339943969 308103112
339943969 309064372
339943969 309325161
339943969 310233571
339943969 322822476
339943969 325106566
339943969 337952973
339943969 341603426
339943969 345569115
339943969 356447837
339943969 362626342
339943969 381788237
339943969 382360772
339943969 384621304
339943969 385621090
339943969 417927586
339943969 422253889
339943969 431983156
339943969 446023451
339943969 491431687
339943969 498542846
339943969 501705927
339943969 543373651
339943969 548539370
339943969 548631386
339943969 560929638
341603426 17564647
341603426 23215572
341603426 74275571
341603426 84672379
341603426 87044829
341603426 134979402
341603426 252887163
341603426 258203336
341603426 307642294
341603426 309325161
341603426 339943969
341603426 417927586
341840097 3359851
341840097 5442012
341840097 14180231
341840097 15070932
341840097 17140787
341840097 17564647
341840097 18581803
341840097 20323999
341840097 20471349
341840097 20880546
341840097 23215572
341840097 24742040
341840097 24942585
341840097 26800967
341840097 28478859
341840097 45509346
341840097 46762510
341840097 47495471
341840097 61853583
341840097 67818595
341840097 71606873
341840097 105895378
341840097 115313263
341840097 121258930
341840097 127935456
341840097 146155608
341840097 198876913
341840097 210639349
341840097 211614808
341840097 221636679
341840097 238308325
341840097 245394117
341840097 258203336
341840097 262775327
341840097 277139373
341840097 281159810
341840097 290097288
341840097 294198566
341840097 298757008
341840097 307642294
341840097 309325161
341840097 310233571
341840097 325106566
341840097 326659062
341840097 337952973
341840097 339943969
341840097 356447837
341840097 384388981
341840097 384621304
341840097 417927586
341840097 452342492
342279134 28960709
342279134 307642294
343042051 15913
343042051 5442012
343042051 15112961
343042051 20323999
343042051 20880546
343042051 24742040
343042051 24942585
343042051 28719244
343042051 45509346
343042051 45862504
343042051 47495471
343042051 48485771
343042051 59804598
343042051 121258930
343042051 144040563
343042051 146155608
343042051 152435436
343042051 307642294
343042051 411273721
344966590 5442012
344966590 15222083
344966590 18581803
344966590 20273398
344966590 20471349
344966590 22679419
344966590 26422087
344966590 28960709
344966590 48485771
344966590 94441197
344966590 144723989
344966590 181668778
344966590 303060652
344966590 307642294
344966590 309366491
344966590 322641198
344966590 342279134
344966590 387975746
344966590 450692479
344966590 529658284
345569115 15070932
345569115 17564647
345569115 19311729
345569115 24125323
345569115 24542441
345569115 26422087
345569115 84672379
345569115 87044829
345569115 105895378
345569115 115313263
345569115 146350964
345569115 248861233
345569115 252887163
345569115 309325161
345569115 339943969
347508389 5442012
347508389 15853668
347508389 18776017
347508389 20880546
347508389 22273748
347508389 24942585
347508389 25827166
347508389 28719244
347508389 48485771
347508389 75914648
347508389 86852135
347508389 95109615
347508389 121258930
347508389 144040563
347508389 146155608
347508389 151711230
347508389 282733465
347508389 307642294
347508389 324061899
347508389 325106566
347508389 365904984
347508389 367443729
347508389 394475305
347508389 416718047
349358004 15913
349358004 5442012
349358004 22273748
349358004 24942585
349358004 30680870
349358004 48485771
349358004 52559331
349358004 59005241
349358004 95109615
349358004 144040563
349358004 146155608
349358004 198876913
349358004 324061899
349358004 355637036
349358004 401029555
349358004 416718047
349358004 422950468
349358004 466645680
355602073 307642294
355637036 19162933
355637036 20880546
355637036 28719244
355637036 52559331
355637036 75914648
355637036 86852135
355637036 146155608
355637036 146320301
355637036 198876913
355637036 200212364
355637036 282733465
355637036 307642294
355637036 365904984
355637036 367443729
355637036 394475305
355637036 401029555
355637036 466645680
356447837 3359851
356447837 5442012
356447837 11648692
356447837 15070932
356447837 17564647
356447837 18581803
356447837 19311729
356447837 20471349
356447837 20880546
356447837 21075893
356447837 21504535
356447837 23215572
356447837 24125323
356447837 24742040
356447837 24942585
356447837 26176694
356447837 26800967
356447837 40329238
356447837 48939443
356447837 59804598
356447837 67818595
356447837 74325773
356447837 77806232
356447837 105150583
356447837 105895378
356447837 115313263
356447837 121258930
356447837 121472925
356447837 123684709
356447837 130917777
356447837 146155608
356447837 146350964
356447837 160008685
356447837 172161833
356447837 186745799
356447837 210731960
356447837 211614808
356447837 213032194
356447837 238308325
356447837 245394117
356447837 248861233
356447837 250441643
356447837 250708662
356447837 252887163
356447837 262775327
356447837 277139373
356447837 277675909
356447837 287411130
356447837 288231953
356447837 294198566
356447837 298757008
356447837 307206030
356447837 307642294
356447837 309064372
356447837 309325161
356447837 310233571
356447837 322822476
356447837 325106566
356447837 337952973
356447837 339943969
356447837 362626342
356447837 382360772
356447837 384388981
356447837 384621304
356447837 385621090
356447837 446023451
356447837 543373651
362626342 3359851
362626342 5442012
362626342 15070932
362626342 17564647
362626342 17586739
362626342 19311729
362626342 20471349
362626342 20880546
362626342 21075893
362626342 21913907
362626342 23215572
362626342 24742040
362626342 24942585
362626342 26800967
362626342 28478859
362626342 34068984
362626342 36836939
362626342 45509346
362626342 47495471
362626342 48939443
362626342 61853583
362626342 67818595
362626342 71606873
362626342 72156360
362626342 75914648
362626342 77806232
362626342 87044829
362626342 103661402
362626342 105895378
362626342 115313263
362626342 121258930
362626342 121472925
362626342 127935456
362626342 146155608
362626342 146350964
362626342 160008685
362626342 165795009
362626342 172161833
362626342 198876913
362626342 210731960
362626342 211614808
362626342 213032194
362626342 221636679
362626342 238308325
362626342 240063501
362626342 245394117
362626342 247031120
362626342 250441643
362626342 250708662
362626342 252887163
362626342 253893287
362626342 256974037
362626342 258203336
362626342 262775327
362626342 277139373
362626342 277675909
362626342 278062722
362626342 281159810
362626342 288231953
362626342 290097288
362626342 294198566
362626342 298757008
362626342 306445007
362626342 307206030
362626342 307642294
362626342 309064372
362626342 309325161
362626342 310233571
362626342 322822476
362626342 325106566
362626342 337952973
362626342 339943969
362626342 341840097
362626342 356447837
362626342 381788237
362626342 384388981
362626342 384621304
362626342 411273721
362626342 417927586
362626342 422253889
362626342 431983156
362626342 446023451
362626342 452342492
362626342 499839056
362626342 501705927
362626342 501724209
362626342 543373651
362626342 548539370
362626342 548631386
365904984 28719244
365904984 48485771
367443729 15913
367443729 5442012
367443729 7860742
367443729 15112961
367443729 15853668
367443729 18776017
367443729 22273748
367443729 24942585
367443729 25827166
367443729 28719244
367443729 28775296
367443729 30680870
367443729 37444945
367443729 48485771
367443729 52559331
367443729 54514600
367443729 59005241
367443729 75914648
367443729 86852135
367443729 95109615
367443729 103661402
367443729 117541123
367443729 121258930
367443729 144040563
367443729 144723989
367443729 146155608
367443729 146320301
367443729 151711230
367443729 195795250
367443729 198876913
367443729 200212364
367443729 270076706
367443729 282733465
367443729 307642294
367443729 324061899
367443729 325106566
367443729 347508389
367443729 355637036
367443729 365904984
367443729 394475305
367443729 401029555
367443729 416718047
367443729 422950468
367443729 466645680
370952365 15913
370952365 1183041
370952365 5442012
370952365 7157132
370952365 9451052
370952365 15575251
370952365 20273398
370952365 20323999
370952365 20880546
370952365 24742040
370952365 24942585
370952365 28719244
370952365 41937748
370952365 45509346
370952365 47495471
370952365 48485771
370952365 53685618
370952365 59804598
370952365 61853583
370952365 72156360
370952365 82969251
370952365 103661402
370952365 117541123
370952365 121258930
370952365 144040563
370952365 146155608
370952365 152435436
370952365 198876913
370952365 200212364
370952365 307642294
370952365 384388981
370952365 411273721
374949999 9117202
374949999 17564647
374949999 24542441
374949999 26422087
374949999 41656802
374949999 48939443
374949999 84672379
374949999 87044829
374949999 127935456
374949999 258203336
374949999 284174632
374949999 307642294
374949999 341603426
374949999 345569115
374949999 387566789
374949999 529658284
381296177 19311729
381296177 23215572
381296177 24125323
381296177 26176694
381296177 115313263
381296177 127935456
381296177 250831586
381296177 307642294
381296177 309325161
381296177 498542846
381788237 17564647
381788237 19311729
381788237 20471349
381788237 21075893
381788237 36836939
381788237 48939443
381788237 64285972
381788237 87044829
381788237 105895378
381788237 115313263
381788237 127935456
381788237 146350964
381788237 160008685
381788237 211614808
381788237 213032194
381788237 221636679
381788237 238308325
381788237 245394117
381788237 250708662
381788237 253893287
381788237 258203336
381788237 262775327
381788237 277675909
381788237 290097288
381788237 294198566
381788237 296242468
381788237 298757008
381788237 307206030
381788237 307642294
381788237 309325161
381788237 322822476
381788237 325106566
381788237 339943969
381788237 356447837
381788237 362626342
381788237 384621304
381788237 431983156
381788237 543373651
382360772 24125323
382360772 26800967
382360772 87044829
382360772 115313263
382360772 130917777
382360772 211614808
382360772 307642294
382360772 308103112
382360772 309325161
382360772 325106566
382360772 337952973
382360772 339943969
382360772 385621090
382360772 498542846
382360772 548631386
384388981 15913
384388981 3443591
384388981 5443002
384388981 14874480
384388981 14922225
384388981 15234657
384388981 19413393
384388981 19595287
384388981 24742040
384388981 55338862
384388981 59804598
384388981 74286565
384388981 146155608
384388981 290097288
384388981 294198566
384621304 11648692
384621304 15070932
384621304 17564647
384621304 21075893
384621304 21504535
384621304 23215572
384621304 24125323
384621304 26176694
384621304 26800967
384621304 28478859
384621304 36836939
384621304 36850842
384621304 40329238
384621304 41656802
384621304 46762510
384621304 48939443
384621304 67818595
384621304 74325773
384621304 77806232
384621304 84672379
384621304 87044829
384621304 105150583
384621304 105895378
384621304 115313263
384621304 121472925
384621304 123684709
384621304 127935456
384621304 130917777
384621304 146350964
384621304 160008685
384621304 165795009
384621304 172161833
384621304 211614808
384621304 221636679
384621304 238308325
384621304 240063501
384621304 245394117
384621304 250441643
384621304 250708662
384621304 252887163
384621304 253893287
384621304 256974037
384621304 258203336
384621304 262775327
384621304 277139373
384621304 277675909
384621304 281159810
384621304 284174632
384621304 287411130
384621304 288231953
384621304 298757008
384621304 307206030
384621304 307642294
384621304 308103112
384621304 309064372
384621304 309325161
384621304 310233571
384621304 322822476
384621304 325106566
384621304 326659062
384621304 337952973
384621304 339943969
384621304 341840097
384621304 356447837
384621304 362626342
384621304 381788237
384621304 382360772
384621304 385621090
384621304 417927586
384621304 422253889
384621304 431983156
384621304 446023451
384621304 498542846
384621304 501705927
384621304 543373651
384621304 548631386
384621304 560929638
385621090 11648692
385621090 17564647
385621090 19311729
385621090 21504535
385621090 23215572
385621090 24125323
385621090 26176694
385621090 36850842
385621090 40329238
385621090 49781679
385621090 67818595
385621090 74325773
385621090 87044829
385621090 105895378
385621090 115313263
385621090 127935456
385621090 160008685
385621090 172161833
385621090 186745799
385621090 211614808
385621090 238308325
385621090 247031120
385621090 252887163
385621090 253893287
385621090 262775327
385621090 275550472
385621090 277675909
385621090 281159810
385621090 287411130
385621090 297683673
385621090 307642294
385621090 308103112
385621090 309325161
385621090 322822476
385621090 325106566
385621090 337952973
385621090 339943969
385621090 356447837
385621090 382360772
385621090 384621304
385621090 431983156
385621090 498542846
385621090 543373651
387566789 41656802
387566789 87044829
387566789 258203336
387566789 275550472
387566789 284174632
387566789 307642294
387566789 374949999
387975746 5442012
387975746 20471349
387975746 22679419
387975746 26422087
387975746 48485771
387975746 303060652
387975746 307642294
387975746 529658284
394475305 15853668
394475305 18776017
394475305 20880546
394475305 22273748
394475305 25827166
394475305 28719244
394475305 37444945
394475305 48485771
394475305 59005241
394475305 75914648
394475305 86852135
394475305 144040563
394475305 151711230
394475305 195795250
394475305 307642294
394475305 355637036
394475305 365904984
394475305 367443729
394475305 401029555
394475305 416718047
401029555 5442012
401029555 15853668
401029555 18776017
401029555 28719244
401029555 30680870
401029555 45509346
401029555 52559331
401029555 59005241
401029555 75914648
401029555 95109615
401029555 103661402
401029555 121258930
401029555 146155608
401029555 146320301
401029555 151711230
401029555 282733465
401029555 307642294
401029555 324061899
401029555 325106566
401029555 349358004
401029555 355637036
401029555 365904984
401029555 367443729
401029555 394475305
401029555 416718047
401029555 466645680
411273721 15913
411273721 5442012
411273721 20323999
411273721 20880546
411273721 24742040
411273721 24942585
411273721 31037985
411273721 44234944
411273721 45509346
411273721 47495471
411273721 48485771
411273721 61853583
411273721 72156360
411273721 121258930
411273721 144040563
411273721 146155608
411273721 152435436
411273721 198876913
411273721 207752295
411273721 211614808
411273721 259074185
411273721 278062722
411273721 306445007
411273721 307642294
411273721 309325161
411273721 312604104
411273721 343042051
411273721 362626342
411273721 499839056
416718047 15913
416718047 5442012
416718047 15853668
416718047 17586739
416718047 19162933
416718047 20880546
416718047 24004172
416718047 25827166
416718047 25952851
416718047 28719244
416718047 30680870
416718047 75914648
416718047 86852135
416718047 95109615
416718047 103661402
416718047 117541123
416718047 121258930
416718047 146155608
416718047 146320301
416718047 151711230
416718047 195795250
416718047 198876913
416718047 282733465
416718047 307642294
416718047 324061899
416718047 325106566
416718047 347508389
416718047 349358004
416718047 365904984
416718047 367443729
416718047 394475305
416718047 401029555
416718047 422950468
416718047 466645680
417927586 1065921
417927586 17564647
417927586 23215572
417927586 28478859
417927586 45509346
417927586 46762510
417927586 47495471
417927586 67818595
417927586 72156360
417927586 103661402
417927586 105895378
417927586 115313263
417927586 127935456
417927586 172161833
417927586 210639349
417927586 211614808
417927586 221636679
417927586 238308325
417927586 252887163
417927586 258203336
417927586 262775327
417927586 277139373
417927586 284174632
417927586 288231953
417927586 298757008
417927586 307642294
417927586 309325161
417927586 310233571
417927586 325106566
417927586 326659062
417927586 337952973
417927586 339943969
417927586 341603426
417927586 341840097
417927586 362626342
417927586 384621304
417927586 422253889
421848829 5442012
421848829 15112961
421848829 24942585
421848829 28775296
421848829 30680870
421848829 31037985
421848829 61853583
421848829 117541123
421848829 121258930
421848829 144040563
421848829 198876913
421848829 306445007
421848829 307642294
421848829 316264827
421848829 499839056
422114084 19311729
422114084 20471349
422114084 307642294
422114084 309325161
422253889 17564647
422253889 17586739
422253889 19311729
422253889 20471349
422253889 23215572
422253889 24742040
422253889 36836939
422253889 45509346
422253889 47495471
422253889 48939443
422253889 75914648
422253889 77806232
422253889 87044829
422253889 103661402
422253889 115313263
422253889 127935456
422253889 131490551
422253889 146350964
422253889 172161833
422253889 210639349
422253889 211614808
422253889 213032194
422253889 221636679
422253889 238308325
422253889 240063501
422253889 245394117
422253889 247031120
422253889 250708662
422253889 253893287
422253889 262775327
422253889 288231953
422253889 290097288
422253889 298757008
422253889 307642294
422253889 309325161
422253889 325106566
422253889 337952973
422253889 339943969
422253889 362626342
422253889 384621304
422253889 417927586
422253889 431983156
422253889 446023451
422253889 501724209
422253889 543373651
422950468 5442012
422950468 25827166
422950468 30680870
422950468 52559331
422950468 54514600
422950468 146155608
422950468 198876913
422950468 200212364
422950468 270076706
422950468 282733465
422950468 306445007
422950468 307642294
422950468 324061899
422950468 349358004
422950468 367443729
431983156 15070932
431983156 17564647
431983156 21075893
431983156 21504535
431983156 21913907
431983156 23215572
431983156 24125323
431983156 26176694
431983156 26800967
431983156 40329238
431983156 48939443
431983156 58245520
431983156 87044829
431983156 105895378
431983156 115313263
431983156 121472925
431983156 123684709
431983156 165795009
431983156 172161833
431983156 186745799
431983156 210731960
431983156 211614808
431983156 213032194
431983156 240063501
431983156 245394117
431983156 250441643
431983156 252887163
431983156 262775327
431983156 281159810
431983156 287411130
431983156 288231953
431983156 297683673
431983156 298757008
431983156 307642294
431983156 309064372
431983156 309325161
431983156 325106566
431983156 339943969
431983156 345569115
431983156 384621304
431983156 385621090
431983156 422253889
431983156 498542846
431983156 543373651
431983156 560929638
446023451 5442012
446023451 15070932
446023451 17448921
446023451 17564647
446023451 20471349
446023451 21075893
446023451 23215572
446023451 24742040
446023451 26176694
446023451 26800967
446023451 28478859
446023451 59804598
446023451 67818595
446023451 103661402
446023451 105150583
446023451 105895378
446023451 115313263
446023451 146155608
446023451 160008685
446023451 172161833
446023451 210639349
446023451 211614808
446023451 221636679
446023451 238308325
446023451 247031120
446023451 253893287
446023451 258203336
446023451 288231953
446023451 298757008
446023451 307642294
446023451 308103112
446023451 309325161
446023451 325106566
446023451 337952973
446023451 339943969
446023451 356447837
446023451 362626342
446023451 384621304
446023451 422253889
446023451 501724209
446023451 548631386
448774841 17564647
448774841 23215572
448774841 211614808
448774841 287411130
448774841 307642294
448774841 309325161
450692479 18581803
450692479 20471349
450692479 22679419
450692479 28960709
450692479 48485771
450692479 94441197
450692479 181668778
450692479 307642294
450692479 309366491
450692479 322641198
452342492 5442012
452342492 24942585
452342492 47495471
452342492 61853583
452342492 103661402
452342492 121258930
452342492 146155608
452342492 198876913
452342492 207752295
452342492 306445007
452342492 307642294
452342492 325106566
452342492 341840097
452342492 362626342
464413911 87044829
464413911 115313263
464413911 307642294
464413911 322822476
464413911 356447837
466645680 15913
466645680 5442012
466645680 15853668
466645680 18776017
466645680 19162933
466645680 22273748
466645680 24942585
466645680 25827166
466645680 28719244
466645680 30680870
466645680 37444945
466645680 48485771
466645680 52559331
466645680 59005241
466645680 75914648
466645680 84052794
466645680 86852135
466645680 95109615
466645680 121258930
466645680 144040563
466645680 146155608
466645680 146320301
466645680 151711230
466645680 195795250
466645680 198876913
466645680 200212364
466645680 270076706
466645680 282733465
466645680 307642294
466645680 324061899
466645680 349358004
466645680 355637036
466645680 365904984
466645680 367443729
466645680 394475305
466645680 401029555
466645680 416718047
466645680 422950468
491431687 17564647
491431687 19311729
491431687 21504535
491431687 23215572
491431687 24125323
491431687 26176694
491431687 26800967
491431687 40329238
491431687 74325773
491431687 87044829
491431687 127935456
491431687 160008685
491431687 172161833
491431687 211614808
491431687 247031120
491431687 250708662
491431687 281159810
491431687 307642294
491431687 309325161
491431687 339943969
491431687 385621090
491431687 543373651
491431687 560929638
496262970 115313263
496262970 172161833
496262970 307642294
498542846 17564647
498542846 19311729
498542846 21504535
498542846 23215572
498542846 24125323
498542846 26176694
498542846 26800967
498542846 30267128
498542846 40329238
498542846 58245520
498542846 67818595
498542846 74325773
498542846 87044829
498542846 115313263
498542846 127935456
498542846 130917777
498542846 160008685
498542846 172161833
498542846 186745799
498542846 211614808
498542846 240063501
498542846 247031120
498542846 253893287
498542846 262775327
498542846 287411130
498542846 296242468
498542846 297683673
498542846 307642294
498542846 309325161
498542846 325106566
498542846 339943969
498542846 381296177
498542846 382360772
498542846 384621304
498542846 385621090
498542846 422114084
498542846 431983156
498542846 543373651
498542846 560929638
499839056 5442012
499839056 24942585
499839056 31037985
499839056 48485771
499839056 121258930
499839056 144040563
499839056 411273721
501705927 3359851
501705927 17564647
501705927 34068984
501705927 105895378
501705927 115313263
501705927 121472925
501705927 127935456
501705927 131490551
501705927 146350964
501705927 160008685
501705927 172161833
501705927 211614808
501705927 238308325
501705927 245394117
501705927 250708662
501705927 258203336
501705927 262775327
501705927 277675909
501705927 281159810
501705927 298757008
501705927 307642294
501705927 309325161
501705927 322822476
501705927 325106566
501705927 339943969
501705927 356447837
501705927 384621304
501724209 24742040
501724209 28478859
501724209 72156360
501724209 172161833
501724209 210639349
501724209 221636679
501724209 258203336
501724209 307642294
501724209 309325161
501724209 362626342
501724209 384388981
501724209 422253889
501724209 446023451
529658284 15913
529658284 9117202
529658284 20471349
529658284 22679419
529658284 24542441
529658284 26422087
529658284 48485771
529658284 74275571
529658284 134979402
529658284 303060652
529658284 307642294
529658284 345569115
529658284 374949999
543373651 15070932
543373651 17564647
543373651 19311729
543373651 21075893
543373651 21504535
543373651 21913907
543373651 23215572
543373651 24125323
543373651 26176694
543373651 26800967
543373651 30267128
543373651 36836939
543373651 36850842
543373651 40329238
543373651 48939443
543373651 58245520
543373651 67818595
543373651 77806232
543373651 87044829
543373651 105895378
543373651 115313263
543373651 121472925
543373651 123684709
543373651 127935456
543373651 146350964
543373651 160008685
543373651 165795009
543373651 172161833
543373651 186745799
543373651 211614808
543373651 213032194
543373651 238308325
543373651 240063501
543373651 245394117
543373651 250441643
543373651 250708662
543373651 252887163
543373651 253893287
543373651 258203336
543373651 262775327
543373651 275550472
543373651 277675909
543373651 281159810
543373651 287411130
543373651 294198566
543373651 296242468
543373651 307642294
543373651 309325161
543373651 322822476
543373651 325106566
543373651 339943969
543373651 356447837
543373651 362626342
543373651 381788237
543373651 382360772
543373651 384621304
543373651 385621090
543373651 422253889
543373651 431983156
543373651 491431687
543373651 498542846
543373651 560929638
548539370 17564647
548539370 21075893
548539370 23215572
548539370 24742040
548539370 26800967
548539370 67818595
548539370 71606873
548539370 103661402
548539370 105895378
548539370 115313263
548539370 127935456
548539370 172161833
548539370 210731960
548539370 211614808
548539370 221636679
548539370 238308325
548539370 245394117
548539370 262775327
548539370 277139373
548539370 278062722
548539370 281159810
548539370 288231953
548539370 290097288
548539370 294198566
548539370 298757008
548539370 307206030
548539370 307642294
548539370 309064372
548539370 309325161
548539370 325106566
548539370 339943969
548539370 341840097
548539370 356447837
548539370 362626342
548539370 384621304
548539370 417927586
548539370 548631386
548631386 15070932
548631386 17564647
548631386 24125323
548631386 26176694
548631386 26800967
548631386 28478859
548631386 40329238
548631386 47495471
548631386 58245520
548631386 87044829
548631386 105895378
548631386 127935456
548631386 160008685
548631386 172161833
548631386 186745799
548631386 211614808
548631386 252887163
548631386 253893287
548631386 307642294
548631386 308103112
548631386 309325161
548631386 325106566
548631386 339943969
548631386 362626342
548631386 382360772
548631386 384621304
548631386 446023451
560482964 17564647
560482964 24125323
560482964 26176694
560482964 40329238
560482964 87044829
560482964 211614808
560482964 240063501
560482964 281159810
560482964 307642294
560482964 309325161
560929638 17564647
560929638 23215572
560929638 26176694
560929638 127935456
560929638 160008685
560929638 309325161
560929638 543373651
566753653 24942585
566753653 28719244
566753653 47495471
566753653 121258930
566753653 146155608
566753653 307642294
