# subgrafo induzido pelos 500 primeiros vértices de um BFS sem sentido
# dataset: data/raw/twitter_combined.txt
# semente-rng: 2026
# semente: 9487272
# N: 500
# arestas: 8642
12 295
12 418
12 989
12 1378
12 10350
12 13348
12 36823
12 49793
12 657863
12 691353
12 746323
12 749963
12 1000591
12 2384071
12 2735631
12 6141832
12 6385432
12 6708952
12 7040932
12 8161232
12 12101862
12 14230524
12 14600116
12 14761795
12 15414807
12 16319797
12 17220934
12 17503180
12 17595439
12 19397785
12 20609518
12 22255654
12 31353077
12 37570179
12 42712551
12 50393960
12 62581962
12 115485051
12 288452305
12 378223565
20 295
20 418
20 767
20 885
20 989
20 2426
20 3840
20 5702
20 6140
20 10350
20 36823
20 643653
20 657863
20 749963
20 816532
20 817288
20 858051
20 1000591
20 1305941
20 2100521
20 2384071
20 2729061
20 2730791
20 2735591
20 2735631
20 6141832
20 6385432
20 6688272
20 6708952
20 7040932
20 8161232
20 11388132
20 11435642
20 14075928
20 14230524
20 14348594
20 14600116
20 14761795
20 14834340
20 15414807
20 15827269
20 15901190
20 16303106
20 17220934
20 17503180
20 17595439
20 19397785
20 19637934
20 19725644
20 20536157
20 20609518
20 22255654
20 50393960
20 62581962
20 90420314
20 93957809
20 115485051
295 12
295 20
295 418
295 885
295 989
295 1378
295 3840
295 5702
295 36823
295 49793
295 657863
295 749963
295 814253
295 816532
295 817288
295 858051
295 1000591
295 2384071
295 2529971
295 2730791
295 6141832
295 6708952
295 8962882
295 9283312
295 9641832
295 11388132
295 11435642
295 14600116
295 14761795
295 15827269
295 16303106
295 17503180
295 17595439
295 20536157
295 22255654
295 37570179
295 93957809
418 12
418 20
418 295
418 885
418 989
418 5702
418 13348
418 16023
418 36823
418 41713
418 657863
418 661403
418 691353
418 814304
418 1000591
418 1305941
418 2529971
418 6141832
418 17503180
418 20536157
418 50393960
418 93957809
633 33633
633 36823
633 681813
633 814859
633 817094
633 930061
633 1133701
633 2729061
633 14230524
633 14550221
633 22184329
633 44652237
765 767
765 6140
765 10350
765 10450
765 13046
765 13234
765 16023
765 36823
765 643653
765 678033
765 681813
765 691353
765 2729061
765 6297852
765 6688272
765 7376382
765 14075928
765 14307351
765 14348594
765 24852559
765 115485051
767 12
767 20
767 765
767 3840
767 5702
767 10350
767 10450
767 13046
767 36823
767 49793
767 643653
767 678033
767 681813
767 691353
767 732073
767 814253
767 820585
767 858051
767 1000591
767 1424001
767 2384071
767 2729061
767 2730791
767 3829151
767 6141832
767 6297852
767 6688272
767 6708952
767 7376382
767 9207632
767 9283312
767 9641832
767 11435642
767 14075928
767 14199979
767 14224219
767 14274132
767 14307351
767 14329770
767 14348594
767 14600116
767 14834340
767 15827269
767 16356796
767 16956955
767 17595439
767 18393773
767 18713254
767 19725644
767 50393960
767 93957809
767 115485051
821 13124
821 13234
821 643653
821 691353
821 2384071
821 3564041
821 6889982
821 13860742
821 16181584
821 32491666
821 58441079
821 102647672
885 12
885 20
885 295
885 418
885 989
885 1378
885 3840
885 5702
885 11628
885 13348
885 36823
885 49793
885 657863
885 749963
885 814253
885 817288
885 824157
885 858051
885 1000591
885 1899161
885 2384071
885 2529971
885 2730791
885 3829151
885 6141832
885 6708952
885 11388132
885 11435642
885 14600116
885 17503180
885 17595439
885 37570179
989 12
989 20
989 295
989 418
989 885
989 1378
989 2426
989 3840
989 5702
989 10350
989 11628
989 36823
989 49793
989 82243
989 657863
989 691353
989 732073
989 749963
989 814253
989 817288
989 824157
989 858051
989 930061
989 1000591
989 1305941
989 1899161
989 2384071
989 2529971
989 2730791
989 3829151
989 6141832
989 6385432
989 8962882
989 9641832
989 10454572
989 11435642
989 14600116
989 14761795
989 14834340
989 15827269
989 17503180
989 17595439
989 22255654
989 37570179
989 93957809
1378 12
1378 20
1378 295
1378 418
1378 767
1378 885
1378 989
1378 2426
1378 3840
1378 5702
1378 11628
1378 13348
1378 36823
1378 49793
1378 657863
1378 746323
1378 749963
1378 814253
1378 817268
1378 817288
1378 824157
1378 858051
1378 1000591
1378 1045751
1378 1899161
1378 2384071
1378 2529971
1378 2730791
1378 3829151
1378 6141832
1378 6708952
1378 8962882
1378 9641832
1378 11388132
1378 11435642
1378 14600116
1378 14761795
1378 14834340
1378 14885549
1378 15827269
1378 17503180
1378 17595439
1378 20536157
1378 22255654
1378 37570179
1378 93957809
2426 20
2426 989
2426 5702
2426 36823
2426 643653
2426 814304
2426 1305941
2426 1919231
2426 2735631
2426 6141832
2426 6297852
2426 6688272
2426 14348594
2426 18393773
2426 19279990
2426 62581962
2426 115485051
2426 132430765
3840 12
3840 20
3840 295
3840 418
3840 765
3840 767
3840 885
3840 989
3840 1378
3840 2426
3840 5702
3840 10350
3840 11628
3840 13348
3840 15913
3840 36823
3840 41713
3840 49793
3840 82243
3840 657863
3840 661403
3840 681813
3840 691353
3840 732073
3840 746323
3840 749963
3840 756475
3840 811350
3840 814253
3840 816532
3840 817268
3840 817288
3840 824157
3840 858051
3840 930061
3840 1000591
3840 1045751
3840 1305941
3840 1899161
3840 2100521
3840 2384071
3840 2529971
3840 2729061
3840 2730791
3840 2735591
3840 3829151
3840 4641021
3840 6141832
3840 6708952
3840 7040932
3840 7434902
3840 8962882
3840 9283312
3840 9641832
3840 10454572
3840 11388132
3840 11435642
3840 11928542
3840 12436442
3840 13058232
3840 14075928
3840 14329770
3840 14348594
3840 14575846
3840 14589257
3840 14600116
3840 14761795
3840 14834340
3840 14885549
3840 15827269
3840 15901190
3840 16303106
3840 17503180
3840 17595439
3840 18713254
3840 20536157
3840 22255654
3840 50393960
3840 63485337
3840 73731253
3840 90420314
3840 93957809
3840 96585127
3840 115485051
3840 378223565
5702 12
5702 20
5702 418
5702 767
5702 989
5702 2426
5702 11628
5702 36823
5702 49793
5702 657863
5702 691353
5702 930061
5702 1000591
5702 2384071
5702 2529971
5702 2730791
5702 6141832
5702 11388132
5702 14600116
5702 14761795
5702 15827269
5702 17503180
5702 17595439
5702 93957809
6140 20
6140 765
6140 767
6140 2426
6140 13234
6140 36823
6140 681813
6140 814304
6140 2729061
6140 6297852
6140 13860742
6140 14075928
6140 14224219
6140 14307351
6140 14348594
6140 15473413
6140 18393773
6140 31353077
10350 12
10350 20
10350 765
10350 767
10350 989
10350 3840
10350 10450
10350 15913
10350 36823
10350 41713
10350 657863
10350 681813
10350 691353
10350 756475
10350 814253
10350 814304
10350 817268
10350 930061
10350 1424001
10350 2100521
10350 2384071
10350 2529971
10350 2735631
10350 3359851
10350 3829151
10350 7040932
10350 7376382
10350 7860742
10350 7872262
10350 10454572
10350 14348594
10350 16799897
10350 18393773
10350 18666844
10350 19637934
10350 22461427
10350 43662236
10350 48485771
10350 50393960
10350 62581962
10350 63485337
10350 90420314
10350 115485051
10350 222331074
10350 248044499
10450 20
10450 765
10450 767
10450 10350
10450 16023
10450 36823
10450 41713
10450 657863
10450 681813
10450 1000591
10450 1424001
10450 2100521
10450 2729061
10450 3829151
10450 9207632
10450 10454572
10450 15901190
10450 20609518
10450 115485051
11628 20
11628 418
11628 5702
11628 49793
11628 657863
11628 814304
11628 2384071
11628 6385432
11628 11388132
12513 16023
12513 681813
12513 2384071
12513 63485337
13046 20
13046 765
13046 767
13046 6140
13046 13234
13046 36823
13046 643653
13046 681813
13046 814304
13046 2729061
13046 2735631
13046 6297852
13046 13860742
13046 14075928
13046 14348594
13046 15473413
13046 62581962
13124 821
13124 13234
13124 2384071
13124 2729061
13124 32491666
13124 58441079
13234 20
13234 765
13234 767
13234 821
13234 2426
13234 6140
13234 13046
13234 13124
13234 36823
13234 678033
13234 681813
13234 691353
13234 1405071
13234 2384071
13234 2729061
13234 6297852
13234 6451032
13234 6825792
13234 14348594
13234 14538254
13234 22525751
13234 32491666
13234 58441079
13234 62581962
13348 12
13348 20
13348 295
13348 418
13348 767
13348 885
13348 989
13348 1378
13348 2426
13348 3840
13348 5702
13348 10350
13348 11628
13348 15913
13348 36823
13348 49793
13348 82243
13348 657863
13348 661403
13348 732073
13348 746323
13348 749963
13348 784304
13348 814253
13348 814304
13348 816532
13348 817268
13348 817288
13348 824157
13348 858051
13348 930061
13348 1000591
13348 1045751
13348 1305941
13348 1899161
13348 2384071
13348 2529971
13348 2730791
13348 2735591
13348 3359851
13348 3829151
13348 4641021
13348 6141832
13348 6297852
13348 6708952
13348 7040932
13348 8962882
13348 9283312
13348 9641832
13348 10454572
13348 11388132
13348 11435642
13348 11928542
13348 13058232
13348 14075928
13348 14329770
13348 14348594
13348 14600116
13348 14761795
13348 14834340
13348 14885549
13348 15234657
13348 15827269
13348 16303106
13348 17220934
13348 17503180
13348 17595439
13348 18204778
13348 18393773
13348 18666844
13348 19637934
13348 20536157
13348 22255654
13348 22841103
13348 28917111
13348 37570179
13348 50393960
13348 63485337
13348 86390214
13348 93957809
13348 115485051
15913 10350
16023 10450
16023 12513
16023 36823
16023 661403
16023 681813
16023 691353
16023 1405071
16023 1979391
16023 2384071
16023 3039101
16023 8938362
16023 14538254
16023 20609518
16023 107336879
16023 360964430
36823 12
36823 20
36823 418
36823 633
36823 767
36823 989
36823 2426
36823 3840
36823 5702
36823 6140
36823 13348
36823 16023
36823 41713
36823 657863
36823 661403
36823 681813
36823 691353
36823 732073
36823 749963
36823 814253
36823 820585
36823 824157
36823 858051
36823 930061
36823 1000591
36823 1305941
36823 2384071
36823 2529971
36823 2729061
36823 2730791
36823 3829151
36823 6141832
36823 6385432
36823 7591562
36823 10454572
36823 11435642
36823 14199979
36823 14550221
36823 14600116
36823 14714825
36823 14834340
36823 17503180
36823 17595439
36823 50393960
36823 93957809
36823 115485051
36823 132430765
41713 20
41713 418
41713 765
41713 3840
41713 10350
41713 10450
41713 16023
41713 36823
41713 661403
41713 681813
41713 691353
41713 732073
41713 811350
41713 817288
41713 1000591
41713 1305941
41713 1424001
41713 2529971
41713 2735631
41713 10454572
41713 14075928
41713 14348594
41713 15301803
49793 12
49793 20
49793 418
49793 767
49793 989
49793 3840
49793 5702
49793 11628
49793 13348
49793 657863
49793 681813
49793 746323
49793 749963
49793 814253
49793 858051
49793 1000591
49793 2384071
49793 2529971
49793 2730791
49793 6141832
49793 6385432
49793 7040932
49793 8161232
49793 8962882
49793 11388132
49793 14600116
49793 14761795
49793 14834340
49793 14945780
49793 17220934
49793 17503180
49793 19397785
49793 37570179
49793 50393960
49793 86390214
49793 115485051
49793 288452305
49793 378223565
52953 10350
52953 16023
52953 681813
52953 784304
52953 1979391
52953 3039101
52953 8076052
52953 14224219
52953 14538254
52953 15230887
52953 18438362
52953 18571832
52953 33868543
52953 39680464
52953 44024932
52953 70587360
52953 77007853
71713 1054621
71713 5576542
71713 14197132
71713 14224219
71713 15135874
71713 15861559
71713 15862493
71713 18438362
71713 25732138
71713 44652237
71713 57903424
71713 60402167
71713 62613968
82243 12
82243 20
82243 418
82243 989
82243 3840
82243 5702
82243 13348
82243 49793
82243 657863
82243 749963
82243 814859
82243 1000591
82243 2384071
82243 2729061
82243 2730791
82243 6141832
82243 11388132
82243 11435642
82243 14761795
82243 14834340
82243 15827269
82243 15861559
82243 16181584
82243 17503180
82243 17872874
82243 20536157
82243 37570179
82243 93957809
105223 13234
105223 681813
105223 767334
105223 1979391
105223 3039101
105223 6825792
105223 7753922
105223 9487272
105223 13629522
105223 14155052
105223 14326533
105223 14475298
105223 14496538
105223 14538254
105223 14961234
105223 16744475
105223 16799897
105223 17541602
105223 18184416
105223 19738805
105223 19828067
105223 21756999
105223 22525751
105223 24585498
105223 35827447
105223 47667972
105223 70587360
111743 12
111743 20
111743 418
111743 885
111743 989
111743 13348
111743 36823
111743 49793
111743 82243
111743 657863
111743 746323
111743 814253
111743 817268
111743 817288
111743 824157
111743 858051
111743 1000591
111743 1045751
111743 2384071
111743 2730791
111743 3829151
111743 6141832
111743 6708952
111743 8962882
111743 11388132
111743 11435642
111743 14600116
111743 14834340
111743 14885549
111743 17503180
111743 20536157
111743 22255654
111743 93957809
343773 681813
343773 1979391
343773 13965842
343773 14417250
343773 16878507
343773 26155776
343773 27531390
343773 31013971
343773 39680464
343773 44244590
343773 82553416
343773 115485051
643653 20
643653 765
643653 767
643653 821
643653 2426
643653 13124
643653 36823
643653 2729061
643653 2779821
643653 3564041
643653 6297852
643653 6688272
643653 6889982
643653 14224219
643653 15279452
643653 15473413
643653 22413809
643653 24852559
643653 58441079
643653 90420314
643653 100868651
657863 12
657863 20
657863 418
657863 989
657863 3840
657863 5702
657863 10350
657863 10450
657863 11628
657863 13348
657863 36823
657863 49793
657863 691353
657863 749963
657863 814304
657863 817288
657863 818340
657863 930061
657863 1000591
657863 1305941
657863 2384071
657863 3829151
657863 4641021
657863 6385432
657863 6708952
657863 7040932
657863 14600116
657863 14761795
657863 15901190
657863 16102815
657863 17220934
657863 17503180
657863 17595439
657863 20536157
657863 20609518
657863 22255654
657863 37570179
657863 42712551
657863 50393960
657863 93957809
657863 115485051
657863 378223565
658353 13234
658353 1405071
658353 4838281
658353 5576542
658353 6144362
658353 6825792
658353 14103291
658353 14224219
658353 14538254
658353 15472368
658353 16104418
658353 23238377
658353 23487429
658353 24585498
658353 33868543
658353 44024932
658353 70587360
661403 418
661403 767
661403 13348
661403 36823
661403 681813
661403 691353
661403 814304
661403 930061
661403 1000591
661403 2729061
661403 6141832
661403 14834340
661403 17595439
661403 37570179
678033 20
678033 765
678033 767
678033 2426
678033 6140
678033 13046
678033 13234
678033 681813
678033 814304
678033 2729061
678033 2735631
678033 14348594
678033 16356796
678033 16956955
678033 18393773
678033 22525751
678033 62581962
678033 280716675
681813 633
681813 767
681813 821
681813 6140
681813 13046
681813 13124
681813 33633
681813 36823
681813 105223
681813 661403
681813 756475
681813 783374
681813 814304
681813 814859
681813 1305941
681813 1405071
681813 3564041
681813 6297852
681813 6347872
681813 6727802
681813 6825792
681813 7331992
681813 8304842
681813 8938362
681813 9207632
681813 14100903
681813 14199979
681813 14223960
681813 14230524
681813 15249156
681813 16356796
681813 16744475
681813 19637934
681813 19923765
681813 20609518
681813 24585498
681813 26281970
681813 31353077
681813 33191389
681813 39680464
681813 42712551
681813 43822174
681813 44652237
681813 90420314
681813 164569984
681813 360964430
691353 12
691353 765
691353 767
691353 989
691353 5702
691353 10350
691353 13124
691353 13234
691353 16023
691353 36823
691353 657863
691353 681813
691353 749963
691353 820585
691353 1000591
691353 2384071
691353 2729061
691353 11388132
691353 14274132
691353 37570179
691353 50393960
695463 105223
695463 681813
695463 701163
695463 767334
695463 1979391
695463 3039101
695463 4622401
695463 6825792
695463 7651042
695463 7753922
695463 7765612
695463 12729412
695463 14051156
695463 14475298
695463 14496538
695463 14538254
695463 18939374
695463 19702846
695463 19738805
695463 19828067
695463 28212129
695463 35827447
701163 18184416
732073 767
732073 2426
732073 36823
732073 817268
732073 817288
732073 824157
732073 1000591
732073 1305941
732073 2100521
732073 2384071
732073 2730791
732073 2735631
732073 3829151
732073 6141832
732073 6688272
732073 9283312
732073 13356642
732073 13461662
732073 14224219
732073 14329770
732073 14348594
732073 16193325
732073 16799897
732073 17595439
732073 33191389
732073 135316691
734343 633
734343 36823
734343 681813
734343 930061
746323 12
746323 20
746323 295
746323 418
746323 767
746323 885
746323 989
746323 1378
746323 3840
746323 5702
746323 10350
746323 11628
746323 13348
746323 36823
746323 49793
746323 82243
746323 111743
746323 657863
746323 749963
746323 814253
746323 814304
746323 816532
746323 817288
746323 824157
746323 858051
746323 930061
746323 1000591
746323 1045751
746323 1305941
746323 2384071
746323 2529971
746323 2730791
746323 3829151
746323 4641021
746323 6141832
746323 6385432
746323 6708952
746323 8962882
746323 9641832
746323 11388132
746323 11435642
746323 12436442
746323 14600116
746323 14761795
746323 14834340
746323 15208246
746323 17503180
746323 17595439
746323 18204778
746323 20536157
746323 37570179
746323 50393960
749963 12
749963 20
749963 295
749963 885
749963 1378
749963 36823
749963 49793
749963 82243
749963 691353
749963 2384071
749963 2730791
749963 6141832
749963 6708952
749963 11388132
749963 11435642
749963 14600116
749963 14761795
749963 14834340
749963 15827269
749963 17595439
749963 50393960
749963 93957809
756475 681813
756475 930061
756475 2729061
756475 10454572
756475 14348594
756475 15249156
756475 16356796
756475 17595439
767334 105223
767334 681813
767334 695463
767334 4622401
767334 6825792
767334 7753922
767334 12729412
767334 14051156
767334 14475298
767334 14496538
767334 16744475
767334 19738805
767334 19828067
767334 21756999
767334 33676781
767334 35827447
783374 681813
783374 1979391
783374 12101862
783374 13965842
783374 14475021
783374 14538254
783374 26155776
783374 31354853
783374 39680464
783374 46002379
783374 135316691
784304 20
784304 10350
784304 13348
784304 52953
784304 6141832
784304 11435642
784304 12925072
784304 13058232
784304 14224219
794186 681813
794186 7860742
794186 9199472
794186 16799897
794186 22857385
794186 31067157
811350 989
811350 3840
811350 681813
811350 1424001
811350 7331992
811350 10454572
811350 14348594
811350 15901190
811350 16303106
811350 17595439
811350 19279990
811350 63485337
814253 12
814253 20
814253 295
814253 418
814253 767
814253 885
814253 989
814253 1378
814253 3840
814253 5702
814253 10350
814253 11628
814253 13348
814253 36823
814253 49793
814253 657863
814253 746323
814253 749963
814253 817268
814253 817288
814253 824157
814253 858051
814253 1000591
814253 1899161
814253 2100521
814253 2384071
814253 2529971
814253 2730791
814253 3829151
814253 6141832
814253 11388132
814253 11435642
814253 14600116
814253 14761795
814253 15827269
814253 17503180
814253 17595439
814253 20536157
814253 22255654
814253 93957809
814304 20
814304 418
814304 2426
814304 6140
814304 10350
814304 11628
814304 13046
814304 657863
814304 681813
814304 2384071
814304 8161232
814304 13860742
814304 19725644
814859 633
814859 33633
814859 82243
814859 681813
814859 2729061
814859 15861559
814859 18840531
816532 12
816532 20
816532 295
816532 418
816532 989
816532 2426
816532 3840
816532 5702
816532 13348
816532 49793
816532 746323
816532 749963
816532 817288
816532 1000591
816532 1045751
816532 2384071
816532 2529971
816532 2730791
816532 6141832
816532 6708952
816532 8962882
816532 9641832
816532 11388132
816532 14600116
816532 14761795
816532 17503180
816532 17595439
816532 22255654
817094 633
817094 681813
817094 814859
817094 8627002
817268 12
817268 20
817268 295
817268 418
817268 767
817268 885
817268 989
817268 1378
817268 2426
817268 3840
817268 5702
817268 10350
817268 13348
817268 36823
817268 49793
817268 657863
817268 661403
817268 732073
817268 749963
817268 784304
817268 814253
817268 814304
817268 817288
817268 824157
817268 858051
817268 930061
817268 1000591
817268 1045751
817268 1305941
817268 1899161
817268 2384071
817268 2529971
817268 2730791
817268 2735591
817268 3829151
817268 6141832
817268 6708952
817268 8962882
817268 9641832
817268 10454572
817268 11388132
817268 11435642
817268 14199979
817268 14329770
817268 14348594
817268 14600116
817268 14761795
817268 14834340
817268 15827269
817268 17503180
817268 17595439
817268 18204778
817268 18393773
817268 19637934
817268 20536157
817268 22255654
817268 37570179
817268 50393960
817268 90420314
817268 93957809
817288 12
817288 20
817288 295
817288 418
817288 767
817288 885
817288 989
817288 1378
817288 2426
817288 3840
817288 5702
817288 10350
817288 11628
817288 13348
817288 16023
817288 36823
817288 41713
817288 49793
817288 82243
817288 657863
817288 691353
817288 732073
817288 746323
817288 749963
817288 814253
817288 816532
817288 817268
817288 818340
817288 824157
817288 858051
817288 930061
817288 1000591
817288 1045751
817288 1305941
817288 1899161
817288 2384071
817288 2529971
817288 2730791
817288 3829151
817288 6141832
817288 6708952
817288 8962882
817288 9283312
817288 9641832
817288 11388132
817288 11435642
817288 14600116
817288 14761795
817288 14834340
817288 14885549
817288 15208246
817288 15827269
817288 16303106
817288 17503180
817288 17595439
817288 20536157
817288 22255654
817288 37570179
817288 50393960
817288 86390214
817288 93957809
817288 115485051
818340 12
818340 20
818340 49793
818340 817288
818340 930061
818340 1000591
818340 2384071
818340 2529971
818340 2735591
818340 4641021
818340 6385432
818340 6708952
818340 7040932
818340 8161232
818340 14761795
818340 16303106
818340 17220934
818340 19397785
818340 20536157
818340 20609518
818340 42712551
818340 50393960
818340 90420314
818340 93957809
818340 115485051
818340 288452305
820025 681813
820025 695463
820025 1979391
820025 6825792
820025 7753922
820025 17541602
820025 19702846
820025 19738805
820025 21756999
820025 35827447
820025 42584178
820025 47667972
820025 52863920
820025 222822892
820585 767
820585 36823
820585 657863
820585 681813
820585 691353
820585 2384071
820585 2729061
820585 2735591
820585 3829151
820585 9207632
820585 13860742
820585 14274132
820585 18393773
820585 19397785
820585 19725644
820585 32491666
824157 12
824157 20
824157 295
824157 418
824157 885
824157 989
824157 1378
824157 3840
824157 5702
824157 11628
824157 13348
824157 36823
824157 49793
824157 657863
824157 732073
824157 746323
824157 749963
824157 814253
824157 814304
824157 817268
824157 817288
824157 858051
824157 1000591
824157 1045751
824157 1899161
824157 2384071
824157 2529971
824157 2730791
824157 3829151
824157 6141832
824157 9641832
824157 11388132
824157 11435642
824157 14600116
824157 14714825
824157 14761795
824157 14834340
824157 15827269
824157 17503180
824157 17595439
824157 20536157
824157 22255654
824157 37570179
824157 93957809
858051 12
858051 20
858051 418
858051 767
858051 885
858051 989
858051 3840
858051 5702
858051 11628
858051 13348
858051 36823
858051 49793
858051 82243
858051 657863
858051 746323
858051 814253
858051 817268
858051 817288
858051 824157
858051 930061
858051 1000591
858051 1305941
858051 2384071
858051 2529971
858051 2730791
858051 3829151
858051 4641021
858051 6141832
858051 6385432
858051 6708952
858051 8962882
858051 9283312
858051 9641832
858051 10454572
858051 11388132
858051 11435642
858051 14329770
858051 14600116
858051 14761795
858051 14834340
858051 15208246
858051 15827269
858051 17220934
858051 17503180
858051 18204778
858051 20536157
858051 22255654
858051 37570179
858051 50393960
858051 86390214
858051 93957809
925161 633
925161 681813
925161 6249592
925161 14475298
925161 44652237
925161 164569984
930061 12
930061 20
930061 633
930061 989
930061 5702
930061 10350
930061 36823
930061 41713
930061 657863
930061 661403
930061 681813
930061 756475
930061 811350
930061 858051
930061 1133701
930061 1305941
930061 2100521
930061 2384071
930061 2729061
930061 3829151
930061 4641021
930061 6141832
930061 11435642
930061 14230524
930061 14348594
930061 14515931
930061 14834340
930061 15249156
930061 16356796
930061 20536157
930061 31353077
930061 50393960
930061 115485051
945911 12729412
945911 19701173
945911 26204177
1000591 12
1000591 20
1000591 295
1000591 418
1000591 767
1000591 989
1000591 1378
1000591 3840
1000591 5702
1000591 13348
1000591 41713
1000591 691353
1000591 746323
1000591 817288
1000591 824157
1000591 858051
1000591 1305941
1000591 2384071
1000591 2529971
1000591 2730791
1000591 4641021
1000591 6141832
1000591 6385432
1000591 6708952
1000591 7040932
1000591 8962882
1000591 9641832
1000591 11388132
1000591 11435642
1000591 14600116
1000591 14761795
1000591 15827269
1000591 17503180
1000591 17595439
1000591 22255654
1000591 37570179
1000591 50393960
1000591 115485051
1045751 12
1045751 295
1045751 989
1045751 5702
1045751 36823
1045751 49793
1045751 749963
1045751 816532
1045751 817268
1045751 817288
1045751 824157
1045751 858051
1045751 1000591
1045751 2529971
1045751 2730791
1045751 3829151
1045751 6708952
1045751 8962882
1045751 11388132
1045751 11435642
1045751 14600116
1045751 14714825
1045751 14761795
1045751 14834340
1045751 14885549
1045751 15827269
1045751 17503180
1045751 20536157
1045751 22255654
1045751 37570179
1045751 93957809
1053221 3415861
1053221 16741826
1053221 16744475
1053221 19735121
1053221 47667972
1054621 71713
1054621 58441079
1133701 633
1133701 681813
1133701 930061
1133701 9199472
1133701 10155272
1133701 14199979
1133701 15503224
1305941 20
1305941 418
1305941 2426
1305941 36823
1305941 41713
1305941 661403
1305941 732073
1305941 930061
1305941 2735631
1305941 14348594
1405071 13234
1405071 16023
1405071 52953
1405071 658353
1405071 681813
1405071 1979391
1405071 3039101
1405071 4838281
1405071 5576542
1405071 6451032
1405071 6608332
1405071 6825792
1405071 7331992
1405071 9207632
1405071 11591662
1405071 12925072
1405071 13461662
1405071 13504092
1405071 14051156
1405071 14103291
1405071 14137885
1405071 14197132
1405071 14199979
1405071 14224219
1405071 14475298
1405071 14538254
1405071 15222083
1405071 15419775
1405071 15901190
1405071 16104418
1405071 16181584
1405071 16792453
1405071 16799897
1405071 18173725
1405071 18438362
1405071 19622462
1405071 19923765
1405071 20436922
1405071 22525751
1405071 22997147
1405071 23238377
1405071 23487429
1405071 24585498
1405071 31067157
1405071 31354853
1405071 33191389
1405071 39680464
1405071 40972489
1405071 44024932
1405071 48485771
1405071 62613968
1405071 63485337
1405071 70587360
1405071 73731253
1405071 77007853
1405071 107336879
1405071 164569984
1405071 248044499
1405071 344059195
1405071 360964430
1424001 767
1424001 10450
1424001 661403
1424001 681813
1424001 811350
1424001 1305941
1424001 2729061
1424001 10454572
1899161 12
1899161 20
1899161 295
1899161 418
1899161 767
1899161 885
1899161 989
1899161 1378
1899161 3840
1899161 5702
1899161 11628
1899161 13348
1899161 36823
1899161 49793
1899161 82243
1899161 657863
1899161 746323
1899161 749963
1899161 814253
1899161 817268
1899161 817288
1899161 824157
1899161 858051
1899161 1000591
1899161 1045751
1899161 2384071
1899161 2529971
1899161 2730791
1899161 3829151
1899161 6141832
1899161 6708952
1899161 8962882
1899161 9641832
1899161 11388132
1899161 11435642
1899161 14329770
1899161 14600116
1899161 14761795
1899161 14834340
1899161 14885549
1899161 15827269
1899161 17503180
1899161 17595439
1899161 20536157
1899161 22255654
1899161 37570179
1899161 93957809
1919231 2426
1919231 2735631
1919231 6688272
1919231 14103291
1919231 24585498
1919231 115485051
2100521 10350
2100521 732073
2100521 2735631
2100521 14348594
2100521 16956955
2100521 18393773
2100521 22461427
2384071 12
2384071 20
2384071 418
2384071 821
2384071 1378
2384071 3840
2384071 5702
2384071 10350
2384071 11628
2384071 12513
2384071 13124
2384071 13234
2384071 13348
2384071 16023
2384071 36823
2384071 49793
2384071 691353
2384071 749963
2384071 814253
2384071 814304
2384071 817288
2384071 818340
2384071 820585
2384071 858051
2384071 930061
2384071 1000591
2384071 1979391
2384071 2729061
2384071 2730791
2384071 3829151
2384071 4641021
2384071 6141832
2384071 6297852
2384071 6385432
2384071 6708952
2384071 7040932
2384071 9207632
2384071 9641832
2384071 11388132
2384071 14274132
2384071 14600116
2384071 14761795
2384071 14834340
2384071 15414807
2384071 15827269
2384071 17503180
2384071 17595439
2384071 18393773
2384071 19725644
2384071 20711514
2384071 50393960
2384071 93957809
2529971 20
2529971 295
2529971 418
2529971 989
2529971 3840
2529971 5702
2529971 10350
2529971 13348
2529971 36823
2529971 817288
2529971 818340
2529971 824157
2529971 858051
2529971 1000591
2529971 2384071
2529971 4641021
2529971 14834340
2529971 17595439
2529971 37570179
2529971 115485051
2729061 20
2729061 633
2729061 765
2729061 767
2729061 821
2729061 989
2729061 6140
2729061 13124
2729061 13234
2729061 33633
2729061 36823
2729061 643653
2729061 657863
2729061 661403
2729061 678033
2729061 681813
2729061 691353
2729061 756475
2729061 814859
2729061 1305941
2729061 2100521
2729061 2384071
2729061 3564041
2729061 6297852
2729061 6688272
2729061 9207632
2729061 14190551
2729061 14223960
2729061 14224219
2729061 14274132
2729061 14307351
2729061 14348594
2729061 15862493
2729061 16356796
2729061 17595439
2729061 18393773
2729061 18840531
2729061 22413809
2729061 22525751
2729061 43822174
2729061 44652237
2729061 164569984
2730791 20
2730791 295
2730791 767
2730791 885
2730791 989
2730791 5702
2730791 36823
2730791 49793
2730791 858051
2730791 1000591
2730791 1899161
2730791 2384071
2730791 2529971
2730791 6141832
2730791 6708952
2730791 8962882
2730791 11388132
2730791 14600116
2730791 14761795
2730791 14834340
2730791 15827269
2730791 17503180
2730791 17595439
2730791 20536157
2730791 22255654
2735591 12
2735591 20
2735591 767
2735591 3840
2735591 10350
2735591 13348
2735591 15913
2735591 36823
2735591 49793
2735591 657863
2735591 681813
2735591 784304
2735591 817268
2735591 818340
2735591 820585
2735591 1000591
2735591 2100521
2735591 2384071
2735591 3829151
2735591 4641021
2735591 6141832
2735591 6297852
2735591 6385432
2735591 6708952
2735591 7040932
2735591 7872262
2735591 8161232
2735591 10454572
2735591 11435642
2735591 14199979
2735591 14348594
2735591 14761795
2735591 17503180
2735591 18393773
2735591 19397785
2735591 19637934
2735591 20536157
2735591 31353077
2735591 50393960
2735591 93957809
2735591 115485051
2735631 732073
2735631 1305941
2735631 1919231
2735631 2100521
2735631 14348594
2735631 16956955
2735631 135316691
2779821 643653
2779821 14348594
2779821 15279452
2779821 15472368
2779821 16799897
2779821 16956955
2779821 22413809
2779821 24585498
2779821 100868651
3039101 16023
3039101 681813
3039101 695463
3039101 1405071
3039101 6825792
3039101 7765612
3039101 8938362
3039101 11856762
3039101 13504092
3039101 14195122
3039101 14199979
3039101 14906265
3039101 15414807
3039101 16741826
3039101 18173725
3039101 19738805
3039101 28212129
3039101 63485337
3039101 77007853
3245291 633
3245291 33633
3245291 36823
3245291 343773
3245291 681813
3245291 734343
3245291 814859
3245291 817094
3245291 925161
3245291 930061
3245291 1133701
3245291 2729061
3245291 6249592
3245291 6608332
3245291 6742522
3245291 6889982
3245291 7591562
3245291 8304842
3245291 8488242
3245291 8627002
3245291 9199472
3245291 10155272
3245291 13504092
3245291 14199979
3245291 14230524
3245291 14475298
3245291 14550221
3245291 15222083
3245291 15462317
3245291 15503224
3245291 16181584
3245291 17082401
3245291 18438362
3245291 18840531
3245291 22184329
3245291 22857385
3245291 28192145
3245291 29006114
3245291 30816874
3245291 42712551
3245291 44652237
3245291 164569984
3245291 248044499
3359851 12
3359851 20
3359851 10350
3359851 13348
3359851 15913
3359851 657863
3359851 681813
3359851 2384071
3359851 3245291
3359851 3829151
3359851 6297852
3359851 6608332
3359851 7331992
3359851 7376382
3359851 7434902
3359851 7591562
3359851 7860742
3359851 7872262
3359851 8146732
3359851 11928542
3359851 12925072
3359851 13058232
3359851 13185852
3359851 13356642
3359851 13461662
3359851 14155052
3359851 14199979
3359851 14224219
3359851 14326533
3359851 14348594
3359851 14496538
3359851 14575846
3359851 14589257
3359851 15222083
3359851 15234657
3359851 15279452
3359851 15494342
3359851 15591032
3359851 15901190
3359851 16102815
3359851 16303106
3359851 16799897
3359851 16956955
3359851 17602170
3359851 17872874
3359851 18393773
3359851 18438362
3359851 18666844
3359851 18713254
3359851 19279990
3359851 19397785
3359851 19414296
3359851 19637934
3359851 20436922
3359851 20536157
3359851 21681252
3359851 22461427
3359851 22841103
3359851 22981846
3359851 24585498
3359851 24641194
3359851 26033920
3359851 26281970
3359851 27531390
3359851 31067157
3359851 31353077
3359851 31808762
3359851 33191389
3359851 37170886
3359851 39394932
3359851 43933017
3359851 44244590
3359851 47667972
3359851 48485771
3359851 50393960
3359851 57903424
3359851 60968363
3359851 62581962
3359851 63485337
3359851 70587360
3359851 77007853
3359851 90420314
3359851 115485051
3359851 158414847
3359851 175624200
3359851 248044499
3415861 1053221
3415861 10883722
3564041 767
3564041 821
3564041 13124
3564041 643653
3564041 681813
3564041 2384071
3564041 2729061
3564041 6347872
3564041 6889982
3564041 7177512
3564041 9207632
3564041 14100903
3564041 14274132
3564041 19725644
3564041 58441079
3752691 681813
3752691 2384071
3752691 48485771
3752691 63485337
3829151 12
3829151 20
3829151 295
3829151 418
3829151 767
3829151 885
3829151 989
3829151 3840
3829151 5702
3829151 10350
3829151 10450
3829151 11628
3829151 13348
3829151 36823
3829151 49793
3829151 657863
3829151 732073
3829151 749963
3829151 814253
3829151 814304
3829151 817268
3829151 817288
3829151 820585
3829151 824157
3829151 858051
3829151 930061
3829151 1000591
3829151 1305941
3829151 1899161
3829151 2100521
3829151 2384071
3829151 2529971
3829151 2730791
3829151 2735631
3829151 4641021
3829151 6141832
3829151 6297852
3829151 6385432
3829151 6708952
3829151 7040932
3829151 8161232
3829151 9641832
3829151 11388132
3829151 11435642
3829151 14075928
3829151 14230524
3829151 14348594
3829151 14600116
3829151 14761795
3829151 14834340
3829151 15827269
3829151 16102815
3829151 16303106
3829151 16956955
3829151 17220934
3829151 17503180
3829151 17595439
3829151 18393773
3829151 19637934
3829151 20536157
3829151 22255654
3829151 50393960
3829151 62581962
3829151 63485337
3829151 90420314
3829151 93957809
3829151 115485051
3983631 105223
3983631 4622401
3983631 13638292
3983631 19738805
3983631 19828067
4622401 15913
4622401 105223
4622401 681813
4622401 695463
4622401 767334
4622401 1979391
4622401 3039101
4622401 14051156
4622401 14475298
4622401 14538254
4622401 14961234
4622401 16744475
4622401 16799897
4622401 18393773
4622401 19423063
4622401 19622462
4622401 19637934
4622401 19738805
4622401 21756999
4622401 28212129
4622401 31067157
4622401 35827447
4622401 47667972
4622401 115485051
4641021 12
4641021 20
4641021 989
4641021 3840
4641021 13348
4641021 36823
4641021 49793
4641021 657863
4641021 746323
4641021 818340
4641021 858051
4641021 930061
4641021 1000591
4641021 1305941
4641021 2384071
4641021 2529971
4641021 2735591
4641021 3829151
4641021 6141832
4641021 6385432
4641021 6708952
4641021 7040932
4641021 11388132
4641021 14761795
4641021 16319797
4641021 17220934
4641021 17503180
4641021 37570179
4641021 50393960
4641021 93957809
4812381 15913
4812381 732073
4812381 2100521
4812381 12101862
4812381 13356642
4812381 13461662
4812381 14199979
4812381 14224219
4812381 15222083
4812381 16193325
4812381 18571832
4812381 18666844
4812381 18713254
4812381 20436922
4812381 33191389
4812381 47667972
4812381 90420314
4838281 658353
4838281 1405071
4838281 5576542
4838281 6144362
4838281 6825792
4838281 7331992
4838281 13504092
4838281 14103291
4838281 14224219
4838281 14475298
4838281 14538254
4838281 16104418
4838281 20436922
4838281 23238377
4838281 24585498
4838281 31354853
4838281 33868543
4838281 44024932
4838281 47667972
4838281 70587360
5576542 658353
5576542 1405071
5576542 1979391
5576542 4838281
5576542 6825792
5576542 7331992
5576542 7591562
5576542 13461662
5576542 14103291
5576542 14224219
5576542 14538254
5576542 15192772
5576542 15279452
5576542 15419775
5576542 15472368
5576542 15861559
5576542 15901190
5576542 16303106
5576542 16799897
5576542 19279990
5576542 23238377
5576542 23487429
5576542 24585498
5576542 33868543
5576542 44024932
5576542 57903424
5576542 62613968
5576542 69945997
5576542 70587360
5576542 77007853
5576542 115485051
5576542 210944652
5576542 344059195
6053582 681813
6053582 2384071
6141832 295
6141832 418
6141832 767
6141832 885
6141832 2426
6141832 3840
6141832 5702
6141832 11628
6141832 36823
6141832 49793
6141832 82243
6141832 661403
6141832 824157
6141832 1000591
6141832 1305941
6141832 2384071
6141832 2529971
6141832 2730791
6141832 9641832
6141832 10454572
6141832 11388132
6141832 11435642
6141832 14075928
6141832 14761795
6141832 14834340
6141832 17503180
6141832 17595439
6141832 93957809
6144362 658353
6144362 4838281
6144362 6825792
6144362 7331992
6144362 13504092
6144362 14103291
6144362 14224219
6144362 14475298
6144362 15472368
6144362 23238377
6249592 681813
6249592 925161
6249592 6608332
6249592 6889982
6249592 9199472
6249592 10155272
6249592 13504092
6249592 14199979
6249592 14475298
6249592 15462317
6249592 22857385
6249592 30816874
6249592 44652237
6297852 767
6297852 821
6297852 13124
6297852 13234
6297852 643653
6297852 681813
6297852 691353
6297852 820585
6297852 2384071
6297852 2729061
6297852 3564041
6297852 6347872
6297852 6825792
6297852 6889982
6297852 7177512
6297852 9207632
6297852 13860742
6297852 14100903
6297852 14190551
6297852 14223960
6297852 14274132
6297852 16127205
6297852 16181584
6297852 18393773
6297852 32491666
6297852 58441079
6297852 102647672
6347872 821
6347872 13124
6347872 3564041
6347872 6889982
6347872 7177512
6347872 14100903
6347872 14223960
6347872 16127205
6347872 16181584
6385432 12
6385432 20
6385432 36823
6385432 1000591
6385432 8161232
6385432 16303106
6385432 19397785
6385432 37570179
6385432 93957809
6385432 115485051
6608332 10350
6608332 15913
6608332 343773
6608332 681813
6608332 1405071
6608332 3359851
6608332 6249592
6608332 6889982
6608332 7376382
6608332 7434902
6608332 7591562
6608332 7860742
6608332 8146732
6608332 9199472
6608332 11928542
6608332 13185852
6608332 13356642
6608332 13461662
6608332 13504092
6608332 14155052
6608332 14197132
6608332 14199979
6608332 14417250
6608332 14496538
6608332 14538254
6608332 14575846
6608332 14837184
6608332 15222083
6608332 15234657
6608332 15419775
6608332 15494342
6608332 15503224
6608332 15591032
6608332 16193325
6608332 16792453
6608332 16799897
6608332 16874875
6608332 18438362
6608332 18666844
6608332 19049747
6608332 19414296
6608332 19622462
6608332 19738805
6608332 20436922
6608332 22841103
6608332 22857385
6608332 22981846
6608332 22997147
6608332 24585498
6608332 26033920
6608332 26281970
6608332 27531390
6608332 31067157
6608332 33191389
6608332 39394932
6608332 44652237
6608332 47667972
6608332 60968363
6608332 63485337
6608332 77007853
6608332 248044499
6666892 681813
6666892 756475
6666892 1305941
6666892 2729061
6666892 6297852
6666892 14348594
6666892 15249156
6666892 16303106
6666892 17595439
6688272 20
6688272 765
6688272 767
6688272 2426
6688272 643653
6688272 732073
6688272 1919231
6688272 2100521
6688272 2729061
6688272 6297852
6688272 7376382
6688272 14075928
6688272 14224219
6688272 14348594
6688272 22461427
6688272 115485051
6688272 130922325
6708952 12
6708952 20
6708952 295
6708952 418
6708952 989
6708952 1378
6708952 3840
6708952 36823
6708952 49793
6708952 657863
6708952 749963
6708952 814253
6708952 817268
6708952 817288
6708952 1000591
6708952 1899161
6708952 2384071
6708952 2529971
6708952 2730791
6708952 2735591
6708952 4641021
6708952 6141832
6708952 6385432
6708952 7040932
6708952 8161232
6708952 8962882
6708952 9641832
6708952 10454572
6708952 11388132
6708952 11435642
6708952 14600116
6708952 14761795
6708952 14885549
6708952 15827269
6708952 16303106
6708952 17220934
6708952 17503180
6708952 17595439
6708952 19397785
6708952 20455625
6708952 22255654
6708952 37570179
6708952 50393960
6708952 93957809
6708952 115485051
6727802 681813
6727802 7860742
6727802 7872262
6727802 16744475
6727802 19738805
6727802 19923765
6727802 21756999
6727802 22835308
6727802 31665210
6742522 633
6742522 36823
6742522 681813
6742522 930061
6742522 2729061
6742522 9199472
6742522 14230524
6742522 14475298
6742522 14550221
6742522 22184329
6750912 681813
6750912 14155052
6750912 24585498
6750912 63485337
6750912 115485051
6825792 13234
6825792 49793
6825792 105223
6825792 681813
6825792 691353
6825792 695463
6825792 1405071
6825792 1979391
6825792 2384071
6825792 2729061
6825792 3039101
6825792 4838281
6825792 5576542
6825792 5969042
6825792 6297852
6825792 6889982
6825792 7331992
6825792 7753922
6825792 7765612
6825792 9207632
6825792 9270192
6825792 10883722
6825792 11591662
6825792 12729412
6825792 13294252
6825792 13504092
6825792 13629522
6825792 14051156
6825792 14075928
6825792 14103291
6825792 14121456
6825792 14155052
6825792 14195122
6825792 14224219
6825792 14274132
6825792 14475298
6825792 14496538
6825792 14538254
6825792 14575846
6825792 14906265
6825792 14961234
6825792 15375238
6825792 15876654
6825792 16104418
6825792 16181584
6825792 16303106
6825792 16744475
6825792 16792453
6825792 17541602
6825792 18184416
6825792 19382657
6825792 19622462
6825792 19738805
6825792 19923765
6825792 21756999
6825792 22525751
6825792 24585498
6825792 33868543
6825792 35827447
6825792 40972489
6825792 44024932
6825792 47667972
6825792 62581962
6825792 70587360
6889982 821
6889982 33633
6889982 643653
6889982 814859
6889982 3564041
6889982 15862493
6889982 16181584
6889982 16799897
6889982 18393773
6889982 18438362
6889982 44652237
6889982 58441079
7040932 12
7040932 20
7040932 3840
7040932 10350
7040932 13348
7040932 657863
7040932 818340
7040932 2384071
7040932 2735591
7040932 3829151
7040932 4641021
7040932 6385432
7040932 6708952
7040932 8161232
7040932 12101862
7040932 12925072
7040932 13058232
7040932 17220934
7040932 18993395
7040932 20536157
7040932 50393960
7040932 62581962
7040932 115485051
7169892 105223
7169892 681813
7169892 695463
7169892 1979391
7169892 3039101
7169892 6825792
7169892 7753922
7169892 12729412
7169892 14051156
7169892 14475298
7169892 14496538
7169892 14538254
7169892 14906265
7169892 15876654
7169892 16744475
7169892 17541602
7169892 18184416
7169892 18939374
7169892 19337621
7169892 19702846
7169892 19738805
7169892 21756999
7169892 28212129
7169892 35827447
7169892 47667972
7169892 69945997
7169892 78598588
7169892 91687835
7169892 94311697
7169892 227024319
7177512 767
7177512 681813
7177512 691353
7177512 2384071
7177512 2729061
7177512 3564041
7177512 6347872
7177512 9207632
7177512 14100903
7177512 14274132
7331992 681813
7331992 811350
7331992 1405071
7331992 3245291
7331992 4838281
7331992 5576542
7331992 6144362
7331992 6825792
7331992 7872262
7331992 13504092
7331992 14224219
7331992 14475298
7331992 16792453
7331992 19923765
7331992 23487429
7331992 24585498
7331992 44024932
7331992 47667972
7331992 63485337
7331992 164569984
7339282 681813
7339282 7753922
7339282 19738805
7339282 30378780
7339282 235023651
7376382 765
7376382 767
7376382 10350
7376382 2100521
7376382 2729061
7376382 3359851
7376382 6297852
7376382 6608332
7376382 6688272
7376382 7860742
7376382 14075928
7376382 14224219
7376382 15222083
7376382 15472368
7376382 15901190
7376382 16956955
7376382 18393773
7376382 18666844
7376382 18713254
7376382 19279990
7376382 24852559
7376382 31353077
7376382 90420314
7376382 115485051
7376382 130922325
7376382 158414847
7434902 15913
7434902 3359851
7434902 6608332
7434902 13185852
7434902 13461662
7434902 14155052
7434902 14199979
7434902 14224219
7434902 14326533
7434902 14575846
7434902 15234657
7434902 16102815
7434902 16303106
7434902 16799897
7434902 16874875
7434902 18666844
7434902 19414296
7434902 22841103
7434902 22981846
7434902 24585498
7434902 26033920
7434902 26281970
7434902 27531390
7434902 48485771
7434902 57903424
7434902 63485337
7434902 73731253
7434902 90420314
7434902 115485051
7434902 454340464
7591562 36823
7591562 5576542
7591562 9199472
7591562 14103291
7591562 14224219
7591562 15222083
7591562 15503224
7591562 18438362
7591562 23238377
7591562 39394932
7591562 70587360
7591562 82553416
7591562 164569984
7591562 248044499
7651042 695463
7753922 1979391
7753922 3039101
7753922 6825792
7753922 7872262
7753922 8266102
7753922 11928542
7753922 17541602
7753922 19738805
7753922 19923765
7753922 23991290
7753922 24585498
7753922 26155776
7753922 27531390
7753922 35827447
7753922 39680464
7753922 63485337
7753922 175624200
7765612 105223
7765612 681813
7765612 3039101
7765612 6825792
7765612 13629522
7765612 19738805
7765612 47667972
7860742 10350
7860742 15913
7860742 681813
7860742 794186
7860742 2735591
7860742 3039101
7860742 3245291
7860742 3359851
7860742 6727802
7860742 7376382
7860742 7872262
7860742 9199472
7860742 11928542
7860742 14155052
7860742 14199979
7860742 14326533
7860742 14589257
7860742 15222083
7860742 15419775
7860742 16303106
7860742 16744475
7860742 16799897
7860742 17220934
7860742 17759701
7860742 19622462
7860742 19637934
7860742 19738805
7860742 21681252
7860742 22461427
7860742 24585498
7860742 24641194
7860742 26281970
7860742 31353077
7860742 31949053
7860742 35012277
7860742 39680464
7860742 43933017
7860742 48485771
7860742 50393960
7860742 60968363
7860742 84421229
7860742 90420314
7860742 90561258
7860742 105382067
7860742 108719642
7860742 119228619
7872262 12
7872262 10350
7872262 15913
7872262 657863
7872262 681813
7872262 3245291
7872262 3359851
7872262 6608332
7872262 6727802
7872262 7331992
7872262 7376382
7872262 7753922
7872262 7860742
7872262 8146732
7872262 11928542
7872262 14155052
7872262 14230524
7872262 14326533
7872262 14589257
7872262 15222083
7872262 15249156
7872262 15375238
7872262 15419775
7872262 16303106
7872262 16744475
7872262 17759701
7872262 18666844
7872262 19622462
7872262 19725644
7872262 19738805
7872262 21681252
7872262 21756999
7872262 22997147
7872262 24641194
7872262 25411611
7872262 26033920
7872262 26281970
7872262 31353077
7872262 31949053
7872262 35012277
7872262 43933017
7872262 48485771
7872262 50393960
7872262 60968363
7872262 77007853
7872262 84421229
7872262 90420314
7872262 90561258
7872262 119228619
7872262 375022391
8076052 52953
8076052 14224219
8146732 10350
8146732 15913
8146732 681813
8146732 6608332
8146732 7753922
8146732 7872262
8146732 14348594
8146732 15234657
8146732 16792453
8146732 18438362
8146732 18666844
8146732 28917111
8146732 35012277
8146732 63485337
8146732 115485051
8161232 12
8161232 20
8161232 657863
8161232 16303106
8161232 17220934
8161232 20609518
8161232 50393960
8266102 681813
8266102 1979391
8266102 7753922
8266102 13504092
8266102 14199979
8266102 14538254
8266102 19382657
8266102 26155776
8266102 27531390
8266102 31067157
8266102 35827447
8266102 39680464
8266102 46002379
8266102 82553416
8266102 117620953
8266102 175624200
8304842 633
8304842 681813
8304842 9199472
8488242 681813
8488242 15222083
8627002 633
8627002 33633
8627002 36823
8627002 681813
8627002 814859
8627002 817094
8627002 930061
8627002 2729061
8627002 44652237
8634422 10350
8634422 2100521
8634422 3829151
8634422 14348594
8634422 15249156
8634422 15901190
8634422 18571832
8634422 18713254
8634422 24585498
8634422 62581962
8634422 63485337
8634422 69193714
8634422 90420314
8634422 115485051
8634422 447278787
8938362 16023
8938362 681813
8938362 3039101
8938362 14137885
8962882 12
8962882 20
8962882 3840
8962882 13348
8962882 49793
8962882 657863
8962882 858051
8962882 1000591
8962882 2384071
8962882 2730791
8962882 6141832
8962882 9641832
8962882 14600116
8962882 14761795
8962882 14834340
8962882 15827269
8962882 17503180
8962882 17595439
8962882 20536157
8962882 37570179
8962882 93957809
9199472 10350
9199472 681813
9199472 794186
9199472 1133701
9199472 6608332
9199472 7591562
9199472 7860742
9199472 8304842
9199472 13504092
9199472 14230524
9199472 14589257
9199472 15222083
9199472 15462317
9199472 15503224
9199472 15758036
9199472 16799897
9199472 18438362
9199472 22857385
9199472 29006114
9199472 30816874
9199472 31067157
9199472 31808762
9199472 34170312
9199472 44652237
9199472 164569984
9199472 248044499
9207632 767
9207632 2384071
9207632 2735591
9207632 20609518
9207632 135316691
9270192 105223
9270192 5969042
9270192 6825792
9270192 7753922
9270192 14475298
9270192 14538254
9270192 14906265
9270192 15876654
9270192 16744475
9270192 19702846
9270192 19738805
9270192 21756999
9270192 35827447
9283312 20
9283312 295
9283312 767
9283312 989
9283312 36823
9283312 49793
9283312 732073
9283312 817288
9283312 858051
9283312 1000591
9283312 12436442
9283312 14329770
9283312 14600116
9641832 20
9641832 295
9641832 767
9641832 989
9641832 1378
9641832 3840
9641832 5702
9641832 13348
9641832 36823
9641832 49793
9641832 657863
9641832 746323
9641832 749963
9641832 814253
9641832 816532
9641832 817288
9641832 824157
9641832 858051
9641832 1000591
9641832 1899161
9641832 2384071
9641832 2529971
9641832 2730791
9641832 6141832
9641832 6708952
9641832 8962882
9641832 10454572
9641832 11388132
9641832 11435642
9641832 14600116
9641832 14761795
9641832 14834340
9641832 15827269
9641832 17503180
9641832 22255654
9641832 37570179
9641832 93957809
9747492 105223
9747492 681813
9747492 695463
9747492 1979391
9747492 3039101
9747492 6825792
9747492 7169892
9747492 7753922
9747492 12729412
9747492 14475298
9747492 14496538
9747492 14538254
9747492 15876654
9747492 16744475
9747492 17541602
9747492 18675183
9747492 19337621
9747492 19382657
9747492 19622462
9747492 19702846
9747492 19735438
9747492 19738805
9747492 21756999
9747492 28212129
9747492 33676781
9747492 35827447
9747492 47667972
10155272 633
10155272 33633
10155272 681813
10155272 814859
10155272 930061
10155272 1133701
10155272 2729061
10155272 6249592
10155272 14230524
10155272 22184329
10155272 44652237
10454572 12
10454572 20
10454572 989
10454572 3840
10454572 10350
10454572 10450
10454572 13348
10454572 36823
10454572 41713
10454572 657863
10454572 661403
10454572 681813
10454572 756475
10454572 811350
10454572 817268
10454572 858051
10454572 930061
10454572 1305941
10454572 1424001
10454572 2384071
10454572 2729061
10454572 2735591
10454572 4641021
10454572 6141832
10454572 6297852
10454572 6385432
10454572 6708952
10454572 9641832
10454572 12436442
10454572 14075928
10454572 14348594
10454572 14761795
10454572 15301803
10454572 15827269
10454572 16303106
10454572 17503180
10454572 17595439
10454572 20536157
10454572 37570179
10454572 50393960
10454572 62581962
10454572 93957809
10454572 115485051
10454572 288452305
10883722 3415861
10883722 6825792
11388132 5702
11388132 49793
11388132 691353
11388132 749963
11388132 2384071
11388132 6141832
11388132 15827269
11388132 17220934
11435642 12
11435642 20
11435642 295
11435642 418
11435642 767
11435642 885
11435642 989
11435642 1378
11435642 3840
11435642 5702
11435642 11628
11435642 13348
11435642 36823
11435642 49793
11435642 82243
11435642 657863
11435642 746323
11435642 749963
11435642 814304
11435642 817268
11435642 817288
11435642 824157
11435642 858051
11435642 930061
11435642 1000591
11435642 1899161
11435642 2384071
11435642 2529971
11435642 2730791
11435642 2735591
11435642 3829151
11435642 6141832
11435642 6708952
11435642 9641832
11435642 11388132
11435642 14348594
11435642 14600116
11435642 14761795
11435642 14834340
11435642 17503180
11435642 17595439
11435642 20536157
11435642 22255654
11435642 37570179
11435642 50393960
11435642 93957809
11435642 115485051
11591662 681813
11591662 1405071
11591662 26155776
11591662 31354853
11856762 681813
11856762 7753922
11856762 16744475
11856762 19738805
11856762 21756999
11856762 23991290
11856762 26281970
11856762 27837808
11856762 35827447
11856762 47667972
11856762 90420314
11928542 732073
11928542 2100521
11928542 4812381
11928542 13356642
11928542 13461662
11928542 14224219
11928542 16193325
11928542 16799897
11928542 33191389
12101862 12
12101862 15913
12101862 681813
12101862 783374
12101862 2384071
12101862 7040932
12101862 12925072
12101862 16303106
12101862 20536157
12101862 50393960
12101862 62581962
12436442 12
12436442 20
12436442 295
12436442 3840
12436442 13348
12436442 49793
12436442 657863
12436442 746323
12436442 1000591
12436442 2384071
12436442 2729061
12436442 2730791
12436442 3829151
12436442 6141832
12436442 6708952
12436442 9283312
12436442 11435642
12436442 14348594
12436442 14600116
12436442 14761795
12436442 14834340
12436442 15208246
12436442 15901190
12436442 16303106
12436442 20536157
12436442 93957809
12589692 681813
12589692 3245291
12729412 49793
12729412 681813
12729412 695463
12729412 767334
12729412 945911
12729412 1979391
12729412 3039101
12729412 4622401
12729412 6825792
12729412 7169892
12729412 7753922
12729412 9747492
12729412 14051156
12729412 14195122
12729412 14475298
12729412 14496538
12729412 14538254
12729412 15876654
12729412 17541602
12729412 18675183
12729412 18839185
12729412 19337621
12729412 19382657
12729412 19701173
12729412 19702846
12729412 19735438
12729412 19738805
12729412 26204177
12729412 35827447
12729412 47667972
12925072 20
12925072 657863
12925072 7040932
12925072 7376382
12925072 8076052
12925072 13058232
13058232 13348
13058232 7040932
13058232 12925072
13058232 19397785
13058232 50393960
13058232 62581962
13058232 115485051
13185852 10350
13185852 15913
13185852 657863
13185852 681813
13185852 2735591
13185852 3359851
13185852 3829151
13185852 5576542
13185852 6608332
13185852 7434902
13185852 7591562
13185852 11928542
13185852 12925072
13185852 13356642
13185852 13461662
13185852 14155052
13185852 14199979
13185852 14224219
13185852 14326533
13185852 14575846
13185852 14589257
13185852 15222083
13185852 15234657
13185852 15249156
13185852 15901190
13185852 16102815
13185852 16193325
13185852 16799897
13185852 19414296
13185852 22981846
13185852 24585498
13185852 26281970
13185852 27531390
13185852 31353077
13185852 39394932
13185852 48485771
13185852 50393960
13185852 63485337
13185852 83233279
13185852 90420314
13185852 115485051
13185852 454340464
13212502 20
13212502 989
13212502 3840
13212502 10450
13212502 41713
13212502 643653
13212502 657863
13212502 661403
13212502 681813
13212502 756475
13212502 811350
13212502 930061
13212502 1305941
13212502 1424001
13212502 2729061
13212502 6297852
13212502 6666892
13212502 10454572
13212502 12436442
13212502 14348594
13212502 15208246
13212502 15249156
13212502 15301803
13212502 15901190
13212502 16303106
13212502 17595439
13212502 70686417
13294252 695463
13294252 3039101
13294252 5969042
13294252 6825792
13294252 14538254
13356642 15913
13356642 732073
13356642 1405071
13356642 3359851
13356642 4812381
13356642 6608332
13356642 7753922
13356642 11928542
13356642 13185852
13356642 13461662
13356642 14155052
13356642 14199979
13356642 14224219
13356642 15222083
13356642 15419775
13356642 15494342
13356642 15591032
13356642 16193325
13356642 16792453
13356642 16799897
13356642 19414296
13356642 20436922
13356642 24585498
13356642 33191389
13356642 39394932
13356642 63485337
13356642 77007853
13461662 732073
13461662 1405071
13461662 1979391
13461662 3359851
13461662 4812381
13461662 5576542
13461662 6608332
13461662 7434902
13461662 13185852
13461662 13356642
13461662 13504092
13461662 14155052
13461662 14197132
13461662 14199979
13461662 14224219
13461662 14475298
13461662 14575846
13461662 16193325
13461662 16303106
13461662 16792453
13461662 16799897
13461662 16874875
13461662 18438362
13461662 19738805
13461662 20436922
13461662 22981846
13461662 23238377
13461662 23487429
13461662 24585498
13461662 27531390
13461662 33191389
13461662 33868543
13461662 39394932
13461662 39680464
13461662 40972489
13461662 48485771
13461662 63485337
13461662 70587360
13461662 107336879
13461662 115485051
13461662 175624200
13461662 248044499
13461662 360964430
13461662 454340464
13462912 681813
13462912 27837808
13504092 681813
13504092 1405071
13504092 1979391
13504092 3039101
13504092 4838281
13504092 6249592
13504092 6825792
13504092 7331992
13504092 7591562
13504092 8266102
13504092 9199472
13504092 11591662
13504092 13461662
13504092 14155052
13504092 14199979
13504092 14224219
13504092 14475298
13504092 14575846
13504092 15222083
13504092 15419775
13504092 16181584
13504092 16792453
13504092 18438362
13504092 22857385
13504092 23238377
13504092 31067157
13504092 33191389
13504092 37170886
13504092 39680464
13504092 40972489
13504092 44024932
13504092 75691167
13504092 77007853
13504092 82553416
13504092 115485051
13504092 248044499
13504092 360964430
13629522 105223
13629522 681813
13629522 695463
13629522 3983631
13629522 5969042
13629522 6825792
13629522 14538254
13629522 17541602
13629522 18184416
13629522 19738805
13629522 19828067
13638292 16744475
13638292 19362297
13638292 21756999
13638292 47667972
13639582 1979391
13639582 6825792
13639582 14195122
13639582 16741826
13639582 17541602
13639582 19382657
13639582 69945997
13860742 20
13860742 6140
13860742 13124
13860742 643653
13860742 681813
13860742 691353
13860742 814304
13860742 820585
13860742 2384071
13860742 2729061
13860742 2779821
13860742 3564041
13860742 6297852
13860742 6347872
13860742 9207632
13860742 14100903
13860742 14348594
13860742 15051601
13860742 15473413
13860742 18393773
13860742 22525751
13860742 32491666
13860742 58441079
13965842 343773
13965842 681813
13965842 783374
13965842 1979391
13965842 11591662
13965842 14475021
13965842 14538254
13965842 15419775
13965842 16878507
13965842 19725644
13965842 26155776
13965842 27531390
13965842 31013971
13965842 37170886
13965842 44244590
13965842 82553416
14051156 105223
14051156 695463
14051156 767334
14051156 1405071
14051156 3983631
14051156 4622401
14051156 6825792
14051156 7169892
14051156 7765612
14051156 9207632
14051156 12729412
14051156 13629522
14051156 14475298
14051156 14961234
14051156 15494342
14051156 16741826
14051156 17541602
14051156 18675183
14051156 19702846
14051156 22841103
14051156 33676781
14051156 35827447
14051156 42584178
14051156 78598588
14051156 91004913
14051156 360964430
14100903 767
14100903 821
14100903 681813
14100903 820585
14100903 2384071
14100903 2729061
14100903 3564041
14100903 6347872
14100903 6825792
14100903 7177512
14100903 9207632
14100903 14274132
14100903 58441079
14103291 658353
14103291 1405071
14103291 1919231
14103291 1979391
14103291 4838281
14103291 5576542
14103291 7591562
14103291 14224219
14103291 15419775
14103291 16799897
14103291 23238377
14103291 24585498
14103291 33868543
14103291 44024932
14103291 70587360
14103291 77007853
14109995 10350
14109995 11928542
14109995 14224219
14109995 18571832
14109995 18666844
14109995 44024932
14109995 47667972
14109995 70587360
14109995 270341223
14121456 681813
14121456 695463
14121456 6825792
14121456 28212129
14137885 15913
14137885 16023
14137885 681813
14137885 1979391
14137885 2384071
14137885 8938362
14137885 14155052
14137885 14199979
14137885 14575846
14137885 15234657
14137885 16102815
14137885 18438362
14137885 19414296
14137885 24585498
14137885 33191389
14137885 39680464
14137885 48485771
14137885 77007853
14137885 360964430
14155052 10350
14155052 15913
14155052 105223
14155052 657863
14155052 681813
14155052 2100521
14155052 2729061
14155052 3359851
14155052 6297852
14155052 6608332
14155052 6825792
14155052 7434902
14155052 7591562
14155052 7753922
14155052 7872262
14155052 8146732
14155052 11928542
14155052 13185852
14155052 13356642
14155052 13504092
14155052 14199979
14155052 14224219
14155052 14307351
14155052 14326533
14155052 14575846
14155052 14589257
14155052 14837184
14155052 15222083
14155052 15234657
14155052 15279452
14155052 15472368
14155052 15494342
14155052 15591032
14155052 15861559
14155052 16102815
14155052 16193325
14155052 16303106
14155052 16792453
14155052 16799897
14155052 16874875
14155052 18666844
14155052 19279990
14155052 19414296
14155052 19637934
14155052 19738805
14155052 20436922
14155052 21756999
14155052 22841103
14155052 22981846
14155052 23238377
14155052 24585498
14155052 25411611
14155052 27531390
14155052 33191389
14155052 37170886
14155052 39394932
14155052 48485771
14155052 50393960
14155052 63485337
14155052 107336879
14155052 115485051
14155052 175624200
14155052 248044499
14155052 454340464
14190551 681813
14190551 2384071
14190551 2729061
14190551 9207632
14195122 3039101
14195122 6825792
14195122 13639582
14195122 17541602
14195122 19738805
14195122 35827447
14197132 1405071
14197132 14199979
14197132 14224219
14197132 15222083
14197132 15419775
14197132 15861559
14197132 15862493
14197132 17872874
14197132 20436922
14197132 22841103
14197132 22981846
14197132 24585498
14197132 25732138
14197132 37170886
14197132 57903424
14197132 60402167
14197132 63485337
14197132 175624200
14199979 681813
14199979 1405071
14199979 3359851
14199979 4812381
14199979 6249592
14199979 6297852
14199979 6608332
14199979 6889982
14199979 7591562
14199979 7860742
14199979 11928542
14199979 13185852
14199979 13356642
14199979 13461662
14199979 13504092
14199979 14075928
14199979 14137885
14199979 14155052
14199979 14575846
14199979 14837184
14199979 15234657
14199979 15494342
14199979 15503224
14199979 16102815
14199979 16181584
14199979 16792453
14199979 16799897
14199979 18438362
14199979 18840531
14199979 19414296
14199979 20436922
14199979 22184329
14199979 24585498
14199979 26155776
14199979 27531390
14199979 29006114
14199979 31067157
14199979 33191389
14199979 39394932
14199979 39680464
14199979 46002379
14199979 48485771
14199979 70587360
14199979 248044499
14199979 360964430
14223960 767
14223960 821
14223960 13124
14223960 681813
14223960 820585
14223960 2384071
14223960 2729061
14223960 6347872
14223960 9207632
14223960 13860742
14223960 14190551
14223960 14274132
14223960 16127205
14223960 18393773
14224219 767
14224219 2426
14224219 13234
14224219 15913
14224219 52953
14224219 71713
14224219 105223
14224219 643653
14224219 658353
14224219 732073
14224219 784304
14224219 1054621
14224219 1405071
14224219 1919231
14224219 1979391
14224219 2100521
14224219 2729061
14224219 2735631
14224219 2779821
14224219 3359851
14224219 4812381
14224219 4838281
14224219 5576542
14224219 6144362
14224219 6451032
14224219 6688272
14224219 6825792
14224219 6889982
14224219 7331992
14224219 7376382
14224219 7591562
14224219 11591662
14224219 12925072
14224219 13058232
14224219 13185852
14224219 13356642
14224219 13461662
14224219 13504092
14224219 14075928
14224219 14103291
14224219 14197132
14224219 14307351
14224219 14348594
14224219 14475298
14224219 14538254
14224219 15022843
14224219 15135874
14224219 15192772
14224219 15234657
14224219 15279452
14224219 15419775
14224219 15472368
14224219 15494342
14224219 15861559
14224219 15901190
14224219 16104418
14224219 16193325
14224219 16303106
14224219 16792453
14224219 16956955
14224219 17872874
14224219 18393773
14224219 18438362
14224219 18571832
14224219 18713254
14224219 19279990
14224219 19725644
14224219 20436922
14224219 20536157
14224219 22413809
14224219 22461427
14224219 22525751
14224219 22841103
14224219 23238377
14224219 23487429
14224219 24585498
14224219 24852559
14224219 26155776
14224219 27531390
14224219 33191389
14224219 33868543
14224219 37170886
14224219 39394932
14224219 44024932
14224219 44652237
14224219 47667972
14224219 57903424
14224219 58441079
14224219 60402167
14224219 62581962
14224219 62613968
14224219 63485337
14224219 69945997
14224219 70587360
14224219 73731253
14224219 77007853
14224219 100868651
14224219 107336879
14224219 130922325
14224219 132430765
14224219 158414847
14224219 164569984
14224219 175624200
14224219 210944652
14224219 248044499
14224219 344059195
14224219 360964430
14224219 454340464
14230524 12925072
14230524 13058232
14274132 767
14274132 13234
14274132 681813
14274132 691353
14274132 820585
14274132 2384071
14274132 2729061
14274132 3564041
14274132 9207632
14274132 62581962
14274132 115485051
14274132 158414847
14307351 765
14307351 2426
14307351 6140
14307351 13046
14307351 36823
14307351 2729061
14307351 14224219
14307351 14348594
14307351 16356796
14326533 14575846
14326533 26281970
14329770 767
14329770 989
14329770 3840
14329770 5702
14329770 13348
14329770 49793
14329770 657863
14329770 732073
14329770 817268
14329770 817288
14329770 858051
14329770 1899161
14329770 2384071
14329770 3829151
14329770 6141832
14329770 9283312
14329770 9641832
14329770 14600116
14329770 17595439
14348594 20
14348594 767
14348594 10350
14348594 13348
14348594 657863
14348594 661403
14348594 732073
14348594 1305941
14348594 2100521
14348594 2735631
14348594 3829151
14348594 6688272
14348594 16303106
14348594 16956955
14348594 17595439
14348594 18393773
14348594 18713254
14348594 19279990
14348594 19725644
14348594 22413809
14348594 22461427
14348594 31353077
14348594 115485051
14348594 130922325
14348594 135316691
14348594 288452305
14417250 343773
14417250 681813
14417250 6608332
14417250 7753922
14417250 8266102
14417250 13461662
14417250 14199979
14417250 16792453
14417250 16878507
14417250 19738805
14417250 24585498
14417250 27531390
14417250 31013971
14417250 31067157
14417250 37170886
14417250 44244590
14417250 46002379
14417250 63485337
14417250 82553416
14417250 100314530
14417250 115485051
14417250 117620953
14417250 175624200
14467421 681813
14467421 1979391
14467421 6825792
14467421 7753922
14467421 19382657
14467421 19738805
14467421 35827447
14467421 47667972
14475021 681813
14475021 783374
14475021 1979391
14475021 11591662
14475021 13965842
14475021 14199979
14475021 15419775
14475021 26155776
14475021 39680464
14475021 175624200
14475298 105223
14475298 658353
14475298 695463
14475298 767334
14475298 925161
14475298 1405071
14475298 1979391
14475298 4622401
14475298 4838281
14475298 5576542
14475298 6144362
14475298 6249592
14475298 6742522
14475298 6825792
14475298 6889982
14475298 7331992
14475298 7753922
14475298 9270192
14475298 11591662
14475298 12729412
14475298 13461662
14475298 13504092
14475298 14051156
14475298 14103291
14475298 14224219
14475298 14538254
14475298 16104418
14475298 16792453
14475298 17541602
14475298 18184416
14475298 18438362
14475298 18666844
14475298 18675183
14475298 19382657
14475298 19738805
14475298 19828067
14475298 19923765
14475298 21756999
14475298 22857385
14475298 30816874
14475298 31354853
14475298 33676781
14475298 33868543
14475298 35827447
14496538 1979391
14496538 7753922
14496538 15234657
14496538 18438362
14500711 681813
14500711 3245291
14500711 7753922
14500711 16303106
14500711 17602170
14500711 23991290
14500711 24585498
14500711 39680464
14500711 44671378
14515931 49793
14515931 6385432
14515931 20536157
14515931 93957809
14515931 115485051
14538254 13234
14538254 16023
14538254 681813
14538254 783374
14538254 1405071
14538254 2384071
14538254 3039101
14538254 4622401
14538254 4838281
14538254 5576542
14538254 5969042
14538254 6825792
14538254 14224219
14538254 14475298
14538254 15192772
14538254 15419775
14538254 15472368
14538254 16104418
14538254 18438362
14538254 19382657
14538254 24585498
14538254 26155776
14538254 33868543
14538254 39680464
14538254 40972489
14538254 46002379
14538254 70587360
14538254 77007853
14538254 360964430
14550221 633
14550221 36823
14550221 681813
14550221 22184329
14555534 12
14555534 49793
14555534 6451032
14555534 7040932
14555534 14945780
14555534 20536157
14555534 20609518
14555534 93957809
14555534 378223565
14575846 15913
14575846 2100521
14575846 3359851
14575846 5576542
14575846 6608332
14575846 6825792
14575846 7434902
14575846 13356642
14575846 13461662
14575846 14155052
14575846 14199979
14575846 14224219
14575846 14326533
14575846 14837184
14575846 15222083
14575846 15234657
14575846 15419775
14575846 15494342
14575846 15591032
14575846 16102815
14575846 16181584
14575846 16193325
14575846 16799897
14575846 16874875
14575846 18393773
14575846 19414296
14575846 20436922
14575846 22461427
14575846 22841103
14575846 26281970
14575846 27531390
14575846 31353077
14575846 33191389
14575846 48485771
14575846 50393960
14575846 63485337
14575846 77007853
14575846 90420314
14575846 107336879
14575846 175624200
14575846 248044499
14575846 454340464
14589257 15913
14589257 657863
14589257 681813
14589257 7872262
14589257 15222083
14589257 15234657
14589257 15901190
14589257 16799897
14589257 48485771
14589257 50393960
14589257 88501703
14589257 107336879
14600116 12
14600116 20
14600116 295
14600116 418
14600116 767
14600116 885
14600116 989
14600116 3840
14600116 5702
14600116 13348
14600116 36823
14600116 49793
14600116 657863
14600116 732073
14600116 749963
14600116 817268
14600116 817288
14600116 858051
14600116 1000591
14600116 1899161
14600116 2384071
14600116 2529971
14600116 2730791
14600116 6141832
14600116 6708952
14600116 9641832
14600116 11388132
14600116 11435642
14600116 14761795
14600116 14834340
14600116 17503180
14600116 17595439
14600116 20536157
14600116 22255654
14600116 93957809
14625444 661403
14625444 681813
14625444 14155052
14625444 14837184
14625444 15591032
14625444 16102815
14625444 16303106
14625444 16874875
14625444 18713254
14625444 19637934
14625444 19725644
14625444 24585498
14625444 37570179
14625444 63485337
14625444 454340464
14714825 12
14714825 20
14714825 418
14714825 13348
14714825 36823
14714825 49793
14714825 824157
14714825 858051
14714825 1000591
14714825 6141832
14714825 6708952
14714825 14600116
14714825 17595439
14714825 22255654
14761795 12
14761795 20
14761795 295
14761795 989
14761795 1378
14761795 3840
14761795 10350
14761795 13348
14761795 36823
14761795 49793
14761795 657863
14761795 749963
14761795 818340
14761795 858051
14761795 1000591
14761795 2384071
14761795 2730791
14761795 6141832
14761795 6385432
14761795 6708952
14761795 8161232
14761795 9641832
14761795 11388132
14761795 12925072
14761795 14600116
14761795 14834340
14761795 15414807
14761795 15827269
14761795 16303106
14761795 17220934
14761795 17595439
14761795 19397785
14761795 20536157
14761795 37570179
14761795 50393960
14761795 93957809
14834340 767
14834340 885
14834340 989
14834340 13348
14834340 36823
14834340 49793
14834340 661403
14834340 749963
14834340 817288
14834340 824157
14834340 858051
14834340 930061
14834340 1000591
14834340 2384071
14834340 2529971
14834340 2730791
14834340 3829151
14834340 6141832
14834340 6708952
14834340 11388132
14834340 11435642
14834340 14600116
14834340 15827269
14834340 17595439
14837184 681813
14837184 1305941
14837184 3829151
14837184 6608332
14837184 13185852
14837184 13356642
14837184 14155052
14837184 14199979
14837184 14575846
14837184 15591032
14837184 16102815
14837184 16193325
14837184 16303106
14837184 16874875
14837184 19414296
14837184 21094279
14837184 24585498
14837184 63485337
14837184 115485051
14837184 454340464
14870168 681813
14870168 2729061
14885549 12
14885549 20
14885549 295
14885549 418
14885549 767
14885549 885
14885549 989
14885549 2426
14885549 3840
14885549 5702
14885549 10350
14885549 11628
14885549 13348
14885549 36823
14885549 49793
14885549 82243
14885549 111743
14885549 657863
14885549 732073
14885549 746323
14885549 749963
14885549 814253
14885549 814304
14885549 816532
14885549 817268
14885549 824157
14885549 858051
14885549 930061
14885549 1000591
14885549 1045751
14885549 1305941
14885549 1899161
14885549 2384071
14885549 2529971
14885549 3359851
14885549 3829151
14885549 4641021
14885549 6141832
14885549 6385432
14885549 6708952
14885549 8962882
14885549 9641832
14885549 10454572
14885549 11388132
14885549 11435642
14885549 14761795
14885549 15208246
14885549 15827269
14885549 17503180
14885549 17595439
14885549 20536157
14885549 22255654
14885549 37570179
14885549 50393960
14885549 93957809
14906265 105223
14906265 681813
14906265 3039101
14906265 6825792
14906265 7169892
14906265 7753922
14906265 9270192
14906265 13629522
14906265 14195122
14906265 14538254
14906265 16744475
14906265 17541602
14906265 18184416
14906265 19738805
14906265 21756999
14906265 35827447
14906265 42584178
14906265 47667972
14908175 18967666
14945646 20
14945646 681813
14945646 21198456
14945780 49793
14945780 20536157
14961234 105223
14961234 681813
14961234 3039101
14961234 4622401
14961234 6825792
14961234 7765612
14961234 13629522
14961234 14051156
14961234 14538254
14961234 17541602
14961234 18184416
14961234 19738805
14961234 47667972
14961234 52863920
15022843 20
15022843 767
15022843 10350
15022843 14199979
15022843 14224219
15022843 33191389
15051601 681813
15051601 2729061
15051601 13860742
15051601 16356796
15135874 71713
15135874 14224219
15135874 15861559
15135874 44652237
15135874 57903424
15135874 58441079
15192772 681813
15192772 1979391
15192772 5576542
15192772 14103291
15192772 14199979
15192772 14224219
15192772 14538254
15192772 15419775
15192772 18438362
15192772 19382657
15192772 23487429
15192772 26155776
15192772 33868543
15192772 46002379
15192772 70587360
15192772 73731253
15192772 175624200
15208246 12
15208246 20
15208246 295
15208246 418
15208246 767
15208246 885
15208246 989
15208246 1378
15208246 2426
15208246 3840
15208246 5702
15208246 11628
15208246 13348
15208246 36823
15208246 49793
15208246 82243
15208246 111743
15208246 657863
15208246 732073
15208246 746323
15208246 749963
15208246 814253
15208246 814304
15208246 816532
15208246 817268
15208246 817288
15208246 824157
15208246 858051
15208246 1000591
15208246 1045751
15208246 1899161
15208246 2384071
15208246 2529971
15208246 2730791
15208246 3829151
15208246 6141832
15208246 6708952
15208246 8962882
15208246 9283312
15208246 9641832
15208246 11388132
15208246 11435642
15208246 12436442
15208246 14329770
15208246 14600116
15208246 14714825
15208246 14761795
15208246 14834340
15208246 14885549
15208246 15827269
15208246 17503180
15208246 17595439
15208246 18204778
15208246 20536157
15208246 21174324
15208246 22255654
15208246 37570179
15208246 86390214
15208246 93957809
15208246 96585127
15222083 10350
15222083 15913
15222083 343773
15222083 681813
15222083 1405071
15222083 3359851
15222083 4812381
15222083 6608332
15222083 6889982
15222083 7860742
15222083 8146732
15222083 9199472
15222083 11928542
15222083 13185852
15222083 13356642
15222083 13461662
15222083 13504092
15222083 14155052
15222083 14197132
15222083 14199979
15222083 14496538
15222083 14575846
15222083 14589257
15222083 14837184
15222083 15234657
15222083 15279452
15222083 15419775
15222083 15494342
15222083 15503224
15222083 15591032
15222083 16744475
15222083 16792453
15222083 16799897
15222083 16874875
15222083 18438362
15222083 18666844
15222083 19049747
15222083 19414296
15222083 20436922
15222083 22841103
15222083 22981846
15222083 22997147
15222083 24585498
15222083 26281970
15222083 27531390
15222083 31353077
15222083 33191389
15222083 37170886
15222083 39394932
15222083 44652237
15222083 47667972
15222083 48485771
15222083 60968363
15222083 63485337
15222083 73731253
15222083 77007853
15222083 82553416
15222083 175624200
15222083 248044499
15230887 52953
15230887 4812381
15230887 14224219
15230887 47667972
15230887 70587360
15234657 12
15234657 10350
15234657 15913
15234657 2735591
15234657 11928542
15234657 12101862
15234657 14199979
15234657 19279990
15234657 22841103
15234657 26281970
15234657 27531390
15234657 48485771
15234657 378223565
15249156 10450
15249156 19637934
15249156 31353077
15249156 90420314
15279452 643653
15279452 2779821
15279452 5576542
15279452 6297852
15279452 14224219
15279452 15472368
15279452 16799897
15279452 16956955
15279452 18713254
15279452 22413809
15279452 24585498
15279452 360964430
15301803 20
15301803 989
15301803 3840
15301803 41713
15301803 657863
15301803 661403
15301803 681813
15301803 1305941
15301803 2729061
15301803 10454572
15301803 15208246
15301803 15901190
15301803 17595439
15375238 15913
15375238 681813
15375238 1979391
15375238 6825792
15375238 7753922
15375238 7860742
15375238 7872262
15375238 11928542
15375238 14575846
15375238 16744475
15375238 17759701
15375238 19738805
15375238 19923765
15375238 21681252
15375238 21756999
15375238 22461427
15375238 22997147
15375238 23991290
15375238 26033920
15375238 26281970
15375238 28212129
15375238 31067157
15375238 35012277
15375238 35827447
15375238 47667972
15375238 48485771
15375238 84421229
15375238 108719642
15375238 115485051
15375238 175624200
15414807 12
15414807 20
15414807 10350
15414807 36823
15414807 657863
15414807 681813
15414807 858051
15414807 2384071
15414807 6385432
15414807 14761795
15414807 20609518
15414807 20711514
15414807 33191389
15414807 50393960
15414807 93957809
15419775 12513
15419775 16023
15419775 52953
15419775 681813
15419775 1405071
15419775 1979391
15419775 2384071
15419775 3039101
15419775 3752691
15419775 6053582
15419775 7860742
15419775 8938362
15419775 11928542
15419775 13461662
15419775 13504092
15419775 14137885
15419775 14199979
15419775 14538254
15419775 14589257
15419775 15414807
15419775 16104418
15419775 18173725
15419775 18438362
15419775 20436922
15419775 20536157
15419775 20609518
15419775 20711514
15419775 23238377
15419775 30043994
15419775 31067157
15419775 33191389
15419775 33868543
15419775 39680464
15419775 40972489
15419775 48485771
15419775 63485337
15419775 77007853
15419775 80782683
15419775 107336879
15419775 360964430
15436915 681813
15436915 2729061
15436915 18393773
15436915 27519917
15436915 280716675
15462317 681813
15462317 930061
15462317 6249592
15462317 7591562
15462317 8304842
15462317 9199472
15462317 13504092
15462317 14199979
15462317 15503224
15462317 22184329
15462317 22857385
15463446 10350
15463446 52953
15463446 11928542
15463446 14224219
15463446 47667972
15463446 70587360
15472368 20609518
15472368 22461427
15472368 23238377
15472368 24585498
15472368 63485337
15472368 70587360
15472368 77007853
15472368 82553416
15472368 135316691
15473413 767
15473413 6140
15473413 643653
15473413 657863
15473413 681813
15473413 2729061
15473413 6297852
15473413 7376382
15473413 14075928
15473413 14348594
15473413 15901190
15473413 18393773
15473413 22461427
15494342 10350
15494342 681813
15494342 3359851
15494342 6608332
15494342 7860742
15494342 14051156
15494342 14075928
15494342 14155052
15494342 14197132
15494342 14199979
15494342 14224219
15494342 14575846
15494342 15419775
15494342 16799897
15494342 19049747
15494342 19725644
15494342 20436922
15494342 22841103
15494342 31067157
15494342 33191389
15494342 37170886
15494342 248044499
15494342 360964430
15503224 681813
15503224 2729061
15503224 6608332
15503224 6889982
15503224 7591562
15503224 9199472
15503224 14199979
15503224 16181584
15503224 18438362
15503224 22857385
15503224 29006114
15503224 30816874
15503224 44652237
15503224 248044499
15591032 15913
15591032 681813
15591032 3359851
15591032 6608332
15591032 12925072
15591032 13185852
15591032 13356642
15591032 14075928
15591032 14155052
15591032 14199979
15591032 14575846
15591032 14837184
15591032 16102815
15591032 16193325
15591032 16303106
15591032 16874875
15591032 18393773
15591032 18666844
15591032 18713254
15591032 19414296
15591032 19637934
15591032 22981846
15591032 24585498
15591032 31353077
15591032 50393960
15591032 62581962
15591032 63485337
15591032 73731253
15591032 90420314
15591032 454340464
15758036 10350
15758036 681813
15758036 9199472
15758036 22857385
15758036 31067157
15758036 363426409
15827269 12
15827269 20
15827269 295
15827269 418
15827269 989
15827269 5702
15827269 10350
15827269 36823
15827269 49793
15827269 657863
15827269 746323
15827269 749963
15827269 814253
15827269 858051
15827269 1000591
15827269 1045751
15827269 1899161
15827269 2384071
15827269 2730791
15827269 6141832
15827269 6708952
15827269 8962882
15827269 9641832
15827269 10454572
15827269 11388132
15827269 14348594
15827269 14600116
15827269 14761795
15827269 17503180
15827269 17595439
15827269 37570179
15827269 93957809
15861559 71713
15861559 82243
15861559 814859
15861559 2729061
15861559 5576542
15861559 6889982
15861559 14155052
15861559 14197132
15861559 14199979
15861559 14224219
15861559 15135874
15861559 15222083
15861559 15862493
15861559 16181584
15861559 16799897
15861559 17872874
15861559 18438362
15861559 22981846
15861559 24585498
15861559 25732138
15861559 37170886
15861559 44652237
15861559 57903424
15861559 58441079
15861559 60402167
15861559 63485337
15861559 77007853
15862493 71713
15862493 2729061
15862493 6889982
15862493 14197132
15862493 14224219
15862493 15135874
15862493 15861559
15862493 24585498
15862493 25732138
15862493 37170886
15862493 44652237
15862493 44671378
15862493 58441079
15862493 60402167
15862493 90420314
15876654 695463
15876654 6825792
15876654 7169892
15876654 9270192
15876654 12729412
15876654 14971456
15876654 18675183
15876654 18939374
15876654 19702846
15876654 19738805
15876654 35827447
15876654 42584178
15876654 47667972
15876654 52863920
15876654 227024319
15901190 657863
15901190 14075928
15901190 20436922
15901190 175624200
16102815 12
16102815 15913
16102815 657863
16102815 681813
16102815 3829151
16102815 7434902
16102815 13185852
16102815 13461662
16102815 14137885
16102815 14155052
16102815 14199979
16102815 14575846
16102815 14837184
16102815 15222083
16102815 15591032
16102815 16193325
16102815 16799897
16102815 16874875
16102815 18393773
16102815 19414296
16102815 21094279
16102815 24585498
16102815 27531390
16102815 33191389
16102815 48485771
16102815 63485337
16102815 90420314
16102815 454340464
16104418 681813
16104418 1405071
16104418 1979391
16104418 4838281
16104418 5576542
16104418 6825792
16104418 14224219
16104418 14475298
16104418 14538254
16104418 18173725
16104418 18438362
16104418 23238377
16104418 23487429
16104418 24585498
16104418 33868543
16104418 40972489
16104418 63485337
16104418 70587360
16104418 77007853
16104418 107336879
16104418 360964430
16127205 821
16127205 13124
16127205 643653
16127205 681813
16127205 2384071
16127205 2729061
16127205 6347872
16127205 9207632
16127205 14223960
16127205 14274132
16127205 18393773
16127205 58441079
16181584 821
16181584 13124
16181584 33633
16181584 681813
16181584 1405071
16181584 2729061
16181584 6347872
16181584 6825792
16181584 6889982
16181584 9207632
16181584 13504092
16181584 14190551
16181584 14199979
16181584 16799897
16181584 18438362
16181584 32491666
16181584 44652237
16181584 58441079
16181584 63485337
16181584 175624200
16181584 454340464
16193325 732073
16193325 4812381
16193325 10454572
16193325 13185852
16193325 13356642
16193325 13461662
16193325 14155052
16193325 14199979
16193325 14224219
16193325 14837184
16193325 15591032
16193325 16102815
16193325 16799897
16193325 16874875
16193325 19414296
16193325 19725644
16193325 22981846
16193325 24585498
16193325 33191389
16193325 39394932
16193325 82553416
16193325 130922325
16193325 454340464
16285288 767
16285288 2426
16285288 681813
16285288 14348594
16285288 15473413
16285288 18393773
16285288 132430765
16319797 12
16319797 20
16319797 49793
16319797 657863
16319797 4641021
16319797 17220934
16319797 20536157
16356796 767
16356796 678033
16356796 681813
16356796 756475
16356796 814304
16356796 930061
16356796 2729061
16356796 6297852
16356796 14155052
16356796 14307351
16356796 15051601
16356796 15249156
16356796 15472368
16356796 16799897
16356796 43822174
16536215 20
16536215 681813
16536215 19637934
16536215 20536157
16741826 1979391
16741826 3039101
16741826 6825792
16741826 14538254
16741826 16744475
16741826 17541602
16741826 19382657
16741826 21756999
16741826 28212129
16741826 69945997
16744475 38059349
16744475 47667972
16744475 52863920
16744475 69945997
16792453 1405071
16792453 1979391
16792453 6608332
16792453 6825792
16792453 6889982
16792453 7331992
16792453 13356642
16792453 13461662
16792453 13504092
16792453 14199979
16792453 14224219
16792453 14538254
16792453 15419775
16792453 16181584
16792453 16878507
16792453 17872874
16792453 18438362
16792453 23487429
16792453 24585498
16792453 26155776
16792453 27531390
16792453 33868543
16792453 39680464
16792453 46002379
16792453 47667972
16792453 63485337
16792453 75691167
16792453 82553416
16792453 117620953
16792453 164569984
16792453 175624200
16792453 454340464
16799897 767
16799897 10350
16799897 15913
16799897 681813
16799897 732073
16799897 794186
16799897 814859
16799897 1405071
16799897 1979391
16799897 2100521
16799897 2729061
16799897 3359851
16799897 4812381
16799897 5576542
16799897 6297852
16799897 6608332
16799897 6889982
16799897 7434902
16799897 11928542
16799897 12925072
16799897 13185852
16799897 13356642
16799897 13461662
16799897 14103291
16799897 14155052
16799897 14199979
16799897 14224219
16799897 14575846
16799897 15222083
16799897 15279452
16799897 15419775
16799897 15861559
16799897 16102815
16799897 16181584
16799897 16193325
16799897 16792453
16799897 18438362
16799897 19049747
16799897 19414296
16799897 19738805
16799897 20436922
16799897 22857385
16799897 23238377
16799897 24585498
16799897 27531390
16799897 31067157
16799897 33191389
16799897 33868543
16799897 47667972
16799897 48485771
16799897 63485337
16799897 70587360
16799897 77007853
16799897 248044499
16799897 360964430
16799897 454340464
16869298 10350
16869298 52953
16869298 784304
16869298 2729061
16869298 4812381
16869298 8076052
16869298 11928542
16869298 12925072
16869298 13058232
16869298 14109995
16869298 14224219
16869298 15230887
16869298 15463446
16869298 18571832
16869298 18666844
16869298 18713254
16869298 21198307
16869298 44024932
16869298 47667972
16869298 70587360
16869298 144970345
16869298 222331074
16869298 270341223
16874875 15913
16874875 681813
16874875 6608332
16874875 7434902
16874875 14197132
16874875 14199979
16874875 14575846
16874875 14837184
16874875 15591032
16874875 16102815
16874875 16193325
16874875 17872874
16874875 19279990
16874875 19637934
16874875 26281970
16874875 31353077
16874875 33191389
16874875 37170886
16874875 50393960
16874875 63485337
16874875 90420314
16874875 454340464
16878507 681813
16878507 2779821
16878507 14075928
16878507 15472368
16878507 16303106
16878507 19725644
16878507 20609518
16878507 22413809
16878507 22461427
16878507 23238377
16878507 24585498
16878507 27531390
16878507 31013971
16878507 44244590
16878507 57562509
16878507 62581962
16878507 63485337
16878507 82553416
16878507 115485051
16878507 163374693
16956955 767
16956955 36823
16956955 1305941
16956955 2100521
16956955 2729061
16956955 2735631
16956955 7376382
16956955 14348594
16956955 16303106
16956955 18713254
16956955 19637934
16956955 22461427
16956955 31353077
16956955 62581962
16956955 90420314
16956955 115485051
16956955 130922325
16956955 132430765
17082401 681813
17082401 9199472
17082401 14230524
17082401 22184329
17082401 29006114
17503180 12
17503180 20
17503180 418
17503180 989
17503180 5702
17503180 13348
17503180 49793
17503180 657863
17503180 749963
17503180 817288
17503180 858051
17503180 2384071
17503180 2730791
17503180 2735591
17503180 6708952
17503180 7040932
17503180 8962882
17503180 11388132
17503180 11435642
17503180 14761795
17503180 20536157
17503180 22255654
17503180 37570179
17503180 93957809
17541602 105223
17541602 681813
17541602 1979391
17541602 5969042
17541602 6825792
17541602 7753922
17541602 13629522
17541602 14538254
17541602 18184416
17541602 19738805
17541602 19828067
17593731 7765612
17595439 12
17595439 20
17595439 295
17595439 767
17595439 989
17595439 3840
17595439 13348
17595439 36823
17595439 49793
17595439 661403
17595439 732073
17595439 749963
17595439 811350
17595439 824157
17595439 930061
17595439 1000591
17595439 1305941
17595439 2384071
17595439 2529971
17595439 2729061
17595439 3829151
17595439 6141832
17595439 6708952
17595439 8161232
17595439 11388132
17595439 11435642
17595439 12925072
17595439 14348594
17595439 14600116
17595439 14761795
17595439 14834340
17595439 15827269
17595439 17503180
17595439 20536157
17595439 37570179
17595439 50393960
17595439 93957809
17602170 681813
17602170 3245291
17602170 3359851
17602170 14500711
17602170 16303106
17602170 27531390
17602170 63485337
17759701 10350
17759701 15913
17759701 681813
17759701 3359851
17759701 7860742
17759701 7872262
17759701 11928542
17759701 14589257
17759701 15234657
17759701 16799897
17759701 19397785
17759701 19622462
17759701 21681252
17759701 24641194
17759701 26033920
17759701 31949053
17759701 35012277
17759701 43933017
17759701 48485771
17759701 50393960
17759701 60968363
17759701 77007853
17759701 84421229
17759701 90420314
17759701 90561258
17759701 119228619
17759701 142401418
17759701 280725732
17872874 82243
17872874 814859
17872874 2729061
17872874 5576542
17872874 6608332
17872874 13461662
17872874 14197132
17872874 14199979
17872874 14224219
17872874 15861559
17872874 15862493
17872874 16181584
17872874 16792453
17872874 16874875
17872874 18713254
17872874 18840531
17872874 19414296
17872874 22981846
17872874 23487429
17872874 24585498
17872874 24852559
17872874 25732138
17872874 31353077
17872874 37170886
17872874 44652237
17872874 44671378
17872874 57903424
17872874 60402167
17872874 62581962
17872874 77007853
17872874 82553416
17872874 90420314
17884062 681813
17884062 1979391
17884062 7753922
17884062 19738805
17884062 21756999
17884062 235023651
17983020 681813
18065104 47667972
18093468 16744475
18093468 18571832
18093468 21756999
18093468 22835308
18093468 100133245
18093468 311268617
18101685 7169892
18101685 7753922
18101685 42584178
18173725 16023
18173725 681813
18173725 1405071
18173725 3039101
18173725 7860742
18173725 14199979
18173725 14538254
18173725 14589257
18173725 16104418
18173725 33191389
18173725 33868543
18173725 48485771
18173725 63485337
18173725 77007853
18173725 107336879
18184416 105223
18184416 681813
18184416 701163
18184416 3039101
18184416 5969042
18184416 6825792
18184416 13629522
18184416 14475298
18184416 14538254
18184416 14906265
18184416 14961234
18184416 17541602
18184416 19828067
18184416 35827447
18204778 12
18204778 20
18204778 989
18204778 3840
18204778 5702
18204778 13348
18204778 36823
18204778 49793
18204778 657863
18204778 732073
18204778 746323
18204778 749963
18204778 814253
18204778 817268
18204778 817288
18204778 858051
18204778 1000591
18204778 3829151
18204778 6141832
18204778 6708952
18204778 8962882
18204778 11388132
18204778 11435642
18204778 14600116
18204778 14761795
18204778 14834340
18204778 14885549
18204778 15827269
18204778 17595439
18204778 20536157
18204778 37570179
18204778 93957809
18393773 2100521
18393773 2384071
18393773 2729061
18393773 6297852
18393773 14223960
18393773 14348594
18393773 15473413
18393773 15901190
18393773 16127205
18393773 16303106
18393773 18713254
18393773 22413809
18393773 22461427
18393773 22525751
18393773 90420314
18438362 681813
18438362 814859
18438362 1919231
18438362 6889982
18438362 13461662
18438362 13504092
18438362 14103291
18438362 14224219
18438362 15192772
18438362 16104418
18438362 16181584
18438362 16792453
18438362 16799897
18438362 20436922
18438362 23487429
18438362 24585498
18438362 26155776
18438362 33868543
18438362 39680464
18438362 40972489
18438362 44652237
18438362 70587360
18438362 107336879
18438362 164569984
18571832 49793
18571832 105223
18571832 681813
18571832 695463
18571832 701163
18571832 767334
18571832 820025
18571832 945911
18571832 1053221
18571832 1185971
18571832 1979391
18571832 3039101
18571832 3415861
18571832 3983631
18571832 4622401
18571832 5969042
18571832 6825792
18571832 7062292
18571832 7169892
18571832 7651042
18571832 7753922
18571832 7765612
18571832 8446572
18571832 9270192
18571832 9487272
18571832 9747492
18571832 10883722
18571832 12729412
18571832 12811512
18571832 13294252
18571832 13629522
18571832 13638292
18571832 13639582
18571832 14051156
18571832 14121456
18571832 14195122
18571832 14407767
18571832 14467421
18571832 14475298
18571832 14496538
18571832 14538254
18571832 14576257
18571832 14906265
18571832 14908175
18571832 14961234
18571832 14971456
18571832 15355472
18571832 15876654
18571832 16741826
18571832 16744475
18571832 17065327
18571832 17541602
18571832 17593731
18571832 18056977
18571832 18065104
18571832 18101685
18571832 18184416
18571832 18675183
18571832 18839185
18571832 18899103
18571832 18939374
18571832 18967666
18571832 19337621
18571832 19362297
18571832 19382657
18571832 19423063
18571832 19619624
18571832 19622462
18571832 19701173
18571832 19702846
18571832 19729143
18571832 19735121
18571832 19735438
18571832 19738805
18571832 19760658
18571832 19828067
18571832 21756999
18571832 23244316
18571832 26204177
18571832 26778893
18571832 28212129
18571832 33676781
18571832 35827447
18571832 38059349
18571832 42584178
18571832 47667972
18571832 52863920
18571832 69945997
18571832 71019409
18571832 78598588
18571832 91004913
18571832 91687835
18571832 94311697
18571832 101838355
18571832 104190515
18571832 163711859
18571832 222822892
18571832 227024319
18571832 273371515
18571832 285092147
18571832 299779796
18571832 408556322
18571832 421342897
18571832 424280804
18666844 10350
18666844 15913
18666844 657863
18666844 681813
18666844 3359851
18666844 7376382
18666844 7434902
18666844 7753922
18666844 7872262
18666844 8146732
18666844 13356642
18666844 13461662
18666844 14326533
18666844 14475298
18666844 14496538
18666844 14575846
18666844 15591032
18666844 16799897
18666844 16874875
18666844 18393773
18666844 18713254
18666844 19414296
18666844 19637934
18666844 19738805
18666844 22997147
18666844 23991290
18666844 24585498
18666844 26033920
18666844 26281970
18666844 31353077
18666844 43662236
18666844 48485771
18666844 63485337
18666844 73731253
18666844 90420314
18666844 115485051
18666844 142401418
18666844 175624200
18713254 12925072
18713254 13058232
18713254 14075928
18713254 14348594
18713254 15279452
18713254 16303106
18713254 18393773
18713254 19279990
18713254 19637934
18713254 31353077
18713254 62581962
18713254 90420314
18713254 115485051
18713254 130922325
18839185 681813
18839185 1979391
18839185 3039101
18839185 5969042
18839185 6825792
18839185 12729412
18839185 14475298
18839185 16744475
18839185 17541602
18839185 18675183
18839185 19702846
18839185 19738805
18839185 35827447
18839185 47667972
18839185 52863920
18839185 78598588
18840531 633
18840531 33633
18840531 681813
18840531 814859
18840531 2729061
18840531 14199979
18840531 14230524
18840531 44652237
18840531 164569984
18899103 49793
18899103 681813
18899103 6825792
18967666 14908175
18993395 10350
18993395 681813
18993395 814253
18993395 930061
18993395 2735591
18993395 3829151
18993395 7040932
18993395 14329770
18993395 16303106
18993395 16536215
18993395 17220934
18993395 20536157
18993395 20609518
18993395 42712551
18993395 115485051
19049747 15913
19049747 681813
19049747 6608332
19049747 7860742
19049747 9199472
19049747 13356642
19049747 14589257
19049747 15222083
19049747 16799897
19049747 18666844
19049747 19414296
19049747 22997147
19049747 31353077
19049747 31808762
19049747 115485051
19049747 248044499
19279990 7376382
19279990 14075928
19279990 14348594
19279990 15472368
19279990 18713254
19279990 31353077
19279990 288452305
19337621 695463
19337621 7169892
19337621 9747492
19337621 12729412
19337621 14496538
19337621 16744475
19337621 17541602
19337621 18675183
19337621 19622462
19337621 19735438
19337621 21756999
19337621 38059349
19337621 42584178
19337621 47667972
19337621 69945997
19337621 78598588
19362297 175624200
19382657 681813
19382657 1979391
19382657 13504092
19382657 14538254
19382657 15192772
19382657 15419775
19382657 19738805
19382657 23238377
19382657 24585498
19382657 26204177
19382657 33868543
19382657 46002379
19382657 69945997
19382657 73731253
19382657 77007853
19382657 107336879
19397785 20
19397785 14230524
19397785 19637934
19414296 15913
19414296 681813
19414296 1979391
19414296 3359851
19414296 5576542
19414296 7434902
19414296 11591662
19414296 13185852
19414296 13356642
19414296 14155052
19414296 14199979
19414296 14224219
19414296 14538254
19414296 14575846
19414296 14589257
19414296 15494342
19414296 15591032
19414296 16303106
19414296 16792453
19414296 19049747
19414296 20436922
19414296 22841103
19414296 24585498
19414296 26281970
19414296 27531390
19414296 33191389
19414296 37170886
19414296 39394932
19414296 39680464
19414296 46002379
19414296 48485771
19414296 62581962
19414296 63485337
19414296 77007853
19414296 90420314
19414296 115485051
19414296 158414847
19414296 175624200
19414296 248044499
19521118 681813
19619624 13294252
19619624 19738805
19622462 15913
19622462 681813
19622462 695463
19622462 1405071
19622462 4622401
19622462 7753922
19622462 7860742
19622462 7872262
19622462 16744475
19622462 17759701
19622462 18675183
19622462 19397785
19622462 19738805
19622462 26281970
19622462 119228619
19622462 360964430
19637934 20
19637934 14075928
19637934 16956955
19637934 18713254
19637934 19397785
19637934 22461427
19637934 31353077
19637934 50393960
19637934 90420314
19637934 115485051
19701173 1979391
19701173 12729412
19701173 19362297
19702846 695463
19702846 820025
19702846 1979391
19702846 7169892
19702846 9270192
19702846 12729412
19702846 17541602
19702846 18675183
19702846 19735438
19702846 21756999
19702846 28212129
19702846 35827447
19702846 78598588
19702846 91687835
19725644 2100521
19725644 14075928
19725644 16303106
19725644 17220934
19729143 695463
19735121 681813
19735121 1053221
19735121 19738805
19735121 47667972
19735121 69945997
19735438 681813
19735438 695463
19735438 9747492
19735438 12729412
19735438 19337621
19735438 19738805
19738805 3039101
19738805 4622401
19738805 6825792
19738805 7753922
19738805 7872262
19738805 9270192
19738805 12729412
19738805 14155052
19738805 14475298
19738805 15375238
19738805 15876654
19738805 16744475
19738805 16799897
19738805 17541602
19738805 19923765
19738805 23991290
19738805 24585498
19738805 31067157
19738805 31354853
19738805 35827447
19738805 39680464
19738805 47667972
19738805 63485337
19828067 105223
19828067 681813
19828067 695463
19828067 767334
19828067 1979391
19828067 3039101
19828067 3983631
19828067 5969042
19828067 6825792
19828067 13629522
19828067 14475298
19828067 14538254
19828067 15876654
19828067 17541602
19828067 18184416
19828067 18839185
19828067 19382657
19828067 19738805
19828067 35827447
19923765 681813
19923765 1405071
19923765 1979391
19923765 6825792
19923765 7331992
19923765 7753922
19923765 11591662
19923765 14224219
19923765 14475298
19923765 14538254
19923765 18571832
19923765 19738805
19923765 22997147
19923765 23487429
19923765 23991290
19923765 24585498
19923765 25411611
19923765 31354853
19923765 47667972
20436922 10350
20436922 1405071
20436922 1979391
20436922 5576542
20436922 7753922
20436922 11928542
20436922 13356642
20436922 14155052
20436922 14197132
20436922 14224219
20436922 15419775
20436922 15494342
20436922 15901190
20436922 16799897
20436922 18438362
20436922 24585498
20436922 31067157
20436922 33191389
20436922 37170886
20436922 39394932
20436922 63485337
20436922 70587360
20436922 107336879
20455625 49793
20455625 8161232
20455625 16303106
20455625 17220934
20455625 19397785
20455625 20536157
20455625 20609518
20455625 50393960
20455625 90420314
20455625 115485051
20455625 288452305
20536157 989
20536157 13348
20536157 36823
20536157 814253
20536157 817268
20536157 817288
20536157 818340
20536157 824157
20536157 858051
20536157 930061
20536157 1045751
20536157 2384071
20536157 3829151
20536157 4641021
20536157 6141832
20536157 6385432
20536157 8962882
20536157 10454572
20536157 11435642
20536157 14515931
20536157 14600116
20536157 14834340
20536157 14885549
20536157 15827269
20536157 17503180
20536157 22255654
20536157 37570179
20536157 93957809
20637608 15913
20637608 681813
20637608 14589257
20637608 18666844
20637608 24585498
20637608 31808762
20637608 43662236
20637608 102903198
20637608 114563370
20637608 363426409
20711514 681813
20711514 2384071
20711514 15414807
20711514 77007853
20999409 681813
20999409 811350
20999409 3245291
20999409 3359851
20999409 7331992
20999409 7872262
20999409 12589692
20999409 14500711
20999409 16303106
20999409 17602170
20999409 19279990
20999409 25431305
20999409 31353077
20999409 44671378
20999409 63485337
21094279 681813
21094279 814304
21094279 817288
21094279 6750912
21094279 14155052
21094279 14625444
21094279 14837184
21094279 15208246
21094279 15591032
21094279 15901190
21094279 16102815
21094279 16193325
21094279 16303106
21094279 16874875
21094279 19637934
21094279 19725644
21094279 24585498
21094279 37570179
21094279 50393960
21094279 63485337
21094279 79450053
21094279 90420314
21094279 115485051
21094279 130922325
21094279 454340464
21174324 12
21174324 20
21174324 767
21174324 989
21174324 3840
21174324 13348
21174324 49793
21174324 657863
21174324 817268
21174324 2384071
21174324 3829151
21174324 6708952
21198307 8076052
21198307 18571832
21198307 47667972
21198456 681813
21681252 10350
21681252 657863
21681252 681813
21681252 7860742
21681252 7872262
21681252 11928542
21681252 12925072
21681252 13058232
21681252 14326533
21681252 14589257
21681252 15222083
21681252 15234657
21681252 15375238
21681252 16744475
21681252 17759701
21681252 18666844
21681252 20609518
21681252 22997147
21681252 24641194
21681252 26281970
21681252 28917111
21681252 31353077
21681252 31949053
21681252 35012277
21681252 43933017
21681252 48485771
21681252 50393960
21681252 60968363
21681252 84421229
21681252 90420314
21681252 90561258
21681252 108719642
21681252 115485051
21681252 119228619
21756999 6727802
21756999 6825792
21756999 11928542
21756999 14475298
21756999 14538254
21756999 16744475
21756999 18571832
21756999 19702846
21756999 19738805
21756999 19923765
21756999 26033920
21756999 26778893
21756999 28212129
21756999 31067157
21756999 33676781
21756999 35827447
21756999 47667972
21756999 52863920
21756999 63485337
21756999 71019409
21756999 91004913
21756999 91687835
21756999 163711859
21756999 299779796
22184329 633
22184329 36823
22184329 681813
22184329 2729061
22184329 14199979
22184329 14550221
22255654 12
22255654 20
22255654 295
22255654 989
22255654 13348
22255654 49793
22255654 657863
22255654 749963
22255654 858051
22255654 1000591
22255654 2384071
22255654 2529971
22255654 2730791
22255654 6141832
22255654 6708952
22255654 14600116
22255654 14761795
22255654 15827269
22255654 17503180
22255654 37570179
22255654 93957809
22413809 643653
22413809 2729061
22413809 2779821
22413809 6297852
22413809 14075928
22413809 14348594
22413809 15279452
22413809 15472368
22413809 18393773
22413809 22525751
22461427 2100521
22461427 14075928
22461427 14348594
22461427 15901190
22461427 16303106
22461427 16956955
22461427 18393773
22461427 18713254
22461427 19637934
22461427 31353077
22461427 90420314
22461427 115485051
22461427 130922325
22525751 767
22525751 681813
22525751 1405071
22525751 2729061
22525751 6297852
22525751 6825792
22525751 13860742
22525751 14348594
22525751 18393773
22525751 22413809
22525751 31353077
22835308 681813
22835308 6727802
22835308 7753922
22835308 16744475
22835308 18093468
22835308 18571832
22835308 100133245
22835308 311268617
22841103 10350
22841103 15913
22841103 1405071
22841103 1979391
22841103 2735591
22841103 3359851
22841103 5576542
22841103 6608332
22841103 6825792
22841103 6889982
22841103 7434902
22841103 7591562
22841103 7860742
22841103 7872262
22841103 8146732
22841103 11928542
22841103 12925072
22841103 13058232
22841103 13461662
22841103 14051156
22841103 14075928
22841103 14137885
22841103 14155052
22841103 14197132
22841103 14199979
22841103 14224219
22841103 14230524
22841103 14326533
22841103 14575846
22841103 14589257
22841103 15222083
22841103 15234657
22841103 15279452
22841103 15419775
22841103 15494342
22841103 15861559
22841103 15901190
22841103 16744475
22841103 16792453
22841103 16799897
22841103 17872874
22841103 18393773
22841103 18438362
22841103 18666844
22841103 18713254
22841103 19414296
22841103 20436922
22841103 22981846
22841103 22997147
22841103 24585498
22841103 25732138
22841103 26033920
22841103 26281970
22841103 27531390
22841103 27837808
22841103 31353077
22841103 31808762
22841103 32547856
22841103 33191389
22841103 37170886
22841103 47667972
22841103 48485771
22841103 50393960
22841103 57903424
22841103 62581962
22841103 69945997
22841103 73731253
22841103 77007853
22841103 82553416
22841103 88501703
22841103 90420314
22841103 115485051
22841103 175624200
22857385 10350
22857385 681813
22857385 794186
22857385 6249592
22857385 6608332
22857385 6889982
22857385 7591562
22857385 9199472
22857385 13504092
22857385 14199979
22857385 14230524
22857385 14475298
22857385 15222083
22857385 15503224
22857385 15758036
22857385 16799897
22857385 19049747
22857385 22184329
22857385 29006114
22857385 31067157
22857385 44652237
22857385 248044499
22857385 363426409
22954430 20
22954430 765
22954430 767
22954430 2426
22954430 6140
22954430 13046
22954430 13234
22954430 36823
22954430 105223
22954430 643653
22954430 678033
22954430 681813
22954430 814304
22954430 2729061
22954430 2735631
22954430 2779821
22954430 6297852
22954430 6688272
22954430 7376382
22954430 13860742
22954430 14075928
22954430 14155052
22954430 14199979
22954430 14224219
22954430 14307351
22954430 14326533
22954430 14348594
22954430 14870168
22954430 14945646
22954430 15022843
22954430 15051601
22954430 15279452
22954430 15436915
22954430 15472368
22954430 15473413
22954430 15494342
22954430 16285288
22954430 16356796
22954430 16799897
22954430 16956955
22954430 18393773
22954430 20436922
22954430 21198456
22954430 22413809
22954430 22525751
22954430 24585498
22954430 24852559
22954430 27519917
22954430 29762558
22954430 31353077
22954430 43822174
22954430 62581962
22954430 70587360
22954430 100868651
22954430 130922325
22954430 132430765
22954430 280716675
22981846 3359851
22981846 6608332
22981846 7434902
22981846 13185852
22981846 13461662
22981846 14197132
22981846 14224219
22981846 14575846
22981846 15419775
22981846 15591032
22981846 15861559
22981846 16193325
22981846 16792453
22981846 16799897
22981846 17872874
22981846 24585498
22981846 27531390
22981846 31353077
22981846 37170886
22981846 39394932
22981846 82553416
22981846 90420314
22981846 454340464
22997147 681813
22997147 1405071
22997147 6608332
22997147 7860742
22997147 7872262
22997147 11928542
22997147 13185852
22997147 15222083
22997147 15375238
22997147 15419775
22997147 18666844
22997147 19049747
22997147 19923765
22997147 21681252
22997147 22841103
22997147 24585498
22997147 24641194
22997147 28597237
22997147 31067157
22997147 31665210
22997147 31949053
22997147 35012277
22997147 43933017
22997147 48485771
22997147 60968363
22997147 119228619
23238377 13234
23238377 658353
23238377 1405071
23238377 4838281
23238377 5576542
23238377 7591562
23238377 11928542
23238377 13461662
23238377 13504092
23238377 14103291
23238377 14155052
23238377 14224219
23238377 14575846
23238377 15279452
23238377 15414807
23238377 15419775
23238377 15472368
23238377 15901190
23238377 16104418
23238377 16799897
23238377 18438362
23238377 19279990
23238377 19382657
23238377 19725644
23238377 20436922
23238377 22413809
23238377 24585498
23238377 33191389
23238377 33868543
23238377 39394932
23238377 39680464
23238377 40972489
23238377 44244590
23238377 48485771
23238377 63485337
23238377 70587360
23238377 77007853
23238377 82553416
23238377 107336879
23238377 248044499
23238377 344059195
23238377 360964430
23244316 695463
23244316 1979391
23244316 19729143
23487429 658353
23487429 1405071
23487429 1919231
23487429 1979391
23487429 5576542
23487429 6825792
23487429 7331992
23487429 11928542
23487429 13461662
23487429 14103291
23487429 14224219
23487429 15192772
23487429 15279452
23487429 15419775
23487429 16104418
23487429 16792453
23487429 16799897
23487429 17872874
23487429 18438362
23487429 23238377
23487429 33868543
23487429 48485771
23487429 62613968
23487429 63485337
23487429 70587360
23487429 73731253
23487429 77007853
23487429 344059195
23487429 360964430
23991290 681813
23991290 7753922
23991290 11856762
23991290 15375238
23991290 15901190
23991290 19738805
23991290 19923765
23991290 22461427
23991290 24585498
23991290 63485337
23991290 175624200
24585498 15913
24585498 681813
24585498 1979391
24585498 2100521
24585498 2779821
24585498 3359851
24585498 5576542
24585498 7753922
24585498 13356642
24585498 13461662
24585498 14075928
24585498 14103291
24585498 14155052
24585498 14197132
24585498 14224219
24585498 14326533
24585498 14348594
24585498 14417250
24585498 14538254
24585498 14589257
24585498 15222083
24585498 15249156
24585498 15279452
24585498 15419775
24585498 15472368
24585498 15591032
24585498 15861559
24585498 15862493
24585498 16303106
24585498 16792453
24585498 16799897
24585498 17872874
24585498 18438362
24585498 19382657
24585498 19414296
24585498 19637934
24585498 19738805
24585498 20436922
24585498 22413809
24585498 22841103
24585498 22981846
24585498 23238377
24585498 23991290
24585498 25732138
24585498 27531390
24585498 31013971
24585498 33191389
24585498 37170886
24585498 44024932
24585498 44244590
24585498 47667972
24585498 48485771
24585498 50393960
24585498 63485337
24585498 73731253
24585498 77007853
24585498 82553416
24585498 90420314
24585498 107336879
24585498 115485051
24585498 130922325
24585498 158414847
24585498 248044499
24585498 360964430
24641194 10350
24641194 15913
24641194 681813
24641194 3359851
24641194 7860742
24641194 7872262
24641194 11928542
24641194 14589257
24641194 15234657
24641194 17759701
24641194 18666844
24641194 21681252
24641194 22997147
24641194 26033920
24641194 26281970
24641194 31353077
24641194 31949053
24641194 43933017
24641194 48485771
24641194 60968363
24641194 84421229
24641194 90420314
24641194 90561258
24641194 108719642
24641194 115485051
24641194 119228619
24641194 142401418
25059647 681813
25059647 7753922
25059647 19738805
25411611 681813
25411611 7872262
25411611 19738805
25411611 21756999
25431305 681813
25732138 14197132
25732138 14224219
25732138 15861559
25732138 15862493
25732138 17872874
25732138 18438362
25732138 24585498
25732138 37170886
25732138 44652237
25732138 60402167
26033920 10350
26033920 681813
26033920 2100521
26033920 3359851
26033920 6608332
26033920 7434902
26033920 7860742
26033920 7872262
26033920 13185852
26033920 14155052
26033920 14326533
26033920 14575846
26033920 14589257
26033920 15591032
26033920 15901190
26033920 16799897
26033920 16874875
26033920 18666844
26033920 19738805
26033920 21681252
26033920 24641194
26033920 26281970
26033920 31949053
26033920 35012277
26033920 43933017
26033920 48485771
26033920 60968363
26033920 107336879
26033920 119228619
26155776 343773
26155776 681813
26155776 783374
26155776 1979391
26155776 7753922
26155776 11591662
26155776 14199979
26155776 14224219
26155776 14538254
26155776 15192772
26155776 16792453
26155776 18438362
26155776 19382657
26155776 24585498
26155776 27531390
26155776 31354853
26155776 39680464
26155776 46002379
26155776 63485337
26155776 70587360
26155776 75691167
26155776 117620953
26155776 175624200
26204177 945911
26204177 12729412
26204177 19362297
26204177 19382657
26204177 19701173
26204177 19702846
26778893 695463
26778893 7753922
26778893 19738805
26778893 35827447
26778893 104190515
27519917 681813
27519917 14945646
27519917 15436915
27519917 62581962
27531390 1979391
27531390 7753922
27531390 13461662
27531390 14075928
27531390 14224219
27531390 14538254
27531390 14575846
27531390 16792453
27531390 18713254
27531390 20609518
27531390 22413809
27531390 23238377
27531390 24585498
27531390 31067157
27531390 39680464
27531390 44244590
27531390 46002379
27531390 63485337
27531390 73731253
27531390 82553416
27531390 90420314
27531390 107336879
27531390 115485051
27837808 681813
27837808 1979391
27837808 11856762
27837808 13462912
27837808 13504092
27837808 14155052
27837808 15375238
27837808 16744475
27837808 19738805
27837808 22841103
27837808 24585498
27837808 26281970
27837808 31354853
27837808 43662236
27837808 48485771
27837808 90420314
28192145 15913
28192145 681813
28192145 2729061
28192145 3245291
28192145 6608332
28192145 9199472
28192145 11928542
28192145 14575846
28192145 15234657
28192145 15503224
28192145 18666844
28192145 20999409
28192145 26281970
28192145 31353077
28212129 105223
28212129 681813
28212129 695463
28212129 767334
28212129 1979391
28212129 3039101
28212129 7872262
28212129 9747492
28212129 11928542
28212129 14155052
28212129 14496538
28212129 14538254
28212129 16744475
28212129 18571832
28212129 19702846
28212129 19738805
28212129 21756999
28212129 23991290
28212129 26281970
28212129 31067157
28212129 33676781
28212129 38059349
28212129 47667972
28212129 52863920
28212129 69945997
28212129 90420314
28212129 91004913
28212129 227024319
28597237 10350
28597237 681813
28597237 2100521
28597237 14326533
28597237 15249156
28597237 20609518
28597237 22997147
28597237 26281970
28597237 31353077
28597237 31949053
28597237 84421229
28597237 90420314
28597237 115485051
28917111 20
28917111 10350
28917111 13348
28917111 49793
28917111 657863
28917111 7860742
28917111 8146732
28917111 12925072
28917111 13058232
28917111 14589257
28917111 21681252
28917111 31353077
28917111 47667972
28917111 50393960
28917111 63485337
29006114 633
29006114 681813
29006114 14199979
29006114 15503224
29006114 17082401
29006114 22857385
29762558 681813
29762558 14155052
29762558 14224219
29762558 14326533
29762558 16744475
29762558 24585498
29762558 26281970
29762558 70587360
30043994 52953
30043994 681813
30043994 1979391
30043994 2384071
30043994 8938362
30043994 20711514
30378780 681813
30378780 7339282
30378780 7753922
30378780 19738805
30378780 52343800
30378780 235023651
30816874 681813
30816874 6249592
30816874 8304842
30816874 9199472
30816874 13504092
30816874 14199979
30816874 14230524
30816874 14475298
30816874 15462317
30816874 15503224
30816874 22184329
30816874 22857385
30816874 164569984
31013971 681813
31013971 13965842
31013971 14417250
31013971 16878507
31013971 24585498
31013971 27531390
31013971 44244590
31013971 63485337
31013971 82553416
31013971 135316691
31013971 163374693
31067157 681813
31067157 794186
31067157 1000591
31067157 1405071
31067157 1979391
31067157 2384071
31067157 3359851
31067157 4622401
31067157 6608332
31067157 6688272
31067157 8266102
31067157 9199472
31067157 11591662
31067157 13461662
31067157 13504092
31067157 14137885
31067157 14199979
31067157 14326533
31067157 14417250
31067157 14496538
31067157 14538254
31067157 15375238
31067157 15419775
31067157 15494342
31067157 15758036
31067157 16104418
31067157 16799897
31067157 18393773
31067157 18438362
31067157 18666844
31067157 19521118
31067157 19725644
31067157 19738805
31067157 20436922
31067157 20536157
31067157 20637608
31067157 21756999
31067157 22857385
31067157 22997147
31067157 23238377
31067157 24585498
31067157 27531390
31067157 28212129
31067157 31353077
31067157 31808762
31067157 33191389
31067157 35827447
31067157 39680464
31067157 47667972
31067157 48485771
31067157 63485337
31067157 107336879
31067157 175624200
31067157 360964430
31067157 363426409
31067157 447278787
31153819 12
31153819 20
31153819 49793
31153819 657863
31153819 818340
31153819 1000591
31153819 2529971
31153819 2735591
31153819 4641021
31153819 6385432
31153819 6708952
31153819 7040932
31153819 8161232
31153819 14515931
31153819 14761795
31153819 16303106
31153819 16319797
31153819 17220934
31153819 19397785
31153819 20455625
31153819 20536157
31153819 20609518
31153819 36678907
31153819 37570179
31153819 42712551
31153819 50393960
31153819 90420314
31153819 93957809
31153819 115485051
31153819 288452305
31353077 12
31353077 15249156
31353077 16303106
31353077 16956955
31353077 18713254
31353077 19279990
31353077 19637934
31353077 62581962
31353077 90420314
31353077 115485051
31353077 158414847
31353077 288452305
31354853 681813
31354853 783374
31354853 1405071
31354853 1979391
31354853 11591662
31354853 14103291
31354853 14224219
31354853 14475298
31354853 14538254
31354853 15419775
31354853 19382657
31354853 19738805
31354853 19923765
31354853 23487429
31354853 26155776
31354853 27837808
31354853 33868543
31354853 39680464
31354853 44024932
31354853 44244590
31354853 70587360
31665210 681813
31665210 6727802
31665210 11928542
31665210 22997147
31808762 10350
31808762 15913
31808762 681813
31808762 3359851
31808762 7860742
31808762 9199472
31808762 14589257
31808762 15222083
31808762 15234657
31808762 15494342
31808762 16181584
31808762 16799897
31808762 18666844
31808762 19049747
31808762 20436922
31808762 20637608
31808762 22841103
31808762 31067157
31808762 43662236
31808762 63485337
31808762 73731253
31808762 363426409
31949053 10350
31949053 681813
31949053 2100521
31949053 2735591
31949053 7860742
31949053 7872262
31949053 13185852
31949053 14326533
31949053 15249156
31949053 16536215
31949053 17759701
31949053 18993395
31949053 19637934
31949053 20609518
31949053 21681252
31949053 22997147
31949053 24641194
31949053 26033920
31949053 26281970
31949053 28597237
31949053 31353077
31949053 35012277
31949053 42712551
31949053 43933017
31949053 60968363
31949053 83233279
31949053 84421229
31949053 90420314
31949053 90561258
31949053 105382067
31949053 108719642
31949053 119228619
31949053 130922325
31949053 142401418
32491666 681813
32491666 820585
32491666 2384071
32491666 2729061
32491666 3564041
32491666 16181584
32491666 102647672
32547856 15913
32547856 49793
32547856 3359851
32547856 8146732
32547856 20536157
32547856 28917111
32547856 63485337
33191389 15913
33191389 681813
33191389 732073
33191389 1405071
33191389 1979391
33191389 3359851
33191389 4812381
33191389 11928542
33191389 13356642
33191389 13461662
33191389 13504092
33191389 14137885
33191389 14155052
33191389 14197132
33191389 14199979
33191389 14224219
33191389 14538254
33191389 14575846
33191389 15234657
33191389 15419775
33191389 16193325
33191389 16792453
33191389 16799897
33191389 18438362
33191389 19414296
33191389 20436922
33191389 22841103
33191389 24585498
33191389 27531390
33191389 39680464
33191389 40972489
33191389 48485771
33191389 63485337
33191389 107336879
33191389 175624200
33191389 360964430
33191389 454340464
33676781 681813
33676781 767334
33676781 7169892
33676781 14051156
33676781 14475298
33676781 16744475
33676781 19702846
33676781 21756999
33676781 35827447
33676781 47667972
33676781 52863920
33676781 69945997
33676781 71019409
33868543 1919231
33868543 5576542
33868543 7591562
33868543 14103291
33868543 14224219
33868543 15192772
33868543 15419775
33868543 18438362
33868543 19725644
33868543 23487429
33868543 26155776
33868543 63485337
33868543 70587360
33868543 73731253
33868543 115485051
33868543 175624200
33868543 210944652
34170312 681813
34170312 9199472
35012277 681813
35012277 1979391
35012277 6727802
35012277 7339282
35012277 7753922
35012277 7860742
35012277 7872262
35012277 8146732
35012277 11856762
35012277 11928542
35012277 13462912
35012277 14155052
35012277 15375238
35012277 16744475
35012277 17884062
35012277 18093468
35012277 18571832
35012277 18666844
35012277 19738805
35012277 19923765
35012277 21681252
35012277 21756999
35012277 22835308
35012277 22997147
35012277 23991290
35012277 25059647
35012277 25411611
35012277 26033920
35012277 27837808
35012277 28212129
35012277 28597237
35012277 30378780
35012277 31665210
35012277 31949053
35012277 43933017
35012277 52343800
35012277 84421229
35012277 90561258
35012277 100133245
35012277 119228619
35012277 235023651
35012277 270397798
35012277 311268617
35012277 341198567
35012277 375022391
35012277 385080494
35827447 1979391
35827447 3039101
35827447 5969042
35827447 6825792
35827447 7753922
35827447 9270192
35827447 9747492
35827447 12729412
35827447 14475298
35827447 14538254
35827447 15375238
35827447 15876654
35827447 17541602
35827447 19702846
35827447 19738805
35827447 19828067
35827447 31067157
36678907 12
36678907 20
36678907 49793
36678907 657863
36678907 1000591
36678907 8161232
36678907 14515931
36678907 20536157
36678907 20609518
36678907 50393960
36678907 93957809
36678907 115485051
37170886 82243
37170886 814859
37170886 2729061
37170886 6608332
37170886 6889982
37170886 8146732
37170886 11928542
37170886 14197132
37170886 14199979
37170886 15222083
37170886 15234657
37170886 15861559
37170886 15862493
37170886 16181584
37170886 16792453
37170886 16799897
37170886 17872874
37170886 18438362
37170886 22841103
37170886 22981846
37170886 24585498
37170886 25732138
37170886 44671378
37170886 57903424
37170886 77007853
37170886 90420314
37570179 12
37570179 20
37570179 295
37570179 418
37570179 885
37570179 989
37570179 1378
37570179 10350
37570179 13348
37570179 49793
37570179 82243
37570179 657863
37570179 691353
37570179 746323
37570179 749963
37570179 817268
37570179 817288
37570179 824157
37570179 858051
37570179 1000591
37570179 1305941
37570179 1899161
37570179 2384071
37570179 2529971
37570179 3829151
37570179 4641021
37570179 6141832
37570179 6385432
37570179 6708952
37570179 7040932
37570179 8962882
37570179 9641832
37570179 11388132
37570179 11435642
37570179 14600116
37570179 14834340
37570179 15827269
37570179 17503180
37570179 17595439
37570179 20536157
37570179 22255654
37570179 50393960
37570179 93957809
37570179 115485051
38059349 16744475
38059349 47667972
39394932 10350
39394932 15913
39394932 657863
39394932 1405071
39394932 3359851
39394932 5576542
39394932 6608332
39394932 6825792
39394932 7591562
39394932 11928542
39394932 12925072
39394932 13185852
39394932 13356642
39394932 13461662
39394932 14155052
39394932 14199979
39394932 14224219
39394932 14575846
39394932 18666844
39394932 19414296
39394932 20436922
39394932 22981846
39394932 23238377
39394932 24585498
39394932 33868543
39394932 48485771
39394932 115485051
39680464 343773
39680464 681813
39680464 1405071
39680464 1979391
39680464 7753922
39680464 8266102
39680464 11591662
39680464 11928542
39680464 13504092
39680464 14199979
39680464 14538254
39680464 15419775
39680464 16792453
39680464 18438362
39680464 19382657
39680464 19414296
39680464 19738805
39680464 20436922
39680464 23487429
39680464 24585498
39680464 26155776
39680464 27531390
39680464 33191389
39680464 33868543
39680464 40972489
39680464 44024932
39680464 46002379
39680464 48485771
39680464 63485337
39680464 75691167
39680464 107336879
39680464 117620953
39680464 175624200
39680464 360964430
40972489 681813
40972489 1979391
40972489 6825792
40972489 39680464
42584178 820025
42584178 7753922
42584178 14051156
42584178 14538254
42584178 15876654
42584178 16744475
42584178 18101685
42584178 18675183
42584178 19337621
42584178 19702846
42584178 19738805
42584178 21756999
42584178 47667972
42584178 101838355
42584178 227024319
42712551 12
42712551 10350
42712551 657863
42712551 681813
42712551 734343
42712551 818340
42712551 820585
42712551 930061
42712551 1000591
42712551 1133701
42712551 2529971
42712551 2735591
42712551 6385432
42712551 6708952
42712551 7040932
42712551 8161232
42712551 14230524
42712551 14761795
42712551 16303106
42712551 19397785
42712551 19637934
42712551 19725644
42712551 20536157
42712551 37570179
42712551 90420314
42712551 115485051
43662236 10350
43662236 15913
43662236 681813
43662236 7753922
43662236 14589257
43662236 18666844
43662236 19738805
43662236 20637608
43662236 24585498
43662236 31808762
43662236 39680464
43662236 102903198
43662236 363426409
43822174 681813
43822174 2729061
43822174 6297852
43822174 16356796
43933017 10350
43933017 681813
43933017 7860742
43933017 7872262
43933017 14589257
43933017 15279452
43933017 17759701
43933017 19637934
43933017 21681252
43933017 22461427
43933017 22997147
43933017 24641194
43933017 26033920
43933017 26281970
43933017 31949053
43933017 60968363
43933017 84421229
43933017 115485051
43933017 119228619
44024932 1405071
44024932 5576542
44024932 6825792
44024932 7753922
44024932 14103291
44024932 14224219
44024932 15419775
44024932 19923765
44024932 24585498
44024932 44244590
44024932 70587360
44024932 344059195
44244590 681813
44244590 3359851
44244590 15472368
44244590 16878507
44244590 19414296
44244590 23238377
44244590 24585498
44244590 26155776
44244590 27531390
44244590 31013971
44244590 39680464
44244590 46002379
44244590 48485771
44244590 63485337
44244590 82553416
44244590 135316691
44244590 163374693
44652237 33633
44652237 36823
44652237 71713
44652237 681813
44652237 814859
44652237 2729061
44652237 6249592
44652237 6889982
44652237 14197132
44652237 14224219
44652237 15135874
44652237 15222083
44652237 15503224
44652237 15861559
44652237 15862493
44652237 16181584
44652237 17872874
44652237 18438362
44652237 18840531
44652237 25732138
44652237 57903424
44652237 58441079
44652237 60402167
44652237 62613968
44652237 164569984
44671378 82243
44671378 681813
44671378 12589692
44671378 14500711
44671378 15222083
44671378 15861559
44671378 15862493
44671378 16181584
44671378 16792453
44671378 17872874
44671378 18438362
44671378 24585498
44671378 25732138
44671378 57903424
46002379 681813
46002379 783374
46002379 1979391
46002379 14199979
46002379 14538254
46002379 15192772
46002379 16792453
46002379 19382657
46002379 19414296
46002379 26155776
46002379 27531390
46002379 39680464
46002379 44244590
46002379 75691167
46002379 82553416
46002379 115485051
46002379 117620953
47667972 16744475
47667972 16799897
47667972 38059349
47667972 52863920
47667972 69945997
48485771 10350
48485771 15913
48485771 681813
48485771 1405071
48485771 1979391
48485771 11928542
48485771 14075928
48485771 14155052
48485771 14199979
48485771 14538254
48485771 14589257
48485771 15222083
48485771 15234657
48485771 15419775
48485771 16102815
48485771 16303106
48485771 16799897
48485771 18713254
48485771 19414296
48485771 19725644
48485771 22997147
48485771 24585498
48485771 27837808
48485771 31353077
48485771 33191389
48485771 39680464
48485771 50393960
48485771 63485337
48485771 175624200
48485771 363426409
48485771 378223565
48485771 454340464
50393960 749963
50393960 6708952
50393960 8161232
50393960 14761795
52343800 681813
52343800 1979391
52343800 7339282
52343800 7753922
52343800 19738805
52343800 21756999
52343800 25411611
52343800 30378780
52343800 235023651
52863920 16744475
52863920 38059349
52863920 47667972
52863920 69945997
57562509 681813
57562509 14075928
57562509 19725644
57562509 24585498
57562509 115485051
57903424 71713
57903424 5576542
57903424 6889982
57903424 14197132
57903424 14224219
57903424 15861559
57903424 15862493
57903424 16181584
57903424 17872874
57903424 24585498
57903424 37170886
57903424 44652237
57903424 63485337
58441079 821
58441079 13124
58441079 13234
58441079 2384071
58441079 2729061
58441079 16181584
58441079 102647672
60402167 71713
60402167 14197132
60402167 14224219
60402167 15861559
60402167 15862493
60402167 25732138
60968363 15913
60968363 681813
60968363 3359851
60968363 6608332
60968363 7860742
60968363 7872262
60968363 11928542
60968363 15222083
60968363 15234657
60968363 17759701
60968363 21681252
60968363 24641194
60968363 31353077
60968363 31949053
60968363 43933017
60968363 48485771
60968363 84421229
60968363 90561258
60968363 119228619
62613968 71713
62613968 1405071
62613968 1979391
62613968 5576542
62613968 14103291
62613968 14224219
62613968 15419775
62613968 23487429
62613968 24585498
62613968 44652237
62613968 63485337
62613968 70587360
62613968 107336879
63485337 10350
63485337 1979391
63485337 2100521
63485337 3359851
63485337 5576542
63485337 7753922
63485337 19725644
63485337 19738805
63485337 22461427
63485337 23991290
63485337 24585498
63485337 27531390
63485337 33868543
63485337 48485771
63485337 69945997
63485337 73731253
63485337 115485051
63485337 210944652
69193714 2100521
69193714 7376382
69193714 8634422
69193714 12925072
69193714 15901190
69193714 16303106
69193714 16744475
69193714 18393773
69193714 18571832
69193714 18713254
69193714 21756999
69193714 22841103
69193714 24585498
69193714 26281970
69193714 31353077
69193714 63485337
69193714 90420314
69193714 115485051
69193714 447278787
69945997 16744475
69945997 47667972
69945997 52863920
70587360 658353
70587360 1405071
70587360 4838281
70587360 5576542
70587360 7591562
70587360 14103291
70587360 14224219
70587360 14538254
70587360 15192772
70587360 15419775
70587360 15472368
70587360 16104418
70587360 19725644
70587360 23238377
70587360 31354853
70587360 33868543
70587360 175624200
70587360 210944652
70686417 20
70686417 3840
70686417 657863
70686417 681813
70686417 756475
70686417 2729061
70686417 14348594
70686417 16303106
70686417 17595439
71019409 6825792
71019409 16744475
71019409 19337621
71019409 21756999
71019409 33676781
71019409 38059349
71019409 47667972
71019409 69945997
71019409 94311697
71019409 227024319
73731253 63485337
75691167 681813
75691167 1979391
75691167 7753922
75691167 11591662
75691167 13504092
75691167 14199979
75691167 14538254
75691167 15419775
75691167 16792453
75691167 26155776
75691167 39680464
75691167 46002379
75691167 115485051
75691167 117620953
75691167 175624200
77007853 10350
77007853 1405071
77007853 1979391
77007853 2100521
77007853 3039101
77007853 5576542
77007853 6608332
77007853 7860742
77007853 7872262
77007853 11928542
77007853 13504092
77007853 14103291
77007853 14199979
77007853 14224219
77007853 14538254
77007853 15222083
77007853 15234657
77007853 15279452
77007853 15419775
77007853 15472368
77007853 15494342
77007853 16104418
77007853 16303106
77007853 16744475
77007853 16799897
77007853 17872874
77007853 18438362
77007853 18713254
77007853 19382657
77007853 20436922
77007853 22841103
77007853 23238377
77007853 24585498
77007853 31353077
77007853 33868543
77007853 37170886
77007853 40972489
77007853 47667972
77007853 48485771
77007853 63485337
77007853 70587360
77007853 73731253
77007853 90420314
77007853 107336879
77007853 248044499
77007853 360964430
78598588 695463
78598588 7169892
78598588 14051156
78598588 18675183
78598588 18839185
78598588 19337621
78598588 19622462
78598588 19702846
78598588 35827447
78598588 91004913
78598588 91687835
78598588 101838355
78598588 222822892
78598588 421342897
78598588 424280804
79450053 681813
79450053 24585498
79450053 63485337
80782683 681813
80782683 3039101
80782683 39680464
80782683 48485771
82553416 681813
82553416 13504092
82553416 13965842
82553416 14417250
82553416 14538254
82553416 15419775
82553416 15472368
82553416 16792453
82553416 16878507
82553416 18713254
82553416 22981846
82553416 23238377
82553416 24585498
82553416 27531390
82553416 31013971
82553416 37170886
82553416 44244590
82553416 46002379
82553416 115485051
82553416 163374693
83233279 10350
83233279 681813
83233279 2100521
83233279 7860742
83233279 13185852
83233279 14326533
83233279 15234657
83233279 15249156
83233279 16536215
83233279 21681252
83233279 22997147
83233279 24641194
83233279 26281970
83233279 28597237
83233279 31353077
83233279 35012277
83233279 43933017
83233279 60968363
83233279 90420314
84421229 681813
84421229 7860742
84421229 7872262
84421229 17759701
84421229 21681252
84421229 24641194
84421229 28597237
84421229 31353077
84421229 31949053
84421229 43933017
84421229 60968363
84421229 90420314
84421229 90561258
84421229 119228619
86390214 49793
86390214 2384071
86390214 2730791
86390214 6141832
86390214 11388132
86390214 15827269
86390214 20536157
88501703 10350
88501703 15913
88501703 681813
88501703 794186
88501703 14575846
88501703 14589257
88501703 16799897
88501703 18666844
88501703 19049747
88501703 22841103
88501703 22857385
90420314 31353077
90420314 62581962
90420314 115485051
90561258 681813
90561258 7860742
90561258 7872262
90561258 11928542
90561258 14326533
90561258 21681252
90561258 22997147
90561258 24641194
90561258 26033920
90561258 26281970
90561258 31353077
90561258 31949053
90561258 35012277
90561258 43933017
90561258 60968363
90561258 84421229
90561258 90420314
90561258 119228619
90561258 142401418
90561258 375022391
91004913 681813
91004913 7169892
91004913 14051156
91004913 14475298
91004913 15876654
91004913 16744475
91004913 18675183
91004913 19702846
91004913 19738805
91004913 21756999
91004913 28212129
91004913 33676781
91004913 35827447
91004913 38059349
91004913 47667972
91004913 52863920
91004913 69945997
91004913 78598588
91004913 94311697
91004913 163711859
91004913 408556322
91004913 424280804
91687835 681813
91687835 7169892
91687835 16744475
91687835 19337621
91687835 19702846
91687835 21756999
91687835 35827447
91687835 38059349
91687835 78598588
91687835 101838355
91687835 104190515
91687835 222822892
91687835 421342897
93957809 12
93957809 418
93957809 989
93957809 49793
93957809 657863
93957809 749963
93957809 1899161
93957809 6141832
93957809 8161232
93957809 11388132
93957809 14515931
93957809 16303106
93957809 17220934
93957809 17503180
93957809 17595439
93957809 19397785
93957809 20536157
93957809 22255654
93957809 50393960
93957809 115485051
94311697 6825792
94311697 7169892
94311697 17541602
94311697 19702846
94311697 21756999
94311697 71019409
94311697 227024319
96585127 12
96585127 20
96585127 418
96585127 885
96585127 989
96585127 3840
96585127 13348
96585127 49793
96585127 657863
96585127 746323
96585127 814253
96585127 817268
96585127 817288
96585127 824157
96585127 858051
96585127 1000591
96585127 1045751
96585127 1899161
96585127 2384071
96585127 2529971
96585127 2730791
96585127 3829151
96585127 11388132
96585127 14600116
96585127 14761795
96585127 14885549
96585127 15827269
96585127 17503180
96585127 17595439
96585127 20536157
96585127 37570179
96585127 93957809
100133245 18093468
100133245 18571832
100133245 21756999
100133245 22835308
100314530 681813
100314530 1979391
100314530 3359851
100314530 7753922
100314530 14589257
100314530 15234657
100314530 15901190
100314530 16744475
100314530 16792453
100314530 37170886
100314530 39680464
100314530 63485337
100314530 115485051
100314530 175624200
100868651 643653
100868651 2779821
100868651 14075928
100868651 15472368
100868651 18393773
100868651 22413809
100868651 22461427
100868651 24585498
100868651 24852559
101838355 695463
101838355 78598588
101838355 421342897
102647672 821
102647672 13124
102647672 13234
102647672 681813
102647672 2384071
102647672 2729061
102647672 3564041
102647672 9207632
102647672 32491666
102647672 58441079
102903198 10350
102903198 15913
102903198 681813
102903198 794186
102903198 7860742
102903198 9199472
102903198 14326533
102903198 14589257
102903198 15758036
102903198 16536215
102903198 16799897
102903198 16956955
102903198 17759701
102903198 17983020
102903198 18666844
102903198 19049747
102903198 19521118
102903198 20637608
102903198 22857385
102903198 31067157
102903198 31808762
102903198 34170312
102903198 43662236
102903198 88501703
102903198 114563370
102903198 280725732
102903198 363426409
104190515 7169892
104190515 7753922
104190515 19337621
104190515 19702846
104190515 19738805
104190515 21756999
104190515 26778893
104190515 28212129
104190515 35827447
104190515 42584178
104190515 91687835
105382067 10350
105382067 681813
105382067 7860742
105382067 7872262
105382067 13185852
105382067 14326533
105382067 21681252
105382067 24641194
105382067 26281970
105382067 35012277
105382067 43933017
105382067 60968363
105382067 84421229
105382067 90561258
105382067 108719642
105382067 119228619
108719642 10350
108719642 681813
108719642 3359851
108719642 7860742
108719642 7872262
108719642 11856762
108719642 13185852
108719642 14230524
108719642 14326533
108719642 15234657
108719642 15375238
108719642 16744475
108719642 16799897
108719642 21681252
108719642 21756999
108719642 22997147
108719642 24641194
108719642 26281970
108719642 31949053
108719642 35012277
108719642 37170886
108719642 42712551
108719642 43933017
108719642 48485771
108719642 50393960
108719642 60968363
108719642 84421229
108719642 119228619
114563370 15913
114563370 681813
114563370 1405071
114563370 16799897
114563370 18666844
114563370 19049747
114563370 20637608
114563370 31067157
114563370 43662236
114563370 48485771
114563370 50393960
114563370 175624200
114563370 363426409
117620953 681813
117620953 1979391
117620953 7753922
117620953 14538254
117620953 16744475
117620953 16792453
117620953 18713254
117620953 24585498
117620953 26155776
117620953 27531390
117620953 39680464
117620953 44244590
117620953 46002379
117620953 75691167
117620953 115485051
117620953 175624200
119228619 681813
119228619 7753922
119228619 7860742
119228619 7872262
119228619 11928542
119228619 14326533
119228619 14589257
119228619 17759701
119228619 18666844
119228619 19738805
119228619 21681252
119228619 22997147
119228619 24641194
119228619 26033920
119228619 26281970
119228619 43933017
119228619 60968363
119228619 84421229
119228619 90561258
119228619 108719642
119228619 130922325
119228619 375022391
130922325 14348594
130922325 16303106
130922325 16956955
130922325 18393773
130922325 18713254
130922325 19725644
130922325 22461427
130922325 115485051
130922325 288452305
132430765 2426
132430765 2735631
135316691 681813
135316691 1305941
135316691 2100521
135316691 2735631
135316691 9207632
135316691 19725644
142401418 15913
142401418 681813
142401418 2100521
142401418 3359851
142401418 7860742
142401418 11928542
142401418 13058232
142401418 14075928
142401418 14326533
142401418 14589257
142401418 15222083
142401418 16799897
142401418 17759701
142401418 18666844
142401418 26281970
142401418 31353077
142401418 31949053
142401418 48485771
142401418 84421229
144970345 18571832
144970345 270341223
158414847 14348594
158414847 16303106
158414847 130922325
163374693 343773
163374693 681813
163374693 783374
163374693 1979391
163374693 7753922
163374693 8266102
163374693 11591662
163374693 12101862
163374693 13504092
163374693 13965842
163374693 14199979
163374693 14417250
163374693 14475021
163374693 14538254
163374693 15192772
163374693 15414807
163374693 15419775
163374693 15901190
163374693 16792453
163374693 16878507
163374693 19382657
163374693 19414296
163374693 19725644
163374693 26155776
163374693 27531390
163374693 31013971
163374693 31354853
163374693 37170886
163374693 39680464
163374693 44024932
163374693 44244590
163374693 46002379
163374693 75691167
163374693 82553416
163374693 100314530
163374693 115485051
163374693 117620953
163374693 135316691
163374693 175624200
163711859 21756999
163711859 91004913
164569984 658353
164569984 814859
164569984 1405071
164569984 14224219
164569984 18840531
175624200 31067157
210944652 5576542
210944652 7591562
210944652 11928542
210944652 14224219
210944652 15419775
210944652 19725644
210944652 23487429
210944652 63485337
210944652 70587360
210944652 73731253
210944652 175624200
222331074 10350
222331074 11928542
222331074 14224219
222822892 7753922
222822892 35827447
222822892 78598588
222822892 94311697
222822892 101838355
222822892 227024319
227024319 7169892
227024319 21756999
227024319 35827447
227024319 42584178
227024319 71019409
227024319 94311697
227024319 222822892
235023651 681813
235023651 1979391
235023651 7753922
235023651 18571832
235023651 19738805
235023651 30378780
248044499 10350
248044499 1405071
248044499 3359851
248044499 5576542
248044499 6608332
248044499 13461662
248044499 13504092
248044499 14155052
248044499 14199979
248044499 14575846
248044499 15222083
248044499 15419775
248044499 16303106
248044499 16799897
248044499 19414296
248044499 20436922
248044499 24585498
248044499 31353077
248044499 33191389
248044499 63485337
248044499 115485051
248044499 158414847
248044499 360964430
248044499 454340464
259884200 681813
259884200 63485337
270341223 10350
270341223 52953
270341223 784304
270341223 2729061
270341223 4812381
270341223 8076052
270341223 11928542
270341223 12925072
270341223 13058232
270341223 14109995
270341223 14224219
270341223 15463446
270341223 18571832
270341223 18666844
270341223 21198307
270341223 47667972
270341223 70587360
270341223 144970345
270397798 681813
270397798 1979391
270397798 19738805
270397798 19923765
270397798 341198567
273371515 17541602
273371515 19362297
273371515 19702846
273371515 21756999
273371515 35827447
273371515 47667972
280716675 36823
280716675 681813
280725732 10350
280725732 15913
280725732 681813
280725732 7860742
280725732 14589257
280725732 16799897
280725732 16874875
280725732 17759701
280725732 19049747
280725732 24585498
280725732 102903198
288452305 12925072
288452305 13058232
288452305 17220934
288452305 115485051
299779796 681813
299779796 21756999
299779796 33676781
299779796 47667972
311268617 681813
311268617 18093468
311268617 19923765
311268617 22835308
311268617 22997147
311268617 28597237
311268617 31949053
311268617 341198567
341198567 11928542
341198567 16744475
341198567 18571832
341198567 270397798
341198567 311268617
344059195 1405071
344059195 5576542
344059195 23487429
360964430 12513
360964430 16023
360964430 681813
360964430 1405071
360964430 1979391
360964430 3039101
360964430 11591662
360964430 14051156
360964430 14103291
360964430 14199979
360964430 14224219
360964430 14538254
360964430 15279452
360964430 15419775
360964430 16104418
360964430 16303106
360964430 24585498
360964430 30043994
360964430 33191389
360964430 40972489
360964430 70587360
360964430 77007853
360964430 107336879
360964430 115485051
360964430 248044499
363426409 681813
363426409 16102815
363426409 18393773
363426409 20637608
363426409 24585498
363426409 48485771
363426409 63485337
363426409 102903198
375022391 681813
375022391 7860742
375022391 7872262
375022391 19738805
375022391 19923765
375022391 21681252
375022391 21756999
375022391 24641194
375022391 28212129
375022391 31949053
375022391 43933017
375022391 60968363
375022391 84421229
375022391 90561258
375022391 119228619
378223565 12
378223565 989
378223565 3840
378223565 13348
378223565 657863
378223565 6141832
378223565 7040932
378223565 14075928
378223565 20536157
378223565 20609518
378223565 90420314
378223565 93957809
385080494 1979391
385080494 7753922
385080494 11928542
385080494 16744475
385080494 18571832
385080494 19923765
385080494 21756999
385080494 25411611
385080494 28212129
385080494 235023651
421342897 19337621
421342897 21756999
421342897 35827447
421342897 78598588
421342897 91687835
421342897 94311697
421342897 101838355
421342897 104190515
421342897 227024319
421342897 424280804
447278787 8634422
447278787 18571832
447278787 21756999
447278787 22841103
447278787 28212129
447278787 31067157
447278787 35827447
447278787 47667972
447278787 69193714
454340464 12925072
454340464 14155052
454340464 15591032
454340464 16102815
454340464 16874875
