# subgrafo induzido pelos 1000 primeiros vértices de um BFS sem sentido
# dataset: data/raw/twitter_combined.txt
# semente-rng: 2026
# semente: 9487272
# N: 1000
# arestas: 22465
12 295
12 418
12 989
12 1378
12 10350
12 13348
12 36823
12 49793
12 657863
12 691353
12 746323
12 749963
12 1000591
12 2384071
12 2735631
12 6141832
12 6385432
12 6708952
12 7040932
12 8161232
12 12101862
12 14230524
12 14600116
12 14761795
12 15414807
12 16319797
12 17220934
12 17503180
12 17595439
12 18895794
12 19397785
12 20609518
12 22255654
12 31353077
12 37570179
12 42712551
12 50393960
12 62581962
12 115485051
12 288452305
12 378223565
20 295
20 418
20 767
20 885
20 989
20 2426
20 3840
20 5702
20 6140
20 10350
20 36823
20 643653
20 657863
20 749963
20 816532
20 816653
20 817288
20 858051
20 1000591
20 1305941
20 2100521
20 2384071
20 2729061
20 2730791
20 2735591
20 2735631
20 5520332
20 6141832
20 6385432
20 6688272
20 6708952
20 7040932
20 8161232
20 11388132
20 11435642
20 14075928
20 14230524
20 14348594
20 14600116
20 14761795
20 14834340
20 15414807
20 15827269
20 15901190
20 16303106
20 17220934
20 17503180
20 17595439
20 19397785
20 19637934
20 19725644
20 20536157
20 20609518
20 22255654
20 50393960
20 62581962
20 90420314
20 93957809
20 115485051
295 12
295 20
295 418
295 885
295 989
295 1378
295 3840
295 5702
295 36823
295 49793
295 657863
295 749963
295 814253
295 816532
295 816653
295 817288
295 858051
295 1000591
295 2384071
295 2529971
295 2730791
295 6141832
295 6708952
295 8962882
295 9283312
295 9641832
295 11388132
295 11435642
295 14600116
295 14761795
295 15827269
295 16303106
295 17503180
295 17595439
295 20536157
295 22255654
295 37570179
295 93957809
418 12
418 20
418 295
418 885
418 989
418 5702
418 13348
418 16023
418 36823
418 41713
418 657863
418 661403
418 691353
418 814304
418 1000591
418 1305941
418 2529971
418 6141832
418 17503180
418 20536157
418 50393960
418 93957809
633 33633
633 36823
633 681813
633 814859
633 817094
633 930061
633 1133701
633 2729061
633 14230524
633 14550221
633 22184329
633 44652237
765 767
765 6140
765 10350
765 10450
765 13046
765 13234
765 16023
765 36823
765 643653
765 678033
765 681813
765 691353
765 779715
765 2729061
765 6297852
765 6688272
765 7376382
765 7861312
765 14075928
765 14307351
765 14348594
765 24852559
765 115485051
767 12
767 20
767 765
767 3840
767 5702
767 10350
767 10450
767 13046
767 36823
767 49793
767 643653
767 678033
767 681813
767 691353
767 717313
767 732073
767 814253
767 820585
767 858051
767 1000591
767 1113541
767 1424001
767 2384071
767 2729061
767 2730791
767 3829151
767 6141832
767 6297852
767 6688272
767 6708952
767 7376382
767 7861312
767 9207632
767 9283312
767 9641832
767 11435642
767 14075928
767 14199979
767 14224219
767 14274132
767 14307351
767 14329770
767 14348594
767 14600116
767 14834340
767 15085196
767 15827269
767 16356796
767 16956955
767 17595439
767 17709860
767 18393773
767 18713254
767 19725644
767 50393960
767 93957809
767 115485051
821 13124
821 13234
821 48473
821 607793
821 643653
821 691353
821 1113541
821 2384071
821 3564041
821 6889982
821 7564962
821 13860742
821 16181584
821 32491666
821 58441079
821 102647672
821 187512368
885 12
885 20
885 295
885 418
885 989
885 1378
885 3840
885 5702
885 11628
885 13348
885 36823
885 49793
885 657863
885 749963
885 814253
885 816653
885 817288
885 824157
885 858051
885 1000591
885 1899161
885 2384071
885 2529971
885 2730791
885 3829151
885 6141832
885 6708952
885 11388132
885 11435642
885 14600116
885 17503180
885 17595439
885 37570179
989 12
989 20
989 295
989 418
989 885
989 1378
989 2426
989 3840
989 5702
989 10350
989 11628
989 36823
989 49793
989 82243
989 657863
989 691353
989 732073
989 749963
989 814253
989 816653
989 817288
989 824157
989 858051
989 930061
989 1000591
989 1305941
989 1899161
989 2384071
989 2529971
989 2730791
989 3829151
989 6141832
989 6385432
989 8962882
989 9641832
989 10454572
989 11435642
989 14600116
989 14761795
989 14834340
989 15827269
989 17503180
989 17595439
989 22255654
989 37570179
989 93957809
1378 12
1378 20
1378 295
1378 418
1378 767
1378 885
1378 989
1378 2426
1378 3840
1378 5702
1378 11628
1378 13348
1378 36823
1378 49793
1378 657863
1378 746323
1378 749963
1378 814253
1378 816653
1378 817268
1378 817288
1378 824157
1378 858051
1378 1000591
1378 1045751
1378 1899161
1378 2384071
1378 2529971
1378 2730791
1378 3829151
1378 6141832
1378 6708952
1378 8962882
1378 9641832
1378 11388132
1378 11435642
1378 14600116
1378 14761795
1378 14834340
1378 14885549
1378 15827269
1378 17503180
1378 17595439
1378 20536157
1378 22255654
1378 37570179
1378 93957809
2426 20
2426 989
2426 5702
2426 36823
2426 643653
2426 814304
2426 1305941
2426 1919231
2426 2735631
2426 6141832
2426 6297852
2426 6688272
2426 14348594
2426 18393773
2426 19279990
2426 62581962
2426 115485051
2426 132430765
3840 12
3840 20
3840 295
3840 418
3840 765
3840 767
3840 885
3840 989
3840 1378
3840 2426
3840 5702
3840 10350
3840 11628
3840 13348
3840 15913
3840 36823
3840 41713
3840 49793
3840 82243
3840 657863
3840 661403
3840 681813
3840 691353
3840 732073
3840 746323
3840 749963
3840 756475
3840 811350
3840 814253
3840 816532
3840 816653
3840 817268
3840 817288
3840 824157
3840 858051
3840 930061
3840 1000591
3840 1045751
3840 1305941
3840 1899161
3840 2100521
3840 2384071
3840 2529971
3840 2729061
3840 2730791
3840 2735591
3840 3829151
3840 4641021
3840 6141832
3840 6708952
3840 7040932
3840 7434902
3840 7861312
3840 8962882
3840 9283312
3840 9641832
3840 10454572
3840 10671602
3840 11388132
3840 11435642
3840 11928542
3840 12436442
3840 13058232
3840 14075928
3840 14329770
3840 14348594
3840 14575846
3840 14589257
3840 14600116
3840 14761795
3840 14834340
3840 14885549
3840 15827269
3840 15901190
3840 16220934
3840 16303106
3840 17093617
3840 17503180
3840 17595439
3840 18713254
3840 18895794
3840 20273398
3840 20536157
3840 22255654
3840 24166202
3840 50393960
3840 63485337
3840 73731253
3840 90420314
3840 93957809
3840 96585127
3840 115485051
3840 378223565
4816 20
4816 717313
4816 2384071
4816 6141832
4816 14834340
4816 63485337
5702 12
5702 20
5702 418
5702 767
5702 989
5702 2426
5702 11628
5702 36823
5702 49793
5702 657863
5702 691353
5702 930061
5702 1000591
5702 1113541
5702 2384071
5702 2529971
5702 2730791
5702 6141832
5702 11388132
5702 14600116
5702 14761795
5702 15827269
5702 17503180
5702 17595439
5702 93957809
6140 20
6140 765
6140 767
6140 2426
6140 13234
6140 36823
6140 681813
6140 814304
6140 2729061
6140 6297852
6140 7861312
6140 13860742
6140 14075928
6140 14224219
6140 14307351
6140 14348594
6140 15473413
6140 18393773
6140 31353077
10350 12
10350 20
10350 765
10350 767
10350 989
10350 3840
10350 10450
10350 15913
10350 36823
10350 41713
10350 657863
10350 681813
10350 691353
10350 756475
10350 779715
10350 814253
10350 814304
10350 816653
10350 817268
10350 930061
10350 1424001
10350 2100521
10350 2384071
10350 2529971
10350 2735631
10350 3359851
10350 3829151
10350 7040932
10350 7376382
10350 7860742
10350 7861312
10350 7872262
10350 10454572
10350 10671602
10350 14348594
10350 16799897
10350 18393773
10350 18396070
10350 18666844
10350 19637934
10350 22461427
10350 43662236
10350 48485771
10350 50393960
10350 62581962
10350 63485337
10350 90420314
10350 115485051
10350 222331074
10350 248044499
10450 20
10450 765
10450 767
10450 10350
10450 16023
10450 36823
10450 41713
10450 657863
10450 681813
10450 779715
10450 1000591
10450 1424001
10450 2100521
10450 2729061
10450 3829151
10450 7861312
10450 9207632
10450 10454572
10450 15901190
10450 19658826
10450 20609518
10450 115485051
11628 20
11628 418
11628 5702
11628 49793
11628 657863
11628 814304
11628 2384071
11628 6385432
11628 11388132
12513 16023
12513 681813
12513 2384071
12513 63485337
12513 72343437
13040 9207632
13040 14051156
13040 18393773
13046 20
13046 765
13046 767
13046 6140
13046 13234
13046 36823
13046 643653
13046 681813
13046 814304
13046 2729061
13046 2735631
13046 6297852
13046 13860742
13046 14075928
13046 14348594
13046 15473413
13046 62581962
13124 821
13124 13234
13124 607793
13124 1113541
13124 2384071
13124 2729061
13124 15341629
13124 32491666
13124 58441079
13234 20
13234 765
13234 767
13234 821
13234 2426
13234 6140
13234 13046
13234 13124
13234 36823
13234 607793
13234 678033
13234 681813
13234 691353
13234 1113541
13234 1405071
13234 2384071
13234 2729061
13234 6297852
13234 6451032
13234 6825792
13234 14348594
13234 14538254
13234 17634892
13234 22525751
13234 32491666
13234 58441079
13234 62581962
13234 187512368
13348 12
13348 20
13348 295
13348 418
13348 767
13348 885
13348 989
13348 1378
13348 2426
13348 3840
13348 4816
13348 5702
13348 10350
13348 11628
13348 15913
13348 36823
13348 49793
13348 82243
13348 657863
13348 661403
13348 717313
13348 732073
13348 746323
13348 749963
13348 784304
13348 814253
13348 814304
13348 816532
13348 816653
13348 817268
13348 817288
13348 824157
13348 858051
13348 930061
13348 1000591
13348 1045751
13348 1305941
13348 1899161
13348 2384071
13348 2529971
13348 2730791
13348 2735591
13348 3359851
13348 3829151
13348 4641021
13348 6141832
13348 6297852
13348 6708952
13348 7040932
13348 7861312
13348 8962882
13348 9283312
13348 9641832
13348 10454572
13348 10671602
13348 11388132
13348 11435642
13348 11928542
13348 13058232
13348 14075928
13348 14329770
13348 14348594
13348 14600116
13348 14761795
13348 14834340
13348 14885549
13348 15234657
13348 15827269
13348 16303106
13348 17093617
13348 17220934
13348 17503180
13348 17595439
13348 18204778
13348 18393773
13348 18396070
13348 18666844
13348 18895794
13348 19637934
13348 20536157
13348 22255654
13348 22841103
13348 28917111
13348 37570179
13348 50393960
13348 63485337
13348 86390214
13348 93957809
13348 115485051
15913 10350
15913 7861312
16023 10450
16023 12513
16023 36823
16023 661403
16023 681813
16023 691353
16023 1405071
16023 1979391
16023 2384071
16023 3039101
16023 4213251
16023 6814562
16023 8938362
16023 14538254
16023 19750276
16023 20609518
16023 42332035
16023 107336879
16023 360964430
36823 12
36823 20
36823 418
36823 633
36823 767
36823 989
36823 2426
36823 3840
36823 5702
36823 6140
36823 13348
36823 16023
36823 41713
36823 657863
36823 661403
36823 681813
36823 691353
36823 732073
36823 749963
36823 814253
36823 820585
36823 824157
36823 858051
36823 930061
36823 1000591
36823 1305941
36823 2384071
36823 2529971
36823 2729061
36823 2730791
36823 3829151
36823 6141832
36823 6385432
36823 7591562
36823 10454572
36823 11435642
36823 14199979
36823 14550221
36823 14600116
36823 14714825
36823 14834340
36823 17503180
36823 17595439
36823 50393960
36823 93957809
36823 115485051
36823 132430765
41713 20
41713 418
41713 765
41713 3840
41713 10350
41713 10450
41713 16023
41713 36823
41713 661403
41713 681813
41713 691353
41713 732073
41713 811350
41713 817288
41713 1000591
41713 1305941
41713 1424001
41713 2529971
41713 2735631
41713 7861312
41713 10454572
41713 14075928
41713 14348594
41713 15301803
48473 821
48473 1113541
48473 5281191
48473 6347872
48473 6825792
48473 15085196
48473 29941998
48473 32491666
48473 187512368
49793 12
49793 20
49793 418
49793 767
49793 989
49793 3840
49793 5702
49793 11628
49793 13348
49793 657863
49793 681813
49793 746323
49793 749963
49793 814253
49793 858051
49793 1000591
49793 2384071
49793 2529971
49793 2730791
49793 6141832
49793 6385432
49793 7040932
49793 8161232
49793 8962882
49793 11388132
49793 14600116
49793 14761795
49793 14834340
49793 14945780
49793 17220934
49793 17503180
49793 19397785
49793 37570179
49793 50393960
49793 86390214
49793 115485051
49793 288452305
49793 378223565
52953 10350
52953 16023
52953 681813
52953 784304
52953 1979391
52953 3039101
52953 4213251
52953 5520332
52953 6814562
52953 7861312
52953 8076052
52953 9976962
52953 14222507
52953 14224219
52953 14439553
52953 14538254
52953 15230887
52953 18226924
52953 18396070
52953 18438362
52953 18571832
52953 18895794
52953 19157786
52953 19418918
52953 19750276
52953 22213896
52953 22588936
52953 27097871
52953 27789466
52953 29030126
52953 29748191
52953 30322151
52953 30681238
52953 33868543
52953 33977772
52953 39680464
52953 40714864
52953 42332035
52953 44024932
52953 59397650
52953 66988729
52953 70587360
52953 77007853
52953 119863220
52953 147629963
52953 158103356
52953 158500408
52953 163919220
52953 328246844
71713 1054621
71713 5576542
71713 14197132
71713 14224219
71713 15135874
71713 15861559
71713 15862493
71713 18438362
71713 25732138
71713 44652237
71713 57903424
71713 60402167
71713 62613968
79043 12588172
79043 14498968
79043 16744475
79043 21756999
79043 28212129
79043 35827447
82243 12
82243 20
82243 418
82243 989
82243 3840
82243 5702
82243 13348
82243 49793
82243 657863
82243 749963
82243 814859
82243 816653
82243 1000591
82243 2384071
82243 2729061
82243 2730791
82243 6141832
82243 11388132
82243 11435642
82243 14761795
82243 14834340
82243 15827269
82243 15861559
82243 16181584
82243 17503180
82243 17872874
82243 20536157
82243 37570179
82243 93957809
105223 13234
105223 681813
105223 767334
105223 1979391
105223 3039101
105223 6825792
105223 7753922
105223 9487272
105223 13629522
105223 14155052
105223 14326533
105223 14475298
105223 14496538
105223 14538254
105223 14961234
105223 16744475
105223 16799897
105223 17541602
105223 18184416
105223 19738805
105223 19828067
105223 21756999
105223 22525751
105223 24585498
105223 35827447
105223 47667972
105223 70587360
111743 12
111743 20
111743 418
111743 885
111743 989
111743 13348
111743 36823
111743 49793
111743 82243
111743 657863
111743 746323
111743 814253
111743 816653
111743 817268
111743 817288
111743 824157
111743 858051
111743 1000591
111743 1045751
111743 2384071
111743 2730791
111743 3829151
111743 6141832
111743 6708952
111743 8962882
111743 11388132
111743 11435642
111743 14600116
111743 14834340
111743 14885549
111743 17503180
111743 20536157
111743 22255654
111743 93957809
343773 681813
343773 1979391
343773 13965842
343773 14417250
343773 14433905
343773 16555627
343773 16878507
343773 26155776
343773 27531390
343773 30957246
343773 31013971
343773 39680464
343773 44244590
343773 58401280
343773 82553416
343773 115485051
343773 161678121
643653 20
643653 765
643653 767
643653 821
643653 2426
643653 13124
643653 36823
643653 1113541
643653 2729061
643653 2779821
643653 3564041
643653 6297852
643653 6688272
643653 6889982
643653 7564962
643653 14224219
643653 15279452
643653 15473413
643653 22413809
643653 24852559
643653 58441079
643653 90420314
643653 100868651
643653 174958347
657863 12
657863 20
657863 418
657863 989
657863 3840
657863 5702
657863 10350
657863 10450
657863 11628
657863 13348
657863 36823
657863 49793
657863 691353
657863 749963
657863 814304
657863 817288
657863 818340
657863 930061
657863 1000591
657863 1305941
657863 2384071
657863 3829151
657863 4641021
657863 6385432
657863 6708952
657863 7040932
657863 14600116
657863 14761795
657863 15901190
657863 16102815
657863 17220934
657863 17503180
657863 17595439
657863 18396070
657863 20536157
657863 20609518
657863 22255654
657863 37570179
657863 42712551
657863 50393960
657863 93957809
657863 115485051
657863 378223565
658353 13234
658353 1405071
658353 4838281
658353 5576542
658353 6144362
658353 6825792
658353 14103291
658353 14224219
658353 14242872
658353 14284668
658353 14379148
658353 14538254
658353 15292070
658353 15418343
658353 15472368
658353 16104418
658353 17634892
658353 18600956
658353 18812947
658353 18933499
658353 19102458
658353 21039860
658353 23238377
658353 23487429
658353 24585498
658353 29756727
658353 32387419
658353 33868543
658353 35604279
658353 44024932
658353 47273526
658353 56927820
658353 70587360
658353 74262901
658353 100022264
658353 105880821
658353 111492860
658353 118279350
658353 118505994
658353 155688134
658353 163556820
658353 168865827
658353 174958347
658353 212880848
658353 224896214
658353 264348615
658353 290879947
658353 357509021
658353 386697756
658353 539367183
661403 418
661403 767
661403 13348
661403 36823
661403 681813
661403 691353
661403 814304
661403 930061
661403 1000591
661403 2729061
661403 6141832
661403 7861312
661403 14834340
661403 17093617
661403 17595439
661403 37570179
661403 174958347
678033 20
678033 765
678033 767
678033 2426
678033 6140
678033 13046
678033 13234
678033 681813
678033 814304
678033 2729061
678033 2735631
678033 14348594
678033 16356796
678033 16956955
678033 18393773
678033 22525751
678033 62581962
678033 280716675
681813 633
681813 767
681813 821
681813 6140
681813 13046
681813 13124
681813 33633
681813 36823
681813 105223
681813 661403
681813 756475
681813 783374
681813 814304
681813 814859
681813 1305941
681813 1405071
681813 3564041
681813 6297852
681813 6347872
681813 6727802
681813 6825792
681813 7331992
681813 8304842
681813 8938362
681813 9207632
681813 14100903
681813 14199979
681813 14223960
681813 14230524
681813 15249156
681813 16356796
681813 16744475
681813 19637934
681813 19923765
681813 20609518
681813 24585498
681813 26281970
681813 31353077
681813 33191389
681813 39680464
681813 42712551
681813 43822174
681813 44652237
681813 90420314
681813 164569984
681813 360964430
691353 12
691353 765
691353 767
691353 989
691353 5702
691353 10350
691353 13124
691353 13234
691353 16023
691353 36823
691353 657863
691353 681813
691353 749963
691353 816653
691353 820585
691353 1000591
691353 1113541
691353 2384071
691353 2729061
691353 11388132
691353 14274132
691353 15085196
691353 37570179
691353 50393960
695463 105223
695463 681813
695463 701163
695463 767334
695463 1979391
695463 3039101
695463 4622401
695463 6825792
695463 7651042
695463 7753922
695463 7765612
695463 12729412
695463 14051156
695463 14475298
695463 14496538
695463 14538254
695463 18939374
695463 19702846
695463 19738805
695463 19828067
695463 28212129
695463 35827447
701163 18184416
717313 4816
717313 36823
717313 732073
717313 817268
717313 11388132
717313 17093617
732073 767
732073 2426
732073 36823
732073 817268
732073 817288
732073 824157
732073 1000591
732073 1305941
732073 2100521
732073 2384071
732073 2730791
732073 2735631
732073 3829151
732073 6141832
732073 6688272
732073 9283312
732073 13356642
732073 13461662
732073 14224219
732073 14329770
732073 14348594
732073 14691709
732073 14882389
732073 16193325
732073 16358416
732073 16799897
732073 17595439
732073 18762284
732073 18933499
732073 19785044
732073 33191389
732073 35066483
732073 135316691
734343 633
734343 36823
734343 681813
734343 930061
746323 12
746323 20
746323 295
746323 418
746323 767
746323 885
746323 989
746323 1378
746323 3840
746323 5702
746323 10350
746323 11628
746323 13348
746323 36823
746323 49793
746323 82243
746323 111743
746323 657863
746323 749963
746323 814253
746323 814304
746323 816532
746323 816653
746323 817288
746323 824157
746323 858051
746323 930061
746323 1000591
746323 1045751
746323 1305941
746323 2384071
746323 2529971
746323 2730791
746323 3829151
746323 4641021
746323 6141832
746323 6385432
746323 6708952
746323 8962882
746323 9641832
746323 11388132
746323 11435642
746323 12436442
746323 14600116
746323 14761795
746323 14834340
746323 15208246
746323 17503180
746323 17595439
746323 18204778
746323 20536157
746323 37570179
746323 50393960
749963 12
749963 20
749963 295
749963 885
749963 1378
749963 36823
749963 49793
749963 82243
749963 691353
749963 2384071
749963 2730791
749963 6141832
749963 6708952
749963 11388132
749963 11435642
749963 14600116
749963 14761795
749963 14834340
749963 15827269
749963 17595439
749963 50393960
749963 93957809
756475 681813
756475 930061
756475 1113541
756475 2729061
756475 7861312
756475 10454572
756475 14348594
756475 15249156
756475 16356796
756475 17595439
765285 71713
765285 14224219
765285 15135874
765285 15861559
765285 15862493
765285 17872874
765285 25732138
765285 37170886
765285 44652237
765285 58441079
765285 60402167
767334 105223
767334 681813
767334 695463
767334 4622401
767334 6825792
767334 7753922
767334 12729412
767334 14051156
767334 14475298
767334 14496538
767334 16744475
767334 19738805
767334 19828067
767334 21756999
767334 33676781
767334 35827447
778518 790036
778518 5576542
778518 14224219
778518 14592925
778518 15192772
778518 15938093
778518 18024109
778518 18438362
778518 18600956
778518 24422716
778518 28851186
778518 29756727
778518 46426258
778518 70587360
778518 73731253
778518 111492860
778518 118505994
778518 485197487
779715 765
779715 767
779715 10350
779715 10450
779715 1424001
779715 6297852
779715 6825792
783374 681813
783374 1570481
783374 1979391
783374 6479622
783374 8151822
783374 10117562
783374 12101862
783374 13965842
783374 14475021
783374 14538254
783374 15852140
783374 15860867
783374 26155776
783374 28536332
783374 28734673
783374 31354853
783374 38292889
783374 39680464
783374 45229371
783374 46002379
783374 135316691
783374 220521282
783374 232430517
784304 20
784304 10350
784304 13348
784304 52953
784304 6141832
784304 8925602
784304 11435642
784304 12925072
784304 13058232
784304 14224219
784304 17093617
785766 6144362
785766 6825792
790036 1919231
790036 5576542
790036 14103291
790036 14224219
790036 14592925
790036 14679475
790036 15419775
790036 15938093
790036 18024109
790036 18229027
790036 18812947
790036 24422716
790036 29756727
790036 43164252
790036 47273526
790036 70587360
790036 73731253
790036 118505994
790036 295913885
790036 485197487
794186 681813
794186 7860742
794186 9199472
794186 16799897
794186 22857385
794186 31067157
811350 989
811350 3840
811350 681813
811350 816653
811350 1424001
811350 7331992
811350 7861312
811350 10454572
811350 14348594
811350 15901190
811350 16303106
811350 17595439
811350 19279990
811350 63485337
811350 96848570
814253 12
814253 20
814253 295
814253 418
814253 767
814253 885
814253 989
814253 1378
814253 3840
814253 5702
814253 10350
814253 11628
814253 13348
814253 36823
814253 49793
814253 657863
814253 746323
814253 749963
814253 816653
814253 817268
814253 817288
814253 824157
814253 858051
814253 1000591
814253 1899161
814253 2100521
814253 2384071
814253 2529971
814253 2730791
814253 3829151
814253 6141832
814253 11388132
814253 11435642
814253 14600116
814253 14761795
814253 15827269
814253 17503180
814253 17595439
814253 18396070
814253 20536157
814253 22255654
814253 93957809
814304 20
814304 418
814304 2426
814304 6140
814304 10350
814304 11628
814304 13046
814304 657863
814304 681813
814304 2384071
814304 8161232
814304 13860742
814304 19725644
814859 633
814859 33633
814859 82243
814859 681813
814859 2729061
814859 15861559
814859 18840531
816532 12
816532 20
816532 295
816532 418
816532 989
816532 2426
816532 3840
816532 5702
816532 13348
816532 49793
816532 746323
816532 749963
816532 816653
816532 817288
816532 1000591
816532 1045751
816532 2384071
816532 2529971
816532 2730791
816532 6141832
816532 6708952
816532 8962882
816532 9641832
816532 11388132
816532 14600116
816532 14761795
816532 17503180
816532 17595439
816532 22255654
816653 12
816653 20
816653 295
816653 767
816653 885
816653 989
816653 1378
816653 3840
816653 10350
816653 13348
816653 36823
816653 657863
816653 691353
816653 746323
816653 814253
816653 817288
816653 818340
816653 824157
816653 858051
816653 1000591
816653 1899161
816653 2384071
816653 4641021
816653 6141832
816653 6708952
816653 11435642
816653 14348594
816653 15827269
816653 17503180
816653 19397785
816653 37570179
816653 93957809
817094 633
817094 681813
817094 814859
817094 8627002
817268 12
817268 20
817268 295
817268 418
817268 767
817268 885
817268 989
817268 1378
817268 2426
817268 3840
817268 5702
817268 10350
817268 13348
817268 36823
817268 49793
817268 657863
817268 661403
817268 717313
817268 732073
817268 749963
817268 784304
817268 814253
817268 814304
817268 816653
817268 817288
817268 824157
817268 858051
817268 930061
817268 1000591
817268 1045751
817268 1305941
817268 1899161
817268 2384071
817268 2529971
817268 2730791
817268 2735591
817268 3829151
817268 6141832
817268 6708952
817268 8962882
817268 9641832
817268 10454572
817268 11388132
817268 11435642
817268 14199979
817268 14329770
817268 14348594
817268 14600116
817268 14761795
817268 14834340
817268 15827269
817268 17093617
817268 17503180
817268 17595439
817268 18204778
817268 18393773
817268 18396070
817268 19637934
817268 20536157
817268 21224587
817268 22255654
817268 37570179
817268 50393960
817268 90420314
817268 93957809
817288 12
817288 20
817288 295
817288 418
817288 767
817288 885
817288 989
817288 1378
817288 2426
817288 3840
817288 5702
817288 10350
817288 11628
817288 13348
817288 16023
817288 36823
817288 41713
817288 49793
817288 82243
817288 657863
817288 691353
817288 732073
817288 746323
817288 749963
817288 814253
817288 816532
817288 816653
817288 817268
817288 818340
817288 824157
817288 858051
817288 930061
817288 1000591
817288 1045751
817288 1305941
817288 1899161
817288 2384071
817288 2529971
817288 2730791
817288 3829151
817288 6141832
817288 6708952
817288 8962882
817288 9283312
817288 9641832
817288 11388132
817288 11435642
817288 14600116
817288 14761795
817288 14834340
817288 14885549
817288 15208246
817288 15827269
817288 16303106
817288 17503180
817288 17595439
817288 20536157
817288 22255654
817288 37570179
817288 50393960
817288 86390214
817288 93957809
817288 115485051
818340 12
818340 20
818340 49793
818340 816653
818340 817288
818340 930061
818340 1000591
818340 2384071
818340 2529971
818340 2735591
818340 4641021
818340 6385432
818340 6708952
818340 7040932
818340 8161232
818340 14761795
818340 16303106
818340 17220934
818340 19397785
818340 20536157
818340 20609518
818340 42712551
818340 50393960
818340 90420314
818340 93957809
818340 115485051
818340 288452305
820025 681813
820025 695463
820025 1979391
820025 6825792
820025 7753922
820025 17541602
820025 19702846
820025 19738805
820025 21756999
820025 35827447
820025 42584178
820025 47667972
820025 52863920
820025 222822892
820585 767
820585 36823
820585 657863
820585 681813
820585 691353
820585 816653
820585 1113541
820585 1468401
820585 2384071
820585 2729061
820585 2735591
820585 3829151
820585 9207632
820585 13860742
820585 14274132
820585 15085196
820585 18393773
820585 19397785
820585 19725644
820585 32491666
824157 12
824157 20
824157 295
824157 418
824157 885
824157 989
824157 1378
824157 3840
824157 5702
824157 11628
824157 13348
824157 36823
824157 49793
824157 657863
824157 732073
824157 746323
824157 749963
824157 814253
824157 814304
824157 817268
824157 817288
824157 858051
824157 1000591
824157 1045751
824157 1899161
824157 2384071
824157 2529971
824157 2730791
824157 3829151
824157 6141832
824157 9641832
824157 11388132
824157 11435642
824157 14600116
824157 14714825
824157 14761795
824157 14834340
824157 15827269
824157 17503180
824157 17595439
824157 20536157
824157 22255654
824157 37570179
824157 93957809
858051 12
858051 20
858051 418
858051 767
858051 885
858051 989
858051 3840
858051 5702
858051 11628
858051 13348
858051 36823
858051 49793
858051 82243
858051 657863
858051 746323
858051 814253
858051 816653
858051 817268
858051 817288
858051 824157
858051 930061
858051 1000591
858051 1305941
858051 2384071
858051 2529971
858051 2730791
858051 3829151
858051 4641021
858051 6141832
858051 6385432
858051 6708952
858051 8962882
858051 9283312
858051 9641832
858051 10454572
858051 11388132
858051 11435642
858051 14329770
858051 14600116
858051 14761795
858051 14834340
858051 15208246
858051 15827269
858051 17093617
858051 17220934
858051 17503180
858051 18204778
858051 20536157
858051 22255654
858051 37570179
858051 50393960
858051 86390214
858051 93957809
925161 633
925161 681813
925161 6249592
925161 14475298
925161 44652237
925161 164569984
930061 12
930061 20
930061 633
930061 989
930061 5702
930061 10350
930061 36823
930061 41713
930061 657863
930061 661403
930061 681813
930061 756475
930061 811350
930061 858051
930061 1133701
930061 1305941
930061 2100521
930061 2384071
930061 2729061
930061 3829151
930061 4641021
930061 6141832
930061 7861312
930061 11435642
930061 14230524
930061 14348594
930061 14515931
930061 14834340
930061 15249156
930061 16356796
930061 18396070
930061 20536157
930061 31353077
930061 50393960
930061 115485051
945911 12729412
945911 19701173
945911 26204177
1000591 12
1000591 20
1000591 295
1000591 418
1000591 767
1000591 989
1000591 1378
1000591 3840
1000591 5702
1000591 13348
1000591 41713
1000591 691353
1000591 746323
1000591 816653
1000591 817288
1000591 824157
1000591 858051
1000591 1305941
1000591 2384071
1000591 2529971
1000591 2730791
1000591 4641021
1000591 5520332
1000591 6141832
1000591 6385432
1000591 6708952
1000591 7040932
1000591 8962882
1000591 9641832
1000591 11388132
1000591 11435642
1000591 14600116
1000591 14761795
1000591 15827269
1000591 17503180
1000591 17595439
1000591 22255654
1000591 37570179
1000591 50393960
1000591 115485051
1045751 12
1045751 295
1045751 989
1045751 5702
1045751 36823
1045751 49793
1045751 749963
1045751 816532
1045751 816653
1045751 817268
1045751 817288
1045751 824157
1045751 858051
1045751 1000591
1045751 2529971
1045751 2730791
1045751 3829151
1045751 6708952
1045751 8962882
1045751 11388132
1045751 11435642
1045751 14600116
1045751 14714825
1045751 14761795
1045751 14834340
1045751 14885549
1045751 15827269
1045751 17503180
1045751 20536157
1045751 22255654
1045751 37570179
1045751 93957809
1053221 3415861
1053221 16741826
1053221 16744475
1053221 19735121
1053221 47667972
1054621 71713
1054621 58441079
1070541 1979391
1070541 14538254
1070541 15901190
1070541 18599061
1070541 21709230
1070541 27531390
1070541 39680464
1070541 118921133
1070541 123439064
1070541 151667946
1070541 175624200
1070541 184146952
1070541 232430517
1070541 243293725
1070541 243514133
1133701 633
1133701 681813
1133701 930061
1133701 9199472
1133701 10155272
1133701 10671602
1133701 14199979
1133701 15503224
1305941 20
1305941 418
1305941 2426
1305941 36823
1305941 41713
1305941 661403
1305941 732073
1305941 930061
1305941 2735631
1305941 14348594
1405071 13234
1405071 16023
1405071 52953
1405071 658353
1405071 681813
1405071 1979391
1405071 3039101
1405071 3828311
1405071 4058321
1405071 4213251
1405071 4838281
1405071 5576542
1405071 5603992
1405071 6451032
1405071 6608332
1405071 6825792
1405071 7331992
1405071 8768832
1405071 9207632
1405071 11591662
1405071 12925072
1405071 13282032
1405071 13461662
1405071 13504092
1405071 14051156
1405071 14103291
1405071 14137885
1405071 14165300
1405071 14197132
1405071 14199979
1405071 14202579
1405071 14224219
1405071 14337677
1405071 14475298
1405071 14476063
1405071 14538254
1405071 15176366
1405071 15222083
1405071 15418343
1405071 15419775
1405071 15865172
1405071 15901190
1405071 16104418
1405071 16181584
1405071 16792453
1405071 16799897
1405071 17064600
1405071 17206070
1405071 17634892
1405071 18024109
1405071 18148724
1405071 18173725
1405071 18229027
1405071 18438362
1405071 18787854
1405071 18812947
1405071 18933499
1405071 19102458
1405071 19287097
1405071 19575980
1405071 19582372
1405071 19622462
1405071 19750276
1405071 19923765
1405071 20436922
1405071 20703666
1405071 21056214
1405071 21220972
1405071 21224587
1405071 21505330
1405071 21920573
1405071 21959765
1405071 22525751
1405071 22556717
1405071 22997147
1405071 23238377
1405071 23487429
1405071 23713482
1405071 23990894
1405071 24422716
1405071 24585498
1405071 25904310
1405071 27938549
1405071 29293260
1405071 29338393
1405071 29634406
1405071 31067157
1405071 31354853
1405071 33191389
1405071 35066483
1405071 35604279
1405071 36457353
1405071 37729461
1405071 38138597
1405071 38318973
1405071 38741927
1405071 39680464
1405071 39919140
1405071 40972489
1405071 42332035
1405071 42629821
1405071 44024932
1405071 45784061
1405071 46426258
1405071 46722097
1405071 47207321
1405071 47273526
1405071 48485771
1405071 53789489
1405071 62613968
1405071 63485337
1405071 64776896
1405071 70587360
1405071 73731253
1405071 74262901
1405071 74903868
1405071 75783213
1405071 77007853
1405071 77059348
1405071 78993414
1405071 81407491
1405071 84670801
1405071 89768201
1405071 98795912
1405071 104268834
1405071 105880821
1405071 107336879
1405071 111492860
1405071 112075585
1405071 115216851
1405071 118921133
1405071 118975055
1405071 163556820
1405071 164569984
1405071 174958347
1405071 191790175
1405071 239648605
1405071 247343656
1405071 248044499
1405071 269385024
1405071 282704498
1405071 290879947
1405071 309605958
1405071 344059195
1405071 360964430
1405071 386697756
1405071 511121728
1424001 767
1424001 10450
1424001 661403
1424001 681813
1424001 811350
1424001 1305941
1424001 2729061
1424001 10454572
1562791 1405071
1562791 5576542
1562791 6825792
1562791 13504092
1562791 14224219
1562791 14538254
1562791 15418343
1562791 15472368
1562791 16104418
1562791 16792453
1562791 17064600
1562791 18812947
1562791 18933499
1562791 20436922
1562791 23238377
1562791 23487429
1562791 24585498
1562791 29338393
1562791 39394932
1562791 44024932
1562791 47273526
1562791 53789489
1562791 70587360
1562791 84670801
1562791 89052026
1562791 93969417
1562791 98795912
1562791 174958347
1570481 783374
1570481 1979391
1570481 13965842
1570481 14475021
1570481 15860867
1570481 45229371
1570481 220521282
1899161 12
1899161 20
1899161 295
1899161 418
1899161 767
1899161 885
1899161 989
1899161 1378
1899161 3840
1899161 5702
1899161 11628
1899161 13348
1899161 36823
1899161 49793
1899161 82243
1899161 657863
1899161 746323
1899161 749963
1899161 814253
1899161 816653
1899161 817268
1899161 817288
1899161 824157
1899161 858051
1899161 1000591
1899161 1045751
1899161 2384071
1899161 2529971
1899161 2730791
1899161 3829151
1899161 6141832
1899161 6708952
1899161 8962882
1899161 9641832
1899161 11388132
1899161 11435642
1899161 14329770
1899161 14600116
1899161 14761795
1899161 14834340
1899161 14885549
1899161 15827269
1899161 17093617
1899161 17503180
1899161 17595439
1899161 20536157
1899161 22255654
1899161 37570179
1899161 93957809
1919231 2426
1919231 2735631
1919231 6688272
1919231 14103291
1919231 18812947
1919231 24585498
1919231 115485051
1919231 129699446
1919231 174958347
1979391 29395230
2100521 10350
2100521 732073
2100521 2735631
2100521 7861312
2100521 14348594
2100521 16956955
2100521 18393773
2100521 22461427
2319611 1979391
2319611 11591662
2319611 15414807
2319611 19725644
2319611 26155776
2319611 27054163
2319611 29395230
2319611 39680464
2319611 118975055
2319611 175624200
2319611 243293725
2384071 12
2384071 20
2384071 418
2384071 821
2384071 1378
2384071 3840
2384071 5702
2384071 10350
2384071 11628
2384071 12513
2384071 13124
2384071 13234
2384071 13348
2384071 16023
2384071 36823
2384071 49793
2384071 691353
2384071 717313
2384071 749963
2384071 814253
2384071 814304
2384071 816653
2384071 817288
2384071 818340
2384071 820585
2384071 858051
2384071 930061
2384071 1000591
2384071 1113541
2384071 1979391
2384071 2729061
2384071 2730791
2384071 3829151
2384071 4641021
2384071 6141832
2384071 6297852
2384071 6385432
2384071 6708952
2384071 7040932
2384071 9207632
2384071 9641832
2384071 11388132
2384071 14274132
2384071 14600116
2384071 14761795
2384071 14834340
2384071 15414807
2384071 15827269
2384071 17503180
2384071 17595439
2384071 18393773
2384071 19725644
2384071 20711514
2384071 50393960
2384071 93957809
2529971 20
2529971 295
2529971 418
2529971 989
2529971 3840
2529971 5702
2529971 10350
2529971 13348
2529971 36823
2529971 816653
2529971 817288
2529971 818340
2529971 824157
2529971 858051
2529971 1000591
2529971 2384071
2529971 4641021
2529971 14834340
2529971 17595439
2529971 37570179
2529971 115485051
2729061 20
2729061 633
2729061 765
2729061 767
2729061 821
2729061 989
2729061 6140
2729061 13124
2729061 13234
2729061 33633
2729061 36823
2729061 643653
2729061 657863
2729061 661403
2729061 678033
2729061 681813
2729061 691353
2729061 756475
2729061 814859
2729061 1113541
2729061 1305941
2729061 2100521
2729061 2384071
2729061 3564041
2729061 6297852
2729061 6688272
2729061 7564962
2729061 9207632
2729061 14190551
2729061 14223960
2729061 14224219
2729061 14274132
2729061 14307351
2729061 14348594
2729061 15862493
2729061 16356796
2729061 17595439
2729061 18393773
2729061 18840531
2729061 22413809
2729061 22525751
2729061 43822174
2729061 44652237
2729061 164569984
2730791 20
2730791 295
2730791 767
2730791 885
2730791 989
2730791 5702
2730791 36823
2730791 49793
2730791 816653
2730791 858051
2730791 1000591
2730791 1899161
2730791 2384071
2730791 2529971
2730791 6141832
2730791 6708952
2730791 8962882
2730791 11388132
2730791 14600116
2730791 14761795
2730791 14834340
2730791 15827269
2730791 17503180
2730791 17595439
2730791 20536157
2730791 22255654
2735591 12
2735591 20
2735591 767
2735591 3840
2735591 10350
2735591 13348
2735591 15913
2735591 36823
2735591 49793
2735591 657863
2735591 681813
2735591 717313
2735591 784304
2735591 816653
2735591 817268
2735591 818340
2735591 820585
2735591 1000591
2735591 2100521
2735591 2384071
2735591 3829151
2735591 4641021
2735591 6141832
2735591 6297852
2735591 6385432
2735591 6708952
2735591 7040932
2735591 7861312
2735591 7872262
2735591 8161232
2735591 10454572
2735591 11435642
2735591 14199979
2735591 14348594
2735591 14761795
2735591 17093617
2735591 17503180
2735591 18393773
2735591 19397785
2735591 19637934
2735591 20536157
2735591 31353077
2735591 50393960
2735591 93957809
2735591 115485051
2735631 732073
2735631 1305941
2735631 1919231
2735631 2100521
2735631 14348594
2735631 16956955
2735631 135316691
2779821 643653
2779821 14348594
2779821 15279452
2779821 15472368
2779821 16799897
2779821 16956955
2779821 22413809
2779821 24585498
2779821 100868651
2779821 174958347
3039101 16023
3039101 681813
3039101 695463
3039101 1405071
3039101 4213251
3039101 6825792
3039101 7765612
3039101 8370792
3039101 8938362
3039101 11856762
3039101 13504092
3039101 14195122
3039101 14199979
3039101 14906265
3039101 15414807
3039101 15962096
3039101 16741826
3039101 18173725
3039101 19738805
3039101 28212129
3039101 29748191
3039101 38741927
3039101 42332035
3039101 63485337
3039101 77007853
3039101 96848570
3039101 250746940
3245291 633
3245291 33633
3245291 36823
3245291 343773
3245291 681813
3245291 734343
3245291 814859
3245291 817094
3245291 925161
3245291 930061
3245291 1133701
3245291 2729061
3245291 6249592
3245291 6608332
3245291 6742522
3245291 6889982
3245291 7591562
3245291 8304842
3245291 8488242
3245291 8627002
3245291 9199472
3245291 10155272
3245291 10671602
3245291 13504092
3245291 14199979
3245291 14230524
3245291 14475298
3245291 14550221
3245291 14882389
3245291 15222083
3245291 15462317
3245291 15503224
3245291 16181584
3245291 17082401
3245291 18438362
3245291 18840531
3245291 19785044
3245291 21224587
3245291 22184329
3245291 22857385
3245291 28192145
3245291 29006114
3245291 30816874
3245291 42712551
3245291 44652237
3245291 126042901
3245291 164569984
3245291 248044499
3245291 325966297
3359851 12
3359851 20
3359851 10350
3359851 13348
3359851 15913
3359851 657863
3359851 681813
3359851 816653
3359851 2384071
3359851 3245291
3359851 3829151
3359851 5413042
3359851 6297852
3359851 6608332
3359851 7065942
3359851 7331992
3359851 7376382
3359851 7434902
3359851 7565302
3359851 7573752
3359851 7591562
3359851 7710472
3359851 7860742
3359851 7861312
3359851 7872262
3359851 8146732
3359851 10671602
3359851 11167502
3359851 11928542
3359851 12925072
3359851 13058232
3359851 13185852
3359851 13356642
3359851 13461662
3359851 14155052
3359851 14168488
3359851 14199979
3359851 14224219
3359851 14326533
3359851 14348594
3359851 14412605
3359851 14496538
3359851 14575846
3359851 14589257
3359851 14691709
3359851 15222083
3359851 15234657
3359851 15279452
3359851 15410758
3359851 15494342
3359851 15578992
3359851 15591032
3359851 15901190
3359851 16102815
3359851 16303106
3359851 16799897
3359851 16956955
3359851 17093617
3359851 17409832
3359851 17602170
3359851 17872874
3359851 18393773
3359851 18396070
3359851 18438362
3359851 18599061
3359851 18666844
3359851 18713254
3359851 18812947
3359851 18849368
3359851 18900668
3359851 18923866
3359851 19087813
3359851 19279990
3359851 19397785
3359851 19414296
3359851 19637934
3359851 19672395
3359851 20273398
3359851 20436922
3359851 20536157
3359851 21681252
3359851 22461427
3359851 22556717
3359851 22841103
3359851 22981846
3359851 23843220
3359851 24166202
3359851 24585498
3359851 24595743
3359851 24641194
3359851 24942585
3359851 26033920
3359851 26281970
3359851 27531390
3359851 31067157
3359851 31353077
3359851 31808762
3359851 32387419
3359851 33191389
3359851 36171035
3359851 36311369
3359851 37170886
3359851 38318973
3359851 38514229
3359851 39394932
3359851 43933017
3359851 44244590
3359851 45784061
3359851 45862504
3359851 46146200
3359851 46426258
3359851 47667972
3359851 48485771
3359851 50393960
3359851 55472734
3359851 57903424
3359851 60968363
3359851 62581962
3359851 63485337
3359851 70587360
3359851 77007853
3359851 90420314
3359851 111492860
3359851 114910205
3359851 115485051
3359851 117652722
3359851 142457170
3359851 144040563
3359851 146071420
3359851 158414847
3359851 175624200
3359851 191922531
3359851 248044499
3415861 1053221
3415861 10883722
3564041 767
3564041 821
3564041 13124
3564041 643653
3564041 681813
3564041 1113541
3564041 2384071
3564041 2729061
3564041 6347872
3564041 6889982
3564041 7177512
3564041 7564962
3564041 9207632
3564041 14100903
3564041 14274132
3564041 15085196
3564041 19725644
3564041 58441079
3720411 1979391
3720411 5603992
3720411 10266522
3720411 14224219
3720411 14237677
3720411 14631433
3720411 15419775
3720411 16799897
3720411 17064600
3720411 19287097
3720411 20436922
3720411 22461427
3720411 24422716
3720411 24585498
3720411 25904310
3720411 34739714
3720411 36457353
3720411 37729461
3720411 38318973
3720411 45862504
3720411 46426258
3720411 47207321
3720411 47667972
3720411 69945997
3720411 70587360
3720411 74903868
3720411 77007853
3720411 78993414
3720411 98795912
3720411 107336879
3720411 117652722
3720411 155688134
3720411 386697756
3752691 681813
3752691 2384071
3752691 18024109
3752691 18229027
3752691 18895794
3752691 48485771
3752691 63485337
3828311 1405071
3828311 1979391
3828311 5576542
3828311 7753922
3828311 12712332
3828311 13134712
3828311 13356642
3828311 13504092
3828311 14224219
3828311 14237677
3828311 14337677
3828311 14433905
3828311 14500711
3828311 14538254
3828311 15078306
3828311 15419775
3828311 15852140
3828311 16792453
3828311 16799897
3828311 18024109
3828311 18599061
3828311 18755518
3828311 19738805
3828311 20436922
3828311 21220972
3828311 21834006
3828311 23991290
3828311 24585498
3828311 29395230
3828311 33868543
3828311 37729461
3828311 38508404
3828311 39680464
3828311 42332035
3828311 45784061
3828311 45862504
3828311 47207321
3828311 53789489
3828311 75691167
3828311 77007853
3828311 87620061
3828311 88259214
3828311 117620953
3828311 120296068
3828311 188196198
3828311 217328955
3829151 12
3829151 20
3829151 295
3829151 418
3829151 767
3829151 885
3829151 989
3829151 3840
3829151 4816
3829151 5702
3829151 10350
3829151 10450
3829151 11628
3829151 13348
3829151 36823
3829151 49793
3829151 657863
3829151 717313
3829151 732073
3829151 749963
3829151 814253
3829151 814304
3829151 816653
3829151 817268
3829151 817288
3829151 820585
3829151 824157
3829151 858051
3829151 930061
3829151 1000591
3829151 1305941
3829151 1899161
3829151 2100521
3829151 2384071
3829151 2529971
3829151 2730791
3829151 2735631
3829151 4641021
3829151 6141832
3829151 6297852
3829151 6385432
3829151 6708952
3829151 7040932
3829151 7861312
3829151 8161232
3829151 9641832
3829151 11388132
3829151 11435642
3829151 14075928
3829151 14230524
3829151 14348594
3829151 14600116
3829151 14761795
3829151 14834340
3829151 15827269
3829151 16102815
3829151 16303106
3829151 16956955
3829151 17093617
3829151 17220934
3829151 17503180
3829151 17595439
3829151 18393773
3829151 18396070
3829151 19637934
3829151 20536157
3829151 22255654
3829151 50393960
3829151 62581962
3829151 63485337
3829151 90420314
3829151 93957809
3829151 115485051
3983631 105223
3983631 4622401
3983631 13638292
3983631 19738805
3983631 19828067
4052871 1979391
4052871 10266522
4052871 11167502
4052871 14224219
4052871 15078306
4052871 15192772
4052871 15852140
4052871 17912684
4052871 18024109
4052871 19382657
4052871 21039860
4052871 33868543
4052871 38508404
4052871 42332035
4052871 43164252
4052871 44024932
4052871 47207321
4052871 62581962
4052871 70587360
4052871 75691167
4052871 93969417
4052871 118921133
4052871 175490089
4058321 785766
4058321 1405071
4058321 4838281
4058321 6144362
4058321 6825792
4058321 7331992
4058321 10266522
4058321 13504092
4058321 14224219
4058321 14242872
4058321 14475298
4058321 14538254
4058321 17634892
4058321 18812947
4058321 19102458
4058321 21920573
4058321 23238377
4058321 39919140
4058321 46722097
4058321 61815588
4058321 70587360
4058321 98795912
4058321 100331389
4058321 104268834
4058321 118505994
4058321 155688134
4058321 290879947
4058321 344059195
4213251 16023
4213251 1405071
4213251 3039101
4213251 8938362
4213251 14538254
4213251 14589257
4213251 16104418
4213251 18173725
4213251 23713482
4213251 38318973
4213251 38741927
4213251 48485771
4213251 77007853
4213251 360964430
4622401 15913
4622401 105223
4622401 681813
4622401 695463
4622401 767334
4622401 1979391
4622401 3039101
4622401 14051156
4622401 14475298
4622401 14538254
4622401 14961234
4622401 16744475
4622401 16799897
4622401 17409832
4622401 17912684
4622401 18393773
4622401 18599061
4622401 19423063
4622401 19622462
4622401 19637934
4622401 19738805
4622401 21756999
4622401 28212129
4622401 31067157
4622401 35827447
4622401 47667972
4622401 115485051
4641021 12
4641021 20
4641021 989
4641021 3840
4641021 13348
4641021 36823
4641021 49793
4641021 657863
4641021 717313
4641021 746323
4641021 816653
4641021 818340
4641021 858051
4641021 930061
4641021 1000591
4641021 1305941
4641021 2384071
4641021 2529971
4641021 2735591
4641021 3829151
4641021 6141832
4641021 6385432
4641021 6708952
4641021 7040932
4641021 11388132
4641021 14761795
4641021 16319797
4641021 17220934
4641021 17503180
4641021 37570179
4641021 50393960
4641021 93957809
4812381 15913
4812381 732073
4812381 2100521
4812381 10671602
4812381 12101862
4812381 13356642
4812381 13461662
4812381 14199979
4812381 14224219
4812381 15222083
4812381 15600475
4812381 16193325
4812381 18571832
4812381 18666844
4812381 18713254
4812381 18895794
4812381 20436922
4812381 33191389
4812381 47667972
4812381 90420314
4812381 328246844
4838281 658353
4838281 1405071
4838281 4058321
4838281 5576542
4838281 6144362
4838281 6825792
4838281 7331992
4838281 10266522
4838281 12592522
4838281 13504092
4838281 14103291
4838281 14224219
4838281 14242872
4838281 14475298
4838281 14476063
4838281 14538254
4838281 14952378
4838281 15176366
4838281 15418343
4838281 16104418
4838281 17064600
4838281 17634892
4838281 18600956
4838281 18812947
4838281 19102458
4838281 20436922
4838281 20703666
4838281 21039860
4838281 21224587
4838281 23238377
4838281 24585498
4838281 29293260
4838281 29338393
4838281 29756727
4838281 31354853
4838281 32387419
4838281 33868543
4838281 35604279
4838281 39919140
4838281 44024932
4838281 47273526
4838281 47667972
4838281 50850314
4838281 53789489
4838281 70587360
4838281 73514272
4838281 74262901
4838281 78993414
4838281 83963371
4838281 93969417
4838281 94813511
4838281 98795912
4838281 100022264
4838281 111492860
4838281 118505994
4838281 155688134
4838281 163556820
4838281 191790175
4838281 224896214
4838281 282704498
4838281 290879947
4838281 386697756
4838281 511121728
5281191 767
5281191 821
5281191 48473
5281191 691353
5281191 1113541
5281191 2729061
5281191 6347872
5281191 6825792
5281191 7564962
5281191 14223960
5281191 14274132
5281191 15085196
5281191 16127205
5281191 16181584
5281191 17709860
5281191 26203847
5281191 29941998
5281191 32491666
5281191 58441079
5281191 187512368
5413042 15913
5413042 3359851
5413042 5576542
5413042 6608332
5413042 7434902
5413042 10671602
5413042 13185852
5413042 13356642
5413042 13461662
5413042 14137885
5413042 14199979
5413042 14224219
5413042 14412605
5413042 14575846
5413042 14837184
5413042 14882389
5413042 14952378
5413042 14999606
5413042 15200539
5413042 15222083
5413042 15582769
5413042 15591032
5413042 16079245
5413042 16102815
5413042 16193325
5413042 16220934
5413042 16303106
5413042 16799897
5413042 16874875
5413042 17031260
5413042 17214479
5413042 17872114
5413042 18393773
5413042 18489585
5413042 18755518
5413042 18762284
5413042 18849368
5413042 18933499
5413042 19087813
5413042 19414296
5413042 19672395
5413042 19785044
5413042 22841103
5413042 22981846
5413042 24585498
5413042 27531390
5413042 33191389
5413042 36311369
5413042 37729461
5413042 38318973
5413042 39394932
5413042 45862504
5413042 46426258
5413042 48485771
5413042 77059348
5413042 158414847
5413042 191790175
5413042 454340464
5520332 10350
5520332 816653
5520332 1000591
5520332 2384071
5520332 2730791
5520332 6385432
5520332 9976962
5520332 22588936
5520332 30322151
5576542 658353
5576542 790036
5576542 1405071
5576542 1979391
5576542 3828311
5576542 4838281
5576542 5603992
5576542 6825792
5576542 7331992
5576542 7591562
5576542 13461662
5576542 14103291
5576542 14137737
5576542 14224219
5576542 14242872
5576542 14284668
5576542 14337677
5576542 14538254
5576542 14592925
5576542 14952378
5576542 15192772
5576542 15279452
5576542 15419775
5576542 15472368
5576542 15477714
5576542 15861559
5576542 15888886
5576542 15901190
5576542 15938093
5576542 16303106
5576542 16799897
5576542 18024109
5576542 18229027
5576542 18812947
5576542 19102458
5576542 19238557
5576542 19279990
5576542 21056214
5576542 22556717
5576542 23238377
5576542 23487429
5576542 24585498
5576542 28851186
5576542 29756727
5576542 33114793
5576542 33868543
5576542 36457353
5576542 38318973
5576542 44024932
5576542 44134863
5576542 46426258
5576542 46722097
5576542 47273526
5576542 53789489
5576542 57903424
5576542 62613968
5576542 69945997
5576542 70587360
5576542 74262901
5576542 77007853
5576542 77059348
5576542 89768201
5576542 93969417
5576542 94813511
5576542 98795912
5576542 100022264
5576542 104268834
5576542 105880821
5576542 111136741
5576542 111492860
5576542 115485051
5576542 118505994
5576542 155688134
5576542 155844378
5576542 174958347
5576542 191790175
5576542 210944652
5576542 212880848
5576542 247343656
5576542 264348615
5576542 290879947
5576542 344059195
5576542 386697756
5576542 485197487
5603992 1405071
5603992 5576542
5603992 14103291
5603992 14224219
5603992 17064600
5603992 19102458
5603992 24422716
5603992 36457353
5603992 38318973
5603992 47207321
5603992 70587360
5603992 78993414
5603992 98795912
5603992 155688134
5603992 290879947
5915332 3039101
5915332 14498968
5915332 16744475
5915332 17409832
5915332 18599061
5915332 21756999
5915332 28212129
5915332 31067157
5915332 35827447
5915332 47667972
5915332 90420314
6053582 681813
6053582 2384071
6068142 13282032
6068142 14224219
6068142 14337677
6068142 20963773
6068142 21220972
6068142 23238377
6068142 24422716
6068142 109594284
6141832 295
6141832 418
6141832 767
6141832 885
6141832 2426
6141832 3840
6141832 5702
6141832 11628
6141832 36823
6141832 49793
6141832 82243
6141832 661403
6141832 824157
6141832 1000591
6141832 1305941
6141832 2384071
6141832 2529971
6141832 2730791
6141832 9641832
6141832 10454572
6141832 11388132
6141832 11435642
6141832 14075928
6141832 14761795
6141832 14834340
6141832 17503180
6141832 17595439
6141832 93957809
6144362 658353
6144362 785766
6144362 4058321
6144362 4838281
6144362 6825792
6144362 7331992
6144362 10266522
6144362 13504092
6144362 14103291
6144362 14224219
6144362 14242872
6144362 14284668
6144362 14475298
6144362 15472368
6144362 18812947
6144362 21039860
6144362 23238377
6144362 46722097
6144362 104268834
6144362 112829129
6144362 163556820
6144362 168865827
6249592 681813
6249592 925161
6249592 6608332
6249592 6889982
6249592 9199472
6249592 10155272
6249592 13504092
6249592 14199979
6249592 14475298
6249592 15462317
6249592 22857385
6249592 30816874
6249592 44652237
6297852 767
6297852 821
6297852 13124
6297852 13234
6297852 48473
6297852 607793
6297852 643653
6297852 681813
6297852 691353
6297852 816653
6297852 820585
6297852 1113541
6297852 1468401
6297852 2384071
6297852 2729061
6297852 3564041
6297852 5281191
6297852 6347872
6297852 6825792
6297852 6889982
6297852 7177512
6297852 7564962
6297852 9207632
6297852 13860742
6297852 14100903
6297852 14190551
6297852 14223960
6297852 14274132
6297852 15085196
6297852 15341629
6297852 16127205
6297852 16181584
6297852 17709860
6297852 18393773
6297852 26203847
6297852 29941998
6297852 32491666
6297852 58441079
6297852 102647672
6297852 187512368
6310522 15913
6310522 732073
6310522 4812381
6310522 10671602
6310522 13356642
6310522 13461662
6310522 14155052
6310522 15222083
6310522 16358416
6310522 18762284
6310522 18933499
6310522 24585498
6310522 24595743
6310522 31353077
6310522 33191389
6310522 35066483
6310522 46426258
6310522 63485337
6347872 821
6347872 13124
6347872 48473
6347872 1113541
6347872 3564041
6347872 6889982
6347872 7177512
6347872 7564962
6347872 14100903
6347872 14223960
6347872 15085196
6347872 15341629
6347872 16127205
6347872 16181584
6347872 187512368
6385432 12
6385432 20
6385432 36823
6385432 1000591
6385432 8161232
6385432 16303106
6385432 19397785
6385432 37570179
6385432 93957809
6385432 115485051
6479622 1979391
6479622 8151822
6479622 28536332
6479622 28734673
6479622 31354853
6479622 45229371
6547952 10350
6547952 15913
6547952 717313
6547952 6825792
6547952 7860742
6547952 7861312
6547952 10671602
6547952 14691709
6547952 15234657
6547952 16303106
6547952 20273398
6547952 24641194
6547952 28208387
6547952 47667972
6547952 48485771
6547952 119228619
6604002 14538254
6604002 15419775
6604002 15861559
6604002 19382657
6604002 33868543
6604002 53789489
6604002 78993414
6608332 10350
6608332 15913
6608332 343773
6608332 681813
6608332 816653
6608332 1405071
6608332 3359851
6608332 5413042
6608332 6249592
6608332 6889982
6608332 7065942
6608332 7376382
6608332 7434902
6608332 7565302
6608332 7591562
6608332 7860742
6608332 7861312
6608332 8146732
6608332 8768832
6608332 9199472
6608332 10671602
6608332 11928542
6608332 13096002
6608332 13185852
6608332 13356642
6608332 13461662
6608332 13504092
6608332 14155052
6608332 14168488
6608332 14197132
6608332 14199979
6608332 14417250
6608332 14496538
6608332 14538254
6608332 14575846
6608332 14679475
6608332 14691709
6608332 14837184
6608332 14952378
6608332 14999606
6608332 15222083
6608332 15234657
6608332 15410758
6608332 15419775
6608332 15494342
6608332 15503224
6608332 15578992
6608332 15582769
6608332 15591032
6608332 16079245
6608332 16193325
6608332 16220934
6608332 16792453
6608332 16799897
6608332 16874875
6608332 17214479
6608332 18438362
6608332 18599061
6608332 18666844
6608332 18755518
6608332 18762284
6608332 18900668
6608332 18933499
6608332 19049747
6608332 19087813
6608332 19414296
6608332 19622462
6608332 19738805
6608332 20104303
6608332 20273398
6608332 20436922
6608332 22213896
6608332 22841103
6608332 22857385
6608332 22981846
6608332 22997147
6608332 23843220
6608332 24585498
6608332 24595743
6608332 26033920
6608332 26281970
6608332 27531390
6608332 31067157
6608332 32387419
6608332 33191389
6608332 35066483
6608332 39394932
6608332 43880993
6608332 44652237
6608332 45784061
6608332 47273526
6608332 47667972
6608332 53789489
6608332 60968363
6608332 63485337
6608332 64624131
6608332 77007853
6608332 117652722
6608332 144040563
6608332 229141679
6608332 248044499
6608332 250746940
6666892 681813
6666892 756475
6666892 1305941
6666892 2729061
6666892 6297852
6666892 7861312
6666892 14348594
6666892 15249156
6666892 16303106
6666892 17595439
6688272 20
6688272 765
6688272 767
6688272 2426
6688272 643653
6688272 732073
6688272 1919231
6688272 2100521
6688272 2729061
6688272 6297852
6688272 7376382
6688272 14075928
6688272 14224219
6688272 14348594
6688272 21600144
6688272 22461427
6688272 115485051
6688272 130922325
6688272 174958347
6708952 12
6708952 20
6708952 295
6708952 418
6708952 989
6708952 1378
6708952 3840
6708952 36823
6708952 49793
6708952 657863
6708952 749963
6708952 814253
6708952 816653
6708952 817268
6708952 817288
6708952 1000591
6708952 1899161
6708952 2384071
6708952 2529971
6708952 2730791
6708952 2735591
6708952 4641021
6708952 6141832
6708952 6385432
6708952 7040932
6708952 8161232
6708952 8962882
6708952 9641832
6708952 10454572
6708952 11388132
6708952 11435642
6708952 14600116
6708952 14761795
6708952 14885549
6708952 15827269
6708952 16303106
6708952 17220934
6708952 17503180
6708952 17595439
6708952 19397785
6708952 20455625
6708952 22255654
6708952 37570179
6708952 50393960
6708952 93957809
6708952 115485051
6727802 681813
6727802 7860742
6727802 7872262
6727802 16744475
6727802 19738805
6727802 19923765
6727802 20703666
6727802 21756999
6727802 22835308
6727802 31665210
6742522 633
6742522 4816
6742522 36823
6742522 681813
6742522 930061
6742522 2729061
6742522 9199472
6742522 14230524
6742522 14475298
6742522 14550221
6742522 22184329
6750912 681813
6750912 14155052
6750912 24585498
6750912 63485337
6750912 115485051
6814562 16023
6814562 1979391
6814562 13461662
6814562 14199979
6814562 18895794
6814562 20609518
6825792 13234
6825792 48473
6825792 49793
6825792 105223
6825792 607793
6825792 681813
6825792 691353
6825792 695463
6825792 717313
6825792 785766
6825792 1113541
6825792 1405071
6825792 1468401
6825792 1979391
6825792 2384071
6825792 2729061
6825792 3039101
6825792 4058321
6825792 4838281
6825792 5281191
6825792 5576542
6825792 5969042
6825792 6297852
6825792 6547952
6825792 6889982
6825792 7331992
6825792 7564962
6825792 7753922
6825792 7765612
6825792 9103242
6825792 9207632
6825792 9270192
6825792 10883722
6825792 11591662
6825792 12729412
6825792 13294252
6825792 13504092
6825792 13529042
6825792 13629522
6825792 14051156
6825792 14075928
6825792 14103291
6825792 14121456
6825792 14155052
6825792 14195122
6825792 14224219
6825792 14274132
6825792 14379148
6825792 14475298
6825792 14496538
6825792 14538254
6825792 14575846
6825792 14906265
6825792 14961234
6825792 15015040
6825792 15085196
6825792 15176366
6825792 15341629
6825792 15375238
6825792 15876654
6825792 16104418
6825792 16181584
6825792 16220934
6825792 16303106
6825792 16744475
6825792 16792453
6825792 17214479
6825792 17541602
6825792 17580153
6825792 17634892
6825792 17709860
6825792 18184416
6825792 18762284
6825792 18812947
6825792 18933499
6825792 19102458
6825792 19382657
6825792 19622462
6825792 19658826
6825792 19738805
6825792 19923765
6825792 20703666
6825792 21039860
6825792 21756999
6825792 22525751
6825792 24585498
6825792 26203847
6825792 28208387
6825792 28755851
6825792 29756727
6825792 33868543
6825792 35604279
6825792 35827447
6825792 38138597
6825792 39919140
6825792 40972489
6825792 43164252
6825792 44024932
6825792 46426258
6825792 47273526
6825792 47667972
6825792 62581962
6825792 70587360
6825792 83963371
6825792 87100827
6825792 93969417
6825792 98795912
6825792 100022264
6825792 104268834
6825792 105880821
6825792 109951411
6825792 111492860
6825792 118505994
6825792 155688134
6825792 163556820
6825792 174958347
6825792 187512368
6825792 191790175
6825792 229141679
6825792 247554276
6825792 511121728
6889982 821
6889982 33633
6889982 643653
6889982 814859
6889982 3564041
6889982 7564962
6889982 14882389
6889982 15341629
6889982 15862493
6889982 16181584
6889982 16220934
6889982 16799897
6889982 18393773
6889982 18438362
6889982 19785044
6889982 44652237
6889982 58441079
7040932 12
7040932 20
7040932 3840
7040932 10350
7040932 13348
7040932 657863
7040932 717313
7040932 816653
7040932 818340
7040932 2384071
7040932 2735591
7040932 3829151
7040932 4641021
7040932 6385432
7040932 6708952
7040932 8161232
7040932 12101862
7040932 12925072
7040932 13058232
7040932 17220934
7040932 18993395
7040932 20536157
7040932 50393960
7040932 62581962
7040932 115485051
7065942 814859
7065942 1979391
7065942 3359851
7065942 5576542
7065942 10266522
7065942 11167502
7065942 13096002
7065942 14168488
7065942 14197132
7065942 14224219
7065942 14405995
7065942 14496538
7065942 14887698
7065942 15078306
7065942 15387870
7065942 15419775
7065942 15494342
7065942 15861559
7065942 15862493
7065942 16181584
7065942 16792453
7065942 16799897
7065942 17902089
7065942 17912684
7065942 18024109
7065942 18599061
7065942 18755518
7065942 18900668
7065942 19164090
7065942 19382657
7065942 20232992
7065942 20524102
7065942 20631572
7065942 21861033
7065942 22981846
7065942 24363108
7065942 24585498
7065942 24595743
7065942 24785621
7065942 25732138
7065942 25904310
7065942 27531390
7065942 32387419
7065942 37170886
7065942 43880993
7065942 44652237
7065942 44671378
7065942 45784061
7065942 46426258
7065942 52934175
7065942 57903424
7065942 60402167
7065942 62613968
7065942 63769966
7065942 96869096
7065942 117620953
7065942 120296068
7065942 125348449
7065942 143344048
7065942 278937589
7169892 105223
7169892 681813
7169892 695463
7169892 1979391
7169892 3039101
7169892 6825792
7169892 7753922
7169892 12729412
7169892 14051156
7169892 14475298
7169892 14496538
7169892 14538254
7169892 14906265
7169892 15876654
7169892 16744475
7169892 17541602
7169892 18184416
7169892 18939374
7169892 19337621
7169892 19702846
7169892 19738805
7169892 21756999
7169892 28212129
7169892 35827447
7169892 47667972
7169892 69945997
7169892 78598588
7169892 91687835
7169892 94311697
7169892 227024319
7177512 767
7177512 681813
7177512 691353
7177512 1113541
7177512 2384071
7177512 2729061
7177512 3564041
7177512 6347872
7177512 9207632
7177512 14100903
7177512 14274132
7331992 681813
7331992 811350
7331992 1405071
7331992 3245291
7331992 4058321
7331992 4838281
7331992 5576542
7331992 6144362
7331992 6825792
7331992 7872262
7331992 10266522
7331992 13504092
7331992 14165300
7331992 14224219
7331992 14242872
7331992 14475298
7331992 14476063
7331992 15176366
7331992 15865172
7331992 16792453
7331992 18298167
7331992 18933499
7331992 19102458
7331992 19923765
7331992 20703666
7331992 21224587
7331992 21920573
7331992 23487429
7331992 24585498
7331992 38138597
7331992 39919140
7331992 44024932
7331992 47273526
7331992 47667972
7331992 63485337
7331992 83963371
7331992 84670801
7331992 89052026
7331992 98795912
7331992 105880821
7331992 163556820
7331992 164569984
7331992 224896214
7331992 290879947
7339282 681813
7339282 7753922
7339282 14825162
7339282 19738805
7339282 30378780
7339282 39919140
7339282 61458269
7339282 235023651
7376382 765
7376382 767
7376382 10350
7376382 2100521
7376382 2729061
7376382 3359851
7376382 6297852
7376382 6608332
7376382 6688272
7376382 7860742
7376382 7861312
7376382 10671602
7376382 14075928
7376382 14224219
7376382 15222083
7376382 15422847
7376382 15472368
7376382 15901190
7376382 16956955
7376382 18393773
7376382 18666844
7376382 18713254
7376382 19279990
7376382 21056214
7376382 24852559
7376382 31353077
7376382 90420314
7376382 115485051
7376382 130922325
7376382 158414847
7434902 15913
7434902 3359851
7434902 5413042
7434902 6608332
7434902 13185852
7434902 13461662
7434902 14155052
7434902 14199979
7434902 14224219
7434902 14326533
7434902 14575846
7434902 15234657
7434902 15578992
7434902 15582769
7434902 16079245
7434902 16102815
7434902 16303106
7434902 16799897
7434902 16874875
7434902 17031260
7434902 17214479
7434902 18489585
7434902 18648265
7434902 18666844
7434902 18755518
7434902 18849368
7434902 19087813
7434902 19414296
7434902 19785044
7434902 22841103
7434902 22981846
7434902 24585498
7434902 24595743
7434902 26033920
7434902 26281970
7434902 26961048
7434902 27531390
7434902 36311369
7434902 38514229
7434902 45487007
7434902 45862504
7434902 46179487
7434902 48485771
7434902 57903424
7434902 63485337
7434902 73731253
7434902 74903868
7434902 90420314
7434902 115216851
7434902 115485051
7434902 155844378
7434902 454340464
7434902 545558899
7481082 14224219
7481082 58042828
7481082 70587360
7564962 821
7564962 643653
7564962 3564041
7564962 6825792
7564962 6889982
7564962 14223960
7565302 15913
7565302 3359851
7565302 6608332
7565302 7861312
7565302 10671602
7565302 11928542
7565302 14137885
7565302 15222083
7565302 15234657
7565302 15578992
7565302 16744475
7565302 17093617
7565302 18900668
7565302 19637934
7565302 19672395
7565302 22841103
7565302 23843220
7565302 24585498
7565302 26281970
7565302 37170886
7565302 45862504
7565302 48370736
7565302 48485771
7565302 62581962
7565302 63485337
7565302 82553416
7573752 7710472
7573752 15222083
7573752 15234657
7573752 16744475
7573752 18599061
7573752 20436922
7573752 46146200
7573752 47667972
7573752 50393960
7573752 100314530
7591562 36823
7591562 5576542
7591562 9199472
7591562 9537272
7591562 14103291
7591562 14224219
7591562 14952378
7591562 15222083
7591562 15503224
7591562 18024109
7591562 18438362
7591562 18600956
7591562 18653265
7591562 18812947
7591562 21224587
7591562 23238377
7591562 24422716
7591562 28851186
7591562 38268441
7591562 39394932
7591562 46426258
7591562 47273526
7591562 70587360
7591562 82553416
7591562 164569984
7591562 248044499
7617502 5576542
7617502 14224219
7617502 14592925
7617502 15888886
7617502 18229027
7617502 18438362
7617502 18653265
7617502 18658817
7617502 18812947
7617502 23487429
7617502 29756727
7617502 38268441
7617502 46426258
7617502 47273526
7617502 59554328
7617502 70587360
7617502 118505994
7617502 210944652
7651042 695463
7710472 15913
7710472 717313
7710472 816653
7710472 3359851
7710472 7565302
7710472 7573752
7710472 11928542
7710472 14199979
7710472 15222083
7710472 15234657
7710472 16744475
7710472 18599061
7710472 18713254
7710472 24166202
7710472 24585498
7710472 24595743
7710472 48485771
7710472 50393960
7710472 63485337
7710472 73731253
7753922 1979391
7753922 3039101
7753922 6825792
7753922 7872262
7753922 8266102
7753922 11928542
7753922 14433905
7753922 17541602
7753922 18599061
7753922 19738805
7753922 19923765
7753922 23991290
7753922 24585498
7753922 26155776
7753922 27531390
7753922 30957246
7753922 35827447
7753922 39680464
7753922 63485337
7753922 175624200
7765612 105223
7765612 681813
7765612 3039101
7765612 6825792
7765612 13629522
7765612 19738805
7765612 47667972
7860742 10350
7860742 15913
7860742 681813
7860742 717313
7860742 794186
7860742 2735591
7860742 3039101
7860742 3245291
7860742 3359851
7860742 6727802
7860742 7376382
7860742 7565302
7860742 7861312
7860742 7872262
7860742 9199472
7860742 10671602
7860742 11928542
7860742 14155052
7860742 14199979
7860742 14326533
7860742 14589257
7860742 14691709
7860742 15222083
7860742 15419775
7860742 16303106
7860742 16744475
7860742 16799897
7860742 17093617
7860742 17220934
7860742 17759701
7860742 19622462
7860742 19637934
7860742 19738805
7860742 20273398
7860742 21681252
7860742 22461427
7860742 24585498
7860742 24641194
7860742 26281970
7860742 31353077
7860742 31949053
7860742 35012277
7860742 39680464
7860742 43933017
7860742 48370736
7860742 48485771
7860742 50393960
7860742 60968363
7860742 84421229
7860742 90420314
7860742 90561258
7860742 105382067
7860742 108719642
7860742 119228619
7861312 10350
7861312 10450
7861312 15913
7861312 930061
7861312 2100521
7861312 9207632
7861312 14348594
7861312 14476063
7861312 15249156
7861312 16356796
7861312 18393773
7861312 18713254
7861312 18755518
7861312 19658826
7861312 31353077
7861312 48485771
7861312 63485337
7861312 90420314
7861312 96848570
7861312 98795912
7861312 363426409
7861592 1979391
7861592 15419775
7861592 17402835
7861592 27531390
7861592 125348449
7872262 12
7872262 10350
7872262 15913
7872262 657863
7872262 681813
7872262 3245291
7872262 3359851
7872262 6547952
7872262 6608332
7872262 6727802
7872262 7331992
7872262 7376382
7872262 7753922
7872262 7860742
7872262 7861312
7872262 8146732
7872262 11928542
7872262 14155052
7872262 14230524
7872262 14326533
7872262 14589257
7872262 14691709
7872262 15222083
7872262 15249156
7872262 15290899
7872262 15375238
7872262 15419775
7872262 16303106
7872262 16744475
7872262 17093617
7872262 17759701
7872262 18396070
7872262 18666844
7872262 19622462
7872262 19725644
7872262 19738805
7872262 21681252
7872262 21756999
7872262 22997147
7872262 24641194
7872262 25411611
7872262 26033920
7872262 26281970
7872262 31353077
7872262 31949053
7872262 35012277
7872262 43933017
7872262 46426258
7872262 48485771
7872262 50393960
7872262 60968363
7872262 77007853
7872262 84421229
7872262 90420314
7872262 90561258
7872262 96848570
7872262 119228619
7872262 375022391
7961342 732073
7961342 4812381
7961342 6310522
7961342 13356642
7961342 13461662
7961342 14224219
7961342 16193325
7961342 16358416
7961342 16799897
7961342 18762284
7961342 18933499
7961342 33191389
7961342 35066483
7961342 46426258
7961342 325966297
8076052 52953
8076052 14224219
8076052 14439553
8076052 18396070
8076052 27097871
8076052 119863220
8076052 158500408
8146732 10350
8146732 15913
8146732 681813
8146732 6608332
8146732 7753922
8146732 7872262
8146732 14348594
8146732 15234657
8146732 15578992
8146732 16792453
8146732 17814729
8146732 18396070
8146732 18438362
8146732 18666844
8146732 28917111
8146732 35012277
8146732 63485337
8146732 96848570
8146732 115485051
8151822 783374
8151822 1979391
8151822 6479622
8151822 14475021
8151822 15860867
8151822 26155776
8151822 28536332
8151822 28734673
8151822 31354853
8151822 38292889
8151822 45229371
8151822 58401280
8151822 143188904
8161232 12
8161232 20
8161232 657863
8161232 16303106
8161232 17220934
8161232 20609518
8161232 50393960
8266102 681813
8266102 1979391
8266102 7753922
8266102 13504092
8266102 14199979
8266102 14433905
8266102 14538254
8266102 16220934
8266102 18599061
8266102 19382657
8266102 26155776
8266102 27531390
8266102 29395230
8266102 30957246
8266102 31067157
8266102 35827447
8266102 39680464
8266102 46002379
8266102 46426258
8266102 82553416
8266102 98795912
8266102 117620953
8266102 123439064
8266102 161678121
8266102 175624200
8304842 633
8304842 681813
8304842 9199472
8488242 681813
8488242 15222083
8627002 633
8627002 33633
8627002 36823
8627002 681813
8627002 814859
8627002 817094
8627002 930061
8627002 2729061
8627002 44652237
8634422 10350
8634422 2100521
8634422 3829151
8634422 11167502
8634422 14348594
8634422 15249156
8634422 15901190
8634422 18571832
8634422 18713254
8634422 24166202
8634422 24585498
8634422 38108292
8634422 45862504
8634422 62581962
8634422 63485337
8634422 69193714
8634422 90420314
8634422 115485051
8634422 447278787
8768832 4816
8768832 13040
8768832 816653
8768832 1405071
8768832 6608332
8768832 7861312
8768832 9207632
8768832 14051156
8768832 14538254
8768832 15222083
8768832 15494342
8768832 17248121
8768832 18393773
8768832 19622462
8768832 19956556
8768832 20669032
8768832 22841103
8768832 81407491
8768832 178928545
8768832 360964430
8925602 10350
8925602 52953
8925602 784304
8925602 816653
8925602 2729061
8925602 4812381
8925602 7861312
8925602 14439553
8925602 14775981
8925602 17093617
8925602 18396070
8925602 19657422
8938362 16023
8938362 681813
8938362 3039101
8938362 14137885
8962882 12
8962882 20
8962882 3840
8962882 13348
8962882 49793
8962882 657863
8962882 816653
8962882 858051
8962882 1000591
8962882 2384071
8962882 2730791
8962882 6141832
8962882 9641832
8962882 14600116
8962882 14761795
8962882 14834340
8962882 15827269
8962882 17503180
8962882 17595439
8962882 20536157
8962882 37570179
8962882 93957809
9103242 717313
9103242 6547952
9103242 6825792
9103242 14075928
9103242 18713254
9103242 19658826
9103242 20273398
9103242 24049604
9103242 25460763
9103242 28208387
9103242 28755851
9103242 40972489
9103242 43164252
9103242 54178513
9103242 83807322
9103242 88655252
9103242 93969417
9103242 204562062
9199472 10350
9199472 681813
9199472 794186
9199472 1133701
9199472 6608332
9199472 7591562
9199472 7860742
9199472 7861312
9199472 8304842
9199472 13504092
9199472 14230524
9199472 14412605
9199472 14589257
9199472 15222083
9199472 15462317
9199472 15503224
9199472 15758036
9199472 16799897
9199472 18438362
9199472 22857385
9199472 29006114
9199472 30816874
9199472 31067157
9199472 31808762
9199472 34170312
9199472 44652237
9199472 126042901
9199472 164569984
9199472 248044499
9199472 325966297
9207632 767
9207632 1113541
9207632 2384071
9207632 2735591
9207632 7861312
9207632 20609518
9207632 135316691
9270192 105223
9270192 5969042
9270192 6825792
9270192 7753922
9270192 14475298
9270192 14538254
9270192 14906265
9270192 15876654
9270192 16744475
9270192 19702846
9270192 19738805
9270192 21756999
9270192 35827447
9283312 20
9283312 295
9283312 767
9283312 989
9283312 36823
9283312 49793
9283312 732073
9283312 817288
9283312 858051
9283312 1000591
9283312 12436442
9283312 14329770
9283312 14600116
9537272 14224219
9537272 15458602
9537272 18812947
9537272 38268441
9537272 59554328
9641832 20
9641832 295
9641832 767
9641832 989
9641832 1378
9641832 3840
9641832 5702
9641832 13348
9641832 36823
9641832 49793
9641832 657863
9641832 746323
9641832 749963
9641832 814253
9641832 816532
9641832 816653
9641832 817288
9641832 824157
9641832 858051
9641832 1000591
9641832 1899161
9641832 2384071
9641832 2529971
9641832 2730791
9641832 6141832
9641832 6708952
9641832 8962882
9641832 10454572
9641832 11388132
9641832 11435642
9641832 14600116
9641832 14761795
9641832 14834340
9641832 15827269
9641832 17503180
9641832 22255654
9641832 37570179
9641832 93957809
9747492 105223
9747492 681813
9747492 695463
9747492 1979391
9747492 3039101
9747492 6825792
9747492 7169892
9747492 7753922
9747492 12729412
9747492 14475298
9747492 14496538
9747492 14538254
9747492 15876654
9747492 16744475
9747492 17541602
9747492 18675183
9747492 19337621
9747492 19382657
9747492 19622462
9747492 19702846
9747492 19735438
9747492 19738805
9747492 21756999
9747492 28212129
9747492 33676781
9747492 35827447
9747492 47667972
9976962 10350
9976962 52953
9976962 5520332
9976962 14222507
9976962 22588936
9976962 27789466
9976962 30322151
9976962 33977772
9976962 59397650
10117562 783374
10117562 1070541
10117562 1979391
10117562 13965842
10117562 14475021
10117562 15419775
10117562 15860867
10117562 26155776
10117562 27054163
10117562 29395230
10117562 31354853
10117562 45229371
10117562 118921133
10117562 118975055
10117562 143188904
10117562 151667946
10117562 175624200
10117562 220521282
10117562 232430517
10117562 243293725
10155272 633
10155272 33633
10155272 681813
10155272 814859
10155272 930061
10155272 1133701
10155272 2729061
10155272 6249592
10155272 14230524
10155272 22184329
10155272 44652237
10266522 4052871
10266522 4058321
10266522 4838281
10266522 6144362
10266522 7065942
10266522 7331992
10266522 13504092
10266522 14224219
10266522 14237677
10266522 14242872
10266522 14337677
10266522 14379148
10266522 14475298
10266522 14476063
10266522 15176366
10266522 15494342
10266522 16799897
10266522 17400667
10266522 17912684
10266522 18600956
10266522 18812947
10266522 19203411
10266522 20703666
10266522 20963773
10266522 21220972
10266522 25904310
10266522 31354853
10266522 35066483
10266522 40888730
10266522 45784061
10266522 96869096
10266522 123905288
10266522 155689319
10266522 163556820
10266522 191790175
10266522 309920730
10266522 491013038
10454572 12
10454572 20
10454572 989
10454572 3840
10454572 10350
10454572 10450
10454572 13348
10454572 36823
10454572 41713
10454572 657863
10454572 661403
10454572 681813
10454572 717313
10454572 756475
10454572 811350
10454572 816653
10454572 817268
10454572 858051
10454572 930061
10454572 1305941
10454572 1424001
10454572 2384071
10454572 2729061
10454572 2735591
10454572 4641021
10454572 6141832
10454572 6297852
10454572 6385432
10454572 6708952
10454572 7861312
10454572 9641832
10454572 12436442
10454572 14075928
10454572 14348594
10454572 14761795
10454572 15301803
10454572 15827269
10454572 16303106
10454572 17503180
10454572 17595439
10454572 20536157
10454572 37570179
10454572 50393960
10454572 62581962
10454572 93957809
10454572 115485051
10454572 174958347
10454572 288452305
10671602 20
10671602 3840
10671602 10350
10671602 13348
10671602 657863
10671602 816653
10671602 1133701
10671602 3359851
10671602 3829151
10671602 4812381
10671602 5413042
10671602 6547952
10671602 6608332
10671602 7040932
10671602 7376382
10671602 7565302
10671602 7753922
10671602 7860742
10671602 11928542
10671602 13185852
10671602 13356642
10671602 13461662
10671602 14155052
10671602 14199979
10671602 14496538
10671602 14575846
10671602 14691709
10671602 15222083
10671602 15234657
10671602 15410758
10671602 15419775
10671602 15494342
10671602 16303106
10671602 16358416
10671602 16744475
10671602 16799897
10671602 16874875
10671602 17031260
10671602 17214479
10671602 19414296
10671602 20273398
10671602 20436922
10671602 22841103
10671602 23843220
10671602 24585498
10671602 24595743
10671602 26281970
10671602 31067157
10671602 31353077
10671602 33191389
10671602 37170886
10671602 38517589
10671602 45862504
10671602 47667972
10671602 48370736
10671602 48485771
10671602 57903424
10671602 77007853
10671602 117652722
10671602 250746940
10883722 3415861
10883722 6825792
11167502 63485337
11388132 5702
11388132 49793
11388132 691353
11388132 749963
11388132 2384071
11388132 6141832
11388132 15827269
11388132 17220934
11435642 12
11435642 20
11435642 295
11435642 418
11435642 767
11435642 885
11435642 989
11435642 1378
11435642 3840
11435642 4816
11435642 5702
11435642 11628
11435642 13348
11435642 36823
11435642 49793
11435642 82243
11435642 657863
11435642 746323
11435642 749963
11435642 814304
11435642 816653
11435642 817268
11435642 817288
11435642 824157
11435642 858051
11435642 930061
11435642 1000591
11435642 1899161
11435642 2384071
11435642 2529971
11435642 2730791
11435642 2735591
11435642 3829151
11435642 6141832
11435642 6708952
11435642 9641832
11435642 11388132
11435642 14348594
11435642 14600116
11435642 14761795
11435642 14834340
11435642 17093617
11435642 17503180
11435642 17595439
11435642 20536157
11435642 22255654
11435642 37570179
11435642 50393960
11435642 93957809
11435642 115485051
11591662 681813
11591662 1405071
11591662 26155776
11591662 31354853
11724412 6825792
11724412 11591662
11724412 20703666
11724412 24585498
11724412 47667972
11724412 53789489
11724412 83963371
11724412 94813511
11740382 15913
11740382 1979391
11740382 14155052
11740382 14337677
11740382 15582769
11740382 18648265
11740382 18666844
11740382 18755518
11740382 23238377
11740382 48485771
11740382 63485337
11740382 73731253
11740382 87620061
11740382 182370042
11856762 681813
11856762 7753922
11856762 16744475
11856762 19738805
11856762 21756999
11856762 23991290
11856762 26281970
11856762 27837808
11856762 35827447
11856762 38108292
11856762 47667972
11856762 90420314
11928542 717313
11928542 732073
11928542 2100521
11928542 4812381
11928542 6310522
11928542 7961342
11928542 13356642
11928542 13461662
11928542 14224219
11928542 14691709
11928542 14882389
11928542 16193325
11928542 16358416
11928542 16799897
11928542 18762284
11928542 18933499
11928542 19785044
11928542 33191389
11928542 35066483
11928542 46426258
11928542 325966297
12101862 12
12101862 15913
12101862 681813
12101862 783374
12101862 816653
12101862 2384071
12101862 7040932
12101862 7861312
12101862 12925072
12101862 15387870
12101862 16303106
12101862 20536157
12101862 50393960
12101862 62581962
12436442 12
12436442 20
12436442 295
12436442 3840
12436442 13348
12436442 49793
12436442 657863
12436442 746323
12436442 816653
12436442 1000591
12436442 2384071
12436442 2729061
12436442 2730791
12436442 3829151
12436442 6141832
12436442 6708952
12436442 9283312
12436442 11435642
12436442 14348594
12436442 14600116
12436442 14761795
12436442 14834340
12436442 15208246
12436442 15901190
12436442 16303106
12436442 20536157
12436442 93957809
12588172 79043
12588172 10671602
12588172 16744475
12588172 21505330
12588172 21756999
12588172 28212129
12588172 47667972
12588172 90420314
12589692 681813
12589692 3245291
12592522 4838281
12592522 6825792
12592522 14224219
12592522 14379148
12592522 16792453
12592522 19746351
12592522 20703666
12592522 24585498
12592522 29338393
12592522 32387419
12592522 39394932
12592522 53789489
12592522 70587360
12592522 74262901
12592522 105880821
12592522 164569984
12592522 247343656
12712332 1979391
12712332 3245291
12712332 7753922
12712332 7861312
12712332 63485337
12712332 87620061
12712332 126042901
12729412 49793
12729412 681813
12729412 695463
12729412 767334
12729412 945911
12729412 1979391
12729412 3039101
12729412 4622401
12729412 6825792
12729412 7169892
12729412 7753922
12729412 9747492
12729412 14051156
12729412 14195122
12729412 14475298
12729412 14496538
12729412 14538254
12729412 15876654
12729412 17541602
12729412 18675183
12729412 18839185
12729412 19337621
12729412 19382657
12729412 19701173
12729412 19702846
12729412 19735438
12729412 19738805
12729412 26204177
12729412 35827447
12729412 47667972
12925072 20
12925072 657863
12925072 7040932
12925072 7376382
12925072 7481082
12925072 8076052
12925072 13058232
13058232 13348
13058232 7040932
13058232 12925072
13058232 19397785
13058232 50393960
13058232 62581962
13058232 115485051
13096002 1979391
13096002 6608332
13096002 7065942
13096002 11167502
13096002 13461662
13096002 14417250
13096002 15078306
13096002 15410758
13096002 15419775
13096002 17602170
13096002 17902089
13096002 18599061
13096002 18713254
13096002 18755518
13096002 19382657
13096002 19738805
13096002 20631572
13096002 24363108
13096002 24585498
13096002 24785621
13096002 27531390
13096002 31067157
13096002 33868543
13096002 38508404
13096002 52934175
13096002 63485337
13096002 117620953
13096002 118921133
13134712 1979391
13134712 3828311
13134712 15852140
13134712 18599061
13134712 18713254
13134712 19382657
13134712 27531390
13134712 45784061
13134712 47207321
13134712 75691167
13134712 117620953
13185852 10350
13185852 15913
13185852 657863
13185852 681813
13185852 2735591
13185852 3359851
13185852 3829151
13185852 5576542
13185852 6608332
13185852 7434902
13185852 7591562
13185852 7861312
13185852 10671602
13185852 11928542
13185852 12925072
13185852 13356642
13185852 13461662
13185852 14155052
13185852 14199979
13185852 14224219
13185852 14326533
13185852 14575846
13185852 14589257
13185852 14952378
13185852 15222083
13185852 15234657
13185852 15249156
13185852 15582769
13185852 15901190
13185852 16102815
13185852 16193325
13185852 16799897
13185852 17214479
13185852 17872114
13185852 18396070
13185852 18489585
13185852 18755518
13185852 18762284
13185852 18849368
13185852 18933499
13185852 19087813
13185852 19414296
13185852 19672395
13185852 22981846
13185852 24585498
13185852 24595743
13185852 26281970
13185852 27531390
13185852 31353077
13185852 38514229
13185852 39394932
13185852 48370736
13185852 48485771
13185852 50393960
13185852 53789489
13185852 63485337
13185852 83233279
13185852 90420314
13185852 115485051
13185852 117652722
13185852 454340464
13212502 20
13212502 989
13212502 3840
13212502 10450
13212502 41713
13212502 643653
13212502 657863
13212502 661403
13212502 681813
13212502 756475
13212502 811350
13212502 930061
13212502 1305941
13212502 1424001
13212502 2729061
13212502 6297852
13212502 6666892
13212502 7861312
13212502 10454572
13212502 12436442
13212502 14348594
13212502 15208246
13212502 15249156
13212502 15301803
13212502 15901190
13212502 16303106
13212502 17595439
13212502 70686417
13282032 1405071
13282032 1979391
13282032 5576542
13282032 6068142
13282032 11928542
13282032 14137737
13282032 14337677
13282032 15176366
13282032 15901190
13282032 16799897
13282032 19575980
13282032 20436922
13282032 20536157
13282032 21220972
13282032 21834006
13282032 24585498
13282032 25105135
13282032 26281970
13282032 31353077
13282032 36457353
13282032 38318973
13282032 40888730
13282032 45784061
13282032 45862504
13282032 46426258
13282032 47207321
13282032 47667972
13282032 63485337
13282032 69945997
13282032 73731253
13282032 74262901
13282032 74903868
13282032 77007853
13282032 107336879
13282032 109594284
13282032 117652722
13282032 130583593
13282032 290879947
13282032 325966297
13282032 386697756
13294252 695463
13294252 3039101
13294252 5969042
13294252 6825792
13294252 14538254
13356642 15913
13356642 732073
13356642 1405071
13356642 3359851
13356642 4812381
13356642 5413042
13356642 6310522
13356642 6608332
13356642 7753922
13356642 10671602
13356642 11928542
13356642 13185852
13356642 13461662
13356642 14155052
13356642 14199979
13356642 14224219
13356642 15222083
13356642 15419775
13356642 15494342
13356642 15591032
13356642 16193325
13356642 16220934
13356642 16358416
13356642 16792453
13356642 16799897
13356642 18762284
13356642 18933499
13356642 19414296
13356642 20436922
13356642 24585498
13356642 24595743
13356642 33191389
13356642 35066483
13356642 39394932
13356642 53789489
13356642 63485337
13356642 77007853
13356642 87620061
13356642 117652722
13400992 15913
13400992 1979391
13400992 7861312
13400992 14575846
13400992 18666844
13400992 20609518
13400992 24785621
13400992 34115297
13400992 43880993
13400992 63485337
13400992 73731253
13461662 732073
13461662 1405071
13461662 1979391
13461662 3359851
13461662 4812381
13461662 5413042
13461662 5576542
13461662 6608332
13461662 7434902
13461662 10671602
13461662 13185852
13461662 13356642
13461662 13504092
13461662 14137737
13461662 14155052
13461662 14197132
13461662 14199979
13461662 14224219
13461662 14475298
13461662 14575846
13461662 15078306
13461662 15387870
13461662 16193325
13461662 16220934
13461662 16303106
13461662 16792453
13461662 16799897
13461662 16874875
13461662 17031260
13461662 17206070
13461662 18229027
13461662 18438362
13461662 18653265
13461662 18755518
13461662 18762284
13461662 18812947
13461662 18849368
13461662 18933499
13461662 19738805
13461662 19785044
13461662 20436922
13461662 21224587
13461662 22556717
13461662 22981846
13461662 23238377
13461662 23487429
13461662 24585498
13461662 24595743
13461662 27531390
13461662 33191389
13461662 33868543
13461662 35066483
13461662 36171035
13461662 36311369
13461662 36457353
13461662 38318973
13461662 39394932
13461662 39680464
13461662 40972489
13461662 42332035
13461662 45784061
13461662 46426258
13461662 48485771
13461662 54371309
13461662 63485337
13461662 70587360
13461662 77059348
13461662 107336879
13461662 114577942
13461662 115485051
13461662 117652722
13461662 174958347
13461662 175624200
13461662 182370042
13461662 248044499
13461662 360964430
13461662 451044230
13461662 454340464
13462912 681813
13462912 15290899
13462912 15912884
13462912 27837808
13504092 681813
13504092 1405071
13504092 1979391
13504092 3039101
13504092 4058321
13504092 4838281
13504092 6249592
13504092 6825792
13504092 7331992
13504092 7591562
13504092 8266102
13504092 9199472
13504092 10266522
13504092 11591662
13504092 13461662
13504092 14155052
13504092 14199979
13504092 14224219
13504092 14475298
13504092 14476063
13504092 14575846
13504092 15078306
13504092 15176366
13504092 15222083
13504092 15419775
13504092 16181584
13504092 16220934
13504092 16792453
13504092 18438362
13504092 19102458
13504092 19750276
13504092 20703666
13504092 21039860
13504092 22857385
13504092 23238377
13504092 31067157
13504092 32387419
13504092 33191389
13504092 37170886
13504092 39680464
13504092 40972489
13504092 42332035
13504092 43164252
13504092 44024932
13504092 45784061
13504092 47207321
13504092 75691167
13504092 77007853
13504092 82553416
13504092 98795912
13504092 109951411
13504092 115485051
13504092 118921133
13504092 155689319
13504092 163556820
13504092 247554276
13504092 248044499
13504092 269624052
13504092 325966297
13504092 360964430
13529042 6825792
13629522 105223
13629522 681813
13629522 695463
13629522 3983631
13629522 5969042
13629522 6825792
13629522 14538254
13629522 17541602
13629522 18184416
13629522 19738805
13629522 19828067
13638292 16744475
13638292 19362297
13638292 21756999
13638292 47667972
13639582 1979391
13639582 6825792
13639582 14195122
13639582 16741826
13639582 17541602
13639582 19382657
13639582 69945997
13860742 20
13860742 6140
13860742 13124
13860742 48473
13860742 607793
13860742 643653
13860742 681813
13860742 691353
13860742 814304
13860742 820585
13860742 1113541
13860742 2384071
13860742 2729061
13860742 2779821
13860742 3564041
13860742 6297852
13860742 6347872
13860742 9207632
13860742 14100903
13860742 14348594
13860742 15051601
13860742 15473413
13860742 18393773
13860742 22525751
13860742 32491666
13860742 58441079
13965842 343773
13965842 681813
13965842 783374
13965842 1570481
13965842 1979391
13965842 10117562
13965842 11591662
13965842 14433905
13965842 14475021
13965842 14538254
13965842 15419775
13965842 15852140
13965842 15860867
13965842 16878507
13965842 19725644
13965842 21709230
13965842 26155776
13965842 27531390
13965842 30957246
13965842 31013971
13965842 37170886
13965842 44244590
13965842 45229371
13965842 46426258
13965842 82553416
13965842 220521282
14051156 4816
14051156 13040
14051156 105223
14051156 695463
14051156 767334
14051156 816653
14051156 1405071
14051156 3983631
14051156 4622401
14051156 6825792
14051156 7169892
14051156 7765612
14051156 9207632
14051156 12729412
14051156 13629522
14051156 14475298
14051156 14961234
14051156 15494342
14051156 16741826
14051156 17248121
14051156 17541602
14051156 18675183
14051156 19702846
14051156 19956556
14051156 22841103
14051156 33676781
14051156 35827447
14051156 42584178
14051156 78598588
14051156 91004913
14051156 178928545
14051156 360964430
14100903 767
14100903 821
14100903 681813
14100903 820585
14100903 1113541
14100903 2384071
14100903 2729061
14100903 3564041
14100903 6347872
14100903 6825792
14100903 7177512
14100903 7564962
14100903 9207632
14100903 14274132
14100903 15085196
14100903 17709860
14100903 58441079
14103291 658353
14103291 790036
14103291 1405071
14103291 1919231
14103291 1979391
14103291 4838281
14103291 5576542
14103291 5603992
14103291 7591562
14103291 14137737
14103291 14224219
14103291 14242872
14103291 14284668
14103291 14631433
14103291 15418343
14103291 15419775
14103291 16799897
14103291 17634892
14103291 18024109
14103291 18600956
14103291 18812947
14103291 21039860
14103291 21224587
14103291 23238377
14103291 24422716
14103291 24585498
14103291 27938549
14103291 28851186
14103291 29756727
14103291 33868543
14103291 35604279
14103291 38318973
14103291 44024932
14103291 47207321
14103291 47273526
14103291 70587360
14103291 74262901
14103291 74903868
14103291 77007853
14103291 94813511
14103291 111492860
14103291 118921133
14103291 118975055
14103291 129699446
14103291 155688134
14103291 174958347
14109995 10350
14109995 11928542
14109995 14224219
14109995 14691709
14109995 18571832
14109995 18666844
14109995 19157786
14109995 19657422
14109995 43164252
14109995 44024932
14109995 47667972
14109995 70587360
14109995 111492860
14109995 158103356
14109995 270341223
14121456 681813
14121456 695463
14121456 6825792
14121456 28212129
14137737 1405071
14137737 2100521
14137737 5576542
14137737 5603992
14137737 10671602
14137737 13461662
14137737 14103291
14137737 14224219
14137737 14631433
14137737 15279452
14137737 15901190
14137737 16303106
14137737 16799897
14137737 17064600
14137737 19287097
14137737 21056214
14137737 22461427
14137737 22556717
14137737 23238377
14137737 23487429
14137737 24422716
14137737 24585498
14137737 24852559
14137737 26281970
14137737 31353077
14137737 35066483
14137737 36457353
14137737 37729461
14137737 38138597
14137737 38318973
14137737 44134863
14137737 46426258
14137737 47667972
14137737 57082636
14137737 62613968
14137737 63485337
14137737 64776896
14137737 69945997
14137737 70587360
14137737 73731253
14137737 77059348
14137737 78993414
14137737 93969417
14137737 98795912
14137737 103943240
14137737 111136741
14137737 111492860
14137737 115216851
14137737 115485051
14137737 155688134
14137737 265650538
14137737 386697756
14137737 534725405
14137885 15913
14137885 16023
14137885 681813
14137885 1979391
14137885 2384071
14137885 5413042
14137885 8938362
14137885 14155052
14137885 14199979
14137885 14575846
14137885 15234657
14137885 16102815
14137885 18438362
14137885 18755518
14137885 18895794
14137885 18900668
14137885 19414296
14137885 20273398
14137885 24585498
14137885 33191389
14137885 39680464
14137885 46146200
14137885 48485771
14137885 77007853
14137885 360964430
14145413 1405071
14145413 4838281
14145413 5576542
14145413 6825792
14145413 7331992
14145413 11591662
14145413 13504092
14145413 14103291
14145413 14224219
14145413 14475298
14145413 14476063
14145413 14538254
14145413 15418343
14145413 16792453
14145413 18298167
14145413 18933499
14145413 19582372
14145413 20703666
14145413 29293260
14145413 44024932
14145413 53789489
14145413 70587360
14145413 98795912
14145413 104268834
14145413 111492860
14145413 115216851
14155052 10350
14155052 15913
14155052 105223
14155052 657863
14155052 681813
14155052 717313
14155052 2100521
14155052 2729061
14155052 3359851
14155052 6297852
14155052 6310522
14155052 6608332
14155052 6825792
14155052 7434902
14155052 7591562
14155052 7753922
14155052 7861312
14155052 7872262
14155052 8146732
14155052 10671602
14155052 11928542
14155052 13185852
14155052 13356642
14155052 13504092
14155052 14199979
14155052 14224219
14155052 14307351
14155052 14326533
14155052 14575846
14155052 14589257
14155052 14837184
14155052 15015040
14155052 15078306
14155052 15222083
14155052 15234657
14155052 15279452
14155052 15472368
14155052 15477120
14155052 15494342
14155052 15578992
14155052 15582769
14155052 15591032
14155052 15861559
14155052 16102815
14155052 16193325
14155052 16303106
14155052 16358416
14155052 16792453
14155052 16799897
14155052 16874875
14155052 18345193
14155052 18648265
14155052 18666844
14155052 18755518
14155052 18762284
14155052 18900668
14155052 18933499
14155052 19087813
14155052 19279990
14155052 19414296
14155052 19637934
14155052 19738805
14155052 19785044
14155052 20104303
14155052 20436922
14155052 21056214
14155052 21224587
14155052 21756999
14155052 22556717
14155052 22841103
14155052 22981846
14155052 23238377
14155052 24585498
14155052 24595743
14155052 24942585
14155052 25411611
14155052 27531390
14155052 28755851
14155052 29395230
14155052 33191389
14155052 36311369
14155052 37170886
14155052 38138597
14155052 38517589
14155052 39394932
14155052 45862504
14155052 46146200
14155052 46426258
14155052 48485771
14155052 50393960
14155052 54178513
14155052 63485337
14155052 77059348
14155052 87620061
14155052 107336879
14155052 114910205
14155052 115485051
14155052 117652722
14155052 121353356
14155052 144040563
14155052 175624200
14155052 248044499
14155052 454340464
14165300 13234
14165300 1405071
14165300 4838281
14165300 7331992
14165300 14538254
14165300 16104418
14165300 18600956
14165300 19102458
14165300 19582372
14165300 19923765
14165300 20703666
14165300 21920573
14165300 23238377
14165300 29293260
14165300 33868543
14165300 44024932
14165300 47273526
14165300 50850314
14165300 111492860
14165300 113254439
14165300 115216851
14165300 191790175
14165300 224896214
14165300 290879947
14168488 15913
14168488 1979391
14168488 3359851
14168488 6608332
14168488 7065942
14168488 15222083
14168488 15419775
14168488 18666844
14168488 42332035
14168488 45784061
14168488 53789489
14168488 454340464
14190551 681813
14190551 2384071
14190551 2729061
14190551 9207632
14195122 3039101
14195122 6825792
14195122 13639582
14195122 17541602
14195122 19738805
14195122 35827447
14197132 1405071
14197132 11167502
14197132 14199979
14197132 14224219
14197132 14405995
14197132 15222083
14197132 15419775
14197132 15861559
14197132 15862493
14197132 15962096
14197132 17872874
14197132 18900668
14197132 20436922
14197132 20524102
14197132 22841103
14197132 22981846
14197132 24585498
14197132 24595743
14197132 25732138
14197132 32387419
14197132 37170886
14197132 46426258
14197132 57903424
14197132 60402167
14197132 63485337
14197132 143344048
14197132 175624200
14199979 681813
14199979 1405071
14199979 3359851
14199979 4812381
14199979 5413042
14199979 6249592
14199979 6297852
14199979 6608332
14199979 6814562
14199979 6889982
14199979 7591562
14199979 7860742
14199979 7861312
14199979 11928542
14199979 13185852
14199979 13356642
14199979 13461662
14199979 13504092
14199979 14075928
14199979 14137885
14199979 14155052
14199979 14575846
14199979 14837184
14199979 14952378
14199979 15234657
14199979 15494342
14199979 15503224
14199979 16102815
14199979 16181584
14199979 16792453
14199979 16799897
14199979 17031260
14199979 18438362
14199979 18755518
14199979 18840531
14199979 18849368
14199979 18895794
14199979 19414296
14199979 20104303
14199979 20273398
14199979 20436922
14199979 21505330
14199979 22184329
14199979 24585498
14199979 24595743
14199979 26155776
14199979 27531390
14199979 29006114
14199979 31067157
14199979 32387419
14199979 33191389
14199979 39394932
14199979 39680464
14199979 46002379
14199979 46426258
14199979 48485771
14199979 70587360
14199979 98795912
14199979 117652722
14199979 248044499
14199979 360964430
14202579 13234
14202579 1405071
14202579 14538254
14202579 15078266
14202579 18298167
14202579 20703666
14202579 24585498
14222507 52953
14222507 9976962
14222507 19418918
14222507 22588936
14222507 27097871
14222507 30322151
14222507 33977772
14222507 59397650
14223960 767
14223960 821
14223960 13124
14223960 681813
14223960 816653
14223960 820585
14223960 1113541
14223960 2384071
14223960 2729061
14223960 6347872
14223960 9207632
14223960 13860742
14223960 14190551
14223960 14274132
14223960 15085196
14223960 15341629
14223960 16127205
14223960 18393773
14224219 767
14224219 2426
14224219 13234
14224219 15913
14224219 52953
14224219 71713
14224219 105223
14224219 643653
14224219 658353
14224219 732073
14224219 778518
14224219 784304
14224219 790036
14224219 1054621
14224219 1405071
14224219 1919231
14224219 1979391
14224219 2100521
14224219 2729061
14224219 2735631
14224219 2779821
14224219 3359851
14224219 3720411
14224219 3828311
14224219 4058321
14224219 4812381
14224219 4838281
14224219 5413042
14224219 5576542
14224219 5603992
14224219 6068142
14224219 6144362
14224219 6310522
14224219 6451032
14224219 6688272
14224219 6825792
14224219 6889982
14224219 7331992
14224219 7376382
14224219 7481082
14224219 7591562
14224219 7617502
14224219 7961342
14224219 9537272
14224219 10266522
14224219 11167502
14224219 11591662
14224219 12592522
14224219 12925072
14224219 13058232
14224219 13185852
14224219 13356642
14224219 13461662
14224219 13504092
14224219 14075928
14224219 14103291
14224219 14137737
14224219 14165300
14224219 14197132
14224219 14237677
14224219 14242872
14224219 14284668
14224219 14307351
14224219 14337677
14224219 14348594
14224219 14379148
14224219 14405995
14224219 14475298
14224219 14476063
14224219 14538254
14224219 14592925
14224219 14631433
14224219 14679475
14224219 14952378
14224219 15022843
14224219 15135874
14224219 15176366
14224219 15192772
14224219 15234657
14224219 15275200
14224219 15279452
14224219 15292070
14224219 15418343
14224219 15419775
14224219 15458602
14224219 15472368
14224219 15477714
14224219 15494342
14224219 15600475
14224219 15861559
14224219 15888886
14224219 15901190
14224219 15938093
14224219 16104418
14224219 16193325
14224219 16303106
14224219 16358416
14224219 16792453
14224219 16799905
14224219 16956955
14224219 17064600
14224219 17814729
14224219 17872114
14224219 17872874
14224219 17912684
14224219 18024109
14224219 18148724
14224219 18229027
14224219 18393773
14224219 18438362
14224219 18571832
14224219 18600956
14224219 18653265
14224219 18658817
14224219 18713254
14224219 18761076
14224219 18812947
14224219 18849368
14224219 18933499
14224219 19087813
14224219 19203411
14224219 19238557
14224219 19279990
14224219 19287097
14224219 19575980
14224219 19675135
14224219 19725644
14224219 19746351
14224219 19785044
14224219 20232992
14224219 20436922
14224219 20524102
14224219 20536157
14224219 20703666
14224219 21039860
14224219 21056214
14224219 21220972
14224219 21224587
14224219 21600144
14224219 21636840
14224219 21834006
14224219 21861033
14224219 21959765
14224219 22413809
14224219 22461427
14224219 22525751
14224219 22556717
14224219 22841103
14224219 23238377
14224219 23487429
14224219 23720736
14224219 23843220
14224219 23990894
14224219 24422716
14224219 24585498
14224219 24595743
14224219 24852559
14224219 26155776
14224219 27531390
14224219 27611506
14224219 27938549
14224219 28851186
14224219 29338393
14224219 29756727
14224219 32387419
14224219 33114793
14224219 33191389
14224219 33868543
14224219 35066483
14224219 35604279
14224219 36171035
14224219 36457353
14224219 37170886
14224219 37729461
14224219 38010788
14224219 38268441
14224219 38318973
14224219 38339409
14224219 39394932
14224219 40888730
14224219 42629821
14224219 43037004
14224219 43164252
14224219 44024932
14224219 44134863
14224219 44652237
14224219 45784061
14224219 46179487
14224219 46426258
14224219 46722097
14224219 47207321
14224219 47273526
14224219 47667972
14224219 48427666
14224219 50850314
14224219 52934175
14224219 53789489
14224219 54371309
14224219 55472734
14224219 56641020
14224219 56927820
14224219 57903424
14224219 58441079
14224219 59554328
14224219 60402167
14224219 62581962
14224219 62613968
14224219 63485337
14224219 63769966
14224219 64590892
14224219 64776896
14224219 65409929
14224219 69945997
14224219 70587360
14224219 73514272
14224219 73731253
14224219 74262901
14224219 74903868
14224219 75783213
14224219 77007853
14224219 77059348
14224219 78403368
14224219 78993414
14224219 80552291
14224219 83955385
14224219 83963371
14224219 84670801
14224219 87087536
14224219 89768201
14224219 93969417
14224219 94813511
14224219 98795912
14224219 100022264
14224219 100331389
14224219 100868651
14224219 103943240
14224219 104268834
14224219 105880821
14224219 105924719
14224219 107336879
14224219 109594284
14224219 111136741
14224219 111492860
14224219 113254439
14224219 114577942
14224219 115216851
14224219 116766690
14224219 117652722
14224219 118279350
14224219 118505994
14224219 118921133
14224219 118975055
14224219 121353356
14224219 127993465
14224219 129699446
14224219 130583593
14224219 130922325
14224219 132430765
14224219 142457170
14224219 143033894
14224219 155688134
14224219 155844378
14224219 158414847
14224219 163556820
14224219 164569984
14224219 168865827
14224219 174402013
14224219 175490089
14224219 175624200
14224219 191790175
14224219 191922531
14224219 210944652
14224219 212880848
14224219 218601115
14224219 224896214
14224219 229278271
14224219 239648605
14224219 247343656
14224219 248044499
14224219 264348615
14224219 265650538
14224219 269385024
14224219 278937589
14224219 290879947
14224219 295913885
14224219 309605958
14224219 329518010
14224219 344059195
14224219 357509021
14224219 360964430
14224219 386697756
14224219 419919051
14224219 454340464
14224219 485197487
14224219 486927488
14224219 488021513
14224219 511121728
14224219 534725405
14224219 539367183
14230524 12925072
14230524 13058232
14237677 1405071
14237677 1979391
14237677 3720411
14237677 10266522
14237677 10671602
14237677 14224219
14237677 15222083
14237677 15410758
14237677 15419775
14237677 15494342
14237677 16303106
14237677 16792453
14237677 17912684
14237677 24585498
14237677 25904310
14237677 35066483
14237677 45784061
14237677 46426258
14237677 47207321
14237677 70587360
14237677 117652722
14237677 175624200
14237677 248044499
14237677 309920730
14242872 658353
14242872 4058321
14242872 4838281
14242872 5576542
14242872 6144362
14242872 10266522
14242872 14103291
14242872 14224219
14242872 14284668
14242872 14475298
14242872 14538254
14242872 18600956
14242872 20703666
14242872 21039860
14242872 23238377
14242872 24585498
14242872 33868543
14242872 35604279
14242872 44024932
14242872 70587360
14242872 74262901
14242872 89768201
14242872 168865827
14242872 191790175
14242872 344059195
14242872 357509021
14274132 767
14274132 13234
14274132 681813
14274132 691353
14274132 816653
14274132 820585
14274132 1113541
14274132 2384071
14274132 2729061
14274132 3564041
14274132 9207632
14274132 15085196
14274132 26203847
14274132 62581962
14274132 115485051
14274132 158414847
14284668 658353
14284668 1405071
14284668 5576542
14284668 6144362
14284668 6825792
14284668 14103291
14284668 14224219
14284668 14242872
14284668 14475298
14284668 14538254
14284668 15472368
14284668 16104418
14284668 17634892
14284668 19102458
14284668 20703666
14284668 21039860
14284668 23238377
14284668 29756727
14284668 35604279
14284668 47273526
14284668 70587360
14284668 89768201
14284668 168865827
14284668 357509021
14307351 765
14307351 2426
14307351 6140
14307351 13046
14307351 36823
14307351 2729061
14307351 14224219
14307351 14348594
14307351 16356796
14326533 14575846
14326533 26281970
14329770 767
14329770 989
14329770 3840
14329770 5702
14329770 13348
14329770 49793
14329770 657863
14329770 732073
14329770 816653
14329770 817268
14329770 817288
14329770 858051
14329770 1899161
14329770 2384071
14329770 3829151
14329770 6141832
14329770 9283312
14329770 9641832
14329770 14600116
14329770 17595439
14337677 15913
14337677 1405071
14337677 1979391
14337677 3828311
14337677 5576542
14337677 5603992
14337677 6068142
14337677 10266522
14337677 11740382
14337677 13282032
14337677 14103291
14337677 14137737
14337677 14224219
14337677 14575846
14337677 14631433
14337677 15279452
14337677 15419775
14337677 15472368
14337677 15477714
14337677 15901190
14337677 16799897
14337677 17064600
14337677 18148724
14337677 18648265
14337677 18755518
14337677 19238557
14337677 19575980
14337677 20060023
14337677 20436922
14337677 20963773
14337677 21056214
14337677 21220972
14337677 21636840
14337677 21834006
14337677 21861033
14337677 21959765
14337677 22556717
14337677 23238377
14337677 23487429
14337677 23990894
14337677 24422716
14337677 24585498
14337677 25105135
14337677 27938549
14337677 29395230
14337677 33114793
14337677 34115297
14337677 36457353
14337677 37729461
14337677 38318973
14337677 40888730
14337677 44134863
14337677 45784061
14337677 46426258
14337677 52934175
14337677 62613968
14337677 63485337
14337677 64590892
14337677 64776896
14337677 65409929
14337677 69945997
14337677 70587360
14337677 73731253
14337677 74262901
14337677 74903868
14337677 75783213
14337677 77007853
14337677 77059348
14337677 78403368
14337677 87087536
14337677 87620061
14337677 93969417
14337677 105880821
14337677 107336879
14337677 109594284
14337677 111136741
14337677 111492860
14337677 114577942
14337677 115216851
14337677 118921133
14337677 118975055
14337677 123905288
14337677 130583593
14337677 155688134
14337677 182370042
14337677 265650538
14337677 290879947
14337677 309605958
14337677 329518010
14337677 360964430
14337677 386697756
14337677 485197487
14337677 488021513
14337677 491013038
14337677 545558899
14338639 15913
14338639 1979391
14338639 7860742
14338639 7861312
14338639 11928542
14338639 14155052
14338639 14337677
14338639 14575846
14338639 18666844
14338639 18755518
14338639 38517589
14338639 48485771
14338639 52934175
14338639 63485337
14338639 73731253
14338639 77059348
14338639 107336879
14338639 545558899
14344845 14224219
14348594 20
14348594 767
14348594 10350
14348594 13348
14348594 657863
14348594 661403
14348594 732073
14348594 1305941
14348594 2100521
14348594 2735631
14348594 3829151
14348594 6688272
14348594 7861312
14348594 15962096
14348594 16303106
14348594 16956955
14348594 17595439
14348594 18393773
14348594 18396070
14348594 18713254
14348594 19279990
14348594 19658826
14348594 19725644
14348594 21600144
14348594 22413809
14348594 22461427
14348594 31353077
14348594 115485051
14348594 130922325
14348594 135316691
14348594 191922531
14348594 288452305
14379148 658353
14379148 5576542
14379148 10266522
14379148 14224219
14379148 14475298
14379148 15418343
14379148 16104418
14379148 18600956
14379148 23238377
14379148 24585498
14379148 29756727
14379148 33868543
14379148 42629821
14379148 47273526
14379148 50850314
14379148 70587360
14379148 74262901
14379148 98795912
14379148 111492860
14379148 114577942
14379148 118505994
14379148 155688134
14405995 7065942
14405995 14197132
14405995 15861559
14405995 18900668
14405995 20232992
14405995 24585498
14405995 46426258
14405995 57903424
14405995 60402167
14412605 5413042
14412605 14224219
14412605 14575846
14412605 16799897
14412605 17214479
14412605 19049747
14412605 19087813
14412605 24585498
14412605 143033894
14412605 454340464
14417250 343773
14417250 681813
14417250 6608332
14417250 7481082
14417250 7753922
14417250 8266102
14417250 13096002
14417250 13461662
14417250 14199979
14417250 14433905
14417250 14679475
14417250 15387870
14417250 16555627
14417250 16792453
14417250 16878507
14417250 18599061
14417250 18755518
14417250 19738805
14417250 21709230
14417250 24166202
14417250 24585498
14417250 27531390
14417250 30957246
14417250 31013971
14417250 31067157
14417250 37170886
14417250 44244590
14417250 45784061
14417250 46002379
14417250 46426258
14417250 63485337
14417250 82553416
14417250 100314530
14417250 115485051
14417250 117620953
14417250 123439064
14417250 151667946
14417250 161678121
14417250 175624200
14417250 184146952
14417250 243293725
14417250 243514133
14433905 1979391
14433905 3828311
14433905 7753922
14433905 15472368
14433905 16555627
14433905 16792453
14433905 16878507
14433905 19414296
14433905 20436922
14433905 21709230
14433905 24585498
14433905 26155776
14433905 27531390
14433905 30957246
14433905 39680464
14433905 44244590
14433905 46002379
14433905 46179487
14433905 46426258
14433905 58401280
14433905 62581962
14433905 63485337
14433905 87620061
14433905 117620953
14433905 118505994
14433905 161678121
14433905 163374693
14433905 175624200
14439553 52953
14439553 784304
14439553 816653
14439553 5520332
14439553 7861312
14439553 8076052
14439553 8925602
14439553 9976962
14439553 14222507
14439553 15422847
14439553 18226924
14439553 18396070
14439553 18713254
14439553 18761076
14439553 19418918
14439553 19657422
14439553 22588936
14439553 27097871
14439553 30322151
14439553 30681238
14439553 40714864
14439553 41653783
14439553 47667972
14439553 49454522
14439553 66988729
14439553 70587360
14439553 97771401
14439553 111492860
14439553 147629963
14439553 158103356
14439553 158500408
14439553 270341223
14467421 681813
14467421 1979391
14467421 6825792
14467421 7753922
14467421 19382657
14467421 19738805
14467421 35827447
14467421 47667972
14475021 681813
14475021 783374
14475021 1570481
14475021 1979391
14475021 8151822
14475021 10117562
14475021 11591662
14475021 13965842
14475021 14199979
14475021 15419775
14475021 15852140
14475021 15860867
14475021 16220934
14475021 26155776
14475021 28536332
14475021 28734673
14475021 29395230
14475021 38292889
14475021 39680464
14475021 45229371
14475021 58401280
14475021 143188904
14475021 175624200
14475021 220521282
14475021 232430517
14475298 105223
14475298 658353
14475298 695463
14475298 767334
14475298 925161
14475298 1405071
14475298 1979391
14475298 4058321
14475298 4622401
14475298 4838281
14475298 5576542
14475298 6144362
14475298 6249592
14475298 6742522
14475298 6825792
14475298 6889982
14475298 7331992
14475298 7753922
14475298 9270192
14475298 10266522
14475298 11591662
14475298 12729412
14475298 13461662
14475298 13504092
14475298 14051156
14475298 14103291
14475298 14145413
14475298 14224219
14475298 14242872
14475298 14284668
14475298 14379148
14475298 14476063
14475298 14538254
14475298 15418343
14475298 15865172
14475298 16104418
14475298 16792453
14475298 17541602
14475298 18184416
14475298 18298167
14475298 18438362
14475298 18666844
14475298 18675183
14475298 18812947
14475298 18933499
14475298 19102458
14475298 19382657
14475298 19738805
14475298 19828067
14475298 19923765
14475298 20703666
14475298 21039860
14475298 21756999
14475298 21920573
14475298 22857385
14475298 30816874
14475298 31354853
14475298 33676781
14475298 33868543
14475298 35827447
14475298 38138597
14475298 39919140
14475298 42629821
14475298 47273526
14475298 74262901
14475298 78993414
14475298 83963371
14475298 98795912
14475298 104268834
14475298 111492860
14475298 112075585
14475298 114577942
14475298 115216851
14475298 118505994
14475298 155688134
14475298 163556820
14475298 168865827
14475298 191790175
14475298 290879947
14476063 1405071
14476063 4838281
14476063 10266522
14476063 13504092
14476063 14475298
14476063 14538254
14476063 15249156
14476063 16792453
14476063 18755518
14476063 20703666
14476063 21039860
14476063 42629821
14476063 53789489
14476063 84670801
14476063 115216851
14476063 163556820
14496538 1979391
14496538 7753922
14496538 15234657
14496538 18438362
14498968 79043
14498968 3039101
14498968 5915332
14498968 10671602
14498968 15410758
14498968 17409832
14498968 21756999
14498968 28212129
14498968 31067157
14498968 35827447
14500028 1979391
14500028 2100521
14500028 11928542
14500028 14155052
14500028 14337677
14500028 14575846
14500028 23238377
14500028 48485771
14500711 681813
14500711 3245291
14500711 3828311
14500711 7753922
14500711 16303106
14500711 17602170
14500711 23991290
14500711 24585498
14500711 39680464
14500711 44671378
14515931 49793
14515931 6385432
14515931 20536157
14515931 93957809
14515931 115485051
14538254 13234
14538254 16023
14538254 681813
14538254 783374
14538254 1405071
14538254 2384071
14538254 3039101
14538254 3828311
14538254 4622401
14538254 4838281
14538254 5576542
14538254 5969042
14538254 6604002
14538254 6825792
14538254 14165300
14538254 14202579
14538254 14224219
14538254 14284668
14538254 14475298
14538254 15192772
14538254 15418343
14538254 15419775
14538254 15472368
14538254 15852140
14538254 16104418
14538254 18024109
14538254 18438362
14538254 19102458
14538254 19382657
14538254 20703666
14538254 21920573
14538254 24585498
14538254 26155776
14538254 29293260
14538254 33868543
14538254 38318973
14538254 39680464
14538254 40972489
14538254 42332035
14538254 46002379
14538254 47207321
14538254 47273526
14538254 53789489
14538254 70587360
14538254 74262901
14538254 77007853
14538254 247343656
14538254 357509021
14538254 360964430
14538254 451044230
14550221 633
14550221 36823
14550221 681813
14550221 22184329
14555534 12
14555534 49793
14555534 717313
14555534 6451032
14555534 7040932
14555534 14945780
14555534 20536157
14555534 20609518
14555534 93957809
14555534 378223565
14575846 15913
14575846 717313
14575846 2100521
14575846 3359851
14575846 5413042
14575846 5576542
14575846 6608332
14575846 6825792
14575846 7434902
14575846 7861312
14575846 10671602
14575846 13356642
14575846 13461662
14575846 14155052
14575846 14199979
14575846 14224219
14575846 14326533
14575846 14412605
14575846 14691709
14575846 14837184
14575846 15015040
14575846 15222083
14575846 15234657
14575846 15419775
14575846 15494342
14575846 15578992
14575846 15582769
14575846 15591032
14575846 16079245
14575846 16102815
14575846 16181584
14575846 16193325
14575846 16799897
14575846 16874875
14575846 17031260
14575846 17214479
14575846 18345193
14575846 18393773
14575846 18489585
14575846 18755518
14575846 18849368
14575846 19414296
14575846 19785044
14575846 20436922
14575846 21224587
14575846 22461427
14575846 22556717
14575846 22841103
14575846 24595743
14575846 26281970
14575846 27531390
14575846 31353077
14575846 33191389
14575846 35066483
14575846 36311369
14575846 38318973
14575846 43880993
14575846 45487007
14575846 45784061
14575846 46426258
14575846 48485771
14575846 50393960
14575846 50850314
14575846 53789489
14575846 63485337
14575846 77007853
14575846 77059348
14575846 83955385
14575846 87620061
14575846 90420314
14575846 107336879
14575846 109951411
14575846 114910205
14575846 155844378
14575846 175624200
14575846 191790175
14575846 248044499
14575846 454340464
14589257 15913
14589257 657863
14589257 681813
14589257 4213251
14589257 7872262
14589257 10671602
14589257 15222083
14589257 15234657
14589257 15901190
14589257 16799897
14589257 18599061
14589257 18648265
14589257 20273398
14589257 45784061
14589257 45862504
14589257 48485771
14589257 50393960
14589257 88501703
14589257 107336879
14589257 117652722
14592925 778518
14592925 790036
14592925 5576542
14592925 14103291
14592925 14224219
14592925 15938093
14592925 18024109
14592925 23487429
14592925 24422716
14592925 29756727
14592925 47273526
14592925 70587360
14592925 175624200
14600116 12
14600116 20
14600116 295
14600116 418
14600116 767
14600116 885
14600116 989
14600116 3840
14600116 5702
14600116 13348
14600116 36823
14600116 49793
14600116 657863
14600116 732073
14600116 749963
14600116 816653
14600116 817268
14600116 817288
14600116 858051
14600116 1000591
14600116 1899161
14600116 2384071
14600116 2529971
14600116 2730791
14600116 6141832
14600116 6708952
14600116 9641832
14600116 11388132
14600116 11435642
14600116 14761795
14600116 14834340
14600116 17503180
14600116 17595439
14600116 20536157
14600116 22255654
14600116 93957809
14625444 661403
14625444 681813
14625444 14155052
14625444 14837184
14625444 15591032
14625444 16102815
14625444 16303106
14625444 16874875
14625444 17031260
14625444 18713254
14625444 19637934
14625444 19725644
14625444 21224587
14625444 24585498
14625444 35066483
14625444 37570179
14625444 63485337
14625444 174958347
14625444 454340464
14631433 1979391
14631433 3720411
14631433 5576542
14631433 5603992
14631433 6068142
14631433 14103291
14631433 14137737
14631433 14224219
14631433 14337677
14631433 15419775
14631433 15472368
14631433 15901190
14631433 17064600
14631433 18648265
14631433 19102458
14631433 19287097
14631433 19575980
14631433 21861033
14631433 21959765
14631433 22556717
14631433 23238377
14631433 24422716
14631433 24585498
14631433 29634406
14631433 29762558
14631433 33114793
14631433 34739714
14631433 36457353
14631433 38138597
14631433 38318973
14631433 44134863
14631433 46426258
14631433 47207321
14631433 50850314
14631433 63485337
14631433 70587360
14631433 74262901
14631433 75783213
14631433 93969417
14631433 98795912
14631433 107336879
14631433 111136741
14631433 111492860
14631433 118975055
14631433 155688134
14631433 485197487
14679475 790036
14679475 6608332
14679475 15192772
14679475 15419775
14679475 18024109
14679475 18812947
14679475 22213896
14679475 24422716
14679475 29756727
14679475 118505994
14679475 175624200
14691709 12
14691709 10350
14691709 15913
14691709 717313
14691709 816653
14691709 3359851
14691709 4812381
14691709 6547952
14691709 6608332
14691709 7565302
14691709 7860742
14691709 7861312
14691709 8146732
14691709 10671602
14691709 11928542
14691709 12925072
14691709 13356642
14691709 13461662
14691709 13504092
14691709 14075928
14691709 14155052
14691709 14199979
14691709 14230524
14691709 14575846
14691709 14589257
14691709 15015040
14691709 15222083
14691709 15234657
14691709 15290899
14691709 15375238
14691709 15419775
14691709 15463446
14691709 15578992
14691709 16181584
14691709 16193325
14691709 16220934
14691709 16744475
14691709 16792453
14691709 16799897
14691709 17214479
14691709 17220934
14691709 18396070
14691709 18438362
14691709 18713254
14691709 18900668
14691709 20104303
14691709 20273398
14691709 20436922
14691709 20536157
14691709 21681252
14691709 22461427
14691709 22841103
14691709 22981846
14691709 23843220
14691709 24585498
14691709 24595743
14691709 24641194
14691709 25411611
14691709 26281970
14691709 27531390
14691709 28755851
14691709 31353077
14691709 31665210
14691709 32387419
14691709 33191389
14691709 36311369
14691709 37170886
14691709 38517589
14691709 39394932
14691709 43933017
14691709 44671378
14691709 47667972
14691709 48370736
14691709 48485771
14691709 57903424
14691709 62581962
14691709 77007853
14691709 87620061
14691709 89595997
14691709 90420314
14691709 114910205
14691709 115216851
14691709 117652722
14691709 119228619
14691709 142401418
14691709 158414847
14691709 168440518
14691709 175624200
14691709 222331074
14691709 229141679
14714825 12
14714825 20
14714825 418
14714825 13348
14714825 36823
14714825 49793
14714825 816653
14714825 824157
14714825 858051
14714825 1000591
14714825 6141832
14714825 6708952
14714825 14600116
14714825 17595439
14714825 22255654
14761795 12
14761795 20
14761795 295
14761795 989
14761795 1378
14761795 3840
14761795 10350
14761795 13348
14761795 36823
14761795 49793
14761795 657863
14761795 749963
14761795 816653
14761795 818340
14761795 858051
14761795 1000591
14761795 2384071
14761795 2730791
14761795 6141832
14761795 6385432
14761795 6708952
14761795 8161232
14761795 9641832
14761795 11388132
14761795 12925072
14761795 14600116
14761795 14834340
14761795 15414807
14761795 15827269
14761795 16303106
14761795 17220934
14761795 17595439
14761795 19397785
14761795 20536157
14761795 37570179
14761795 50393960
14761795 93957809
14775981 52953
14817347 52953
14817347 66988729
14825162 1979391
14825162 7339282
14825162 30378780
14825162 39919140
14825162 52343800
14825162 61458269
14825162 235023651
14825162 247110120
14834340 767
14834340 885
14834340 989
14834340 13348
14834340 36823
14834340 49793
14834340 661403
14834340 749963
14834340 816653
14834340 817288
14834340 824157
14834340 858051
14834340 930061
14834340 1000591
14834340 2384071
14834340 2529971
14834340 2730791
14834340 3829151
14834340 6141832
14834340 6708952
14834340 11388132
14834340 11435642
14834340 14600116
14834340 15827269
14834340 17595439
14837184 681813
14837184 1305941
14837184 3829151
14837184 6608332
14837184 13185852
14837184 13356642
14837184 14155052
14837184 14199979
14837184 14575846
14837184 15582769
14837184 15591032
14837184 16102815
14837184 16193325
14837184 16303106
14837184 16874875
14837184 19414296
14837184 21094279
14837184 24585498
14837184 63485337
14837184 115485051
14837184 174958347
14837184 454340464
14870168 681813
14870168 2729061
14882389 732073
14882389 2729061
14882389 5413042
14882389 6889982
14882389 14075928
14882389 14224219
14882389 16079245
14882389 16181584
14882389 16220934
14882389 16358416
14882389 16799897
14882389 18438362
14882389 19785044
14882389 44652237
14882389 46426258
14882389 63485337
14882389 73731253
14882389 77059348
14882389 175624200
14882389 454340464
14885549 12
14885549 20
14885549 295
14885549 418
14885549 767
14885549 885
14885549 989
14885549 2426
14885549 3840
14885549 5702
14885549 10350
14885549 11628
14885549 13348
14885549 36823
14885549 49793
14885549 82243
14885549 111743
14885549 657863
14885549 717313
14885549 732073
14885549 746323
14885549 749963
14885549 814253
14885549 814304
14885549 816532
14885549 816653
14885549 817268
14885549 824157
14885549 858051
14885549 930061
14885549 1000591
14885549 1045751
14885549 1305941
14885549 1899161
14885549 2384071
14885549 2529971
14885549 3359851
14885549 3829151
14885549 4641021
14885549 6141832
14885549 6385432
14885549 6708952
14885549 8962882
14885549 9641832
14885549 10454572
14885549 11388132
14885549 11435642
14885549 14761795
14885549 15208246
14885549 15827269
14885549 17503180
14885549 17595439
14885549 20536157
14885549 22255654
14885549 37570179
14885549 50393960
14885549 93957809
14887698 1979391
14887698 15078306
14887698 25904310
14887698 27531390
14887698 42332035
14887698 45784061
14887698 47207321
14887698 88259214
14887698 117620953
14887698 269624052
14906265 105223
14906265 681813
14906265 3039101
14906265 6825792
14906265 7169892
14906265 7753922
14906265 9270192
14906265 13629522
14906265 14195122
14906265 14538254
14906265 16744475
14906265 17541602
14906265 18184416
14906265 19738805
14906265 21756999
14906265 35827447
14906265 42584178
14906265 47667972
14908175 18967666
14945646 20
14945646 681813
14945646 21198456
14945780 49793
14945780 20536157
14952378 10350
14952378 657863
14952378 5576542
14952378 7591562
14952378 13185852
14952378 14103291
14952378 14199979
14952378 14224219
14952378 18812947
14952378 18849368
14952378 20436922
14952378 22981846
14952378 23238377
14952378 24585498
14952378 33868543
14952378 36535572
14952378 39394932
14952378 48485771
14952378 53789489
14952378 70587360
14952378 74262901
14952378 135316691
14961234 105223
14961234 681813
14961234 3039101
14961234 4622401
14961234 6825792
14961234 7765612
14961234 13629522
14961234 14051156
14961234 14538254
14961234 17541602
14961234 18184416
14961234 19738805
14961234 47667972
14961234 52863920
14997974 6825792
14997974 13504092
14997974 14575846
14997974 14691709
14997974 14999606
14997974 15015040
14997974 17214479
14997974 20104303
14999606 15913
14999606 5413042
14999606 6608332
14999606 6825792
14999606 10671602
14999606 14155052
14999606 14199979
14999606 14575846
14999606 14691709
14999606 14997974
14999606 15015040
14999606 15222083
14999606 15234657
14999606 15242391
14999606 15578992
14999606 16303106
14999606 17031260
14999606 18393773
14999606 18599061
14999606 18755518
14999606 18900668
14999606 20104303
14999606 20436922
14999606 21353197
14999606 22841103
14999606 22997147
14999606 24585498
14999606 26033920
14999606 27531390
14999606 31808762
14999606 33191389
14999606 38517589
14999606 45862504
14999606 46426258
14999606 48485771
14999606 114910205
14999606 115216851
14999606 229141679
14999606 250746940
14999606 454340464
15015040 6825792
15015040 14155052
15015040 14575846
15015040 14691709
15015040 14997974
15015040 14999606
15015040 15242391
15015040 17214479
15015040 18345193
15015040 18762284
15015040 21224587
15015040 22841103
15015040 22997147
15015040 26033920
15015040 36311369
15015040 109951411
15015040 114910205
15015040 229141679
15015040 247554276
15015040 454340464
15015040 532880342
15022843 20
15022843 767
15022843 10350
15022843 14199979
15022843 14224219
15022843 33191389
15051601 681813
15051601 2729061
15051601 13860742
15051601 16356796
15078266 14202579
15078266 14538254
15078306 4052871
15078306 11167502
15078306 13504092
15078306 14538254
15078306 15387870
15078306 15419775
15078306 16220934
15078306 16792453
15078306 18024109
15078306 18755518
15078306 19382657
15078306 23487429
15078306 24585498
15078306 26155776
15078306 30957246
15078306 33868543
15078306 46426258
15078306 47207321
15078306 62581962
15078306 75691167
15078306 93969417
15078306 115485051
15078306 118921133
15078306 454340464
15085196 767
15085196 643653
15085196 691353
15085196 1113541
15085196 2729061
15085196 9207632
15085196 13860742
15085196 14274132
15085196 18393773
15135874 71713
15135874 14224219
15135874 15861559
15135874 44652237
15135874 57903424
15135874 58441079
15171442 1405071
15171442 3039101
15171442 4213251
15171442 19750276
15171442 38741927
15176366 1405071
15176366 1979391
15176366 4838281
15176366 5603992
15176366 6825792
15176366 10266522
15176366 11591662
15176366 13282032
15176366 13504092
15176366 14103291
15176366 14137737
15176366 14224219
15176366 14237677
15176366 14337677
15176366 15279452
15176366 15419775
15176366 16104418
15176366 16799897
15176366 18812947
15176366 19102458
15176366 19238557
15176366 19287097
15176366 19575980
15176366 21220972
15176366 21224587
15176366 21834006
15176366 21959765
15176366 22525751
15176366 23238377
15176366 23990894
15176366 24422716
15176366 24585498
15176366 27938549
15176366 29338393
15176366 29756727
15176366 33114793
15176366 35066483
15176366 38138597
15176366 38318973
15176366 40888730
15176366 44024932
15176366 45784061
15176366 47207321
15176366 47273526
15176366 57082636
15176366 64590892
15176366 70587360
15176366 73514272
15176366 74262901
15176366 74903868
15176366 75783213
15176366 78403368
15176366 78993414
15176366 108704423
15176366 109594284
15176366 130583593
15176366 191790175
15176366 218601115
15176366 265650538
15176366 290879947
15176366 309605958
15176366 329518010
15176366 360964430
15176366 366187749
15176366 511121728
15192772 681813
15192772 778518
15192772 790036
15192772 1979391
15192772 5576542
15192772 14103291
15192772 14199979
15192772 14224219
15192772 14538254
15192772 14592925
15192772 14679475
15192772 15419775
15192772 15938093
15192772 16220934
15192772 18024109
15192772 18229027
15192772 18438362
15192772 18600956
15192772 19238557
15192772 19382657
15192772 23487429
15192772 24422716
15192772 26155776
15192772 28851186
15192772 29756727
15192772 33868543
15192772 42332035
15192772 46002379
15192772 70587360
15192772 73731253
15192772 93969417
15192772 100022264
15192772 111492860
15192772 151667946
15192772 175624200
15192772 232430517
15192772 485197487
15200539 5413042
15200539 7434902
15200539 13461662
15200539 14224219
15200539 14412605
15200539 14575846
15200539 16799897
15200539 17214479
15200539 17872114
15200539 19087813
15200539 19672395
15200539 24585498
15200539 45487007
15200539 454340464
15208246 12
15208246 20
15208246 295
15208246 418
15208246 767
15208246 885
15208246 989
15208246 1378
15208246 2426
15208246 3840
15208246 5702
15208246 11628
15208246 13348
15208246 36823
15208246 49793
15208246 82243
15208246 111743
15208246 657863
15208246 732073
15208246 746323
15208246 749963
15208246 814253
15208246 814304
15208246 816532
15208246 816653
15208246 817268
15208246 817288
15208246 824157
15208246 858051
15208246 1000591
15208246 1045751
15208246 1899161
15208246 2384071
15208246 2529971
15208246 2730791
15208246 3829151
15208246 6141832
15208246 6708952
15208246 8962882
15208246 9283312
15208246 9641832
15208246 11388132
15208246 11435642
15208246 12436442
15208246 14329770
15208246 14600116
15208246 14714825
15208246 14761795
15208246 14834340
15208246 14885549
15208246 15827269
15208246 17503180
15208246 17595439
15208246 18204778
15208246 20536157
15208246 21174324
15208246 22255654
15208246 37570179
15208246 86390214
15208246 93957809
15208246 96585127
15222083 10350
15222083 15913
15222083 343773
15222083 681813
15222083 717313
15222083 816653
15222083 1405071
15222083 3359851
15222083 4812381
15222083 5413042
15222083 6310522
15222083 6608332
15222083 6889982
15222083 7065942
15222083 7565302
15222083 7860742
15222083 7861312
15222083 8146732
15222083 8768832
15222083 9199472
15222083 10266522
15222083 10671602
15222083 11928542
15222083 13185852
15222083 13356642
15222083 13461662
15222083 13504092
15222083 14155052
15222083 14168488
15222083 14197132
15222083 14199979
15222083 14237677
15222083 14496538
15222083 14575846
15222083 14589257
15222083 14691709
15222083 14837184
15222083 14952378
15222083 14999606
15222083 15234657
15222083 15279452
15222083 15410758
15222083 15419775
15222083 15494342
15222083 15503224
15222083 15578992
15222083 15582769
15222083 15591032
15222083 16220934
15222083 16358416
15222083 16744475
15222083 16792453
15222083 16799897
15222083 16874875
15222083 17093617
15222083 17214479
15222083 18438362
15222083 18599061
15222083 18666844
15222083 18762284
15222083 18849368
15222083 18900668
15222083 19049747
15222083 19414296
15222083 20104303
15222083 20273398
15222083 20436922
15222083 22841103
15222083 22981846
15222083 22997147
15222083 23843220
15222083 24585498
15222083 24595743
15222083 25904310
15222083 26281970
15222083 27531390
15222083 31353077
15222083 32387419
15222083 33191389
15222083 36311369
15222083 37170886
15222083 38318973
15222083 39394932
15222083 44652237
15222083 45862504
15222083 46146200
15222083 47273526
15222083 47667972
15222083 48485771
15222083 53789489
15222083 60968363
15222083 63485337
15222083 73731253
15222083 77007853
15222083 82553416
15222083 117652722
15222083 144040563
15222083 175624200
15222083 229141679
15222083 248044499
15222083 250746940
15230887 52953
15230887 4052871
15230887 4812381
15230887 7481082
15230887 14224219
15230887 47667972
15230887 70587360
15230887 328246844
15234657 12
15234657 10350
15234657 15913
15234657 816653
15234657 2735591
15234657 7861312
15234657 10671602
15234657 11928542
15234657 12101862
15234657 14199979
15234657 18895794
15234657 19279990
15234657 20104303
15234657 20273398
15234657 22841103
15234657 26281970
15234657 27531390
15234657 48485771
15234657 378223565
15242391 6825792
15242391 13504092
15242391 14155052
15242391 14575846
15242391 14691709
15242391 14997974
15242391 14999606
15242391 15015040
15242391 16572223
15242391 17214479
15242391 18762284
15242391 20104303
15242391 22841103
15242391 27837808
15242391 36311369
15242391 131003737
15249156 10450
15249156 7861312
15249156 19637934
15249156 31353077
15249156 90420314
15279452 643653
15279452 2779821
15279452 5576542
15279452 6297852
15279452 14224219
15279452 14337677
15279452 15472368
15279452 16799897
15279452 16956955
15279452 18713254
15279452 18933499
15279452 21056214
15279452 22413809
15279452 24585498
15279452 40888730
15279452 360964430
15290899 1979391
15290899 7753922
15290899 7872262
15290899 11856762
15290899 11928542
15290899 13462912
15290899 14155052
15290899 15375238
15290899 15912884
15290899 24585498
15290899 27837808
15290899 28536332
15290899 31354853
15290899 63485337
15290899 115216851
15292070 14224219
15292070 15418343
15292070 17064600
15292070 18600956
15292070 18812947
15292070 20436922
15292070 22556717
15292070 23238377
15292070 24585498
15292070 29756727
15292070 33868543
15292070 36457353
15292070 38318973
15292070 38339409
15292070 39394932
15292070 50850314
15292070 54371309
15292070 55472734
15292070 56927820
15292070 61815588
15292070 70587360
15292070 74262901
15292070 78993414
15292070 83963371
15292070 84670801
15292070 94813511
15292070 98795912
15292070 105880821
15292070 111492860
15292070 113254439
15292070 115216851
15292070 118505994
15292070 155688134
15292070 155844378
15292070 174958347
15292070 290879947
15301803 20
15301803 989
15301803 3840
15301803 41713
15301803 657863
15301803 661403
15301803 681813
15301803 1305941
15301803 2729061
15301803 10454572
15301803 15208246
15301803 15901190
15301803 17595439
15341629 821
15341629 13124
15341629 13234
15341629 607793
15341629 691353
15341629 816653
15341629 1113541
15341629 2384071
15341629 2729061
15341629 6347872
15341629 6825792
15341629 6889982
15341629 14223960
15341629 16181584
15341629 32491666
15341629 58441079
15341629 102647672
15341629 187512368
15365191 5576542
15365191 14224219
15365191 15861559
15365191 37170886
15365191 57903424
15365191 60402167
15375238 15913
15375238 681813
15375238 1979391
15375238 6825792
15375238 7753922
15375238 7860742
15375238 7872262
15375238 11928542
15375238 14575846
15375238 14691709
15375238 15290899
15375238 15410758
15375238 15912884
15375238 16572223
15375238 16744475
15375238 17409832
15375238 17759701
15375238 17814729
15375238 19738805
15375238 19923765
15375238 21681252
15375238 21756999
15375238 22461427
15375238 22997147
15375238 23991290
15375238 26033920
15375238 26281970
15375238 28212129
15375238 31067157
15375238 35012277
15375238 35827447
15375238 38108292
15375238 47667972
15375238 48485771
15375238 84421229
15375238 89595997
15375238 108719642
15375238 115216851
15375238 115485051
15375238 175624200
15375238 277402513
15387870 1979391
15387870 6297852
15387870 6889982
15387870 8146732
15387870 13461662
15387870 13504092
15387870 15078306
15387870 15578992
15387870 15861559
15387870 16181584
15387870 16792453
15387870 17872874
15387870 18393773
15387870 18713254
15387870 18755518
15387870 21709230
15387870 22981846
15387870 24166202
15387870 24585498
15387870 27531390
15387870 30957246
15387870 39680464
15387870 44244590
15387870 45862504
15387870 46426258
15387870 63485337
15387870 75691167
15387870 82553416
15387870 98795912
15387870 115485051
15387870 117620953
15387870 118505994
15387870 290879947
15387870 344059195
15387870 454340464
15410758 1405071
15410758 3039101
15410758 3359851
15410758 6608332
15410758 7753922
15410758 10671602
15410758 11591662
15410758 13096002
15410758 13461662
15410758 14199979
15410758 14237677
15410758 14496538
15410758 14498968
15410758 15222083
15410758 15419775
15410758 15494342
15410758 15901190
15410758 16792453
15410758 16799897
15410758 17409832
15410758 18599061
15410758 20436922
15410758 20609518
15410758 21505330
15410758 22901296
15410758 22997147
15410758 24585498
15410758 30957246
15410758 33191389
15410758 38108292
15410758 46426258
15410758 47667972
15410758 48485771
15410758 52934175
15410758 74262901
15410758 96869096
15410758 117652722
15410758 175624200
15410758 248044499
15410758 277402513
15410758 290879947
15410758 451044230
15414807 12
15414807 20
15414807 10350
15414807 36823
15414807 657863
15414807 681813
15414807 858051
15414807 2384071
15414807 6385432
15414807 14761795
15414807 20609518
15414807 20711514
15414807 33191389
15414807 50393960
15414807 93957809
15418343 658353
15418343 1405071
15418343 4838281
15418343 5576542
15418343 14103291
15418343 14224219
15418343 14284668
15418343 14475298
15418343 14538254
15418343 15292070
15418343 16104418
15418343 17064600
15418343 18600956
15418343 18812947
15418343 18933499
15418343 23238377
15418343 23487429
15418343 29293260
15418343 29756727
15418343 33868543
15418343 47273526
15418343 50850314
15418343 56927820
15418343 70587360
15418343 74262901
15418343 78993414
15418343 83963371
15418343 84670801
15418343 93969417
15418343 94813511
15418343 111424758
15418343 111492860
15418343 113254439
15418343 155688134
15418343 191790175
15418343 247343656
15418343 290879947
15418343 511121728
15419775 12513
15419775 16023
15419775 52953
15419775 681813
15419775 1405071
15419775 1979391
15419775 2384071
15419775 3039101
15419775 3752691
15419775 4213251
15419775 6053582
15419775 6814562
15419775 7860742
15419775 8370792
15419775 8938362
15419775 11928542
15419775 13461662
15419775 13504092
15419775 14137885
15419775 14199979
15419775 14538254
15419775 14589257
15419775 15171442
15419775 15414807
15419775 15962096
15419775 16104418
15419775 17206070
15419775 18024109
15419775 18173725
15419775 18229027
15419775 18438362
15419775 18895794
15419775 19102458
15419775 19750276
15419775 20436922
15419775 20536157
15419775 20609518
15419775 20711514
15419775 21505330
15419775 22213896
15419775 23238377
15419775 23713482
15419775 29634406
15419775 29748191
15419775 30043994
15419775 31067157
15419775 33191389
15419775 33868543
15419775 38318973
15419775 38741927
15419775 39680464
15419775 40972489
15419775 42332035
15419775 43164252
15419775 48485771
15419775 63485337
15419775 72343437
15419775 77007853
15419775 80782683
15419775 107336879
15419775 118505994
15419775 360964430
15419775 451044230
15422847 52953
15422847 717313
15422847 816653
15422847 2384071
15422847 6297852
15422847 7376382
15422847 14075928
15422847 15279452
15422847 18393773
15422847 18396070
15422847 19418918
15422847 20536157
15422847 31353077
15422847 158103356
15422847 270341223
15436915 681813
15436915 2729061
15436915 18393773
15436915 27519917
15436915 280716675
15458602 7617502
15458602 9537272
15458602 14224219
15458602 18812947
15458602 38268441
15458602 59554328
15458602 96848570
15458602 115485051
15462317 681813
15462317 930061
15462317 6249592
15462317 7591562
15462317 8304842
15462317 9199472
15462317 13504092
15462317 14199979
15462317 15503224
15462317 22184329
15462317 22857385
15462317 325966297
15463446 10350
15463446 52953
15463446 7481082
15463446 7861312
15463446 11928542
15463446 14224219
15463446 29030126
15463446 43164252
15463446 47667972
15463446 70587360
15463446 111492860
15472368 20609518
15472368 22461427
15472368 23238377
15472368 24585498
15472368 63485337
15472368 70587360
15472368 77007853
15472368 82553416
15472368 135316691
15473413 767
15473413 6140
15473413 643653
15473413 657863
15473413 681813
15473413 2729061
15473413 6297852
15473413 7376382
15473413 14075928
15473413 14348594
15473413 15901190
15473413 15962096
15473413 18393773
15473413 22461427
15473413 178928545
15477120 6825792
15477120 13504092
15477120 13529042
15477120 14155052
15477120 14575846
15477120 14691709
15477120 14997974
15477120 14999606
15477120 15015040
15477120 15242391
15477120 15375238
15477120 16572223
15477120 17214479
15477120 18345193
15477120 18762284
15477120 20104303
15477120 21224587
15477120 21353197
15477120 22841103
15477120 22997147
15477120 27837808
15477120 36311369
15477120 79563865
15477120 89595997
15477120 109951411
15477120 114910205
15477120 131003737
15477120 229141679
15477120 247554276
15477120 454340464
15477120 532880342
15477714 38318973
15477714 44134863
15477714 70587360
15477714 74262901
15477714 485197487
15494342 10350
15494342 681813
15494342 3359851
15494342 6608332
15494342 7860742
15494342 8768832
15494342 10266522
15494342 10671602
15494342 14051156
15494342 14075928
15494342 14155052
15494342 14197132
15494342 14199979
15494342 14224219
15494342 14237677
15494342 14575846
15494342 15410758
15494342 15419775
15494342 16799897
15494342 17912684
15494342 18599061
15494342 18755518
15494342 19049747
15494342 19725644
15494342 20436922
15494342 21505330
15494342 22841103
15494342 25904310
15494342 31067157
15494342 33191389
15494342 37170886
15494342 45784061
15494342 248044499
15494342 360964430
15494342 451044230
15503224 681813
15503224 2729061
15503224 6608332
15503224 6889982
15503224 7591562
15503224 9199472
15503224 10671602
15503224 14199979
15503224 16181584
15503224 18438362
15503224 21224587
15503224 22857385
15503224 29006114
15503224 30816874
15503224 44652237
15503224 248044499
15578992 15913
15578992 2100521
15578992 3359851
15578992 6310522
15578992 7434902
15578992 7565302
15578992 7861312
15578992 10671602
15578992 11928542
15578992 13356642
15578992 13461662
15578992 14155052
15578992 14575846
15578992 14589257
15578992 14691709
15578992 15222083
15578992 16220934
15578992 16303106
15578992 16744475
15578992 16792453
15578992 17214479
15578992 18438362
15578992 18755518
15578992 19414296
15578992 20273398
15578992 22841103
15578992 24585498
15578992 26281970
15578992 27531390
15578992 31353077
15578992 33191389
15578992 45862504
15578992 47667972
15578992 48485771
15578992 63485337
15578992 77007853
15578992 90420314
15578992 115216851
15578992 115485051
15578992 454340464
15582769 15913
15582769 1979391
15582769 5413042
15582769 6608332
15582769 10671602
15582769 11740382
15582769 13185852
15582769 13356642
15582769 14155052
15582769 14199979
15582769 14575846
15582769 15222083
15582769 15591032
15582769 16193325
15582769 16259415
15582769 16874875
15582769 18648265
15582769 18666844
15582769 18755518
15582769 18762284
15582769 19087813
15582769 19414296
15582769 29395230
15582769 39394932
15582769 48485771
15582769 52934175
15582769 63485337
15582769 77059348
15582769 96869096
15582769 107336879
15591032 15913
15591032 681813
15591032 3359851
15591032 5413042
15591032 6608332
15591032 7861312
15591032 12925072
15591032 13185852
15591032 13356642
15591032 14075928
15591032 14155052
15591032 14199979
15591032 14575846
15591032 14837184
15591032 15582769
15591032 16102815
15591032 16193325
15591032 16303106
15591032 16874875
15591032 18393773
15591032 18666844
15591032 18713254
15591032 18762284
15591032 18933499
15591032 19414296
15591032 19637934
15591032 22981846
15591032 24585498
15591032 31353077
15591032 50393960
15591032 62581962
15591032 63485337
15591032 73731253
15591032 90420314
15591032 454340464
15600475 4812381
15600475 14224219
15600475 18761076
15600475 40714864
15600475 58042828
15600475 66988729
15600475 70587360
15600475 104591123
15600475 114724662
15758036 10350
15758036 681813
15758036 7861312
15758036 9199472
15758036 22857385
15758036 31067157
15758036 126042901
15758036 363426409
15827269 12
15827269 20
15827269 295
15827269 418
15827269 989
15827269 5702
15827269 10350
15827269 36823
15827269 49793
15827269 657863
15827269 746323
15827269 749963
15827269 814253
15827269 816653
15827269 858051
15827269 1000591
15827269 1045751
15827269 1899161
15827269 2384071
15827269 2730791
15827269 6141832
15827269 6708952
15827269 8962882
15827269 9641832
15827269 10454572
15827269 11388132
15827269 14348594
15827269 14600116
15827269 14761795
15827269 17503180
15827269 17595439
15827269 37570179
15827269 93957809
15852140 783374
15852140 13965842
15852140 14538254
15852140 15901190
15852140 20609518
15852140 39680464
15852140 45229371
15852140 47207321
15852140 151667946
15852140 175624200
15852140 243514133
15860867 1570481
15860867 1979391
15860867 8151822
15860867 10117562
15860867 14199979
15860867 14475021
15860867 14538254
15860867 19382657
15860867 26155776
15860867 28734673
15860867 29395230
15860867 31354853
15860867 38292889
15860867 39680464
15860867 44024932
15860867 45229371
15860867 46426258
15860867 98795912
15860867 118921133
15860867 143188904
15860867 232430517
15861559 71713
15861559 82243
15861559 765285
15861559 814859
15861559 2729061
15861559 5576542
15861559 6604002
15861559 6889982
15861559 7065942
15861559 10671602
15861559 14155052
15861559 14197132
15861559 14199979
15861559 14224219
15861559 14405995
15861559 15135874
15861559 15222083
15861559 15365191
15861559 15862493
15861559 16181584
15861559 16799897
15861559 17872874
15861559 18438362
15861559 18900668
15861559 20232992
15861559 20524102
15861559 22981846
15861559 24585498
15861559 25732138
15861559 32387419
15861559 37170886
15861559 44652237
15861559 46426258
15861559 57903424
15861559 58441079
15861559 60402167
15861559 63485337
15861559 63769966
15861559 77007853
15862493 71713
15862493 2729061
15862493 6889982
15862493 14197132
15862493 14224219
15862493 15135874
15862493 15861559
15862493 20232992
15862493 24585498
15862493 25732138
15862493 37170886
15862493 44652237
15862493 44671378
15862493 58441079
15862493 60402167
15862493 90420314
15865172 1405071
15865172 3828311
15865172 7331992
15865172 11591662
15865172 14224219
15865172 14475298
15865172 14476063
15865172 14538254
15865172 18298167
15865172 19738805
15865172 20703666
15865172 33868543
15865172 39680464
15865172 43662236
15865172 44024932
15865172 45784061
15865172 47273526
15865172 47667972
15865172 74262901
15865172 78993414
15865172 115216851
15865172 118505994
15865172 163556820
15865172 164569984
15865172 290879947
15876654 695463
15876654 6825792
15876654 7169892
15876654 9270192
15876654 12729412
15876654 14971456
15876654 18675183
15876654 18939374
15876654 19702846
15876654 19738805
15876654 35827447
15876654 42584178
15876654 47667972
15876654 52863920
15876654 227024319
15888886 5576542
15888886 7617502
15888886 13461662
15888886 14155052
15888886 14224219
15888886 18438362
15888886 18653265
15888886 18812947
15888886 29756727
15888886 38318973
15888886 47273526
15888886 70587360
15888886 73731253
15888886 74903868
15888886 454340464
15901190 657863
15901190 14075928
15901190 15962096
15901190 20436922
15901190 175624200
15912884 1979391
15912884 11928542
15912884 13462912
15912884 15290899
15912884 15375238
15912884 16744475
15912884 19738805
15912884 27837808
15938093 778518
15938093 5576542
15938093 14224219
15938093 14592925
15938093 14679475
15938093 15419775
15938093 18024109
15938093 18229027
15938093 18438362
15938093 18600956
15938093 18812947
15938093 19238557
15938093 19725644
15938093 24422716
15938093 28851186
15938093 29338393
15938093 29756727
15938093 38924717
15938093 43164252
15938093 47273526
15938093 63485337
15938093 70587360
15938093 118505994
15938093 485197487
15962096 14348594
15962096 15901190
15962096 19637934
16079245 14224219
16079245 14326533
16079245 14882389
16079245 15582769
16079245 16181584
16079245 16220934
16079245 18599061
16079245 19087813
16079245 19414296
16079245 19672395
16079245 19725644
16079245 19785044
16079245 19832728
16079245 22556717
16079245 27531390
16079245 36171035
16079245 36457353
16079245 38514229
16079245 46179487
16079245 63485337
16079245 70587360
16079245 77059348
16079245 96848570
16079245 114577942
16079245 155844378
16079245 175624200
16079245 210944652
16102815 12
16102815 15913
16102815 657863
16102815 681813
16102815 816653
16102815 3829151
16102815 5413042
16102815 7434902
16102815 13185852
16102815 13461662
16102815 14137885
16102815 14155052
16102815 14199979
16102815 14575846
16102815 14837184
16102815 15222083
16102815 15578992
16102815 15591032
16102815 16193325
16102815 16220934
16102815 16799897
16102815 16874875
16102815 17031260
16102815 17214479
16102815 18393773
16102815 18489585
16102815 18755518
16102815 19414296
16102815 19785044
16102815 21094279
16102815 24585498
16102815 24595743
16102815 26961048
16102815 27531390
16102815 33191389
16102815 36171035
16102815 45487007
16102815 45862504
16102815 48485771
16102815 63485337
16102815 90420314
16102815 155844378
16102815 454340464
16104418 681813
16104418 1405071
16104418 1979391
16104418 4838281
16104418 5576542
16104418 6825792
16104418 14165300
16104418 14224219
16104418 14475298
16104418 14538254
16104418 15418343
16104418 17206070
16104418 18024109
16104418 18173725
16104418 18229027
16104418 18438362
16104418 18600956
16104418 18812947
16104418 19102458
16104418 19750276
16104418 23238377
16104418 23487429
16104418 24585498
16104418 29756727
16104418 33868543
16104418 38318973
16104418 40972489
16104418 42332035
16104418 43164252
16104418 47273526
16104418 50850314
16104418 63485337
16104418 70587360
16104418 74262901
16104418 77007853
16104418 83963371
16104418 93969417
16104418 107336879
16104418 111492860
16104418 191790175
16104418 224896214
16104418 360964430
16104418 386697756
16104418 511121728
16127205 821
16127205 13124
16127205 643653
16127205 681813
16127205 1113541
16127205 2384071
16127205 2729061
16127205 6347872
16127205 9207632
16127205 14223960
16127205 14274132
16127205 18393773
16127205 58441079
16181584 821
16181584 13124
16181584 33633
16181584 681813
16181584 717313
16181584 1113541
16181584 1405071
16181584 2729061
16181584 6347872
16181584 6825792
16181584 6889982
16181584 7564962
16181584 9207632
16181584 13504092
16181584 14190551
16181584 14199979
16181584 14882389
16181584 16220934
16181584 16799897
16181584 18438362
16181584 19785044
16181584 21224587
16181584 32387419
16181584 32491666
16181584 44652237
16181584 58441079
16181584 63485337
16181584 175624200
16181584 187512368
16181584 454340464
16193325 732073
16193325 4812381
16193325 5413042
16193325 7961342
16193325 10454572
16193325 13185852
16193325 13356642
16193325 13461662
16193325 14155052
16193325 14199979
16193325 14224219
16193325 14837184
16193325 15582769
16193325 15591032
16193325 16102815
16193325 16799897
16193325 16874875
16193325 18933499
16193325 19414296
16193325 19725644
16193325 19785044
16193325 21224587
16193325 22981846
16193325 24585498
16193325 33191389
16193325 35066483
16193325 39394932
16193325 46426258
16193325 82553416
16193325 130922325
16193325 454340464
16220934 1979391
16220934 3359851
16220934 5413042
16220934 6547952
16220934 6608332
16220934 6825792
16220934 6889982
16220934 7434902
16220934 10671602
16220934 11167502
16220934 13356642
16220934 13504092
16220934 14075928
16220934 14199979
16220934 14691709
16220934 14882389
16220934 15222083
16220934 15419775
16220934 15578992
16220934 16079245
16220934 16102815
16220934 16181584
16220934 16303106
16220934 16792453
16220934 16799897
16220934 17214479
16220934 17872874
16220934 18393773
16220934 18438362
16220934 18653265
16220934 18755518
16220934 18900668
16220934 19785044
16220934 24595743
16220934 26155776
16220934 32387419
16220934 37170886
16220934 40972489
16220934 43164252
16220934 45862504
16220934 46146200
16220934 46426258
16220934 48485771
16220934 50393960
16220934 57903424
16220934 62581962
16220934 73731253
16220934 90420314
16220934 96848570
16220934 115216851
16220934 115485051
16220934 118505994
16220934 290879947
16259415 1979391
16259415 14538254
16259415 15582769
16259415 18666844
16259415 18755518
16259415 18849368
16259415 19746351
16259415 23238377
16259415 24585498
16259415 34115297
16259415 38508404
16259415 53789489
16259415 63485337
16259415 96869096
16259415 128968339
16259415 182370042
16259415 545558899
16285288 767
16285288 2426
16285288 681813
16285288 14348594
16285288 15473413
16285288 18393773
16285288 132430765
16319797 12
16319797 20
16319797 49793
16319797 657863
16319797 816653
16319797 4641021
16319797 17220934
16319797 20536157
16356796 767
16356796 678033
16356796 681813
16356796 756475
16356796 814304
16356796 930061
16356796 2729061
16356796 6297852
16356796 7861312
16356796 14155052
16356796 14307351
16356796 15051601
16356796 15249156
16356796 15472368
16356796 16799897
16356796 43822174
16358416 15913
16358416 732073
16358416 6310522
16358416 7961342
16358416 10671602
16358416 13356642
16358416 13461662
16358416 14155052
16358416 14197132
16358416 14224219
16358416 15222083
16358416 16220934
16358416 16792453
16358416 18762284
16358416 20273398
16358416 24585498
16358416 24595743
16358416 33191389
16358416 35066483
16358416 63485337
16358416 175624200
16358416 454340464
16536215 20
16536215 681813
16536215 17093617
16536215 19637934
16536215 20536157
16555627 343773
16555627 1979391
16555627 14199979
16555627 14417250
16555627 14433905
16555627 16878507
16555627 21709230
16555627 27531390
16555627 30957246
16555627 31013971
16555627 37170886
16555627 44244590
16555627 46002379
16555627 82553416
16555627 115485051
16555627 161678121
16572223 6825792
16572223 15242391
16572223 15375238
16572223 22841103
16741826 1979391
16741826 3039101
16741826 6825792
16741826 14538254
16741826 16744475
16741826 17541602
16741826 19382657
16741826 21756999
16741826 28212129
16741826 69945997
16744475 17093617
16744475 38059349
16744475 47667972
16744475 52863920
16744475 69945997
16792453 1405071
16792453 1979391
16792453 6608332
16792453 6825792
16792453 6889982
16792453 7331992
16792453 13356642
16792453 13461662
16792453 13504092
16792453 14199979
16792453 14224219
16792453 14237677
16792453 14433905
16792453 14476063
16792453 14538254
16792453 15078306
16792453 15387870
16792453 15419775
16792453 16181584
16792453 16220934
16792453 16878507
16792453 17872874
16792453 18298167
16792453 18438362
16792453 18755518
16792453 20703666
16792453 21224587
16792453 21709230
16792453 23487429
16792453 24585498
16792453 24595743
16792453 26155776
16792453 27531390
16792453 29395230
16792453 30957246
16792453 33868543
16792453 39680464
16792453 46002379
16792453 46426258
16792453 47273526
16792453 47667972
16792453 53789489
16792453 63485337
16792453 75691167
16792453 82553416
16792453 96848570
16792453 98795912
16792453 105880821
16792453 117620953
16792453 118279350
16792453 118921133
16792453 164569984
16792453 175624200
16792453 290879947
16792453 454340464
16799897 767
16799897 10350
16799897 15913
16799897 681813
16799897 732073
16799897 794186
16799897 814859
16799897 1405071
16799897 1979391
16799897 2100521
16799897 2729061
16799897 3359851
16799897 4812381
16799897 5413042
16799897 5576542
16799897 5603992
16799897 6297852
16799897 6310522
16799897 6608332
16799897 6889982
16799897 7434902
16799897 7861312
16799897 7961342
16799897 10266522
16799897 10671602
16799897 11928542
16799897 12925072
16799897 13185852
16799897 13356642
16799897 13461662
16799897 14103291
16799897 14137737
16799897 14155052
16799897 14199979
16799897 14224219
16799897 14337677
16799897 14412605
16799897 14575846
16799897 14691709
16799897 14882389
16799897 15078306
16799897 15176366
16799897 15222083
16799897 15279452
16799897 15292070
16799897 15419775
16799897 15578992
16799897 15861559
16799897 16102815
16799897 16181584
16799897 16193325
16799897 16220934
16799897 16358416
16799897 16792453
16799897 18438362
16799897 18933499
16799897 19049747
16799897 19087813
16799897 19414296
16799897 19738805
16799897 19785044
16799897 20436922
16799897 21056214
16799897 22556717
16799897 22857385
16799897 23238377
16799897 24422716
16799897 24585498
16799897 24595743
16799897 27531390
16799897 29634406
16799897 31067157
16799897 32387419
16799897 33191389
16799897 33868543
16799897 35066483
16799897 36457353
16799897 38138597
16799897 38318973
16799897 44134863
16799897 45784061
16799897 46426258
16799897 47207321
16799897 47273526
16799897 47667972
16799897 48485771
16799897 63485337
16799897 64776896
16799897 70587360
16799897 74262901
16799897 77007853
16799897 78993414
16799897 98795912
16799897 111136741
16799897 117652722
16799897 118505994
16799897 118921133
16799897 121353356
16799897 127993465
16799897 130583593
16799897 144040563
16799897 191790175
16799897 248044499
16799897 265650538
16799897 278937589
16799897 290879947
16799897 309605958
16799897 325966297
16799897 360964430
16799897 454340464
16799905 5576542
16799905 14103291
16799905 14224219
16799905 17064600
16799905 24585498
16799905 44024932
16799905 47273526
16799905 56927820
16799905 60814115
16799905 70587360
16799905 111492860
16799905 113254439
16799905 129656992
16799905 155688134
16869298 10350
16869298 52953
16869298 784304
16869298 816653
16869298 2729061
16869298 4052871
16869298 4812381
16869298 5520332
16869298 7481082
16869298 7861312
16869298 8076052
16869298 8925602
16869298 9976962
16869298 11928542
16869298 12925072
16869298 13058232
16869298 14109995
16869298 14222507
16869298 14224219
16869298 14439553
16869298 14691709
16869298 14775981
16869298 14817347
16869298 15230887
16869298 15422847
16869298 15463446
16869298 15600475
16869298 17093617
16869298 18226924
16869298 18396070
16869298 18571832
16869298 18666844
16869298 18713254
16869298 18761076
16869298 19157786
16869298 19418918
16869298 19657422
16869298 20519566
16869298 21198307
16869298 22588936
16869298 27097871
16869298 27789466
16869298 29030126
16869298 30322151
16869298 30681238
16869298 33977772
16869298 40714864
16869298 41653783
16869298 42568105
16869298 43164252
16869298 44024932
16869298 47667972
16869298 49454522
16869298 52934175
16869298 58042828
16869298 59397650
16869298 65290090
16869298 66988729
16869298 70587360
16869298 97771401
16869298 104591123
16869298 111492860
16869298 114724662
16869298 119863220
16869298 128246114
16869298 144970345
16869298 147629963
16869298 158103356
16869298 158420343
16869298 158500408
16869298 158773106
16869298 161201939
16869298 163919220
16869298 166239145
16869298 168440518
16869298 175490089
16869298 179492722
16869298 208339610
16869298 222331074
16869298 270341223
16869298 328246844
16869298 521170999
16874875 15913
16874875 681813
16874875 5413042
16874875 6608332
16874875 7434902
16874875 14197132
16874875 14199979
16874875 14575846
16874875 14837184
16874875 15582769
16874875 15591032
16874875 16102815
16874875 16193325
16874875 17872874
16874875 19279990
16874875 19637934
16874875 26281970
16874875 31353077
16874875 33191389
16874875 37170886
16874875 50393960
16874875 63485337
16874875 90420314
16874875 454340464
16878507 681813
16878507 2779821
16878507 14075928
16878507 14433905
16878507 15472368
16878507 16303106
16878507 19725644
16878507 20609518
16878507 21709230
16878507 22413809
16878507 22461427
16878507 23238377
16878507 24585498
16878507 27531390
16878507 30957246
16878507 31013971
16878507 44244590
16878507 46179487
16878507 57562509
16878507 62581962
16878507 63485337
16878507 82553416
16878507 115485051
16878507 161678121
16878507 163374693
16878507 545558899
16956955 767
16956955 36823
16956955 1305941
16956955 2100521
16956955 2729061
16956955 2735631
16956955 7376382
16956955 14348594
16956955 15962096
16956955 16303106
16956955 18713254
16956955 19637934
16956955 21600144
16956955 22461427
16956955 31353077
16956955 62581962
16956955 90420314
16956955 115485051
16956955 130922325
16956955 132430765
17031260 15913
17031260 816653
17031260 1979391
17031260 5413042
17031260 7434902
17031260 7753922
17031260 13461662
17031260 14199979
17031260 14575846
17031260 16102815
17031260 17214479
17031260 18653265
17031260 24585498
17031260 26281970
17031260 33191389
17031260 36311369
17031260 38514229
17031260 48485771
17031260 175624200
17064600 658353
17064600 1405071
17064600 1562791
17064600 1979391
17064600 4838281
17064600 5576542
17064600 5603992
17064600 6825792
17064600 11928542
17064600 14103291
17064600 14137737
17064600 14224219
17064600 14337677
17064600 14538254
17064600 14631433
17064600 15292070
17064600 15418343
17064600 15865172
17064600 16104418
17064600 18148724
17064600 18199347
17064600 18600956
17064600 18812947
17064600 18933499
17064600 19102458
17064600 19238557
17064600 19287097
17064600 20436922
17064600 21039860
17064600 22556717
17064600 23238377
17064600 23487429
17064600 24422716
17064600 24585498
17064600 25904310
17064600 26281970
17064600 27938549
17064600 29756727
17064600 33868543
17064600 36457353
17064600 37729461
17064600 38138597
17064600 38318973
17064600 42629821
17064600 44024932
17064600 44134863
17064600 45784061
17064600 46426258
17064600 47273526
17064600 47667972
17064600 50850314
17064600 56927820
17064600 62613968
17064600 63485337
17064600 70587360
17064600 75783213
17064600 77059348
17064600 78993414
17064600 87087536
17064600 93969417
17064600 94813511
17064600 98795912
17064600 105880821
17064600 107336879
17064600 111492860
17064600 155688134
17064600 163556820
17064600 191790175
17064600 224896214
17064600 247343656
17064600 290879947
17064600 360964430
17064600 386697756
17064600 477792933
17064600 485197487
17064600 488021513
17064600 511121728
17064600 539367183
17082401 681813
17082401 9199472
17082401 14230524
17082401 22184329
17082401 29006114
17093617 3840
17093617 10350
17093617 661403
17093617 784304
17093617 816653
17093617 817268
17093617 2735591
17093617 3359851
17093617 3829151
17093617 8925602
17093617 13212502
17093617 14075928
17093617 15222083
17093617 16744475
17093617 18761076
17093617 19382657
17093617 19832728
17093617 22588936
17093617 22841103
17093617 32547856
17093617 45862504
17093617 46722097
17093617 48370736
17093617 104591123
17093617 117078952
17206070 1979391
17206070 33868543
17206070 38318973
17206070 40972489
17206070 107336879
17214479 15913
17214479 3359851
17214479 7434902
17214479 10671602
17214479 13185852
17214479 14412605
17214479 14575846
17214479 14691709
17214479 15222083
17214479 15234657
17214479 15901190
17214479 16102815
17214479 17031260
17214479 18900668
17214479 19087813
17214479 19785044
17214479 20273398
17214479 22461427
17214479 22556717
17214479 22841103
17214479 24595743
17214479 26281970
17214479 37729461
17214479 117652722
17214479 143033894
17214479 175624200
17400667 1979391
17400667 7065942
17400667 7861592
17400667 10266522
17400667 15410758
17400667 15494342
17400667 17402835
17400667 18599061
17400667 18755518
17400667 27531390
17400667 32266874
17400667 38508404
17400667 117620953
17400667 125348449
17402835 7861592
17402835 14538254
17402835 15078306
17402835 17400667
17402835 125348449
17402835 146071420
17409832 15913
17409832 3039101
17409832 3359851
17409832 4622401
17409832 7753922
17409832 7861312
17409832 10671602
17409832 13461662
17409832 14496538
17409832 14691709
17409832 15078306
17409832 15375238
17409832 15410758
17409832 16259415
17409832 16744475
17409832 16799897
17409832 18599061
17409832 18666844
17409832 19738805
17409832 21505330
17409832 23843220
17409832 24585498
17409832 28212129
17409832 31067157
17409832 31353077
17409832 33191389
17409832 35827447
17409832 37170886
17409832 39680464
17409832 45784061
17409832 45862504
17409832 47667972
17409832 48485771
17409832 53789489
17409832 87620061
17409832 90420314
17409832 120296068
17409832 175624200
17409832 277402513
17503180 12
17503180 20
17503180 418
17503180 989
17503180 5702
17503180 13348
17503180 49793
17503180 657863
17503180 749963
17503180 816653
17503180 817288
17503180 858051
17503180 2384071
17503180 2730791
17503180 2735591
17503180 6708952
17503180 7040932
17503180 8962882
17503180 11388132
17503180 11435642
17503180 14761795
17503180 20536157
17503180 22255654
17503180 37570179
17503180 93957809
17541602 105223
17541602 681813
17541602 1979391
17541602 5969042
17541602 6825792
17541602 7753922
17541602 13629522
17541602 14538254
17541602 18184416
17541602 19738805
17541602 19828067
17580153 6825792
17580153 22525751
17593731 7765612
17595439 12
17595439 20
17595439 295
17595439 767
17595439 989
17595439 3840
17595439 13348
17595439 36823
17595439 49793
17595439 661403
17595439 732073
17595439 749963
17595439 811350
17595439 816653
17595439 824157
17595439 930061
17595439 1000591
17595439 1305941
17595439 2384071
17595439 2529971
17595439 2729061
17595439 3829151
17595439 6141832
17595439 6708952
17595439 8161232
17595439 11388132
17595439 11435642
17595439 12925072
17595439 14348594
17595439 14600116
17595439 14761795
17595439 14834340
17595439 15827269
17595439 17503180
17595439 20536157
17595439 37570179
17595439 50393960
17595439 93957809
17602170 681813
17602170 3245291
17602170 3359851
17602170 14500711
17602170 16303106
17602170 18599061
17602170 18755518
17602170 27531390
17602170 45784061
17602170 63485337
17634892 1405071
17634892 4838281
17634892 6825792
17634892 14103291
17634892 44024932
17634892 47273526
17709860 767
17709860 1113541
17709860 18393773
17759701 10350
17759701 15913
17759701 681813
17759701 3359851
17759701 7565302
17759701 7860742
17759701 7861312
17759701 7872262
17759701 10671602
17759701 11928542
17759701 14589257
17759701 14691709
17759701 15234657
17759701 16799897
17759701 19397785
17759701 19622462
17759701 20273398
17759701 21681252
17759701 24641194
17759701 26033920
17759701 31949053
17759701 35012277
17759701 43933017
17759701 48370736
17759701 48485771
17759701 50393960
17759701 60968363
17759701 77007853
17759701 84421229
17759701 89595997
17759701 90420314
17759701 90561258
17759701 96848570
17759701 119228619
17759701 142401418
17759701 280725732
17814729 8146732
17814729 14224219
17814729 18812947
17814729 22556717
17814729 37729461
17814729 46179487
17872114 15913
17872114 3359851
17872114 5413042
17872114 7434902
17872114 13185852
17872114 13461662
17872114 14224219
17872114 14412605
17872114 14575846
17872114 15234657
17872114 16079245
17872114 16799897
17872114 17214479
17872114 18849368
17872114 19087813
17872114 19414296
17872114 24585498
17872114 36457353
17872114 454340464
17872874 82243
17872874 765285
17872874 814859
17872874 2729061
17872874 5576542
17872874 6608332
17872874 10671602
17872874 11167502
17872874 13461662
17872874 14197132
17872874 14199979
17872874 14224219
17872874 15078306
17872874 15387870
17872874 15578992
17872874 15861559
17872874 15862493
17872874 16181584
17872874 16220934
17872874 16792453
17872874 16874875
17872874 18713254
17872874 18840531
17872874 19414296
17872874 20524102
17872874 22981846
17872874 23487429
17872874 24166202
17872874 24585498
17872874 24595743
17872874 24852559
17872874 24942585
17872874 25732138
17872874 31353077
17872874 37170886
17872874 44652237
17872874 44671378
17872874 47273526
17872874 57903424
17872874 60402167
17872874 62581962
17872874 63769966
17872874 77007853
17872874 82553416
17872874 90420314
17872874 143344048
17872874 290879947
17884062 681813
17884062 1979391
17884062 7753922
17884062 19738805
17884062 21756999
17884062 235023651
17902089 1405071
17902089 1979391
17902089 7065942
17902089 13504092
17902089 15078306
17902089 15192772
17902089 15419775
17902089 18024109
17902089 18599061
17902089 19382657
17902089 19746351
17902089 26281970
17902089 27531390
17902089 33868543
17902089 38508404
17902089 42332035
17902089 45784061
17902089 47207321
17902089 52863920
17902089 53789489
17902089 75691167
17902089 93969417
17902089 117620953
17902089 155689319
17912684 1405071
17912684 4052871
17912684 5603992
17912684 10266522
17912684 10671602
17912684 13504092
17912684 14224219
17912684 14237677
17912684 15419775
17912684 15494342
17912684 18599061
17912684 19203411
17912684 20436922
17912684 24422716
17912684 24585498
17912684 25904310
17912684 31067157
17912684 33868543
17912684 35066483
17912684 45784061
17912684 47667972
17912684 70587360
17912684 98795912
17912684 117620953
17912684 120296068
17912684 188196198
17912684 269624052
17912684 309920730
17983020 681813
18024109 778518
18024109 790036
18024109 1405071
18024109 1979391
18024109 3828311
18024109 4052871
18024109 5576542
18024109 6604002
18024109 7591562
18024109 11167502
18024109 14103291
18024109 14199979
18024109 14224219
18024109 14538254
18024109 14592925
18024109 14679475
18024109 15192772
18024109 15419775
18024109 15458602
18024109 15938093
18024109 16104418
18024109 17206070
18024109 18173725
18024109 18229027
18024109 18438362
18024109 18812947
18024109 19102458
18024109 19238557
18024109 19382657
18024109 20436922
18024109 23238377
18024109 23487429
18024109 24422716
18024109 26155776
18024109 27531390
18024109 28851186
18024109 29756727
18024109 33868543
18024109 38318973
18024109 38924717
18024109 39680464
18024109 40972489
18024109 42332035
18024109 43164252
18024109 45784061
18024109 46426258
18024109 47207321
18024109 47273526
18024109 63485337
18024109 70587360
18024109 73731253
18024109 78993414
18024109 93969417
18024109 107336879
18024109 111492860
18024109 118505994
18024109 118921133
18024109 175624200
18024109 210944652
18024109 295913885
18024109 360964430
18024109 485197487
18065104 47667972
18093468 10671602
18093468 16744475
18093468 18571832
18093468 21756999
18093468 22835308
18093468 100133245
18093468 277402513
18093468 311268617
18101685 7169892
18101685 7753922
18101685 42584178
18148724 1979391
18148724 5576542
18148724 14103291
18148724 14224219
18148724 19238557
18148724 19575980
18148724 23487429
18148724 24422716
18148724 24852559
18148724 34739714
18148724 36457353
18148724 38138597
18148724 46426258
18148724 63485337
18148724 64776896
18148724 69945997
18148724 70587360
18148724 73731253
18148724 75783213
18148724 77007853
18148724 93969417
18148724 105880821
18148724 107336879
18148724 111492860
18148724 142457170
18148724 155688134
18173725 16023
18173725 681813
18173725 1405071
18173725 3039101
18173725 4213251
18173725 7860742
18173725 8370792
18173725 14199979
18173725 14538254
18173725 14589257
18173725 16104418
18173725 18024109
18173725 19750276
18173725 29634406
18173725 33191389
18173725 33868543
18173725 38318973
18173725 38741927
18173725 43164252
18173725 48485771
18173725 63485337
18173725 77007853
18173725 107336879
18184416 105223
18184416 681813
18184416 701163
18184416 3039101
18184416 5969042
18184416 6825792
18184416 13629522
18184416 14475298
18184416 14538254
18184416 14906265
18184416 14961234
18184416 17541602
18184416 19828067
18184416 35827447
18199347 5576542
18199347 14224219
18199347 17064600
18199347 29756727
18199347 33868543
18199347 44024932
18199347 83963371
18199347 94813511
18199347 108704423
18199347 114577942
18199347 155688134
18199347 290879947
18204778 12
18204778 20
18204778 989
18204778 3840
18204778 5702
18204778 13348
18204778 36823
18204778 49793
18204778 657863
18204778 732073
18204778 746323
18204778 749963
18204778 814253
18204778 816653
18204778 817268
18204778 817288
18204778 858051
18204778 1000591
18204778 3829151
18204778 6141832
18204778 6708952
18204778 8962882
18204778 11388132
18204778 11435642
18204778 14600116
18204778 14761795
18204778 14834340
18204778 14885549
18204778 15827269
18204778 17595439
18204778 20536157
18204778 37570179
18204778 93957809
18226924 52953
18226924 14439553
18229027 15419775
18229027 18024109
18298167 1405071
18298167 1979391
18298167 7331992
18298167 11591662
18298167 13504092
18298167 14202579
18298167 14475298
18298167 14538254
18298167 15078306
18298167 15865172
18298167 16792453
18298167 18599061
18298167 18755518
18298167 19382657
18298167 20703666
18298167 21039860
18298167 21920573
18298167 29293260
18298167 45784061
18298167 53789489
18298167 75691167
18298167 98795912
18298167 117620953
18298167 155689319
18298167 163556820
18298167 164569984
18345193 15913
18345193 10671602
18345193 14155052
18345193 14575846
18345193 15015040
18345193 15234657
18345193 15578992
18345193 16744475
18345193 18666844
18345193 18900668
18345193 19672395
18345193 21353197
18345193 22841103
18345193 26281970
18345193 36311369
18345193 45862504
18345193 114910205
18345193 131003737
18345193 454340464
18393773 1113541
18393773 2100521
18393773 2384071
18393773 2729061
18393773 6297852
18393773 7861312
18393773 14223960
18393773 14348594
18393773 15473413
18393773 15901190
18393773 15962096
18393773 16127205
18393773 16303106
18393773 18713254
18393773 19658826
18393773 22413809
18393773 22461427
18393773 22525751
18393773 90420314
18396070 10350
18396070 657863
18396070 3829151
18396070 14075928
18396070 18713254
18396070 20609518
18396070 59397650
18396070 62581962
18396070 90420314
18396070 115485051
18438362 681813
18438362 814859
18438362 1919231
18438362 6889982
18438362 7617502
18438362 13461662
18438362 13504092
18438362 14103291
18438362 14224219
18438362 15192772
18438362 16104418
18438362 16181584
18438362 16792453
18438362 16799897
18438362 17206070
18438362 18024109
18438362 18229027
18438362 18653265
18438362 18812947
18438362 19785044
18438362 20436922
18438362 23487429
18438362 24422716
18438362 24585498
18438362 26155776
18438362 33868543
18438362 39680464
18438362 40972489
18438362 42332035
18438362 43164252
18438362 44652237
18438362 46426258
18438362 70587360
18438362 107336879
18438362 164569984
18438362 290879947
18438362 295913885
18489585 5413042
18489585 7434902
18489585 13185852
18489585 13461662
18489585 14075928
18489585 14224219
18489585 14412605
18489585 14575846
18489585 16079245
18489585 16102815
18489585 17214479
18489585 19087813
18489585 19414296
18489585 20273398
18489585 24585498
18489585 24595743
18489585 26961048
18489585 45487007
18489585 70587360
18489585 83955385
18489585 454340464
18571832 49793
18571832 105223
18571832 681813
18571832 695463
18571832 701163
18571832 767334
18571832 820025
18571832 945911
18571832 1053221
18571832 1185971
18571832 1979391
18571832 3039101
18571832 3415861
18571832 3983631
18571832 4622401
18571832 5969042
18571832 6825792
18571832 7062292
18571832 7169892
18571832 7651042
18571832 7753922
18571832 7765612
18571832 8446572
18571832 9270192
18571832 9487272
18571832 9747492
18571832 10883722
18571832 12729412
18571832 12811512
18571832 13294252
18571832 13629522
18571832 13638292
18571832 13639582
18571832 14051156
18571832 14121456
18571832 14195122
18571832 14407767
18571832 14467421
18571832 14475298
18571832 14496538
18571832 14538254
18571832 14576257
18571832 14906265
18571832 14908175
18571832 14961234
18571832 14971456
18571832 15355472
18571832 15876654
18571832 16741826
18571832 16744475
18571832 17065327
18571832 17541602
18571832 17593731
18571832 18056977
18571832 18065104
18571832 18101685
18571832 18184416
18571832 18675183
18571832 18839185
18571832 18899103
18571832 18939374
18571832 18967666
18571832 19337621
18571832 19362297
18571832 19382657
18571832 19423063
18571832 19619624
18571832 19622462
18571832 19701173
18571832 19702846
18571832 19729143
18571832 19735121
18571832 19735438
18571832 19738805
18571832 19760658
18571832 19828067
18571832 21756999
18571832 23244316
18571832 26204177
18571832 26778893
18571832 28212129
18571832 33676781
18571832 35827447
18571832 38059349
18571832 42584178
18571832 47667972
18571832 52863920
18571832 69945997
18571832 71019409
18571832 78598588
18571832 91004913
18571832 91687835
18571832 94311697
18571832 101838355
18571832 104190515
18571832 163711859
18571832 222822892
18571832 227024319
18571832 273371515
18571832 285092147
18571832 299779796
18571832 408556322
18571832 421342897
18571832 424280804
18599061 717313
18599061 1070541
18599061 1979391
18599061 3828311
18599061 4622401
18599061 5915332
18599061 6608332
18599061 7065942
18599061 7573752
18599061 7710472
18599061 7753922
18599061 11167502
18599061 11591662
18599061 13134712
18599061 14199979
18599061 14433905
18599061 14575846
18599061 14589257
18599061 15078306
18599061 15192772
18599061 15410758
18599061 15419775
18599061 15494342
18599061 16259415
18599061 16744475
18599061 16792453
18599061 17400667
18599061 17409832
18599061 17602170
18599061 17912684
18599061 18024109
18599061 18298167
18599061 18755518
18599061 19382657
18599061 19738805
18599061 20436922
18599061 20703666
18599061 21505330
18599061 21709230
18599061 22556717
18599061 23843220
18599061 24166202
18599061 24785621
18599061 25904310
18599061 26155776
18599061 27531390
18599061 30957246
18599061 31067157
18599061 33868543
18599061 35066483
18599061 35827447
18599061 37170886
18599061 39680464
18599061 42332035
18599061 45784061
18599061 46002379
18599061 47207321
18599061 47667972
18599061 73731253
18599061 75691167
18599061 77059348
18599061 98795912
18599061 100314530
18599061 117620953
18599061 118505994
18599061 118921133
18599061 120296068
18599061 123439064
18599061 125348449
18599061 146071420
18599061 151667946
18599061 184146952
18599061 269624052
18600956 1405071
18600956 4838281
18600956 5576542
18600956 7591562
18600956 14103291
18600956 14224219
18600956 15192772
18600956 15418343
18600956 15938093
18600956 16104418
18600956 17064600
18600956 18024109
18600956 24422716
18600956 28851186
18600956 33868543
18600956 42629821
18600956 50850314
18600956 70587360
18600956 74262901
18600956 78993414
18600956 105880821
18600956 129699446
18600956 224896214
18600956 485197487
18600956 511121728
18648265 1979391
18648265 14337677
18648265 14631433
18648265 18755518
18648265 22556717
18648265 23238377
18648265 57903424
18648265 63485337
18648265 74903868
18648265 77059348
18648265 107336879
18648265 111492860
18648265 115216851
18648265 344059195
18648265 485197487
18653265 5576542
18653265 7591562
18653265 13461662
18653265 14224219
18653265 15888886
18653265 16181584
18653265 17031260
18653265 18438362
18653265 18762284
18653265 18849368
18653265 18933499
18653265 24422716
18653265 28851186
18653265 39394932
18653265 46426258
18653265 63485337
18653265 70587360
18653265 182370042
18658817 7617502
18658817 9537272
18658817 14224219
18658817 18812947
18658817 19725644
18658817 38268441
18658817 59554328
18658817 70587360
18658817 115485051
18658817 129699446
18666844 10350
18666844 15913
18666844 657863
18666844 681813
18666844 3359851
18666844 7376382
18666844 7434902
18666844 7573752
18666844 7753922
18666844 7861312
18666844 7872262
18666844 8146732
18666844 10671602
18666844 13356642
18666844 13461662
18666844 14168488
18666844 14326533
18666844 14412605
18666844 14475298
18666844 14496538
18666844 14575846
18666844 14952378
18666844 15078306
18666844 15582769
18666844 15591032
18666844 16259415
18666844 16799897
18666844 16874875
18666844 17214479
18666844 18393773
18666844 18713254
18666844 18762284
18666844 18900668
18666844 19087813
18666844 19414296
18666844 19637934
18666844 19738805
18666844 20273398
18666844 22997147
18666844 23991290
18666844 24585498
18666844 24595743
18666844 24785621
18666844 24942585
18666844 25649234
18666844 26033920
18666844 26281970
18666844 31353077
18666844 43662236
18666844 48485771
18666844 53789489
18666844 63485337
18666844 64624131
18666844 73731253
18666844 87620061
18666844 90420314
18666844 96869096
18666844 111492860
18666844 114910205
18666844 115216851
18666844 115485051
18666844 126042901
18666844 128968339
18666844 142401418
18666844 144040563
18666844 175624200
18713254 7861312
18713254 12925072
18713254 13058232
18713254 14075928
18713254 14348594
18713254 15279452
18713254 15962096
18713254 16303106
18713254 18393773
18713254 18396070
18713254 19279990
18713254 19637934
18713254 31353077
18713254 62581962
18713254 90420314
18713254 115485051
18713254 130922325
18755518 15913
18755518 1979391
18755518 3828311
18755518 5413042
18755518 7861312
18755518 11167502
18755518 13185852
18755518 13461662
18755518 14476063
18755518 14575846
18755518 14679475
18755518 15078306
18755518 15387870
18755518 15419775
18755518 15852140
18755518 16102815
18755518 16220934
18755518 16259415
18755518 16792453
18755518 16878507
18755518 17602170
18755518 18298167
18755518 18648265
18755518 19087813
18755518 19382657
18755518 19414296
18755518 19738805
18755518 19785044
18755518 23238377
18755518 24585498
18755518 26281970
18755518 27531390
18755518 31067157
18755518 33191389
18755518 33868543
18755518 36311369
18755518 45862504
18755518 46426258
18755518 47207321
18755518 53789489
18755518 57903424
18755518 63485337
18755518 73731253
18755518 74903868
18755518 75691167
18755518 77059348
18755518 87620061
18755518 93969417
18755518 96869096
18755518 98795912
18755518 107336879
18755518 115216851
18755518 117620953
18755518 118921133
18755518 155689319
18755518 188196198
18755518 454340464
18761076 816653
18761076 7481082
18761076 10671602
18761076 11928542
18761076 14155052
18761076 15234657
18761076 17093617
18761076 47667972
18762284 732073
18762284 5413042
18762284 6310522
18762284 6608332
18762284 6825792
18762284 7961342
18762284 13185852
18762284 13356642
18762284 13461662
18762284 14155052
18762284 15582769
18762284 15591032
18762284 16358416
18762284 18653265
18762284 18933499
18762284 19087813
18762284 21224587
18762284 33191389
18762284 35066483
18762284 39394932
18762284 46426258
18762284 182370042
18787854 1405071
18787854 6825792
18787854 11591662
18787854 14538254
18787854 19582372
18787854 19923765
18787854 44024932
18787854 47667972
18787854 112075585
18787854 290879947
18812947 658353
18812947 790036
18812947 1405071
18812947 1562791
18812947 1919231
18812947 3359851
18812947 4058321
18812947 4838281
18812947 5576542
18812947 6825792
18812947 7591562
18812947 7617502
18812947 9537272
18812947 10266522
18812947 13461662
18812947 14103291
18812947 14224219
18812947 14475298
18812947 14538254
18812947 14575846
18812947 14592925
18812947 14679475
18812947 14952378
18812947 15176366
18812947 15292070
18812947 15418343
18812947 15458602
18812947 15472368
18812947 15888886
18812947 15938093
18812947 16104418
18812947 17064600
18812947 17814729
18812947 18024109
18812947 18229027
18812947 18438362
18812947 18600956
18812947 18658817
18812947 19087813
18812947 19102458
18812947 19675135
18812947 20703666
18812947 21039860
18812947 22556717
18812947 23238377
18812947 24422716
18812947 24585498
18812947 29756727
18812947 33868543
18812947 35604279
18812947 36457353
18812947 38138597
18812947 38268441
18812947 38318973
18812947 38339409
18812947 39394932
18812947 43164252
18812947 46179487
18812947 46722097
18812947 47273526
18812947 48427666
18812947 50850314
18812947 55472734
18812947 56641020
18812947 59554328
18812947 61815588
18812947 73514272
18812947 73731253
18812947 74262901
18812947 77059348
18812947 78993414
18812947 89768201
18812947 93969417
18812947 98795912
18812947 100022264
18812947 100331389
18812947 104268834
18812947 111424758
18812947 111492860
18812947 118279350
18812947 118505994
18812947 129699446
18812947 155688134
18812947 155844378
18812947 163556820
18812947 175624200
18812947 210944652
18812947 264348615
18812947 290879947
18812947 344059195
18812947 386697756
18812947 485197487
18839185 681813
18839185 1979391
18839185 3039101
18839185 5969042
18839185 6825792
18839185 12729412
18839185 14475298
18839185 16744475
18839185 17541602
18839185 18675183
18839185 19702846
18839185 19738805
18839185 35827447
18839185 47667972
18839185 52863920
18839185 78598588
18840531 633
18840531 33633
18840531 681813
18840531 814859
18840531 2729061
18840531 14199979
18840531 14230524
18840531 44652237
18840531 164569984
18849368 10350
18849368 15913
18849368 3359851
18849368 5576542
18849368 13185852
18849368 13461662
18849368 14199979
18849368 14224219
18849368 14575846
18849368 14952378
18849368 15222083
18849368 15234657
18849368 16079245
18849368 16259415
18849368 16303106
18849368 18653265
18849368 19087813
18849368 19414296
18849368 21224587
18849368 22981846
18849368 24585498
18849368 24595743
18849368 37729461
18849368 38318973
18849368 39394932
18849368 39680464
18849368 48485771
18849368 53789489
18849368 90420314
18849368 115485051
18849368 117652722
18849368 129699446
18849368 454340464
18895794 12
18895794 989
18895794 13348
18895794 816653
18895794 6814562
18895794 62581962
18895794 378223565
18899103 49793
18899103 681813
18899103 6825792
18900668 15913
18900668 3359851
18900668 6608332
18900668 7065942
18900668 7565302
18900668 11928542
18900668 14155052
18900668 14168488
18900668 14197132
18900668 14405995
18900668 14999606
18900668 15222083
18900668 15234657
18900668 15861559
18900668 16744475
18900668 18438362
18900668 18666844
18900668 18713254
18900668 20273398
18900668 24595743
18900668 26281970
18900668 27531390
18900668 32387419
18900668 33191389
18900668 46146200
18900668 46426258
18900668 57903424
18900668 60402167
18923866 1979391
18923866 3828311
18923866 4052871
18923866 6604002
18923866 7065942
18923866 7861592
18923866 10266522
18923866 11167502
18923866 13096002
18923866 13134712
18923866 13504092
18923866 14168488
18923866 14538254
18923866 14887698
18923866 15078306
18923866 15192772
18923866 15410758
18923866 15419775
18923866 15494342
18923866 15852140
18923866 16259415
18923866 16878507
18923866 17400667
18923866 17402835
18923866 17602170
18923866 17902089
18923866 17912684
18923866 18024109
18923866 18298167
18923866 18599061
18923866 18713254
18923866 18755518
18923866 19164090
18923866 19382657
18923866 19746351
18923866 20631572
18923866 24363108
18923866 24785621
18923866 24955088
18923866 25904310
18923866 27531390
18923866 32266874
18923866 33868543
18923866 38508404
18923866 38924717
18923866 42332035
18923866 43933796
18923866 45784061
18923866 47207321
18923866 52934175
18923866 53789489
18923866 62221256
18923866 75691167
18923866 78993414
18923866 88259214
18923866 93969417
18923866 96869096
18923866 117620953
18923866 118921133
18923866 120296068
18923866 125348449
18923866 146071420
18923866 155689319
18923866 188196198
18923866 217328955
18923866 269624052
18923866 309920730
18923866 376502190
18933499 732073
18933499 1405071
18933499 5413042
18933499 6310522
18933499 6608332
18933499 6825792
18933499 7331992
18933499 7961342
18933499 13185852
18933499 13356642
18933499 14155052
18933499 14199979
18933499 14224219
18933499 14475298
18933499 15222083
18933499 15279452
18933499 15591032
18933499 16193325
18933499 16358416
18933499 16792453
18933499 16799897
18933499 16874875
18933499 17031260
18933499 18653265
18933499 18762284
18933499 19102458
18933499 23238377
18933499 23487429
18933499 24585498
18933499 33191389
18933499 35066483
18933499 38138597
18933499 48485771
18933499 50393960
18933499 70587360
18933499 74262901
18933499 163556820
18933499 182370042
18933499 224896214
18933499 325966297
18967666 14908175
18993395 10350
18993395 681813
18993395 814253
18993395 816653
18993395 930061
18993395 2735591
18993395 3829151
18993395 7040932
18993395 14329770
18993395 16303106
18993395 16536215
18993395 17220934
18993395 18396070
18993395 20536157
18993395 20609518
18993395 42712551
18993395 115485051
19049747 15913
19049747 681813
19049747 6608332
19049747 7860742
19049747 7861312
19049747 9199472
19049747 13356642
19049747 14412605
19049747 14589257
19049747 15222083
19049747 16079245
19049747 16799897
19049747 18666844
19049747 18762284
19049747 19414296
19049747 20273398
19049747 22997147
19049747 31353077
19049747 31808762
19049747 38514229
19049747 48370736
19049747 115485051
19049747 248044499
19087813 15913
19087813 3359851
19087813 5413042
19087813 6608332
19087813 7434902
19087813 7565302
19087813 13185852
19087813 13461662
19087813 14155052
19087813 14224219
19087813 14412605
19087813 14575846
19087813 15234657
19087813 15582769
19087813 16079245
19087813 16303106
19087813 16799897
19087813 16874875
19087813 17214479
19087813 17872114
19087813 18755518
19087813 18762284
19087813 18849368
19087813 19414296
19087813 20273398
19087813 22841103
19087813 22981846
19087813 23843220
19087813 24585498
19087813 24595743
19087813 27531390
19087813 36171035
19087813 38514229
19087813 45862504
19087813 47667972
19087813 48485771
19087813 63485337
19087813 96869096
19087813 115216851
19087813 115485051
19087813 117652722
19102458 13234
19102458 16023
19102458 1405071
19102458 1979391
19102458 3039101
19102458 4058321
19102458 4838281
19102458 5576542
19102458 5603992
19102458 6825792
19102458 7331992
19102458 11591662
19102458 11928542
19102458 13461662
19102458 13504092
19102458 14103291
19102458 14165300
19102458 14199979
19102458 14224219
19102458 14337677
19102458 14475298
19102458 14538254
19102458 14631433
19102458 14952378
19102458 15176366
19102458 15418343
19102458 15419775
19102458 16104418
19102458 16303106
19102458 16792453
19102458 17064600
19102458 17206070
19102458 18024109
19102458 18148724
19102458 18229027
19102458 18438362
19102458 18812947
19102458 19203411
19102458 19279990
19102458 19287097
19102458 19575980
19102458 19923765
19102458 20436922
19102458 20703666
19102458 21039860
19102458 21056214
19102458 21920573
19102458 21959765
19102458 22525751
19102458 22556717
19102458 23238377
19102458 23487429
19102458 23713482
19102458 24585498
19102458 27938549
19102458 29293260
19102458 29338393
19102458 29634406
19102458 29756727
19102458 31067157
19102458 31354853
19102458 33191389
19102458 33868543
19102458 35066483
19102458 35604279
19102458 36457353
19102458 38138597
19102458 38318973
19102458 39394932
19102458 39680464
19102458 40888730
19102458 40972489
19102458 42332035
19102458 42629821
19102458 43164252
19102458 44024932
19102458 44134863
19102458 45784061
19102458 46426258
19102458 47207321
19102458 47273526
19102458 47667972
19102458 48485771
19102458 50850314
19102458 53789489
19102458 62613968
19102458 63485337
19102458 64776896
19102458 69945997
19102458 70587360
19102458 73731253
19102458 74262901
19102458 74903868
19102458 75783213
19102458 77007853
19102458 77059348
19102458 78403368
19102458 78993414
19102458 83963371
19102458 93969417
19102458 94813511
19102458 98795912
19102458 100022264
19102458 105880821
19102458 107336879
19102458 111136741
19102458 111492860
19102458 114577942
19102458 115216851
19102458 117652722
19102458 118921133
19102458 118975055
19102458 155688134
19102458 163556820
19102458 168865827
19102458 191790175
19102458 212880848
19102458 224896214
19102458 248044499
19102458 264348615
19102458 265650538
19102458 290879947
19102458 309605958
19102458 344059195
19102458 360964430
19102458 386697756
19102458 419919051
19102458 451044230
19102458 534725405
19157786 70587360
19164090 1979391
19164090 7065942
19164090 18713254
19164090 18755518
19164090 27531390
19164090 52934175
19203411 1979391
19203411 5603992
19203411 10266522
19203411 12925072
19203411 14103291
19203411 14224219
19203411 15419775
19203411 16799897
19203411 18148724
19203411 19102458
19203411 20436922
19203411 21959765
19203411 23238377
19203411 24422716
19203411 24585498
19203411 27938549
19203411 35066483
19203411 36457353
19203411 37886101
19203411 38318973
19203411 45784061
19203411 46426258
19203411 63485337
19203411 70587360
19203411 73731253
19203411 74262901
19203411 74903868
19203411 75783213
19203411 77059348
19203411 78993414
19203411 98795912
19203411 111492860
19203411 115216851
19203411 265650538
19203411 290879947
19203411 309605958
19203411 325966297
19203411 386697756
19238557 5576542
19238557 12925072
19238557 14137737
19238557 14224219
19238557 14337677
19238557 14592925
19238557 14679475
19238557 15192772
19238557 15477714
19238557 15888886
19238557 15938093
19238557 16799897
19238557 17064600
19238557 18148724
19238557 18438362
19238557 19575980
19238557 20436922
19238557 23238377
19238557 23487429
19238557 24422716
19238557 27938549
19238557 34739714
19238557 36457353
19238557 38138597
19238557 38318973
19238557 43164252
19238557 44134863
19238557 62613968
19238557 63485337
19238557 64776896
19238557 70587360
19238557 75783213
19238557 77007853
19238557 78993414
19238557 93969417
19238557 105880821
19238557 129699446
19238557 155688134
19238557 265650538
19238557 295913885
19279990 7376382
19279990 14075928
19279990 14348594
19279990 15472368
19279990 18713254
19279990 31353077
19279990 288452305
19287097 1405071
19287097 5576542
19287097 14137737
19287097 14224219
19287097 15472368
19287097 19102458
19287097 22556717
19287097 23238377
19287097 24422716
19287097 38318973
19287097 47667972
19287097 64590892
19287097 73731253
19287097 74262901
19287097 74903868
19287097 77059348
19287097 78403368
19287097 78993414
19287097 98795912
19287097 107336879
19287097 111492860
19287097 130583593
19287097 265650538
19287097 309605958
19287097 329518010
19287097 485197487
19330360 14224219
19330360 14475298
19330360 14538254
19330360 15472368
19330360 16792453
19330360 19746351
19330360 20703666
19330360 24585498
19330360 29338393
19330360 36535572
19330360 44024932
19330360 47667972
19330360 53789489
19330360 98795912
19330360 344059195
19337621 695463
19337621 7169892
19337621 9747492
19337621 12729412
19337621 14496538
19337621 16744475
19337621 17541602
19337621 18675183
19337621 19622462
19337621 19735438
19337621 21756999
19337621 38059349
19337621 42584178
19337621 47667972
19337621 69945997
19337621 78598588
19362297 175624200
19362297 243293725
19382657 681813
19382657 1979391
19382657 6604002
19382657 7065942
19382657 13134712
19382657 13504092
19382657 14538254
19382657 15078306
19382657 15192772
19382657 15419775
19382657 15852140
19382657 17093617
19382657 18024109
19382657 18298167
19382657 18755518
19382657 19738805
19382657 23238377
19382657 24585498
19382657 26204177
19382657 29395230
19382657 33868543
19382657 38318973
19382657 46002379
19382657 61483289
19382657 69945997
19382657 73731253
19382657 77007853
19382657 93969417
19382657 107336879
19382657 111136741
19382657 118505994
19382657 118921133
19397785 20
19397785 14230524
19397785 19637934
19414296 15913
19414296 681813
19414296 1979391
19414296 3359851
19414296 5413042
19414296 5576542
19414296 7434902
19414296 10671602
19414296 11591662
19414296 13185852
19414296 13356642
19414296 14155052
19414296 14199979
19414296 14224219
19414296 14538254
19414296 14575846
19414296 14589257
19414296 15494342
19414296 15591032
19414296 16303106
19414296 16792453
19414296 17031260
19414296 18653265
19414296 18755518
19414296 18849368
19414296 18900668
19414296 19049747
19414296 19087813
19414296 20273398
19414296 20436922
19414296 21224587
19414296 22841103
19414296 24585498
19414296 24595743
19414296 26281970
19414296 27531390
19414296 29395230
19414296 33191389
19414296 36171035
19414296 36311369
19414296 37170886
19414296 39394932
19414296 39680464
19414296 45784061
19414296 45862504
19414296 46002379
19414296 48485771
19414296 62581962
19414296 63485337
19414296 77007853
19414296 90420314
19414296 115216851
19414296 115485051
19414296 117652722
19414296 158414847
19414296 175624200
19414296 248044499
19418918 5520332
19418918 14222507
19418918 15422847
19521118 681813
19575980 14337677
19575980 15176366
19575980 18148724
19575980 19238557
19575980 21834006
19575980 23238377
19575980 23990894
19575980 24422716
19575980 26281970
19575980 36457353
19575980 74262901
19575980 75783213
19575980 93969417
19575980 108704423
19575980 155688134
19575980 218601115
19582372 1405071
19582372 4838281
19582372 5576542
19582372 6825792
19582372 7331992
19582372 14103291
19582372 14145413
19582372 14165300
19582372 14224219
19582372 14538254
19582372 15472368
19582372 16104418
19582372 18787854
19582372 19102458
19582372 19923765
19582372 20436922
19582372 20703666
19582372 23238377
19582372 23487429
19582372 24585498
19582372 29293260
19582372 29338393
19582372 33868543
19582372 38138597
19582372 42629821
19582372 44024932
19582372 47273526
19582372 47667972
19582372 53789489
19582372 61815588
19582372 70587360
19582372 74262901
19582372 78993414
19582372 89768201
19582372 98795912
19582372 104268834
19582372 111424758
19582372 111492860
19582372 191790175
19582372 247343656
19582372 290879947
19582372 386697756
19582372 511121728
19619624 13294252
19619624 19738805
19622462 15913
19622462 681813
19622462 695463
19622462 1405071
19622462 4622401
19622462 7753922
19622462 7860742
19622462 7872262
19622462 16744475
19622462 17759701
19622462 18675183
19622462 19397785
19622462 19738805
19622462 26281970
19622462 119228619
19622462 360964430
19637934 20
19637934 14075928
19637934 15962096
19637934 16956955
19637934 18713254
19637934 19397785
19637934 22461427
19637934 31353077
19637934 50393960
19637934 90420314
19637934 115485051
19648820 6825792
19648820 62581962
19648820 87100827
19648820 88655252
19648820 93969417
19657422 52953
19657422 4052871
19657422 8925602
19657422 14109995
19657422 14439553
19657422 18396070
19657422 27789466
19657422 70587360
19657422 97771401
19657422 111492860
19657422 168440518
19658826 657863
19658826 816653
19658826 2384071
19658826 7861312
19658826 14075928
19658826 16303106
19658826 17220934
19658826 17248121
19658826 18393773
19658826 18396070
19658826 18713254
19658826 19725644
19672395 15913
19672395 5413042
19672395 7434902
19672395 7565302
19672395 10671602
19672395 13185852
19672395 13461662
19672395 14224219
19672395 14412605
19672395 14575846
19672395 14589257
19672395 15234657
19672395 16079245
19672395 16102815
19672395 16799897
19672395 17214479
19672395 18489585
19672395 18849368
19672395 19414296
19672395 20273398
19672395 47667972
19672395 454340464
19675135 15913
19675135 13461662
19675135 14224219
19675135 15234657
19675135 70587360
19701173 1979391
19701173 12729412
19701173 19362297
19702846 695463
19702846 820025
19702846 1979391
19702846 7169892
19702846 9270192
19702846 12729412
19702846 17541602
19702846 18675183
19702846 19735438
19702846 21756999
19702846 28212129
19702846 35827447
19702846 78598588
19702846 91687835
19725644 2100521
19725644 14075928
19725644 16303106
19725644 17220934
19729143 695463
19735121 681813
19735121 1053221
19735121 19738805
19735121 47667972
19735121 69945997
19735438 681813
19735438 695463
19735438 9747492
19735438 12729412
19735438 19337621
19735438 19738805
19738805 3039101
19738805 3828311
19738805 4622401
19738805 6825792
19738805 7753922
19738805 7872262
19738805 9270192
19738805 12729412
19738805 14155052
19738805 14475298
19738805 15375238
19738805 15865172
19738805 15876654
19738805 16744475
19738805 16799897
19738805 17541602
19738805 18599061
19738805 18755518
19738805 19923765
19738805 20703666
19738805 23991290
19738805 24166202
19738805 24585498
19738805 31067157
19738805 31354853
19738805 35827447
19738805 39680464
19738805 45784061
19738805 47667972
19738805 63485337
19746351 16259415
19746351 20703666
19746351 39394932
19746351 53789489
19746351 155689319
19750276 16023
19750276 52953
19750276 1405071
19750276 1979391
19750276 13504092
19750276 16104418
19750276 18173725
19750276 18229027
19750276 18438362
19750276 20436922
19750276 23713482
19750276 29634406
19750276 29748191
19750276 31067157
19750276 38318973
19750276 38741927
19750276 42332035
19750276 77007853
19785044 6889982
19785044 13461662
19785044 14575846
19785044 14882389
19785044 16102815
19785044 16181584
19785044 16193325
19785044 16220934
19785044 24585498
19785044 44652237
19785044 454340464
19828067 105223
19828067 681813
19828067 695463
19828067 767334
19828067 1979391
19828067 3039101
19828067 3983631
19828067 5969042
19828067 6825792
19828067 13629522
19828067 14475298
19828067 14538254
19828067 15876654
19828067 17541602
19828067 18184416
19828067 18839185
19828067 19382657
19828067 19738805
19828067 35827447
19832728 11928542
19832728 16079245
19832728 16744475
19832728 17093617
19832728 26281970
19923765 681813
19923765 1405071
19923765 1979391
19923765 6825792
19923765 7331992
19923765 7753922
19923765 11591662
19923765 14224219
19923765 14475298
19923765 14538254
19923765 18571832
19923765 19102458
19923765 19738805
19923765 22997147
19923765 23487429
19923765 23991290
19923765 24585498
19923765 25411611
19923765 29293260
19923765 31354853
19923765 39919140
19923765 47667972
19923765 105880821
19923765 290879947
19956556 14051156
20060023 1979391
20060023 11928542
20060023 14337677
20060023 18648265
20060023 18755518
20060023 22461427
20060023 29395230
20060023 63485337
20060023 73731253
20060023 77059348
20060023 107336879
20060023 111492860
20104303 15913
20104303 6608332
20104303 6825792
20104303 7565302
20104303 7861312
20104303 10671602
20104303 11928542
20104303 14155052
20104303 14199979
20104303 14997974
20104303 14999606
20104303 15222083
20104303 15234657
20104303 15242391
20104303 16792453
20104303 17214479
20104303 18345193
20104303 18438362
20104303 18900668
20104303 24585498
20104303 24595743
20104303 26281970
20104303 37170886
20104303 48485771
20104303 77007853
20232992 71713
20232992 6889982
20232992 14197132
20232992 14224219
20232992 14405995
20232992 15861559
20232992 15862493
20232992 17872874
20232992 20524102
20232992 24585498
20232992 25732138
20232992 37170886
20232992 44652237
20232992 46426258
20232992 57903424
20232992 60402167
20232992 63769966
20232992 105924719
20273398 3840
20273398 10350
20273398 15913
20273398 3359851
20273398 5413042
20273398 6547952
20273398 7434902
20273398 7565302
20273398 7860742
20273398 7861312
20273398 10671602
20273398 11928542
20273398 13356642
20273398 13461662
20273398 14075928
20273398 14137885
20273398 14155052
20273398 14199979
20273398 14589257
20273398 14691709
20273398 15222083
20273398 15234657
20273398 15578992
20273398 16220934
20273398 16744475
20273398 16792453
20273398 16799897
20273398 17031260
20273398 17214479
20273398 17759701
20273398 18489585
20273398 18599061
20273398 18648265
20273398 18666844
20273398 18900668
20273398 19414296
20273398 19672395
20273398 20104303
20273398 21681252
20273398 22841103
20273398 23843220
20273398 24585498
20273398 24595743
20273398 26281970
20273398 28755851
20273398 31353077
20273398 31808762
20273398 33191389
20273398 36171035
20273398 36311369
20273398 37170886
20273398 38514229
20273398 38517589
20273398 43662236
20273398 45862504
20273398 46146200
20273398 47667972
20273398 48370736
20273398 48485771
20273398 73731253
20273398 83807322
20273398 90561258
20273398 114910205
20273398 115485051
20273398 117652722
20273398 126042901
20273398 142401418
20273398 144040563
20273398 174296681
20273398 229141679
20273398 280725732
20273398 545558899
20436922 10350
20436922 1405071
20436922 1979391
20436922 3828311
20436922 5576542
20436922 7573752
20436922 7753922
20436922 11928542
20436922 12592522
20436922 13356642
20436922 14155052
20436922 14197132
20436922 14224219
20436922 14433905
20436922 14999606
20436922 15419775
20436922 15494342
20436922 15852140
20436922 15901190
20436922 16799897
20436922 18438362
20436922 18599061
20436922 21505330
20436922 24585498
20436922 31067157
20436922 33191389
20436922 37170886
20436922 39394932
20436922 43164252
20436922 45784061
20436922 46426258
20436922 53789489
20436922 63485337
20436922 70587360
20436922 73514272
20436922 87620061
20436922 100331389
20436922 107336879
20436922 121353356
20436922 212880848
20436922 239648605
20436922 511121728
20455625 49793
20455625 8161232
20455625 16303106
20455625 17220934
20455625 19397785
20455625 20536157
20455625 20609518
20455625 50393960
20455625 90420314
20455625 115485051
20455625 288452305
20519566 52953
20519566 9976962
20519566 14439553
20519566 14817347
20519566 15600475
20519566 18761076
20519566 27789466
20519566 29030126
20519566 30322151
20519566 33977772
20519566 40714864
20519566 42568105
20519566 43164252
20519566 47667972
20519566 49454522
20519566 58042828
20519566 66988729
20519566 114724662
20519566 119863220
20519566 128246114
20519566 144970345
20519566 147629963
20519566 158103356
20519566 158500408
20519566 161201939
20519566 208339610
20524102 14197132
20524102 14224219
20524102 15861559
20524102 15862493
20524102 17872874
20524102 22981846
20524102 24585498
20524102 25732138
20524102 37170886
20524102 57903424
20524102 60402167
20536157 989
20536157 13348
20536157 36823
20536157 717313
20536157 814253
20536157 816653
20536157 817268
20536157 817288
20536157 818340
20536157 824157
20536157 858051
20536157 930061
20536157 1045751
20536157 2384071
20536157 3829151
20536157 4641021
20536157 6141832
20536157 6385432
20536157 8962882
20536157 10454572
20536157 11435642
20536157 14515931
20536157 14600116
20536157 14834340
20536157 14885549
20536157 15827269
20536157 17503180
20536157 22255654
20536157 37570179
20536157 93957809
20631572 1979391
20631572 7065942
20631572 11167502
20631572 13096002
20631572 15078306
20631572 15192772
20631572 15410758
20631572 15419775
20631572 18298167
20631572 18599061
20631572 18713254
20631572 18755518
20631572 24363108
20631572 24785621
20631572 25904310
20631572 27531390
20631572 45784061
20631572 75691167
20631572 117620953
20631572 118921133
20631572 188196198
20637608 15913
20637608 681813
20637608 7861312
20637608 14589257
20637608 15865172
20637608 18666844
20637608 24585498
20637608 31808762
20637608 43662236
20637608 45784061
20637608 102903198
20637608 114563370
20637608 363426409
20669032 816653
20669032 1405071
20669032 6608332
20669032 7861312
20669032 9207632
20669032 14538254
20669032 15222083
20669032 15494342
20669032 22841103
20669032 360964430
20703666 1405071
20703666 1979391
20703666 4838281
20703666 5576542
20703666 6727802
20703666 6825792
20703666 7331992
20703666 10266522
20703666 11591662
20703666 13504092
20703666 14103291
20703666 14145413
20703666 14165300
20703666 14202579
20703666 14224219
20703666 14242872
20703666 14284668
20703666 14475298
20703666 14476063
20703666 14538254
20703666 14575846
20703666 14952378
20703666 15290899
20703666 15418343
20703666 15865172
20703666 16104418
20703666 16792453
20703666 18298167
20703666 18787854
20703666 18812947
20703666 19102458
20703666 19330360
20703666 19582372
20703666 19738805
20703666 19746351
20703666 20436922
20703666 21039860
20703666 21224587
20703666 21920573
20703666 22525751
20703666 23238377
20703666 23991290
20703666 24585498
20703666 25411611
20703666 29293260
20703666 29756727
20703666 30378780
20703666 31354853
20703666 33868543
20703666 35066483
20703666 36535572
20703666 38517589
20703666 39394932
20703666 39919140
20703666 42629821
20703666 44024932
20703666 47273526
20703666 50850314
20703666 52343800
20703666 53789489
20703666 64624131
20703666 70587360
20703666 73514272
20703666 74262901
20703666 78993414
20703666 84670801
20703666 88501703
20703666 89768201
20703666 94813511
20703666 98795912
20703666 100022264
20703666 104268834
20703666 105880821
20703666 111424758
20703666 111492860
20703666 112075585
20703666 114577942
20703666 118279350
20703666 155688134
20703666 163556820
20703666 164569984
20703666 168865827
20703666 191790175
20703666 224896214
20703666 235023651
20703666 247110120
20703666 247343656
20703666 269385024
20703666 281910155
20703666 385080494
20711514 681813
20711514 2384071
20711514 15414807
20711514 77007853
20963773 5576542
20963773 6068142
20963773 10266522
20963773 14103291
20963773 14224219
20963773 14337677
20963773 15419775
20963773 19102458
20963773 19575980
20963773 21220972
20963773 22556717
20963773 25105135
20963773 36457353
20963773 38318973
20963773 40888730
20963773 45784061
20963773 46426258
20963773 70587360
20963773 73731253
20963773 74175121
20963773 74262901
20963773 75783213
20963773 77007853
20963773 78403368
20963773 98795912
20963773 105880821
20963773 107336879
20963773 108704423
20963773 109594284
20963773 111136741
20963773 111492860
20963773 118921133
20963773 123905288
20963773 309605958
20963773 360964430
20963773 485197487
20963773 491013038
20999409 681813
20999409 811350
20999409 3245291
20999409 3359851
20999409 7331992
20999409 7872262
20999409 12589692
20999409 14500711
20999409 16303106
20999409 17602170
20999409 19279990
20999409 25431305
20999409 31353077
20999409 44671378
20999409 63485337
20999409 77059348
20999409 96848570
20999409 111492860
21039860 658353
21039860 4052871
21039860 4838281
21039860 5576542
21039860 6144362
21039860 6825792
21039860 13504092
21039860 14103291
21039860 14224219
21039860 14242872
21039860 14284668
21039860 14475298
21039860 14476063
21039860 14538254
21039860 15418343
21039860 15472368
21039860 16104418
21039860 16792453
21039860 17064600
21039860 18298167
21039860 18812947
21039860 18933499
21039860 20436922
21039860 20703666
21039860 21920573
21039860 23238377
21039860 24955088
21039860 29756727
21039860 32387419
21039860 33868543
21039860 35604279
21039860 56927820
21039860 70587360
21039860 78993414
21039860 83963371
21039860 94813511
21039860 100022264
21039860 111492860
21039860 118505994
21039860 168865827
21039860 357509021
21039860 539367183
21056214 5576542
21056214 7376382
21056214 14075928
21056214 14137737
21056214 14631433
21056214 15279452
21056214 15472368
21056214 16799897
21056214 19725644
21056214 22461427
21056214 24585498
21056214 98795912
21056214 100868651
21094279 681813
21094279 814304
21094279 817288
21094279 6750912
21094279 14155052
21094279 14625444
21094279 14837184
21094279 15208246
21094279 15591032
21094279 15901190
21094279 16102815
21094279 16193325
21094279 16303106
21094279 16874875
21094279 19637934
21094279 19725644
21094279 24585498
21094279 37570179
21094279 38138597
21094279 50393960
21094279 63485337
21094279 79450053
21094279 90420314
21094279 115485051
21094279 130922325
21094279 174958347
21094279 454340464
21174324 12
21174324 20
21174324 767
21174324 989
21174324 3840
21174324 13348
21174324 49793
21174324 657863
21174324 816653
21174324 817268
21174324 2384071
21174324 3829151
21174324 6708952
21198307 816653
21198307 8076052
21198307 18571832
21198307 47667972
21198456 681813
21220972 1405071
21220972 1979391
21220972 3828311
21220972 5576542
21220972 6068142
21220972 10266522
21220972 13282032
21220972 14103291
21220972 14137737
21220972 14224219
21220972 14237677
21220972 14337677
21220972 14631433
21220972 15176366
21220972 15419775
21220972 15901190
21220972 16303106
21220972 16799897
21220972 18148724
21220972 20536157
21220972 20963773
21220972 21056214
21220972 21834006
21220972 23238377
21220972 23487429
21220972 23990894
21220972 24422716
21220972 24585498
21220972 25105135
21220972 25904310
21220972 27938549
21220972 31353077
21220972 36457353
21220972 38138597
21220972 38318973
21220972 45784061
21220972 47207321
21220972 47667972
21220972 62613968
21220972 64590892
21220972 64776896
21220972 69945997
21220972 70587360
21220972 74175121
21220972 74262901
21220972 74903868
21220972 75783213
21220972 77007853
21220972 77059348
21220972 78993414
21220972 93969417
21220972 98795912
21220972 105880821
21220972 107336879
21220972 109594284
21220972 111136741
21220972 111492860
21220972 114577942
21220972 118921133
21220972 123905288
21220972 130583593
21220972 290879947
21220972 329518010
21220972 386697756
21220972 491013038
21224587 1405071
21224587 4838281
21224587 6608332
21224587 6825792
21224587 7591562
21224587 10671602
21224587 13461662
21224587 14155052
21224587 14199979
21224587 14224219
21224587 14538254
21224587 14575846
21224587 15503224
21224587 16181584
21224587 16193325
21224587 16792453
21224587 18762284
21224587 19414296
21224587 20703666
21224587 22841103
21224587 23238377
21224587 24585498
21224587 35066483
21224587 70587360
21224587 89768201
21224587 98795912
21224587 163556820
21224587 325966297
21224587 454340464
21353197 6825792
21353197 14155052
21353197 14575846
21353197 14691709
21353197 14999606
21353197 17214479
21353197 18345193
21353197 18762284
21353197 22997147
21353197 36311369
21353197 114910205
21353197 229141679
21353197 454340464
21505330 1405071
21505330 1979391
21505330 10671602
21505330 11591662
21505330 14137885
21505330 14199979
21505330 15410758
21505330 15419775
21505330 15494342
21505330 16744475
21505330 18229027
21505330 18599061
21505330 20436922
21505330 22901296
21505330 22997147
21505330 24585498
21505330 29634406
21505330 31067157
21505330 33191389
21505330 38108292
21505330 46426258
21505330 63485337
21505330 77007853
21505330 90420314
21505330 451044230
21600144 6688272
21600144 7861312
21600144 14348594
21600144 16303106
21600144 16956955
21600144 18713254
21600144 19279990
21600144 31353077
21600144 90420314
21600144 115485051
21600144 130922325
21600144 158414847
21600144 191922531
21636840 15913
21636840 10671602
21636840 20436922
21636840 115216851
21636840 117652722
21681252 10350
21681252 657863
21681252 681813
21681252 7860742
21681252 7861312
21681252 7872262
21681252 11928542
21681252 12925072
21681252 13058232
21681252 14326533
21681252 14589257
21681252 14691709
21681252 15222083
21681252 15234657
21681252 15375238
21681252 16744475
21681252 17759701
21681252 18666844
21681252 20273398
21681252 20609518
21681252 22997147
21681252 24641194
21681252 26281970
21681252 28917111
21681252 31353077
21681252 31949053
21681252 35012277
21681252 43933017
21681252 45862504
21681252 48485771
21681252 50393960
21681252 60968363
21681252 84421229
21681252 90420314
21681252 90561258
21681252 108719642
21681252 114910205
21681252 115485051
21681252 119228619
21681252 144040563
21709230 1070541
21709230 1979391
21709230 7753922
21709230 11591662
21709230 14417250
21709230 14433905
21709230 14500711
21709230 15387870
21709230 15419775
21709230 15472368
21709230 15852140
21709230 15901190
21709230 16303106
21709230 16555627
21709230 16792453
21709230 16878507
21709230 18599061
21709230 19382657
21709230 24585498
21709230 26155776
21709230 27531390
21709230 30957246
21709230 31354853
21709230 39680464
21709230 44244590
21709230 46002379
21709230 46179487
21709230 46426258
21709230 62581962
21709230 63485337
21709230 82553416
21709230 87620061
21709230 117620953
21709230 123439064
21709230 161678121
21709230 163374693
21709230 175624200
21709230 243293725
21709230 545558899
21756999 6727802
21756999 6825792
21756999 11928542
21756999 14475298
21756999 14498968
21756999 14538254
21756999 16744475
21756999 17409832
21756999 18571832
21756999 19702846
21756999 19738805
21756999 19923765
21756999 26033920
21756999 26778893
21756999 28212129
21756999 31067157
21756999 33676781
21756999 35827447
21756999 47667972
21756999 52863920
21756999 63485337
21756999 71019409
21756999 91004913
21756999 91687835
21756999 111492860
21756999 163711859
21756999 299779796
21834006 5576542
21834006 14224219
21834006 15176366
21834006 16744475
21834006 16799897
21834006 19575980
21834006 21861033
21834006 23990894
21834006 24422716
21834006 24585498
21834006 26281970
21834006 38318973
21834006 40888730
21834006 62613968
21834006 63485337
21834006 64590892
21834006 70587360
21834006 74262901
21834006 78403368
21834006 105880821
21834006 108704423
21834006 115216851
21834006 130583593
21834006 218601115
21861033 7065942
21861033 14224219
21861033 14631433
21861033 18148724
21861033 24422716
21861033 24785621
21861033 33114793
21861033 34739714
21861033 36457353
21861033 37729461
21861033 47667972
21861033 62613968
21861033 63485337
21861033 70587360
21861033 73731253
21861033 74262901
21861033 74903868
21861033 75783213
21861033 98795912
21861033 111492860
21861033 155688134
21920573 1405071
21920573 4058321
21920573 6825792
21920573 14165300
21920573 14224219
21920573 14475298
21920573 14538254
21920573 15472368
21920573 18298167
21920573 19102458
21920573 20703666
21920573 21039860
21920573 22525751
21920573 23238377
21920573 24585498
21920573 29293260
21920573 33868543
21920573 44024932
21920573 47273526
21920573 53789489
21920573 118279350
21920573 118505994
21920573 174958347
21920573 191790175
21959765 1405071
21959765 1979391
21959765 5576542
21959765 14103291
21959765 14224219
21959765 14337677
21959765 14631433
21959765 15901190
21959765 16799897
21959765 19102458
21959765 19203411
21959765 19287097
21959765 23238377
21959765 23487429
21959765 23990894
21959765 35066483
21959765 36457353
21959765 38138597
21959765 47207321
21959765 62613968
21959765 63485337
21959765 74262901
21959765 75783213
21959765 78403368
21959765 78993414
21959765 98795912
21959765 103943240
21959765 105880821
21959765 107336879
21959765 118921133
21959765 265650538
21959765 290879947
21959765 309605958
21959765 325966297
21959765 386697756
22184329 633
22184329 36823
22184329 681813
22184329 2729061
22184329 14199979
22184329 14550221
22184329 46722097
22213896 6608332
22213896 14679475
22255654 12
22255654 20
22255654 295
22255654 989
22255654 13348
22255654 49793
22255654 657863
22255654 749963
22255654 816653
22255654 858051
22255654 1000591
22255654 2384071
22255654 2529971
22255654 2730791
22255654 6141832
22255654 6708952
22255654 14600116
22255654 14761795
22255654 15827269
22255654 17503180
22255654 37570179
22255654 93957809
22413809 643653
22413809 2729061
22413809 2779821
22413809 6297852
22413809 14075928
22413809 14348594
22413809 15279452
22413809 15472368
22413809 18393773
22413809 22525751
22461427 2100521
22461427 14075928
22461427 14348594
22461427 15901190
22461427 16303106
22461427 16956955
22461427 18393773
22461427 18713254
22461427 19637934
22461427 31353077
22461427 90420314
22461427 115485051
22461427 130922325
22525751 767
22525751 681813
22525751 1405071
22525751 2729061
22525751 6297852
22525751 6825792
22525751 13860742
22525751 14348594
22525751 18393773
22525751 22413809
22525751 31353077
22556717 717313
22556717 1405071
22556717 2100521
22556717 5576542
22556717 7565302
22556717 11167502
22556717 11928542
22556717 13461662
22556717 14075928
22556717 14137737
22556717 14155052
22556717 14224219
22556717 14348594
22556717 14575846
22556717 14631433
22556717 15222083
22556717 15292070
22556717 15419775
22556717 15477714
22556717 16079245
22556717 16303106
22556717 16799897
22556717 17064600
22556717 17214479
22556717 18599061
22556717 18648265
22556717 18812947
22556717 19102458
22556717 19287097
22556717 19725644
22556717 22461427
22556717 23238377
22556717 24166202
22556717 24422716
22556717 24585498
22556717 26281970
22556717 27938549
22556717 29762558
22556717 31353077
22556717 33868543
22556717 34739714
22556717 35066483
22556717 36457353
22556717 37729461
22556717 38318973
22556717 44134863
22556717 45784061
22556717 48427666
22556717 50850314
22556717 54371309
22556717 55472734
22556717 62581962
22556717 63485337
22556717 64776896
22556717 70587360
22556717 73731253
22556717 74262901
22556717 74903868
22556717 77059348
22556717 93969417
22556717 107336879
22556717 111492860
22556717 115216851
22556717 118505994
22556717 130922325
22556717 155688134
22556717 155844378
22556717 191790175
22556717 248044499
22556717 485197487
22588936 52953
22588936 816653
22588936 5520332
22588936 9976962
22588936 17093617
22588936 30322151
22588936 33977772
22835308 681813
22835308 6727802
22835308 7753922
22835308 10671602
22835308 16744475
22835308 18093468
22835308 18571832
22835308 29395230
22835308 100133245
22835308 311268617
22841103 10350
22841103 15913
22841103 1405071
22841103 1979391
22841103 2735591
22841103 3359851
22841103 5413042
22841103 5576542
22841103 6608332
22841103 6825792
22841103 6889982
22841103 7434902
22841103 7565302
22841103 7573752
22841103 7591562
22841103 7860742
22841103 7861312
22841103 7872262
22841103 8146732
22841103 8768832
22841103 10671602
22841103 11928542
22841103 12925072
22841103 13058232
22841103 13461662
22841103 14051156
22841103 14075928
22841103 14137885
22841103 14155052
22841103 14197132
22841103 14199979
22841103 14224219
22841103 14230524
22841103 14326533
22841103 14575846
22841103 14589257
22841103 14691709
22841103 14999606
22841103 15222083
22841103 15234657
22841103 15279452
22841103 15410758
22841103 15419775
22841103 15494342
22841103 15578992
22841103 15861559
22841103 15901190
22841103 16572223
22841103 16744475
22841103 16792453
22841103 16799897
22841103 17031260
22841103 17093617
22841103 17214479
22841103 17872874
22841103 18345193
22841103 18393773
22841103 18438362
22841103 18599061
22841103 18666844
22841103 18713254
22841103 18755518
22841103 18762284
22841103 18900668
22841103 19087813
22841103 19414296
22841103 20104303
22841103 20273398
22841103 20436922
22841103 20524102
22841103 20669032
22841103 21056214
22841103 21224587
22841103 22981846
22841103 22997147
22841103 23843220
22841103 24585498
22841103 24595743
22841103 24942585
22841103 25732138
22841103 26033920
22841103 26281970
22841103 27531390
22841103 27837808
22841103 31353077
22841103 31808762
22841103 32387419
22841103 32547856
22841103 33191389
22841103 36311369
22841103 37170886
22841103 37729461
22841103 38318973
22841103 38514229
22841103 45784061
22841103 45862504
22841103 46146200
22841103 47667972
22841103 48370736
22841103 48485771
22841103 50393960
22841103 57903424
22841103 62581962
22841103 69945997
22841103 73731253
22841103 77007853
22841103 82553416
22841103 88501703
22841103 89595997
22841103 90420314
22841103 98795912
22841103 114910205
22841103 115216851
22841103 115485051
22841103 117652722
22841103 144040563
22841103 146071420
22841103 175624200
22841103 250746940
22841103 545558899
22857385 10350
22857385 681813
22857385 794186
22857385 6249592
22857385 6608332
22857385 6889982
22857385 7591562
22857385 7861312
22857385 9199472
22857385 13504092
22857385 14199979
22857385 14230524
22857385 14475298
22857385 15222083
22857385 15503224
22857385 15758036
22857385 16799897
22857385 19049747
22857385 19785044
22857385 22184329
22857385 29006114
22857385 31067157
22857385 44652237
22857385 248044499
22857385 325966297
22857385 363426409
22901296 3039101
22901296 10671602
22901296 15410758
22901296 17409832
22901296 21505330
22901296 22997147
22901296 38108292
22901296 90420314
22901296 277402513
22954430 20
22954430 765
22954430 767
22954430 2426
22954430 6140
22954430 13046
22954430 13234
22954430 36823
22954430 105223
22954430 643653
22954430 678033
22954430 681813
22954430 814304
22954430 2729061
22954430 2735631
22954430 2779821
22954430 6297852
22954430 6688272
22954430 7376382
22954430 13860742
22954430 14075928
22954430 14155052
22954430 14199979
22954430 14224219
22954430 14307351
22954430 14326533
22954430 14348594
22954430 14870168
22954430 14945646
22954430 15022843
22954430 15051601
22954430 15279452
22954430 15436915
22954430 15472368
22954430 15473413
22954430 15494342
22954430 16285288
22954430 16356796
22954430 16799897
22954430 16956955
22954430 18393773
22954430 20436922
22954430 21056214
22954430 21198456
22954430 22413809
22954430 22525751
22954430 22556717
22954430 24585498
22954430 24852559
22954430 27519917
22954430 29762558
22954430 31353077
22954430 38138597
22954430 43822174
22954430 62581962
22954430 70587360
22954430 100868651
22954430 121353356
22954430 130922325
22954430 132430765
22954430 278937589
22954430 280716675
22981846 3359851
22981846 6608332
22981846 7434902
22981846 7861312
22981846 13185852
22981846 13461662
22981846 14197132
22981846 14224219
22981846 14575846
22981846 14952378
22981846 15078306
22981846 15387870
22981846 15419775
22981846 15591032
22981846 15861559
22981846 16193325
22981846 16220934
22981846 16792453
22981846 16799897
22981846 17872874
22981846 18653265
22981846 18849368
22981846 20524102
22981846 24585498
22981846 27531390
22981846 30957246
22981846 31353077
22981846 32387419
22981846 37170886
22981846 39394932
22981846 82553416
22981846 90420314
22981846 182370042
22981846 290879947
22981846 454340464
22997147 681813
22997147 1405071
22997147 6608332
22997147 7860742
22997147 7872262
22997147 10671602
22997147 11928542
22997147 13185852
22997147 15222083
22997147 15375238
22997147 15410758
22997147 15419775
22997147 18666844
22997147 19049747
22997147 19923765
22997147 21505330
22997147 21681252
22997147 22841103
22997147 22901296
22997147 24585498
22997147 24641194
22997147 28597237
22997147 30957246
22997147 31067157
22997147 31665210
22997147 31949053
22997147 35012277
22997147 36311369
22997147 43933017
22997147 48485771
22997147 60968363
22997147 89595997
22997147 114910205
22997147 119228619
22997147 277402513
22997147 451044230
23238377 13234
23238377 658353
23238377 1405071
23238377 4838281
23238377 5576542
23238377 5603992
23238377 6068142
23238377 7591562
23238377 11167502
23238377 11928542
23238377 13461662
23238377 13504092
23238377 14103291
23238377 14137737
23238377 14155052
23238377 14165300
23238377 14224219
23238377 14284668
23238377 14337677
23238377 14575846
23238377 14631433
23238377 14952378
23238377 15176366
23238377 15279452
23238377 15414807
23238377 15419775
23238377 15472368
23238377 15901190
23238377 15962096
23238377 16104418
23238377 16259415
23238377 16799897
23238377 17064600
23238377 17206070
23238377 18024109
23238377 18229027
23238377 18438362
23238377 18600956
23238377 18648265
23238377 18755518
23238377 18812947
23238377 18933499
23238377 19102458
23238377 19279990
23238377 19287097
23238377 19382657
23238377 19575980
23238377 19725644
23238377 20436922
23238377 21039860
23238377 21056214
23238377 21224587
23238377 21959765
23238377 22413809
23238377 23990894
23238377 24422716
23238377 24585498
23238377 29756727
23238377 30957246
23238377 32387419
23238377 33114793
23238377 33191389
23238377 33868543
23238377 35066483
23238377 35604279
23238377 37729461
23238377 38010788
23238377 38318973
23238377 39394932
23238377 39680464
23238377 40888730
23238377 40972489
23238377 42332035
23238377 44134863
23238377 44244590
23238377 45784061
23238377 47273526
23238377 48485771
23238377 53789489
23238377 57082636
23238377 63485337
23238377 64590892
23238377 70587360
23238377 73514272
23238377 74262901
23238377 74903868
23238377 77007853
23238377 78403368
23238377 78993414
23238377 82553416
23238377 83963371
23238377 89768201
23238377 100022264
23238377 105880821
23238377 107336879
23238377 108704423
23238377 109594284
23238377 111492860
23238377 115216851
23238377 130583593
23238377 155688134
23238377 163556820
23238377 168865827
23238377 182370042
23238377 191790175
23238377 218601115
23238377 248044499
23238377 264348615
23238377 265650538
23238377 290879947
23238377 309605958
23238377 329518010
23238377 344059195
23238377 360964430
23238377 386697756
23238377 451044230
23238377 486927488
23238377 511121728
23238377 545558899
23244316 695463
23244316 1979391
23244316 19729143
23487429 658353
23487429 1405071
23487429 1919231
23487429 1979391
23487429 5576542
23487429 5603992
23487429 6825792
23487429 7331992
23487429 11167502
23487429 11928542
23487429 13461662
23487429 14103291
23487429 14137737
23487429 14224219
23487429 14337677
23487429 14592925
23487429 15192772
23487429 15279452
23487429 15418343
23487429 15419775
23487429 15477714
23487429 15938093
23487429 16104418
23487429 16792453
23487429 16799897
23487429 17064600
23487429 17872874
23487429 18024109
23487429 18148724
23487429 18438362
23487429 18933499
23487429 19102458
23487429 19238557
23487429 19287097
23487429 19575980
23487429 21056214
23487429 21959765
23487429 23238377
23487429 23720736
23487429 24422716
23487429 24595743
23487429 27938549
23487429 29756727
23487429 33114793
23487429 33868543
23487429 34739714
23487429 36457353
23487429 38138597
23487429 38318973
23487429 38339409
23487429 43164252
23487429 44134863
23487429 45784061
23487429 47207321
23487429 47273526
23487429 48485771
23487429 50850314
23487429 54371309
23487429 55472734
23487429 56927820
23487429 61815588
23487429 62613968
23487429 63485337
23487429 64776896
23487429 65409929
23487429 70587360
23487429 73731253
23487429 74262901
23487429 74903868
23487429 75783213
23487429 77007853
23487429 77059348
23487429 78993414
23487429 83955385
23487429 83963371
23487429 84670801
23487429 93969417
23487429 94813511
23487429 98795912
23487429 105880821
23487429 111492860
23487429 113254439
23487429 117652722
23487429 118505994
23487429 118975055
23487429 143033894
23487429 155688134
23487429 155844378
23487429 168865827
23487429 174958347
23487429 191790175
23487429 247343656
23487429 290879947
23487429 295913885
23487429 344059195
23487429 360964430
23487429 386697756
23491995 11591662
23491995 13504092
23491995 14538254
23491995 16792453
23491995 20436922
23491995 20703666
23491995 23238377
23491995 23487429
23491995 24585498
23491995 32387419
23491995 33868543
23491995 53789489
23491995 98795912
23491995 118279350
23491995 118505994
23491995 135316691
23713482 1405071
23713482 3039101
23713482 4213251
23713482 14538254
23713482 19750276
23713482 21505330
23713482 29634406
23713482 63485337
23713482 77007853
23713482 360964430
23720736 11167502
23720736 16799897
23720736 23487429
23720736 33868543
23720736 36457353
23720736 38339409
23720736 54371309
23720736 70587360
23720736 118505994
23720736 129699446
23720736 143033894
23720736 155844378
23843220 7565302
23843220 10671602
23843220 11928542
23843220 14589257
23843220 14691709
23843220 15222083
23843220 18900668
23843220 20104303
23843220 20273398
23843220 22841103
23843220 24585498
23843220 26281970
23843220 32387419
23843220 37170886
23843220 45862504
23843220 47667972
23843220 48485771
23843220 57903424
23843220 77007853
23990894 1405071
23990894 14224219
23990894 14337677
23990894 15176366
23990894 19287097
23990894 19575980
23990894 21220972
23990894 23238377
23990894 24585498
23990894 36457353
23990894 38318973
23990894 40888730
23990894 64590892
23990894 74262901
23990894 78403368
23990894 130583593
23990894 265650538
23990894 309605958
23990894 329518010
23991290 681813
23991290 7753922
23991290 11167502
23991290 11856762
23991290 15375238
23991290 15901190
23991290 19738805
23991290 19923765
23991290 20703666
23991290 22461427
23991290 24585498
23991290 63485337
23991290 175624200
24049604 3359851
24049604 6825792
24049604 9103242
24049604 14075928
24049604 18713254
24049604 25460763
24049604 28208387
24049604 28755851
24049604 31353077
24049604 40972489
24049604 46426258
24049604 47667972
24049604 48485771
24049604 54178513
24049604 73731253
24049604 83807322
24049604 90420314
24049604 115485051
24049604 117652722
24049604 204562062
24166202 7710472
24166202 16744475
24166202 19738805
24166202 24595743
24166202 46179487
24166202 46426258
24166202 47667972
24166202 62581962
24166202 63485337
24166202 73731253
24166202 96848570
24166202 210944652
24363108 1979391
24363108 7065942
24363108 13096002
24363108 18599061
24363108 24785621
24422716 1405071
24422716 5603992
24422716 7591562
24422716 14103291
24422716 14224219
24422716 14337677
24422716 15419775
24422716 15477714
24422716 18024109
24422716 18229027
24422716 18600956
24422716 18812947
24422716 19287097
24422716 21220972
24422716 22556717
24422716 23238377
24422716 24585498
24422716 26155776
24422716 27938549
24422716 28851186
24422716 38318973
24422716 46426258
24422716 47273526
24422716 59554328
24422716 63485337
24422716 70587360
24422716 73731253
24422716 74903868
24422716 77059348
24422716 78403368
24422716 93969417
24422716 107336879
24422716 118921133
24422716 248044499
24422716 360964430
24422716 485197487
24585498 15913
24585498 681813
24585498 1979391
24585498 2100521
24585498 2779821
24585498 3359851
24585498 5576542
24585498 7753922
24585498 7861312
24585498 11167502
24585498 13356642
24585498 13461662
24585498 14075928
24585498 14103291
24585498 14155052
24585498 14197132
24585498 14224219
24585498 14326533
24585498 14348594
24585498 14417250
24585498 14433905
24585498 14538254
24585498 14589257
24585498 14631433
24585498 15222083
24585498 15249156
24585498 15279452
24585498 15387870
24585498 15419775
24585498 15472368
24585498 15578992
24585498 15591032
24585498 15861559
24585498 15862493
24585498 15962096
24585498 16259415
24585498 16303106
24585498 16792453
24585498 16799897
24585498 17872874
24585498 18438362
24585498 18755518
24585498 19287097
24585498 19382657
24585498 19414296
24585498 19637934
24585498 19738805
24585498 20436922
24585498 20524102
24585498 21709230
24585498 22413809
24585498 22841103
24585498 22981846
24585498 23238377
24585498 23843220
24585498 23991290
24585498 24166202
24585498 24422716
24585498 24595743
24585498 25732138
24585498 27531390
24585498 29395230
24585498 30957246
24585498 31013971
24585498 33191389
24585498 35066483
24585498 36171035
24585498 37170886
24585498 38318973
24585498 44024932
24585498 44244590
24585498 45784061
24585498 46179487
24585498 46426258
24585498 47207321
24585498 47667972
24585498 48485771
24585498 50393960
24585498 53789489
24585498 63485337
24585498 73731253
24585498 74262901
24585498 74903868
24585498 77007853
24585498 82553416
24585498 87087536
24585498 87620061
24585498 90420314
24585498 98795912
24585498 107336879
24585498 111136741
24585498 111492860
24585498 115485051
24585498 121353356
24585498 130922325
24585498 142457170
24585498 144040563
24585498 158414847
24585498 161678121
24585498 191922531
24585498 248044499
24585498 360964430
24585498 386697756
24585498 545558899
24595743 3359851
24595743 6608332
24595743 14197132
24595743 18900668
24595743 24166202
24595743 24585498
24595743 46426258
24595743 63485337
24641194 10350
24641194 15913
24641194 681813
24641194 3359851
24641194 7860742
24641194 7861312
24641194 7872262
24641194 10671602
24641194 11928542
24641194 14589257
24641194 14691709
24641194 15234657
24641194 17759701
24641194 18666844
24641194 21681252
24641194 22997147
24641194 24942585
24641194 26033920
24641194 26281970
24641194 31353077
24641194 31949053
24641194 43933017
24641194 45862504
24641194 48370736
24641194 48485771
24641194 60968363
24641194 84421229
24641194 90420314
24641194 90561258
24641194 108719642
24641194 115485051
24641194 119228619
24641194 142401418
24641194 144040563
24785621 15913
24785621 7065942
24785621 13096002
24785621 13400992
24785621 14155052
24785621 14538254
24785621 15192772
24785621 18599061
24785621 18666844
24785621 18713254
24785621 18755518
24785621 19382657
24785621 21861033
24785621 24363108
24785621 27531390
24785621 33868543
24785621 34115297
24785621 42332035
24785621 43880993
24785621 44652237
24785621 62613968
24785621 63485337
24785621 77059348
24785621 107336879
24785621 188196198
24942585 15913
24942585 3359851
24942585 7860742
24942585 7861312
24942585 11928542
24942585 12925072
24942585 13058232
24942585 14155052
24942585 16744475
24942585 18666844
24942585 22841103
24942585 24585498
24942585 48485771
24942585 50393960
24942585 114910205
24942585 128968339
24942585 144040563
24942585 146071420
24942585 175624200
24955088 4052871
24955088 14538254
24955088 15078306
24955088 15852140
24955088 18599061
24955088 27531390
24955088 45784061
25059647 681813
25059647 7753922
25059647 19738805
25059647 61458269
25105135 1405071
25105135 5576542
25105135 5603992
25105135 6068142
25105135 12925072
25105135 13282032
25105135 14103291
25105135 14224219
25105135 14337677
25105135 15419775
25105135 15472368
25105135 16799897
25105135 18148724
25105135 19102458
25105135 19287097
25105135 19575980
25105135 20963773
25105135 21220972
25105135 21959765
25105135 23238377
25105135 23487429
25105135 24585498
25105135 27938549
25105135 31353077
25105135 35066483
25105135 36457353
25105135 38138597
25105135 38318973
25105135 44134863
25105135 45784061
25105135 45862504
25105135 46426258
25105135 57082636
25105135 62613968
25105135 63485337
25105135 64776896
25105135 70587360
25105135 74262901
25105135 74903868
25105135 75783213
25105135 77007853
25105135 78993414
25105135 98795912
25105135 105880821
25105135 107336879
25105135 109594284
25105135 111492860
25105135 123905288
25105135 239648605
25105135 265650538
25105135 290879947
25105135 309605958
25105135 329518010
25105135 360964430
25105135 386697756
25105135 491013038
25411611 681813
25411611 7872262
25411611 19738805
25411611 21756999
25431305 681813
25460763 6547952
25460763 6825792
25460763 9103242
25460763 13461662
25460763 14075928
25460763 16220934
25460763 19658826
25460763 20273398
25460763 24049604
25460763 28208387
25460763 28755851
25460763 43164252
25460763 46426258
25460763 47667972
25460763 54178513
25460763 62581962
25460763 73731253
25460763 83807322
25460763 87100827
25460763 115485051
25460763 117652722
25649234 15913
25649234 1979391
25649234 2100521
25649234 3245291
25649234 7860742
25649234 7861312
25649234 11740382
25649234 11928542
25649234 12712332
25649234 13400992
25649234 14155052
25649234 14337677
25649234 14338639
25649234 14500028
25649234 14575846
25649234 15582769
25649234 16259415
25649234 18648265
25649234 18666844
25649234 18755518
25649234 20060023
25649234 20609518
25649234 22461427
25649234 23238377
25649234 24785621
25649234 26033920
25649234 28192145
25649234 29395230
25649234 34115297
25649234 38517589
25649234 43880993
25649234 43933017
25649234 48485771
25649234 52934175
25649234 63485337
25649234 73731253
25649234 77059348
25649234 87620061
25649234 96869096
25649234 107336879
25649234 111492860
25649234 126042901
25649234 128968339
25649234 175642610
25649234 182370042
25649234 545558899
25732138 14197132
25732138 14224219
25732138 14405995
25732138 15861559
25732138 15862493
25732138 17872874
25732138 18438362
25732138 20232992
25732138 20524102
25732138 24585498
25732138 37170886
25732138 44652237
25732138 60402167
25904310 1405071
25904310 1979391
25904310 3720411
25904310 5576542
25904310 10266522
25904310 10671602
25904310 13504092
25904310 14224219
25904310 14237677
25904310 14887698
25904310 15078306
25904310 15419775
25904310 15494342
25904310 16799897
25904310 17912684
25904310 18024109
25904310 18148724
25904310 18599061
25904310 20436922
25904310 21056214
25904310 22556717
25904310 22841103
25904310 24422716
25904310 31067157
25904310 32387419
25904310 33868543
25904310 36457353
25904310 45784061
25904310 63485337
25904310 70587360
25904310 75783213
25904310 77007853
25904310 98795912
25904310 107336879
25904310 111136741
25904310 169780164
25904310 269624052
25904310 309920730
26033920 10350
26033920 681813
26033920 2100521
26033920 3359851
26033920 5413042
26033920 6608332
26033920 7434902
26033920 7860742
26033920 7861312
26033920 7872262
26033920 13185852
26033920 14155052
26033920 14326533
26033920 14575846
26033920 14589257
26033920 15582769
26033920 15591032
26033920 15901190
26033920 16799897
26033920 16874875
26033920 17409832
26033920 18666844
26033920 18762284
26033920 19738805
26033920 21681252
26033920 24641194
26033920 25649234
26033920 26281970
26033920 31949053
26033920 35012277
26033920 43880993
26033920 43933017
26033920 46426258
26033920 48370736
26033920 48485771
26033920 60968363
26033920 87620061
26033920 96869096
26033920 107336879
26033920 119228619
26033920 144040563
26155776 343773
26155776 681813
26155776 783374
26155776 1979391
26155776 7753922
26155776 11591662
26155776 14199979
26155776 14224219
26155776 14433905
26155776 14538254
26155776 15078306
26155776 15192772
26155776 15852140
26155776 16220934
26155776 16792453
26155776 18438362
26155776 18599061
26155776 19382657
26155776 21709230
26155776 24422716
26155776 24585498
26155776 27531390
26155776 28536332
26155776 29395230
26155776 31354853
26155776 39680464
26155776 45229371
26155776 46002379
26155776 46426258
26155776 58401280
26155776 63485337
26155776 70587360
26155776 75691167
26155776 117620953
26155776 118921133
26155776 175624200
26155776 232430517
26203847 691353
26203847 2384071
26203847 5281191
26203847 14274132
26204177 945911
26204177 12729412
26204177 19362297
26204177 19382657
26204177 19701173
26204177 19702846
26778893 695463
26778893 7753922
26778893 19738805
26778893 35827447
26778893 104190515
26961048 15913
26961048 3359851
26961048 5413042
26961048 5576542
26961048 7434902
26961048 11167502
26961048 13185852
26961048 13461662
26961048 14224219
26961048 14412605
26961048 14575846
26961048 15200539
26961048 15234657
26961048 15292070
26961048 16079245
26961048 16102815
26961048 16799897
26961048 17214479
26961048 17814729
26961048 17872114
26961048 18489585
26961048 18812947
26961048 18849368
26961048 19087813
26961048 19414296
26961048 19672395
26961048 19675135
26961048 22556717
26961048 22981846
26961048 23487429
26961048 23720736
26961048 24585498
26961048 24595743
26961048 27531390
26961048 27611506
26961048 33868543
26961048 36171035
26961048 36457353
26961048 37729461
26961048 38318973
26961048 38339409
26961048 38514229
26961048 43037004
26961048 45487007
26961048 46179487
26961048 48427666
26961048 48485771
26961048 50850314
26961048 54371309
26961048 55472734
26961048 70587360
26961048 77059348
26961048 83955385
26961048 90420314
26961048 114577942
26961048 118505994
26961048 127993465
26961048 129699446
26961048 143033894
26961048 155844378
26961048 174296681
26961048 191790175
26961048 454340464
27054163 1979391
27054163 29395230
27054163 175624200
27054163 243293725
27097871 784304
27097871 816653
27097871 14775981
27519917 681813
27519917 14945646
27519917 15436915
27519917 62581962
27531390 1979391
27531390 5413042
27531390 7753922
27531390 13461662
27531390 14075928
27531390 14224219
27531390 14538254
27531390 14575846
27531390 15387870
27531390 15962096
27531390 16220934
27531390 16792453
27531390 18713254
27531390 18755518
27531390 20609518
27531390 22413809
27531390 23238377
27531390 24585498
27531390 24595743
27531390 30957246
27531390 31067157
27531390 36171035
27531390 38318973
27531390 39680464
27531390 44244590
27531390 46002379
27531390 46179487
27531390 63485337
27531390 73731253
27531390 82553416
27531390 90420314
27531390 107336879
27531390 115485051
27531390 545558899
27611506 15234657
27611506 24585498
27789466 52953
27789466 816653
27789466 7861312
27789466 8076052
27789466 9976962
27789466 11928542
27789466 14222507
27789466 14439553
27789466 18396070
27789466 18761076
27789466 19418918
27789466 30322151
27789466 40714864
27789466 41653783
27789466 49454522
27789466 59397650
27789466 66988729
27789466 119863220
27789466 147629963
27789466 158103356
27789466 158500408
27789466 158773106
27837808 681813
27837808 1979391
27837808 11856762
27837808 13462912
27837808 13504092
27837808 14155052
27837808 15242391
27837808 15290899
27837808 15375238
27837808 15912884
27837808 16744475
27837808 18762284
27837808 19738805
27837808 20703666
27837808 22841103
27837808 24585498
27837808 26281970
27837808 28536332
27837808 31354853
27837808 43662236
27837808 45784061
27837808 48485771
27837808 90420314
27938549 1405071
27938549 5603992
27938549 14103291
27938549 14224219
27938549 24422716
27938549 37729461
27938549 38318973
27938549 40888730
27938549 57082636
27938549 64590892
27938549 64776896
27938549 70587360
27938549 74903868
27938549 77007853
27938549 78403368
27938549 366187749
28192145 15913
28192145 681813
28192145 2729061
28192145 3245291
28192145 6608332
28192145 7861312
28192145 9199472
28192145 11928542
28192145 12712332
28192145 14575846
28192145 15234657
28192145 15503224
28192145 18666844
28192145 20999409
28192145 26281970
28192145 31353077
28192145 87620061
28192145 126042901
28212129 79043
28212129 105223
28212129 681813
28212129 695463
28212129 767334
28212129 1979391
28212129 3039101
28212129 7872262
28212129 9747492
28212129 10671602
28212129 11928542
28212129 14155052
28212129 14496538
28212129 14498968
28212129 14538254
28212129 16744475
28212129 18571832
28212129 19702846
28212129 19738805
28212129 21756999
28212129 23991290
28212129 26281970
28212129 29395230
28212129 31067157
28212129 33676781
28212129 38059349
28212129 47667972
28212129 52863920
28212129 69945997
28212129 90420314
28212129 91004913
28212129 115216851
28212129 227024319
28536332 1979391
28536332 6479622
28536332 8151822
28536332 15290899
28536332 15860867
28536332 26155776
28536332 27837808
28536332 28734673
28536332 29395230
28536332 31354853
28536332 38292889
28536332 45229371
28597237 10350
28597237 681813
28597237 2100521
28597237 7861312
28597237 14326533
28597237 15249156
28597237 20609518
28597237 22997147
28597237 26281970
28597237 31353077
28597237 31949053
28597237 84421229
28597237 90420314
28597237 115485051
28734673 783374
28734673 1979391
28734673 6479622
28734673 8151822
28734673 15860867
28734673 28536332
28734673 29395230
28734673 31354853
28734673 38292889
28734673 45229371
28755851 15913
28755851 3039101
28755851 3359851
28755851 6547952
28755851 6825792
28755851 9103242
28755851 10671602
28755851 11928542
28755851 13461662
28755851 14075928
28755851 14155052
28755851 14496538
28755851 14589257
28755851 14691709
28755851 15222083
28755851 15234657
28755851 15578992
28755851 16220934
28755851 18713254
28755851 18900668
28755851 20273398
28755851 24049604
28755851 25460763
28755851 28208387
28755851 33191389
28755851 39394932
28755851 40972489
28755851 43164252
28755851 45862504
28755851 46146200
28755851 46426258
28755851 47667972
28755851 48485771
28755851 50393960
28755851 54178513
28755851 62581962
28755851 73731253
28755851 83807322
28755851 87100827
28755851 88655252
28755851 93969417
28755851 115485051
28755851 117652722
28755851 175624200
28755851 204562062
28851186 778518
28851186 7591562
28851186 14103291
28851186 14224219
28851186 15192772
28851186 15419775
28851186 18024109
28851186 18229027
28851186 18438362
28851186 18600956
28851186 18653265
28851186 24422716
28851186 46426258
28851186 47273526
28851186 63485337
28851186 70587360
28851186 73731253
28851186 111492860
28851186 118505994
28851186 129699446
28851186 485197487
28917111 20
28917111 10350
28917111 13348
28917111 49793
28917111 657863
28917111 816653
28917111 7860742
28917111 7861312
28917111 8146732
28917111 12925072
28917111 13058232
28917111 14589257
28917111 18396070
28917111 21681252
28917111 31353077
28917111 47667972
28917111 50393960
28917111 63485337
28917111 96848570
29006114 633
29006114 681813
29006114 14199979
29006114 15503224
29006114 17082401
29006114 21224587
29006114 22857385
29030126 14222507
29030126 15600475
29030126 18761076
29030126 119863220
29030126 158420343
29293260 1405071
29293260 4838281
29293260 7331992
29293260 11591662
29293260 14103291
29293260 14165300
29293260 14224219
29293260 14538254
29293260 15418343
29293260 15472368
29293260 16104418
29293260 18298167
29293260 18812947
29293260 19102458
29293260 19582372
29293260 19923765
29293260 20703666
29293260 21039860
29293260 21920573
29293260 22525751
29293260 23238377
29293260 31354853
29293260 33868543
29293260 47273526
29293260 70587360
29293260 105880821
29293260 118279350
29338393 1405071
29338393 1562791
29338393 4838281
29338393 5576542
29338393 12592522
29338393 14224219
29338393 15176366
29338393 15192772
29338393 15938093
29338393 17064600
29338393 18653265
29338393 19102458
29338393 19330360
29338393 19582372
29338393 19746351
29338393 20703666
29338393 21039860
29338393 21224587
29338393 33868543
29338393 38138597
29338393 61815588
29338393 70587360
29338393 73514272
29338393 84670801
29338393 89052026
29338393 94813511
29338393 100331389
29338393 105880821
29338393 111492860
29338393 191790175
29338393 224896214
29338393 290879947
29338393 386697756
29338393 511121728
29395230 1979391
29395230 107336879
29395230 115216851
29395230 118921133
29395230 118975055
29634406 1405071
29634406 3039101
29634406 4213251
29634406 5603992
29634406 11928542
29634406 14137737
29634406 14538254
29634406 15419775
29634406 15901190
29634406 16799897
29634406 18024109
29634406 18229027
29634406 19102458
29634406 19750276
29634406 23713482
29634406 24422716
29634406 24585498
29634406 31353077
29634406 35066483
29634406 39680464
29634406 40972489
29634406 42332035
29634406 44134863
29634406 46426258
29634406 47667972
29634406 48485771
29634406 69945997
29634406 77007853
29634406 98795912
29634406 107336879
29634406 111136741
29634406 118921133
29634406 248044499
29634406 360964430
29634406 486927488
29748191 52953
29748191 1405071
29748191 3039101
29748191 19750276
29756727 778518
29756727 790036
29756727 16104418
29756727 18024109
29756727 18812947
29756727 23238377
29756727 33868543
29756727 43164252
29756727 47273526
29756727 50850314
29756727 56927820
29756727 94813511
29756727 155688134
29756727 295913885
29762558 681813
29762558 14155052
29762558 14224219
29762558 14326533
29762558 14631433
29762558 16744475
29762558 18648265
29762558 21056214
29762558 22556717
29762558 24585498
29762558 26281970
29762558 34739714
29762558 36457353
29762558 50850314
29762558 70587360
29762558 77059348
29762558 111492860
29941998 821
29941998 13234
29941998 48473
29941998 607793
29941998 814859
29941998 1113541
29941998 2729061
29941998 5281191
29941998 6347872
29941998 6825792
29941998 32491666
29941998 58441079
29941998 187512368
30043994 52953
30043994 681813
30043994 1979391
30043994 2384071
30043994 8938362
30043994 18895794
30043994 20711514
30043994 42332035
30322151 52953
30322151 5520332
30322151 9976962
30322151 12925072
30322151 13058232
30322151 14222507
30322151 14439553
30322151 19418918
30322151 22588936
30322151 33977772
30322151 158103356
30378780 681813
30378780 7339282
30378780 7753922
30378780 14825162
30378780 19738805
30378780 20703666
30378780 39919140
30378780 52343800
30378780 61458269
30378780 235023651
30378780 247110120
30378780 281910155
30681238 52953
30681238 12925072
30681238 13058232
30681238 42568105
30681238 49454522
30681238 66988729
30681238 119863220
30681238 158103356
30681238 161201939
30816874 681813
30816874 6249592
30816874 8304842
30816874 9199472
30816874 10671602
30816874 13504092
30816874 14199979
30816874 14230524
30816874 14475298
30816874 15462317
30816874 15503224
30816874 22184329
30816874 22857385
30816874 164569984
30957246 1979391
30957246 8266102
30957246 13965842
30957246 14075928
30957246 14199979
30957246 14417250
30957246 14433905
30957246 15192772
30957246 15387870
30957246 15410758
30957246 16303106
30957246 16792453
30957246 16878507
30957246 18599061
30957246 21709230
30957246 22981846
30957246 24585498
30957246 27531390
30957246 31013971
30957246 37170886
30957246 44244590
30957246 46002379
30957246 46179487
30957246 46426258
30957246 63485337
30957246 74262901
30957246 82553416
30957246 115485051
30957246 130922325
30957246 135316691
30957246 161678121
30957246 163374693
30957246 545558899
31013971 681813
31013971 13965842
31013971 14417250
31013971 16555627
31013971 16878507
31013971 24585498
31013971 27531390
31013971 30957246
31013971 44244590
31013971 46426258
31013971 63485337
31013971 82553416
31013971 98795912
31013971 135316691
31013971 161678121
31013971 163374693
31013971 545558899
31067157 681813
31067157 794186
31067157 1000591
31067157 1405071
31067157 1979391
31067157 2384071
31067157 3359851
31067157 4622401
31067157 5915332
31067157 6608332
31067157 6688272
31067157 7481082
31067157 7861312
31067157 8266102
31067157 9199472
31067157 11591662
31067157 13096002
31067157 13461662
31067157 13504092
31067157 14137885
31067157 14199979
31067157 14326533
31067157 14412605
31067157 14417250
31067157 14496538
31067157 14498968
31067157 14538254
31067157 14679475
31067157 15078306
31067157 15375238
31067157 15410758
31067157 15419775
31067157 15494342
31067157 15758036
31067157 15852140
31067157 16104418
31067157 16799897
31067157 17409832
31067157 17912684
31067157 18024109
31067157 18393773
31067157 18438362
31067157 18599061
31067157 18666844
31067157 18755518
31067157 19521118
31067157 19725644
31067157 19738805
31067157 20436922
31067157 20536157
31067157 20637608
31067157 21505330
31067157 21756999
31067157 22857385
31067157 22901296
31067157 22997147
31067157 23238377
31067157 24166202
31067157 24585498
31067157 24942585
31067157 25904310
31067157 27531390
31067157 28212129
31067157 29634406
31067157 31353077
31067157 31808762
31067157 33191389
31067157 35827447
31067157 38108292
31067157 38318973
31067157 39680464
31067157 42332035
31067157 43164252
31067157 45784061
31067157 46426258
31067157 47667972
31067157 48485771
31067157 63485337
31067157 72343437
31067157 107336879
31067157 126042901
31067157 144040563
31067157 146071420
31067157 175624200
31067157 184146952
31067157 243293725
31067157 277402513
31067157 360964430
31067157 363426409
31067157 447278787
31067157 451044230
31153819 12
31153819 20
31153819 49793
31153819 657863
31153819 816653
31153819 818340
31153819 1000591
31153819 2529971
31153819 2735591
31153819 4641021
31153819 6385432
31153819 6708952
31153819 7040932
31153819 8161232
31153819 14515931
31153819 14761795
31153819 16303106
31153819 16319797
31153819 17220934
31153819 19397785
31153819 20455625
31153819 20536157
31153819 20609518
31153819 36678907
31153819 37570179
31153819 42712551
31153819 50393960
31153819 90420314
31153819 93957809
31153819 115485051
31153819 288452305
31353077 12
31353077 7861312
31353077 15249156
31353077 16303106
31353077 16956955
31353077 18396070
31353077 18713254
31353077 19279990
31353077 19637934
31353077 62581962
31353077 90420314
31353077 115485051
31353077 158414847
31353077 288452305
31354853 681813
31354853 783374
31354853 1405071
31354853 1979391
31354853 6479622
31354853 8151822
31354853 10266522
31354853 11591662
31354853 14103291
31354853 14224219
31354853 14475298
31354853 14538254
31354853 15290899
31354853 15418343
31354853 15419775
31354853 19102458
31354853 19382657
31354853 19738805
31354853 19923765
31354853 20703666
31354853 21709230
31354853 23487429
31354853 26155776
31354853 27837808
31354853 28734673
31354853 29293260
31354853 29395230
31354853 33868543
31354853 39680464
31354853 42629821
31354853 44024932
31354853 44244590
31354853 45229371
31354853 46426258
31354853 50850314
31354853 58401280
31354853 70587360
31354853 78993414
31354853 114577942
31354853 118921133
31354853 224896214
31354853 232430517
31354853 290879947
31354853 386697756
31665210 681813
31665210 6727802
31665210 11928542
31665210 14691709
31665210 22997147
31808762 10350
31808762 15913
31808762 681813
31808762 3359851
31808762 7565302
31808762 7573752
31808762 7710472
31808762 7860742
31808762 7861312
31808762 9199472
31808762 10671602
31808762 14589257
31808762 14882389
31808762 14999606
31808762 15222083
31808762 15234657
31808762 15494342
31808762 15578992
31808762 16079245
31808762 16181584
31808762 16799897
31808762 18599061
31808762 18666844
31808762 19049747
31808762 19785044
31808762 20273398
31808762 20436922
31808762 20637608
31808762 22841103
31808762 31067157
31808762 43662236
31808762 43880993
31808762 63485337
31808762 73731253
31808762 117078952
31808762 250746940
31808762 363426409
31949053 10350
31949053 681813
31949053 2100521
31949053 2735591
31949053 7860742
31949053 7861312
31949053 7872262
31949053 13185852
31949053 14326533
31949053 15249156
31949053 16536215
31949053 17759701
31949053 18993395
31949053 19637934
31949053 20609518
31949053 21681252
31949053 22997147
31949053 24641194
31949053 26033920
31949053 26281970
31949053 28597237
31949053 31353077
31949053 35012277
31949053 42712551
31949053 43933017
31949053 48370736
31949053 60968363
31949053 83233279
31949053 84421229
31949053 90420314
31949053 90561258
31949053 105382067
31949053 108719642
31949053 119228619
31949053 130922325
31949053 142401418
32266874 1979391
32266874 24585498
32266874 38508404
32266874 117620953
32491666 681813
32491666 820585
32491666 2384071
32491666 2729061
32491666 3564041
32491666 16181584
32491666 102647672
32491666 187512368
32547856 15913
32547856 49793
32547856 3359851
32547856 8146732
32547856 20536157
32547856 24166202
32547856 28917111
32547856 63485337
33114793 14103291
33114793 14224219
33114793 23238377
33114793 37729461
33114793 47667972
33114793 64590892
33114793 69945997
33114793 309605958
33191389 15913
33191389 681813
33191389 732073
33191389 1405071
33191389 1979391
33191389 3359851
33191389 4812381
33191389 6310522
33191389 7961342
33191389 10671602
33191389 11928542
33191389 13356642
33191389 13461662
33191389 13504092
33191389 14137885
33191389 14155052
33191389 14197132
33191389 14199979
33191389 14224219
33191389 14538254
33191389 14575846
33191389 15078306
33191389 15234657
33191389 15419775
33191389 16193325
33191389 16220934
33191389 16358416
33191389 16792453
33191389 16799897
33191389 18438362
33191389 18755518
33191389 18762284
33191389 18933499
33191389 19414296
33191389 19785044
33191389 20436922
33191389 22841103
33191389 24585498
33191389 24595743
33191389 27531390
33191389 28755851
33191389 35066483
33191389 38318973
33191389 39680464
33191389 40972489
33191389 42332035
33191389 45784061
33191389 46426258
33191389 48485771
33191389 53789489
33191389 63485337
33191389 87620061
33191389 107336879
33191389 115216851
33191389 117652722
33191389 175624200
33191389 325966297
33191389 360964430
33191389 454340464
33676781 681813
33676781 767334
33676781 7169892
33676781 14051156
33676781 14475298
33676781 16744475
33676781 19702846
33676781 21756999
33676781 35827447
33676781 47667972
33676781 52863920
33676781 69945997
33676781 71019409
33868543 778518
33868543 790036
33868543 1919231
33868543 5576542
33868543 7591562
33868543 7617502
33868543 9537272
33868543 14103291
33868543 14224219
33868543 14592925
33868543 14679475
33868543 15192772
33868543 15419775
33868543 15458602
33868543 15888886
33868543 15938093
33868543 18024109
33868543 18229027
33868543 18438362
33868543 18600956
33868543 18653265
33868543 18658817
33868543 18812947
33868543 19238557
33868543 19725644
33868543 23487429
33868543 24422716
33868543 26155776
33868543 28851186
33868543 29338393
33868543 29756727
33868543 38268441
33868543 38924717
33868543 43164252
33868543 46426258
33868543 47273526
33868543 59554328
33868543 63485337
33868543 70587360
33868543 73731253
33868543 96848570
33868543 100022264
33868543 111492860
33868543 115485051
33868543 118505994
33868543 129699446
33868543 175624200
33868543 210944652
33868543 229278271
33868543 295913885
33868543 485197487
33977772 816653
33977772 5520332
33977772 9976962
33977772 14222507
33977772 14439553
33977772 19418918
33977772 20519566
33977772 22588936
33977772 30322151
33977772 40714864
33977772 66988729
33977772 70587360
33977772 119863220
33977772 158500408
34115297 15913
34115297 1979391
34115297 11740382
34115297 11928542
34115297 13400992
34115297 14337677
34115297 16259415
34115297 18666844
34115297 18755518
34115297 20060023
34115297 24785621
34115297 29395230
34115297 43880993
34115297 48485771
34115297 63485337
34115297 73731253
34115297 77059348
34115297 96869096
34115297 107336879
34115297 111492860
34115297 128968339
34115297 182370042
34170312 681813
34170312 7861312
34170312 9199472
34739714 2100521
34739714 5576542
34739714 14137737
34739714 14224219
34739714 14631433
34739714 18148724
34739714 19238557
34739714 21056214
34739714 22461427
34739714 22556717
34739714 23487429
34739714 29762558
34739714 36457353
34739714 50850314
34739714 62613968
34739714 63485337
34739714 64776896
34739714 65409929
34739714 69945997
34739714 70587360
34739714 73731253
34739714 75783213
34739714 77059348
34739714 105880821
34739714 107336879
34739714 118921133
34739714 218601115
34739714 485197487
35012277 681813
35012277 1979391
35012277 6727802
35012277 7339282
35012277 7753922
35012277 7860742
35012277 7872262
35012277 8146732
35012277 10671602
35012277 11856762
35012277 11928542
35012277 13462912
35012277 14155052
35012277 14691709
35012277 14825162
35012277 15290899
35012277 15375238
35012277 15912884
35012277 16744475
35012277 17884062
35012277 18093468
35012277 18571832
35012277 18666844
35012277 19738805
35012277 19923765
35012277 20703666
35012277 21681252
35012277 21756999
35012277 22835308
35012277 22997147
35012277 23991290
35012277 25059647
35012277 25411611
35012277 26033920
35012277 27837808
35012277 28212129
35012277 28597237
35012277 29395230
35012277 30378780
35012277 31665210
35012277 31949053
35012277 39919140
35012277 43933017
35012277 52343800
35012277 61458269
35012277 84421229
35012277 90561258
35012277 100133245
35012277 115216851
35012277 119228619
35012277 235023651
35012277 247110120
35012277 270397798
35012277 277402513
35012277 281910155
35012277 311268617
35012277 341198567
35012277 375022391
35012277 385080494
35066483 732073
35066483 1405071
35066483 1979391
35066483 4812381
35066483 5603992
35066483 6310522
35066483 7961342
35066483 10266522
35066483 11928542
35066483 13356642
35066483 13461662
35066483 14137737
35066483 14224219
35066483 14237677
35066483 14575846
35066483 14631433
35066483 15279452
35066483 15419775
35066483 16193325
35066483 16358416
35066483 16799897
35066483 17031260
35066483 17912684
35066483 18713254
35066483 18762284
35066483 18933499
35066483 19203411
35066483 19287097
35066483 19785044
35066483 20703666
35066483 20963773
35066483 21056214
35066483 21224587
35066483 21834006
35066483 22556717
35066483 23238377
35066483 24422716
35066483 24585498
35066483 29634406
35066483 31353077
35066483 33191389
35066483 38318973
35066483 45784061
35066483 46426258
35066483 47207321
35066483 47667972
35066483 63485337
35066483 70587360
35066483 74262901
35066483 98795912
35066483 107336879
35066483 115216851
35066483 115485051
35066483 117652722
35066483 118921133
35066483 290879947
35066483 325966297
35066483 360964430
35066483 454340464
35604279 14224219
35604279 14242872
35604279 94813511
35827447 1979391
35827447 3039101
35827447 5915332
35827447 5969042
35827447 6825792
35827447 7753922
35827447 9270192
35827447 9747492
35827447 12729412
35827447 14475298
35827447 14538254
35827447 15375238
35827447 15876654
35827447 17541602
35827447 19702846
35827447 19738805
35827447 19828067
35827447 31067157
36171035 11167502
36171035 14224219
36171035 19414296
36171035 19738805
36171035 20273398
36171035 24585498
36171035 27531390
36171035 48485771
36171035 63485337
36171035 73731253
36311369 15913
36311369 3359851
36311369 5413042
36311369 6825792
36311369 7434902
36311369 10671602
36311369 13461662
36311369 14155052
36311369 14199979
36311369 14575846
36311369 15222083
36311369 16102815
36311369 16303106
36311369 16874875
36311369 17214479
36311369 18653265
36311369 18755518
36311369 18849368
36311369 19414296
36311369 20273398
36311369 21224587
36311369 22981846
36311369 22997147
36311369 24585498
36311369 24595743
36311369 39394932
36311369 48485771
36311369 63485337
36311369 114910205
36311369 454340464
36457353 1405071
36457353 5576542
36457353 5603992
36457353 13461662
36457353 14137737
36457353 14224219
36457353 14631433
36457353 15292070
36457353 16799897
36457353 17064600
36457353 18148724
36457353 18812947
36457353 19102458
36457353 19238557
36457353 19575980
36457353 21959765
36457353 22556717
36457353 23487429
36457353 23720736
36457353 23990894
36457353 29762558
36457353 34739714
36457353 37729461
36457353 38138597
36457353 38318973
36457353 38339409
36457353 44134863
36457353 50850314
36457353 54371309
36457353 55472734
36457353 62613968
36457353 63485337
36457353 64776896
36457353 65409929
36457353 70587360
36457353 74175121
36457353 75783213
36457353 77007853
36457353 78993414
36457353 93969417
36457353 105880821
36457353 111492860
36457353 114577942
36457353 118505994
36457353 143033894
36457353 155688134
36457353 155844378
36457353 191790175
36457353 218601115
36457353 290879947
36457353 344059195
36535572 14224219
36535572 14284668
36535572 14538254
36535572 14952378
36535572 16792453
36535572 18933499
36535572 19330360
36535572 20436922
36535572 20703666
36535572 21039860
36535572 24585498
36535572 39394932
36535572 44024932
36535572 47273526
36535572 47667972
36535572 53789489
36535572 70587360
36535572 73514272
36535572 89768201
36535572 118279350
36535572 191790175
36678907 12
36678907 20
36678907 49793
36678907 657863
36678907 1000591
36678907 8161232
36678907 14515931
36678907 20536157
36678907 20609518
36678907 50393960
36678907 93957809
36678907 115485051
37170886 82243
37170886 814859
37170886 2729061
37170886 6608332
37170886 6889982
37170886 7065942
37170886 8146732
37170886 10671602
37170886 11928542
37170886 14197132
37170886 14199979
37170886 14691709
37170886 15222083
37170886 15234657
37170886 15387870
37170886 15410758
37170886 15578992
37170886 15861559
37170886 15862493
37170886 16181584
37170886 16220934
37170886 16792453
37170886 16799897
37170886 17872874
37170886 18438362
37170886 18900668
37170886 20104303
37170886 20524102
37170886 22841103
37170886 22981846
37170886 24585498
37170886 24595743
37170886 25732138
37170886 32387419
37170886 44671378
37170886 47273526
37170886 57903424
37170886 63769966
37170886 77007853
37170886 90420314
37170886 143344048
37170886 290879947
37570179 12
37570179 20
37570179 295
37570179 418
37570179 885
37570179 989
37570179 1378
37570179 10350
37570179 13348
37570179 49793
37570179 82243
37570179 657863
37570179 691353
37570179 746323
37570179 749963
37570179 816653
37570179 817268
37570179 817288
37570179 824157
37570179 858051
37570179 1000591
37570179 1305941
37570179 1899161
37570179 2384071
37570179 2529971
37570179 3829151
37570179 4641021
37570179 6141832
37570179 6385432
37570179 6708952
37570179 7040932
37570179 8962882
37570179 9641832
37570179 11388132
37570179 11435642
37570179 14600116
37570179 14834340
37570179 15827269
37570179 17503180
37570179 17595439
37570179 20536157
37570179 22255654
37570179 50393960
37570179 93957809
37570179 115485051
37729461 1979391
37729461 3720411
37729461 3828311
37729461 5413042
37729461 5576542
37729461 5603992
37729461 10266522
37729461 11928542
37729461 13461662
37729461 14103291
37729461 14137737
37729461 14224219
37729461 15419775
37729461 17214479
37729461 17814729
37729461 18812947
37729461 19238557
37729461 20436922
37729461 20963773
37729461 21056214
37729461 22556717
37729461 23238377
37729461 24422716
37729461 24585498
37729461 27938549
37729461 33114793
37729461 33868543
37729461 36457353
37729461 38318973
37729461 43037004
37729461 44134863
37729461 46179487
37729461 47667972
37729461 48427666
37729461 50850314
37729461 54371309
37729461 63485337
37729461 64776896
37729461 70587360
37729461 73731253
37729461 74262901
37729461 74903868
37729461 77007853
37729461 78993414
37729461 93969417
37729461 111136741
37729461 111492860
37729461 116766690
37729461 117652722
37729461 118921133
37886101 1405071
37886101 11928542
37886101 14137737
37886101 14224219
37886101 15419775
37886101 16303106
37886101 16799897
37886101 19203411
37886101 21636840
37886101 23238377
37886101 23487429
37886101 24585498
37886101 33114793
37886101 35066483
37886101 36457353
37886101 37729461
37886101 38138597
37886101 45784061
37886101 46426258
37886101 47207321
37886101 47667972
37886101 63485337
37886101 70587360
37886101 77007853
37886101 98795912
37886101 103943240
37886101 107336879
37886101 117652722
37886101 158414847
37886101 325966297
38010788 1405071
38010788 14224219
38059349 16744475
38059349 47667972
38108292 79043
38108292 3039101
38108292 5915332
38108292 8634422
38108292 10671602
38108292 11856762
38108292 12588172
38108292 14498968
38108292 15375238
38108292 15410758
38108292 16744475
38108292 17409832
38108292 18599061
38108292 21505330
38108292 21756999
38108292 22901296
38108292 26281970
38108292 28212129
38108292 31067157
38108292 35827447
38108292 45862504
38108292 47667972
38108292 69193714
38108292 90420314
38108292 108719642
38108292 250746940
38108292 277402513
38108292 447278787
38138597 18812947
38138597 21959765
38138597 23487429
38138597 36457353
38138597 46426258
38138597 47207321
38138597 47273526
38138597 75783213
38268441 7591562
38268441 7617502
38268441 9537272
38268441 14224219
38268441 15458602
38268441 18658817
38268441 18812947
38268441 19725644
38268441 29756727
38268441 43164252
38268441 59554328
38268441 115485051
38268441 118505994
38268441 129699446
38292889 783374
38292889 1979391
38292889 6479622
38292889 8151822
38292889 10117562
38292889 11591662
38292889 14475021
38292889 19725644
38292889 26155776
38292889 28536332
38292889 28734673
38292889 31354853
38292889 45229371
38292889 58401280
38292889 220521282
38318973 1405071
38318973 1979391
38318973 3720411
38318973 4213251
38318973 5413042
38318973 5576542
38318973 5603992
38318973 13461662
38318973 14103291
38318973 14137737
38318973 14224219
38318973 14337677
38318973 14538254
38318973 14575846
38318973 14631433
38318973 15176366
38318973 15222083
38318973 15292070
38318973 15419775
38318973 15472368
38318973 15477714
38318973 15888886
38318973 16104418
38318973 16799897
38318973 17206070
38318973 18024109
38318973 18229027
38318973 18438362
38318973 18812947
38318973 18849368
38318973 19102458
38318973 19238557
38318973 19287097
38318973 19382657
38318973 19575980
38318973 19750276
38318973 20436922
38318973 21220972
38318973 22556717
38318973 22841103
38318973 23238377
38318973 24422716
38318973 24585498
38318973 27531390
38318973 27938549
38318973 29634406
38318973 31067157
38318973 33114793
38318973 33191389
38318973 33868543
38318973 35066483
38318973 36457353
38318973 37170886
38318973 38010788
38318973 38339409
38318973 40888730
38318973 43164252
38318973 44134863
38318973 45784061
38318973 48485771
38318973 50850314
38318973 62613968
38318973 63485337
38318973 64590892
38318973 64776896
38318973 70587360
38318973 73731253
38318973 74262901
38318973 74903868
38318973 75783213
38318973 77007853
38318973 78403368
38318973 78993414
38318973 98795912
38318973 107336879
38318973 111136741
38318973 111492860
38318973 115216851
38318973 115485051
38318973 118921133
38318973 129699446
38318973 130583593
38318973 155688134
38318973 155844378
38318973 191790175
38318973 290879947
38318973 309605958
38318973 329518010
38318973 360964430
38318973 451044230
38318973 454340464
38318973 485197487
38318973 534725405
38339409 14224219
38339409 15292070
38339409 33868543
38339409 36457353
38339409 50850314
38339409 55472734
38339409 70587360
38508404 1979391
38508404 3828311
38508404 4052871
38508404 13096002
38508404 14538254
38508404 15078306
38508404 15419775
38508404 16259415
38508404 17902089
38508404 18024109
38508404 19382657
38508404 32266874
38508404 33868543
38508404 42332035
38508404 47207321
38508404 53789489
38508404 75691167
38508404 88259214
38508404 118921133
38514229 15913
38514229 7434902
38514229 10671602
38514229 11928542
38514229 13185852
38514229 13461662
38514229 14155052
38514229 14575846
38514229 14589257
38514229 14691709
38514229 16079245
38514229 16744475
38514229 16792453
38514229 16799897
38514229 17031260
38514229 17214479
38514229 18653265
38514229 18755518
38514229 18849368
38514229 19049747
38514229 19414296
38514229 19672395
38514229 20273398
38514229 21224587
38514229 24942585
38514229 39394932
38514229 47667972
38514229 48485771
38514229 117652722
38514229 454340464
38517589 15913
38517589 1979391
38517589 7565302
38517589 7860742
38517589 7861312
38517589 10671602
38517589 11928542
38517589 14155052
38517589 14575846
38517589 14691709
38517589 15222083
38517589 15234657
38517589 15582769
38517589 18666844
38517589 20273398
38517589 20436922
38517589 20703666
38517589 26033920
38517589 26281970
38517589 29395230
38517589 43880993
38517589 47667972
38517589 48485771
38517589 52934175
38517589 63485337
38517589 73731253
38517589 87620061
38517589 96869096
38517589 111492860
38924717 14224219
38924717 15938093
38924717 18024109
38924717 29756727
38924717 33868543
38924717 43164252
38924717 46426258
38924717 70587360
38924717 118505994
38924717 118921133
38924717 129699446
38924717 295913885
39394932 10350
39394932 15913
39394932 657863
39394932 1405071
39394932 3359851
39394932 5576542
39394932 6608332
39394932 6825792
39394932 7591562
39394932 11928542
39394932 12925072
39394932 13185852
39394932 13356642
39394932 13461662
39394932 14155052
39394932 14199979
39394932 14224219
39394932 14575846
39394932 14952378
39394932 15582769
39394932 18653265
39394932 18666844
39394932 18762284
39394932 18812947
39394932 18849368
39394932 18933499
39394932 19414296
39394932 19746351
39394932 20436922
39394932 20703666
39394932 22981846
39394932 23238377
39394932 24585498
39394932 24595743
39394932 32387419
39394932 33868543
39394932 36311369
39394932 36535572
39394932 38514229
39394932 48485771
39394932 53789489
39394932 73514272
39394932 74262901
39394932 89768201
39394932 98795912
39394932 111492860
39394932 115485051
39394932 117652722
39394932 121353356
39394932 182370042
39394932 264348615
39394932 290879947
39680464 343773
39680464 681813
39680464 1405071
39680464 1979391
39680464 7753922
39680464 8266102
39680464 11591662
39680464 11928542
39680464 13504092
39680464 14199979
39680464 14433905
39680464 14538254
39680464 15078306
39680464 15387870
39680464 15419775
39680464 15852140
39680464 16220934
39680464 16792453
39680464 17206070
39680464 18024109
39680464 18438362
39680464 19382657
39680464 19414296
39680464 19738805
39680464 20436922
39680464 21709230
39680464 23487429
39680464 24585498
39680464 26155776
39680464 27531390
39680464 29395230
39680464 33191389
39680464 33868543
39680464 40972489
39680464 42332035
39680464 44024932
39680464 45784061
39680464 46002379
39680464 48485771
39680464 63485337
39680464 75691167
39680464 87620061
39680464 98795912
39680464 107336879
39680464 117620953
39680464 123439064
39680464 175624200
39680464 243293725
39680464 360964430
39919140 1405071
39919140 1979391
39919140 4838281
39919140 6727802
39919140 6825792
39919140 7331992
39919140 7339282
39919140 13504092
39919140 14825162
39919140 19923765
39919140 20703666
39919140 23487429
39919140 30378780
39919140 44024932
39919140 47273526
39919140 47667972
39919140 52343800
39919140 61458269
39919140 78993414
39919140 105880821
39919140 235023651
39919140 247110120
39919140 281910155
40714864 52953
40714864 7481082
40714864 14439553
40714864 14817347
40714864 15600475
40714864 18761076
40714864 20519566
40714864 29030126
40714864 33977772
40714864 42568105
40714864 43164252
40714864 47667972
40714864 49454522
40714864 58042828
40714864 65290090
40714864 66988729
40714864 114724662
40714864 144970345
40714864 147629963
40714864 158103356
40714864 161201939
40714864 179492722
40714864 270341223
40888730 1405071
40888730 5576542
40888730 10266522
40888730 14103291
40888730 14137737
40888730 14224219
40888730 14337677
40888730 15176366
40888730 15279452
40888730 15477714
40888730 20963773
40888730 21834006
40888730 23238377
40888730 23990894
40888730 24422716
40888730 24585498
40888730 27938549
40888730 38138597
40888730 64590892
40888730 70587360
40888730 78403368
40888730 78993414
40888730 93969417
40888730 98795912
40888730 108704423
40888730 111492860
40888730 115216851
40888730 130583593
40888730 155688134
40888730 218601115
40888730 265650538
40888730 309605958
40888730 325966297
40888730 329518010
40972489 681813
40972489 1979391
40972489 6825792
40972489 39680464
40972489 42332035
41653783 52953
41653783 27789466
41653783 158773106
42332035 16023
42332035 1405071
42332035 1979391
42332035 3039101
42332035 13504092
42332035 14199979
42332035 14538254
42332035 16104418
42332035 18438362
42332035 30043994
42332035 33191389
42332035 39680464
42332035 40972489
42332035 45784061
42332035 47207321
42332035 78993414
42568105 14224219
42568105 29030126
42568105 43164252
42568105 44024932
42568105 47667972
42568105 66988729
42568105 70587360
42568105 111492860
42568105 119863220
42584178 820025
42584178 7753922
42584178 14051156
42584178 14538254
42584178 15876654
42584178 16744475
42584178 18101685
42584178 18675183
42584178 19337621
42584178 19702846
42584178 19738805
42584178 21756999
42584178 47667972
42584178 101838355
42584178 227024319
42629821 1405071
42629821 4838281
42629821 5576542
42629821 14224219
42629821 14475298
42629821 14476063
42629821 16104418
42629821 17064600
42629821 18600956
42629821 19102458
42629821 19582372
42629821 20703666
42629821 24585498
42629821 33868543
42629821 47667972
42629821 70587360
42629821 74262901
42629821 78993414
42629821 83963371
42629821 89052026
42629821 118505994
42629821 155688134
42629821 191790175
42629821 290879947
42712551 12
42712551 10350
42712551 657863
42712551 681813
42712551 734343
42712551 816653
42712551 818340
42712551 820585
42712551 930061
42712551 1000591
42712551 1133701
42712551 2529971
42712551 2735591
42712551 6385432
42712551 6708952
42712551 7040932
42712551 7861312
42712551 8161232
42712551 14230524
42712551 14761795
42712551 16303106
42712551 19397785
42712551 19637934
42712551 19725644
42712551 20536157
42712551 37570179
42712551 90420314
42712551 115485051
43037004 5576542
43037004 14224219
43037004 33868543
43037004 36457353
43037004 37729461
43037004 38318973
43037004 55472734
43037004 70587360
43037004 118505994
43164252 18173725
43164252 18229027
43164252 18438362
43164252 23487429
43164252 29756727
43164252 40972489
43164252 47667972
43164252 107336879
43164252 295913885
43662236 10350
43662236 15913
43662236 681813
43662236 7753922
43662236 14589257
43662236 15865172
43662236 18666844
43662236 19738805
43662236 20273398
43662236 20637608
43662236 24585498
43662236 31808762
43662236 39680464
43662236 45784061
43662236 102903198
43662236 363426409
43822174 681813
43822174 2729061
43822174 6297852
43822174 16356796
43880993 15913
43880993 71713
43880993 1979391
43880993 2100521
43880993 3245291
43880993 6608332
43880993 7065942
43880993 7861312
43880993 11740382
43880993 13400992
43880993 14155052
43880993 14575846
43880993 15582769
43880993 17214479
43880993 18438362
43880993 18648265
43880993 18666844
43880993 18755518
43880993 19087813
43880993 20060023
43880993 23238377
43880993 24785621
43880993 29395230
43880993 31808762
43880993 34115297
43880993 38517589
43880993 39394932
43880993 48485771
43880993 52934175
43880993 57903424
43880993 63485337
43880993 64624131
43880993 73731253
43880993 77059348
43880993 87620061
43880993 96869096
43880993 107336879
43880993 128968339
43933017 10350
43933017 681813
43933017 7860742
43933017 7861312
43933017 7872262
43933017 14589257
43933017 14691709
43933017 15279452
43933017 17759701
43933017 19637934
43933017 21056214
43933017 21681252
43933017 22461427
43933017 22997147
43933017 24641194
43933017 26033920
43933017 26281970
43933017 31949053
43933017 48370736
43933017 60968363
43933017 84421229
43933017 115485051
43933017 119228619
43933796 1979391
43933796 14168488
43933796 14538254
43933796 15078306
43933796 15419775
43933796 17602170
43933796 18599061
43933796 18755518
43933796 19382657
43933796 27531390
43933796 42332035
43933796 45784061
43933796 146071420
44024932 1405071
44024932 5576542
44024932 6825792
44024932 7753922
44024932 7861312
44024932 14103291
44024932 14224219
44024932 15419775
44024932 16220934
44024932 17634892
44024932 18396070
44024932 18787854
44024932 19102458
44024932 19582372
44024932 19923765
44024932 20703666
44024932 24585498
44024932 29756727
44024932 42629821
44024932 43164252
44024932 44244590
44024932 70587360
44024932 74262901
44024932 78993414
44024932 98795912
44024932 104268834
44024932 105880821
44024932 111492860
44024932 115216851
44024932 118505994
44024932 118921133
44024932 118975055
44024932 191790175
44024932 224896214
44024932 290879947
44024932 344059195
44024932 386697756
44134863 5576542
44134863 5603992
44134863 14103291
44134863 14137737
44134863 14224219
44134863 14337677
44134863 14631433
44134863 15279452
44134863 15419775
44134863 15477714
44134863 16799897
44134863 17064600
44134863 18148724
44134863 19102458
44134863 19238557
44134863 19287097
44134863 19575980
44134863 22556717
44134863 23238377
44134863 23487429
44134863 24422716
44134863 24585498
44134863 29634406
44134863 36457353
44134863 38318973
44134863 63485337
44134863 70587360
44134863 74262901
44134863 75783213
44134863 77059348
44134863 93969417
44134863 155688134
44134863 265650538
44134863 485197487
44244590 681813
44244590 3359851
44244590 14433905
44244590 15472368
44244590 16878507
44244590 19414296
44244590 21709230
44244590 23238377
44244590 24585498
44244590 26155776
44244590 27531390
44244590 30957246
44244590 31013971
44244590 39680464
44244590 46002379
44244590 46179487
44244590 46426258
44244590 48485771
44244590 63485337
44244590 82553416
44244590 98795912
44244590 135316691
44244590 144040563
44244590 161678121
44244590 163374693
44244590 545558899
44652237 33633
44652237 36823
44652237 71713
44652237 681813
44652237 765285
44652237 814859
44652237 2729061
44652237 6249592
44652237 6889982
44652237 14197132
44652237 14224219
44652237 14882389
44652237 15135874
44652237 15222083
44652237 15503224
44652237 15861559
44652237 15862493
44652237 16181584
44652237 17872874
44652237 18438362
44652237 18840531
44652237 19785044
44652237 20232992
44652237 25732138
44652237 57903424
44652237 58441079
44652237 60402167
44652237 62613968
44652237 164569984
44671378 82243
44671378 681813
44671378 12589692
44671378 14500711
44671378 14691709
44671378 15222083
44671378 15578992
44671378 15861559
44671378 15862493
44671378 16181584
44671378 16220934
44671378 16792453
44671378 17872874
44671378 18438362
44671378 18900668
44671378 24585498
44671378 25732138
44671378 32387419
44671378 57903424
45229371 783374
45229371 1570481
45229371 1979391
45229371 6479622
45229371 8151822
45229371 10117562
45229371 14475021
45229371 15852140
45229371 15860867
45229371 26155776
45229371 28536332
45229371 28734673
45229371 29395230
45229371 31354853
45229371 38292889
45229371 151667946
45229371 220521282
45487007 5413042
45487007 5576542
45487007 7434902
45487007 11167502
45487007 13185852
45487007 13461662
45487007 14224219
45487007 14575846
45487007 16102815
45487007 16799897
45487007 17214479
45487007 18489585
45487007 18849368
45487007 19414296
45487007 22981846
45487007 24585498
45487007 27531390
45487007 48485771
45487007 90420314
45487007 191790175
45487007 454340464
45784061 15913
45784061 1405071
45784061 1979391
45784061 2735631
45784061 3828311
45784061 5576542
45784061 5603992
45784061 6608332
45784061 7753922
45784061 10266522
45784061 13282032
45784061 13461662
45784061 13504092
45784061 14224219
45784061 14237677
45784061 14337677
45784061 14538254
45784061 14575846
45784061 15078306
45784061 15419775
45784061 15494342
45784061 15852140
45784061 15865172
45784061 16303106
45784061 16799897
45784061 17064600
45784061 17912684
45784061 18024109
45784061 18298167
45784061 18599061
45784061 18713254
45784061 18755518
45784061 19414296
45784061 19738805
45784061 20436922
45784061 21220972
45784061 22461427
45784061 22556717
45784061 23238377
45784061 23487429
45784061 24166202
45784061 24422716
45784061 24585498
45784061 25904310
45784061 27531390
45784061 31067157
45784061 33191389
45784061 33868543
45784061 35066483
45784061 36171035
45784061 36457353
45784061 38318973
45784061 39680464
45784061 42332035
45784061 43662236
45784061 46426258
45784061 47207321
45784061 48485771
45784061 63485337
45784061 70587360
45784061 74262901
45784061 75691167
45784061 78993414
45784061 88259214
45784061 90420314
45784061 98795912
45784061 105880821
45784061 107336879
45784061 115485051
45784061 117620953
45784061 117652722
45784061 118921133
45784061 155688134
45784061 175624200
45784061 188196198
45784061 248044499
45784061 269624052
45784061 290879947
45784061 360964430
45784061 363426409
45784061 386697756
45784061 477792933
45784061 545558899
45862504 15913
45862504 717313
45862504 1979391
45862504 3359851
45862504 3828311
45862504 7434902
45862504 7565302
45862504 7860742
45862504 7861312
45862504 10671602
45862504 11928542
45862504 12925072
45862504 13461662
45862504 14075928
45862504 14199979
45862504 14326533
45862504 14589257
45862504 15078306
45862504 15222083
45862504 15234657
45862504 15387870
45862504 15419775
45862504 15578992
45862504 16220934
45862504 16744475
45862504 16792453
45862504 17093617
45862504 17214479
45862504 18755518
45862504 18900668
45862504 19414296
45862504 19785044
45862504 20273398
45862504 20436922
45862504 22841103
45862504 23843220
45862504 24585498
45862504 26281970
45862504 33191389
45862504 37170886
45862504 47667972
45862504 48485771
45862504 57903424
45862504 63485337
45862504 73731253
45862504 77007853
45862504 93969417
45862504 98795912
45862504 117652722
45862504 142457170
45862504 144040563
45862504 175624200
45862504 248044499
46002379 681813
46002379 783374
46002379 1979391
46002379 14199979
46002379 14433905
46002379 14538254
46002379 15192772
46002379 15852140
46002379 16792453
46002379 18599061
46002379 19382657
46002379 19414296
46002379 26155776
46002379 27531390
46002379 30957246
46002379 39680464
46002379 44244590
46002379 75691167
46002379 82553416
46002379 115485051
46002379 117620953
46002379 151667946
46146200 15913
46146200 3359851
46146200 6547952
46146200 6825792
46146200 10671602
46146200 11928542
46146200 14137885
46146200 14155052
46146200 14199979
46146200 15222083
46146200 15234657
46146200 16220934
46146200 16744475
46146200 18755518
46146200 18900668
46146200 19785044
46146200 20104303
46146200 20273398
46146200 20436922
46146200 22841103
46146200 24585498
46146200 33191389
46146200 37170886
46146200 43164252
46146200 48485771
46179487 11167502
46179487 14224219
46179487 14326533
46179487 14575846
46179487 18812947
46179487 24166202
46179487 24585498
46179487 24595743
46179487 27531390
46179487 30957246
46179487 63485337
46179487 210944652
46179487 454340464
46426258 13461662
46426258 14155052
46426258 14199979
46426258 16792453
46426258 16799897
46426258 18900668
46426258 24585498
46426258 30957246
46426258 33191389
46426258 37170886
46426258 48485771
46426258 63485337
46426258 77007853
46722097 1405071
46722097 4058321
46722097 5576542
46722097 14224219
46722097 17093617
46722097 18812947
46722097 22184329
46722097 29338393
46722097 264348615
47207321 1405071
47207321 1979391
47207321 5603992
47207321 13504092
47207321 15078306
47207321 15852140
47207321 16799897
47207321 23238377
47207321 23487429
47207321 24585498
47207321 33868543
47207321 36457353
47207321 38138597
47207321 42332035
47207321 62613968
47207321 70587360
47207321 74262901
47207321 74903868
47207321 78993414
47207321 105880821
47207321 290879947
47273526 790036
47273526 1405071
47273526 4058321
47273526 4838281
47273526 5576542
47273526 6825792
47273526 7331992
47273526 7617502
47273526 14103291
47273526 14224219
47273526 14475298
47273526 14538254
47273526 14592925
47273526 15176366
47273526 15192772
47273526 15292070
47273526 15418343
47273526 15938093
47273526 16104418
47273526 16220934
47273526 16792453
47273526 16799897
47273526 17064600
47273526 17634892
47273526 18024109
47273526 18229027
47273526 18438362
47273526 18812947
47273526 20436922
47273526 22525751
47273526 23238377
47273526 24585498
47273526 28851186
47273526 29756727
47273526 32387419
47273526 33868543
47273526 39919140
47273526 43164252
47273526 44024932
47273526 50850314
47273526 63485337
47273526 70587360
47273526 73731253
47273526 74262901
47273526 77007853
47273526 78993414
47273526 83963371
47273526 93969417
47273526 94813511
47273526 118505994
47273526 155688134
47273526 174958347
47273526 175624200
47337365 1405071
47337365 14224219
47337365 15176366
47337365 15419775
47337365 16799897
47337365 21636840
47337365 21834006
47337365 23238377
47337365 24585498
47337365 36457353
47337365 38318973
47337365 40888730
47337365 46426258
47337365 47667972
47337365 63485337
47337365 64590892
47337365 69945997
47337365 74903868
47337365 107336879
47337365 117652722
47337365 118921133
47337365 329518010
47667972 16744475
47667972 16799897
47667972 38059349
47667972 43164252
47667972 52863920
47667972 69945997
48370736 10350
48370736 15913
48370736 7565302
48370736 7860742
48370736 7861312
48370736 7872262
48370736 10671602
48370736 11928542
48370736 13185852
48370736 14326533
48370736 14589257
48370736 14691709
48370736 15234657
48370736 16744475
48370736 16799897
48370736 17093617
48370736 17759701
48370736 18648265
48370736 19637934
48370736 20273398
48370736 21681252
48370736 22841103
48370736 23843220
48370736 24585498
48370736 24595743
48370736 24641194
48370736 26281970
48370736 31353077
48370736 38514229
48370736 43933017
48370736 45862504
48370736 47667972
48370736 48485771
48370736 50393960
48370736 60968363
48370736 77007853
48370736 84421229
48370736 90420314
48370736 114910205
48370736 115485051
48370736 117652722
48370736 119228619
48427666 50850314
48485771 10350
48485771 15913
48485771 681813
48485771 1405071
48485771 1979391
48485771 7710472
48485771 7861312
48485771 11928542
48485771 14075928
48485771 14155052
48485771 14199979
48485771 14538254
48485771 14589257
48485771 14691709
48485771 15222083
48485771 15234657
48485771 15410758
48485771 15419775
48485771 16102815
48485771 16220934
48485771 16303106
48485771 16799897
48485771 18396070
48485771 18713254
48485771 18755518
48485771 18895794
48485771 19102458
48485771 19414296
48485771 19658826
48485771 19725644
48485771 20273398
48485771 22997147
48485771 24585498
48485771 24595743
48485771 24942585
48485771 27837808
48485771 29634406
48485771 31353077
48485771 33191389
48485771 36171035
48485771 36311369
48485771 38318973
48485771 39680464
48485771 50393960
48485771 52934175
48485771 63485337
48485771 87620061
48485771 96869096
48485771 115216851
48485771 117652722
48485771 144040563
48485771 146071420
48485771 175624200
48485771 182370042
48485771 363426409
48485771 378223565
48485771 451044230
48485771 454340464
48485771 545558899
49454522 52953
49454522 7861312
49454522 8076052
49454522 14439553
49454522 14817347
49454522 15463446
49454522 15600475
49454522 17093617
49454522 18226924
49454522 18761076
49454522 20519566
49454522 27789466
49454522 29030126
49454522 30681238
49454522 40714864
49454522 42568105
49454522 47667972
49454522 66988729
49454522 119863220
49454522 144970345
49454522 147629963
49454522 158103356
49454522 158500408
49454522 161201939
49454522 208339610
50393960 749963
50393960 816653
50393960 6708952
50393960 8161232
50393960 14761795
50850314 4838281
50850314 14631433
50850314 15292070
50850314 15418343
50850314 16104418
50850314 18600956
50850314 18812947
50850314 19102458
50850314 22556717
50850314 29756727
50850314 33868543
50850314 36457353
50850314 38318973
50850314 38339409
50850314 48427666
50850314 54371309
50850314 55472734
50850314 70587360
50850314 93969417
50850314 143033894
50850314 155688134
50850314 485197487
52343800 681813
52343800 1979391
52343800 7339282
52343800 7753922
52343800 14825162
52343800 19738805
52343800 20703666
52343800 21756999
52343800 25411611
52343800 29395230
52343800 30378780
52343800 39919140
52343800 61458269
52343800 235023651
52343800 247110120
52343800 281910155
52863920 16744475
52863920 38059349
52863920 47667972
52863920 69945997
52934175 15913
52934175 14224219
52934175 48485771
52934175 73731253
52934175 96869096
52934175 115216851
53789489 15913
53789489 1405071
53789489 4838281
53789489 5576542
53789489 6604002
53789489 12592522
53789489 13185852
53789489 13356642
53789489 14155052
53789489 14224219
53789489 14476063
53789489 14538254
53789489 14575846
53789489 14952378
53789489 15472368
53789489 16104418
53789489 16259415
53789489 16303106
53789489 17902089
53789489 18298167
53789489 18755518
53789489 18762284
53789489 18849368
53789489 19102458
53789489 19382657
53789489 19414296
53789489 19582372
53789489 19746351
53789489 20436922
53789489 20703666
53789489 21039860
53789489 21224587
53789489 21920573
53789489 23238377
53789489 24585498
53789489 32387419
53789489 33191389
53789489 33868543
53789489 38508404
53789489 39394932
53789489 43164252
53789489 44024932
53789489 46722097
53789489 47667972
53789489 64624131
53789489 70587360
53789489 73514272
53789489 74262901
53789489 84670801
53789489 87620061
53789489 89768201
53789489 111424758
53789489 115216851
53789489 138466831
53789489 155689319
53789489 212880848
54178513 717313
54178513 3039101
54178513 6547952
54178513 6825792
54178513 9103242
54178513 14075928
54178513 16220934
54178513 16303106
54178513 19648820
54178513 19658826
54178513 24049604
54178513 25460763
54178513 28208387
54178513 28755851
54178513 40972489
54178513 43164252
54178513 46146200
54178513 46426258
54178513 47667972
54178513 62581962
54178513 73731253
54178513 83807322
54178513 87100827
54178513 88655252
54178513 93969417
54178513 96848570
54178513 115485051
54178513 204562062
54371309 5576542
54371309 14224219
54371309 15292070
54371309 22556717
54371309 23487429
54371309 23720736
54371309 24585498
54371309 33868543
54371309 36457353
54371309 37729461
54371309 38339409
54371309 48427666
54371309 50850314
54371309 55472734
54371309 70587360
54371309 77059348
54371309 118505994
54371309 143033894
55472734 5576542
55472734 11167502
55472734 14224219
55472734 15292070
55472734 18812947
55472734 22556717
55472734 23487429
55472734 33868543
55472734 36457353
55472734 38318973
55472734 38339409
55472734 48427666
55472734 50850314
55472734 54371309
55472734 70587360
55472734 114577942
55472734 118505994
55472734 143033894
55472734 155844378
56641020 17634892
56641020 18812947
56927820 15418343
56927820 16104418
56927820 18600956
56927820 23487429
56927820 29756727
56927820 33868543
56927820 47273526
56927820 84670801
56927820 100022264
56927820 155688134
57082636 2100521
57082636 14137737
57082636 14224219
57082636 15176366
57082636 15419775
57082636 19238557
57082636 22556717
57082636 22841103
57082636 23843220
57082636 27938549
57082636 36457353
57082636 47667972
57082636 64590892
57082636 69945997
57082636 70587360
57082636 73731253
57082636 74903868
57082636 77007853
57082636 78993414
57082636 87087536
57082636 107336879
57082636 111136741
57082636 115216851
57082636 118921133
57082636 360964430
57082636 486927488
57562509 681813
57562509 14075928
57562509 19725644
57562509 24585498
57562509 115485051
57903424 71713
57903424 5576542
57903424 6889982
57903424 14197132
57903424 14224219
57903424 15861559
57903424 15862493
57903424 16181584
57903424 16220934
57903424 17872874
57903424 18648265
57903424 20232992
57903424 24422716
57903424 24585498
57903424 32387419
57903424 37170886
57903424 44652237
57903424 63485337
57903424 63769966
57903424 105924719
58042828 7481082
58042828 11928542
58042828 14224219
58042828 15600475
58042828 70587360
58401280 343773
58401280 1979391
58401280 8151822
58401280 13504092
58401280 26155776
58401280 31354853
58401280 39680464
58441079 821
58441079 13124
58441079 13234
58441079 607793
58441079 1113541
58441079 2384071
58441079 2729061
58441079 16181584
58441079 102647672
59397650 52953
59397650 784304
59397650 816653
59397650 5520332
59397650 9976962
59397650 14222507
59397650 14775981
59397650 18396070
59397650 27789466
59397650 43164252
59397650 44024932
59397650 47667972
59554328 9537272
59554328 15458602
59554328 38268441
60402167 71713
60402167 7065942
60402167 14197132
60402167 14224219
60402167 14405995
60402167 15861559
60402167 15862493
60402167 20232992
60402167 20524102
60402167 25732138
60814115 11591662
60814115 14224219
60814115 14538254
60814115 16799905
60814115 19102458
60814115 23238377
60814115 24585498
60814115 44024932
60814115 111492860
60814115 113254439
60814115 129656992
60814115 191790175
60814115 386697756
60968363 15913
60968363 681813
60968363 3359851
60968363 6608332
60968363 7565302
60968363 7860742
60968363 7861312
60968363 7872262
60968363 11928542
60968363 14691709
60968363 15222083
60968363 15234657
60968363 17759701
60968363 21681252
60968363 24641194
60968363 31353077
60968363 31949053
60968363 43933017
60968363 48370736
60968363 48485771
60968363 84421229
60968363 90561258
60968363 119228619
61458269 1979391
61458269 7339282
61458269 14825162
61458269 25059647
61458269 25411611
61458269 29395230
61458269 30378780
61458269 39919140
61458269 52343800
61458269 235023651
61458269 247110120
61458269 281910155
61483289 1979391
61483289 6297852
61483289 8266102
61483289 14538254
61483289 15192772
61483289 15419775
61483289 15852140
61483289 16220934
61483289 18396070
61483289 18599061
61483289 19382657
61483289 21709230
61483289 26155776
61483289 27054163
61483289 27531390
61483289 30957246
61483289 39680464
61483289 45229371
61483289 46002379
61483289 82553416
61483289 118505994
61483289 118921133
61483289 175624200
61815588 658353
61815588 5576542
61815588 14103291
61815588 14224219
61815588 15292070
61815588 15418343
61815588 17064600
61815588 18600956
61815588 18812947
61815588 19102458
61815588 19582372
61815588 21039860
61815588 23238377
61815588 23487429
61815588 24585498
61815588 29756727
61815588 33868543
61815588 38138597
61815588 44024932
61815588 47273526
61815588 50850314
61815588 56641020
61815588 56927820
61815588 70587360
61815588 73514272
61815588 74262901
61815588 78993414
61815588 83963371
61815588 93969417
61815588 94813511
61815588 105880821
61815588 112075585
61815588 155688134
61815588 174958347
61815588 191790175
61815588 344059195
61815588 386697756
62221256 1979391
62221256 14538254
62221256 15419775
62221256 18713254
62221256 18755518
62221256 27531390
62221256 33868543
62221256 38508404
62221256 42332035
62221256 45784061
62221256 47207321
62221256 53789489
62581962 18396070
62613968 71713
62613968 1405071
62613968 1979391
62613968 5576542
62613968 5603992
62613968 14103291
62613968 14224219
62613968 14337677
62613968 15419775
62613968 17064600
62613968 19102458
62613968 19238557
62613968 21959765
62613968 23487429
62613968 24422716
62613968 24585498
62613968 24785621
62613968 27938549
62613968 33114793
62613968 36457353
62613968 38010788
62613968 38318973
62613968 40888730
62613968 44134863
62613968 44652237
62613968 46426258
62613968 47207321
62613968 63485337
62613968 65409929
62613968 70587360
62613968 74262901
62613968 75783213
62613968 78993414
62613968 93969417
62613968 98795912
62613968 105880821
62613968 107336879
62613968 111136741
62613968 118921133
62613968 123905288
62613968 155688134
62613968 265650538
62613968 278937589
62613968 290879947
62613968 309605958
62613968 329518010
62613968 386697756
62613968 419919051
62613968 477792933
62613968 491013038
63485337 4816
63485337 10350
63485337 1979391
63485337 2100521
63485337 3359851
63485337 5576542
63485337 7753922
63485337 11167502
63485337 14137737
63485337 16079245
63485337 16220934
63485337 17064600
63485337 18648265
63485337 19725644
63485337 19738805
63485337 22461427
63485337 22556717
63485337 23991290
63485337 24166202
63485337 24422716
63485337 24585498
63485337 24595743
63485337 27531390
63485337 29395230
63485337 29756727
63485337 33868543
63485337 36171035
63485337 36457353
63485337 43164252
63485337 44134863
63485337 45784061
63485337 46179487
63485337 48485771
63485337 69945997
63485337 73731253
63485337 75783213
63485337 93969417
63485337 105880821
63485337 115485051
63485337 118505994
63485337 155688134
63485337 210944652
63485337 485197487
63769966 5576542
63769966 14224219
63769966 15861559
63769966 17872874
63769966 20232992
63769966 57903424
63769966 60402167
63769966 105924719
63769966 143344048
64590892 1405071
64590892 1979391
64590892 5576542
64590892 5603992
64590892 10266522
64590892 13282032
64590892 14103291
64590892 14137737
64590892 14224219
64590892 14337677
64590892 15176366
64590892 15279452
64590892 15419775
64590892 16799897
64590892 19102458
64590892 19287097
64590892 19575980
64590892 21056214
64590892 21220972
64590892 21834006
64590892 21959765
64590892 23238377
64590892 23990894
64590892 24422716
64590892 24585498
64590892 27938549
64590892 33114793
64590892 36457353
64590892 38318973
64590892 40888730
64590892 47337365
64590892 47667972
64590892 57082636
64590892 70587360
64590892 73731253
64590892 74262901
64590892 74903868
64590892 77007853
64590892 78403368
64590892 78993414
64590892 108704423
64590892 109594284
64590892 111492860
64590892 130583593
64590892 218601115
64590892 265650538
64590892 290879947
64590892 309605958
64590892 329518010
64590892 366187749
64624131 15913
64624131 3359851
64624131 5576542
64624131 6608332
64624131 13504092
64624131 14224219
64624131 14476063
64624131 16104418
64624131 17214479
64624131 18666844
64624131 23238377
64624131 24585498
64624131 25649234
64624131 26961048
64624131 33868543
64624131 35066483
64624131 43880993
64624131 44024932
64624131 53789489
64624131 70587360
64624131 74262901
64624131 84670801
64624131 115216851
64624131 138466831
64776896 1405071
64776896 5603992
64776896 11928542
64776896 12925072
64776896 14137737
64776896 14224219
64776896 15279452
64776896 15477714
64776896 17064600
64776896 18148724
64776896 19238557
64776896 20436922
64776896 20536157
64776896 21636840
64776896 21861033
64776896 22556717
64776896 23843220
64776896 24585498
64776896 26281970
64776896 27938549
64776896 34739714
64776896 36457353
64776896 37729461
64776896 38318973
64776896 44134863
64776896 47667972
64776896 63485337
64776896 65409929
64776896 69945997
64776896 70587360
64776896 73731253
64776896 74903868
64776896 77059348
64776896 78403368
64776896 98795912
64776896 107336879
64776896 111136741
64776896 114577942
64776896 115216851
64776896 116766690
64776896 155688134
64776896 290879947
64776896 485197487
65290090 52953
65290090 19157786
65290090 29030126
65290090 33977772
65290090 40714864
65290090 43164252
65290090 47667972
65290090 49454522
65290090 66988729
65290090 97771401
65290090 111492860
65290090 114724662
65290090 119863220
65290090 144970345
65290090 147629963
65290090 158103356
65290090 158420343
65290090 161201939
65409929 64776896
66988729 52953
66988729 7861312
66988729 8076052
66988729 14439553
66988729 14817347
66988729 15600475
66988729 18713254
66988729 18761076
66988729 19157786
66988729 24422716
66988729 27789466
66988729 29030126
66988729 30681238
66988729 33977772
66988729 40714864
66988729 42568105
66988729 47667972
66988729 49454522
66988729 57903424
66988729 65290090
66988729 70587360
66988729 77007853
66988729 114724662
66988729 119863220
66988729 147629963
66988729 158103356
66988729 158500408
66988729 179492722
66988729 208339610
69193714 2100521
69193714 7376382
69193714 8634422
69193714 10671602
69193714 12925072
69193714 15578992
69193714 15901190
69193714 16303106
69193714 16744475
69193714 18393773
69193714 18571832
69193714 18713254
69193714 21756999
69193714 22841103
69193714 24166202
69193714 24585498
69193714 26281970
69193714 31353077
69193714 38108292
69193714 45862504
69193714 63485337
69193714 90420314
69193714 115485051
69193714 144040563
69193714 447278787
69945997 16744475
69945997 47667972
69945997 52863920
70587360 658353
70587360 778518
70587360 1405071
70587360 3720411
70587360 4838281
70587360 5576542
70587360 5603992
70587360 7591562
70587360 14103291
70587360 14224219
70587360 14284668
70587360 14337677
70587360 14538254
70587360 14592925
70587360 14631433
70587360 14679475
70587360 15192772
70587360 15292070
70587360 15418343
70587360 15419775
70587360 15472368
70587360 15477714
70587360 15938093
70587360 16104418
70587360 17064600
70587360 18024109
70587360 18229027
70587360 18600956
70587360 18933499
70587360 19238557
70587360 19725644
70587360 21861033
70587360 22556717
70587360 23238377
70587360 24422716
70587360 27938549
70587360 28851186
70587360 29756727
70587360 31354853
70587360 33114793
70587360 33868543
70587360 36457353
70587360 38318973
70587360 44134863
70587360 47207321
70587360 47273526
70587360 48427666
70587360 50850314
70587360 53789489
70587360 54371309
70587360 55472734
70587360 64776896
70587360 74262901
70587360 74903868
70587360 75783213
70587360 77059348
70587360 78993414
70587360 93969417
70587360 94813511
70587360 100022264
70587360 111136741
70587360 111492860
70587360 118505994
70587360 118921133
70587360 118975055
70587360 129699446
70587360 155688134
70587360 155844378
70587360 175624200
70587360 210944652
70587360 309605958
70587360 386697756
70587360 477792933
70587360 485197487
70587360 511121728
70686417 20
70686417 3840
70686417 657863
70686417 681813
70686417 756475
70686417 2729061
70686417 7861312
70686417 14348594
70686417 16303106
70686417 17595439
70686417 18396070
71019409 6825792
71019409 16744475
71019409 19337621
71019409 21756999
71019409 33676781
71019409 38059349
71019409 47667972
71019409 69945997
71019409 94311697
71019409 227024319
72343437 12513
72343437 16023
72343437 1405071
72343437 3039101
72343437 6814562
72343437 14538254
72343437 15962096
72343437 18024109
72343437 18895794
72343437 19750276
72343437 20609518
72343437 21505330
72343437 29634406
72343437 38741927
72343437 39680464
72343437 42332035
72343437 63485337
73514272 1405071
73514272 14103291
73514272 14224219
73514272 14538254
73514272 14952378
73514272 15176366
73514272 15472368
73514272 18812947
73514272 18933499
73514272 19746351
73514272 20436922
73514272 20703666
73514272 23238377
73514272 24585498
73514272 29338393
73514272 29756727
73514272 33868543
73514272 39394932
73514272 47273526
73514272 53789489
73514272 74262901
73514272 78993414
73514272 89768201
73514272 98795912
73514272 247343656
73514272 511121728
73514272 534725405
73731253 14137737
73731253 15938093
73731253 18024109
73731253 22556717
73731253 29756727
73731253 37729461
73731253 43164252
73731253 47273526
73731253 50850314
73731253 63485337
73731253 77059348
73731253 111492860
74175121 14224219
74175121 18148724
74175121 19238557
74175121 20963773
74175121 21220972
74175121 21834006
74175121 21861033
74175121 22556717
74175121 23487429
74175121 33114793
74175121 36457353
74175121 46426258
74175121 63485337
74175121 70587360
74175121 75783213
74175121 77059348
74175121 93969417
74175121 105880821
74175121 114577942
74175121 155688134
74262901 658353
74262901 1405071
74262901 1979391
74262901 4838281
74262901 5576542
74262901 5603992
74262901 6825792
74262901 11928542
74262901 13504092
74262901 14103291
74262901 14137737
74262901 14224219
74262901 14242872
74262901 14337677
74262901 14475298
74262901 14538254
74262901 14631433
74262901 14952378
74262901 15176366
74262901 15279452
74262901 15292070
74262901 15418343
74262901 15419775
74262901 15472368
74262901 15477714
74262901 16104418
74262901 16303106
74262901 16799897
74262901 18148724
74262901 18600956
74262901 18812947
74262901 18933499
74262901 19102458
74262901 19203411
74262901 19287097
74262901 19575980
74262901 20436922
74262901 20703666
74262901 21039860
74262901 21056214
74262901 21220972
74262901 21861033
74262901 21959765
74262901 22556717
74262901 23238377
74262901 24422716
74262901 24585498
74262901 24852559
74262901 27938549
74262901 29756727
74262901 30957246
74262901 33114793
74262901 33868543
74262901 35066483
74262901 35604279
74262901 36457353
74262901 37729461
74262901 38318973
74262901 39394932
74262901 39680464
74262901 42629821
74262901 44024932
74262901 44134863
74262901 45784061
74262901 47207321
74262901 47273526
74262901 50850314
74262901 53789489
74262901 62613968
74262901 63485337
74262901 64590892
74262901 64776896
74262901 69945997
74262901 70587360
74262901 73514272
74262901 73731253
74262901 74903868
74262901 77007853
74262901 77059348
74262901 78403368
74262901 78993414
74262901 89768201
74262901 93969417
74262901 94813511
74262901 98795912
74262901 100022264
74262901 105880821
74262901 107336879
74262901 111136741
74262901 115216851
74262901 115485051
74262901 116766690
74262901 117652722
74262901 118279350
74262901 118505994
74262901 118921133
74262901 155688134
74262901 163556820
74262901 164569984
74262901 174958347
74262901 191790175
74262901 218601115
74262901 224896214
74262901 248044499
74262901 264348615
74262901 265650538
74262901 290879947
74262901 309605958
74262901 451044230
74262901 534725405
74903868 19287097
74903868 23238377
74903868 38318973
74903868 74262901
74903868 534725405
75691167 681813
75691167 1979391
75691167 3828311
75691167 7753922
75691167 11591662
75691167 13504092
75691167 14199979
75691167 14538254
75691167 15078306
75691167 15419775
75691167 15852140
75691167 16220934
75691167 16792453
75691167 18599061
75691167 26155776
75691167 29395230
75691167 39680464
75691167 42332035
75691167 45784061
75691167 46002379
75691167 47207321
75691167 88259214
75691167 98795912
75691167 115485051
75691167 117620953
75691167 123439064
75691167 175624200
75691167 188196198
75783213 19238557
75783213 23487429
75783213 36457353
75783213 44134863
75783213 63485337
75783213 93969417
75783213 105880821
77007853 10350
77007853 1405071
77007853 1979391
77007853 2100521
77007853 3039101
77007853 4213251
77007853 5576542
77007853 6608332
77007853 7565302
77007853 7860742
77007853 7872262
77007853 10671602
77007853 11167502
77007853 11928542
77007853 13504092
77007853 14103291
77007853 14199979
77007853 14224219
77007853 14538254
77007853 15222083
77007853 15234657
77007853 15279452
77007853 15419775
77007853 15472368
77007853 15477714
77007853 15494342
77007853 15578992
77007853 16104418
77007853 16303106
77007853 16744475
77007853 16799897
77007853 17872874
77007853 18024109
77007853 18229027
77007853 18438362
77007853 18713254
77007853 19102458
77007853 19287097
77007853 19382657
77007853 19750276
77007853 20436922
77007853 21505330
77007853 22841103
77007853 23238377
77007853 23713482
77007853 23843220
77007853 24422716
77007853 24585498
77007853 24595743
77007853 27938549
77007853 29634406
77007853 31353077
77007853 32387419
77007853 33114793
77007853 33868543
77007853 36457353
77007853 37170886
77007853 38138597
77007853 38318973
77007853 40972489
77007853 43164252
77007853 46426258
77007853 47273526
77007853 47667972
77007853 48485771
77007853 57082636
77007853 63485337
77007853 70587360
77007853 73731253
77007853 74262901
77007853 74903868
77007853 87087536
77007853 90420314
77007853 93969417
77007853 103943240
77007853 107336879
77007853 111492860
77007853 117652722
77007853 118505994
77007853 130583593
77007853 174958347
77007853 248044499
77007853 250746940
77007853 309605958
77007853 360964430
77007853 419919051
77007853 451044230
78403368 1405071
78403368 1979391
78403368 5576542
78403368 5603992
78403368 14103291
78403368 14137737
78403368 14224219
78403368 14337677
78403368 15176366
78403368 15419775
78403368 15472368
78403368 15477714
78403368 16799897
78403368 17064600
78403368 18148724
78403368 19102458
78403368 19287097
78403368 19575980
78403368 20436922
78403368 21834006
78403368 21959765
78403368 23238377
78403368 23487429
78403368 23990894
78403368 24422716
78403368 24585498
78403368 27938549
78403368 33114793
78403368 36457353
78403368 37729461
78403368 38138597
78403368 38318973
78403368 40888730
78403368 44134863
78403368 47207321
78403368 47667972
78403368 63485337
78403368 64590892
78403368 69945997
78403368 70587360
78403368 73731253
78403368 74262901
78403368 74903868
78403368 77007853
78403368 77059348
78403368 78993414
78403368 93969417
78403368 98795912
78403368 105880821
78403368 107336879
78403368 108704423
78403368 111492860
78403368 118921133
78403368 118975055
78403368 130583593
78403368 155688134
78403368 218601115
78403368 265650538
78403368 309605958
78403368 329518010
78403368 360964430
78403368 485197487
78598588 695463
78598588 7169892
78598588 14051156
78598588 18675183
78598588 18839185
78598588 19337621
78598588 19622462
78598588 19702846
78598588 35827447
78598588 91004913
78598588 91687835
78598588 101838355
78598588 222822892
78598588 421342897
78598588 424280804
78993414 1405071
78993414 1979391
78993414 3720411
78993414 4838281
78993414 5576542
78993414 5603992
78993414 6604002
78993414 13504092
78993414 14103291
78993414 14137737
78993414 14224219
78993414 14237677
78993414 14475298
78993414 15176366
78993414 15192772
78993414 15292070
78993414 15418343
78993414 15419775
78993414 15865172
78993414 16104418
78993414 16799897
78993414 17064600
78993414 18024109
78993414 18600956
78993414 18755518
78993414 18812947
78993414 19102458
78993414 19238557
78993414 19287097
78993414 19382657
78993414 20703666
78993414 21959765
78993414 23238377
78993414 23487429
78993414 24422716
78993414 24585498
78993414 27938549
78993414 29756727
78993414 31354853
78993414 33868543
78993414 34739714
78993414 36457353
78993414 37729461
78993414 38318973
78993414 40888730
78993414 42332035
78993414 42629821
78993414 44024932
78993414 45784061
78993414 46426258
78993414 47207321
78993414 47273526
78993414 47667972
78993414 57082636
78993414 62613968
78993414 64590892
78993414 64776896
78993414 69945997
78993414 70587360
78993414 73514272
78993414 74262901
78993414 74903868
78993414 75783213
78993414 78403368
78993414 83963371
78993414 93969417
78993414 94813511
78993414 98795912
78993414 104268834
78993414 105880821
78993414 107336879
78993414 111136741
78993414 111492860
78993414 112075585
78993414 115216851
78993414 118505994
78993414 118921133
78993414 155688134
78993414 155689319
78993414 163556820
78993414 174958347
78993414 191790175
78993414 217328955
78993414 224896214
78993414 247343656
78993414 265650538
78993414 282704498
78993414 290879947
78993414 309605958
78993414 329518010
78993414 344059195
78993414 386697756
78993414 477792933
79450053 681813
79450053 24585498
79450053 63485337
79563865 6825792
79563865 14155052
79563865 14575846
79563865 14691709
79563865 15477120
79563865 454340464
80552291 14224219
80552291 15861559
80552291 57903424
80552291 60402167
80782683 681813
80782683 3039101
80782683 39680464
80782683 42332035
80782683 48485771
81407491 1405071
81407491 7861312
81407491 14538254
81407491 18393773
81407491 360964430
82553416 681813
82553416 11167502
82553416 13504092
82553416 13965842
82553416 14417250
82553416 14433905
82553416 14538254
82553416 15419775
82553416 15472368
82553416 16792453
82553416 16878507
82553416 18713254
82553416 21709230
82553416 22981846
82553416 23238377
82553416 24585498
82553416 27531390
82553416 30957246
82553416 31013971
82553416 37170886
82553416 44244590
82553416 46002379
82553416 46426258
82553416 115485051
82553416 163374693
82553416 545558899
83233279 10350
83233279 681813
83233279 2100521
83233279 7860742
83233279 7861312
83233279 10671602
83233279 13185852
83233279 14326533
83233279 15234657
83233279 15249156
83233279 16536215
83233279 21681252
83233279 22997147
83233279 24641194
83233279 26281970
83233279 28597237
83233279 31353077
83233279 35012277
83233279 43933017
83233279 60968363
83233279 90420314
83807322 15913
83807322 6608332
83807322 6825792
83807322 9103242
83807322 10671602
83807322 11928542
83807322 14496538
83807322 15222083
83807322 15234657
83807322 15578992
83807322 16220934
83807322 18438362
83807322 18900668
83807322 20273398
83807322 25460763
83807322 28755851
83807322 33191389
83807322 43164252
83807322 46426258
83807322 47667972
83807322 54178513
83807322 73731253
83807322 93969417
83807322 117652722
83955385 14224219
83955385 14575846
83955385 23487429
83955385 33868543
83955385 38339409
83955385 70587360
83955385 155844378
83963371 4838281
83963371 5576542
83963371 6825792
83963371 7331992
83963371 14103291
83963371 14224219
83963371 14242872
83963371 14475298
83963371 14538254
83963371 14952378
83963371 15292070
83963371 15418343
83963371 15472368
83963371 16104418
83963371 16792453
83963371 17064600
83963371 18600956
83963371 19102458
83963371 21039860
83963371 23238377
83963371 23487429
83963371 24585498
83963371 29756727
83963371 33868543
83963371 38138597
83963371 42629821
83963371 47273526
83963371 50850314
83963371 56927820
83963371 70587360
83963371 78993414
83963371 93969417
83963371 94813511
83963371 98795912
83963371 100022264
83963371 105880821
83963371 111424758
83963371 112075585
83963371 114577942
83963371 118505994
83963371 155688134
83963371 163556820
83963371 174958347
83963371 191790175
83963371 247343656
83963371 290879947
83963371 386697756
83963371 511121728
84421229 681813
84421229 7860742
84421229 7872262
84421229 17759701
84421229 21681252
84421229 24641194
84421229 28597237
84421229 31353077
84421229 31949053
84421229 43933017
84421229 48370736
84421229 60968363
84421229 90420314
84421229 90561258
84421229 119228619
84670801 1405071
84670801 5576542
84670801 6825792
84670801 7331992
84670801 14224219
84670801 14476063
84670801 14538254
84670801 15418343
84670801 16104418
84670801 24585498
84670801 33868543
84670801 47667972
84670801 53789489
84670801 56927820
84670801 64624131
84670801 70587360
84670801 98795912
84670801 111492860
84670801 113254439
86390214 49793
86390214 816653
86390214 2384071
86390214 2730791
86390214 6141832
86390214 11388132
86390214 15827269
86390214 20536157
87087536 73731253
87100827 3039101
87100827 6825792
87100827 19648820
87100827 88655252
87620061 15913
87620061 1979391
87620061 3828311
87620061 7565302
87620061 7753922
87620061 7861312
87620061 11740382
87620061 11928542
87620061 12712332
87620061 13356642
87620061 14155052
87620061 14326533
87620061 14337677
87620061 14433905
87620061 14575846
87620061 14589257
87620061 14691709
87620061 15852140
87620061 16792453
87620061 18666844
87620061 18755518
87620061 20436922
87620061 24585498
87620061 29395230
87620061 33191389
87620061 38517589
87620061 39680464
87620061 43880993
87620061 47667972
87620061 48485771
87620061 53789489
87620061 63485337
87620061 77059348
87620061 96869096
87620061 107336879
87620061 115216851
87620061 117620953
87620061 117652722
87620061 175624200
87620061 243293725
88259214 1979391
88259214 13504092
88259214 15419775
88259214 42332035
88259214 45784061
88259214 47207321
88259214 75691167
88259214 117620953
88501703 10350
88501703 15913
88501703 681813
88501703 794186
88501703 7861312
88501703 14412605
88501703 14575846
88501703 14589257
88501703 16799897
88501703 18599061
88501703 18666844
88501703 19049747
88501703 20703666
88501703 22841103
88501703 22857385
88501703 35066483
88501703 89595997
88501703 128968339
88655252 6825792
88655252 19648820
88655252 28755851
88655252 54178513
88655252 87100827
88655252 93969417
89052026 1562791
89052026 7331992
89052026 11591662
89052026 14224219
89052026 17064600
89052026 19102458
89052026 20436922
89052026 24585498
89052026 42629821
89052026 50850314
89052026 78993414
89052026 84670801
89052026 94813511
89052026 105880821
89052026 111424758
89052026 115216851
89052026 118505994
89052026 138466831
89052026 191790175
89595997 3359851
89595997 6825792
89595997 7860742
89595997 14155052
89595997 14691709
89595997 17759701
89595997 20273398
89595997 22841103
89595997 22997147
89595997 36311369
89595997 88501703
89595997 115485051
89595997 229141679
89595997 454340464
89768201 13234
89768201 1405071
89768201 5576542
89768201 14103291
89768201 14224219
89768201 14284668
89768201 14952378
89768201 17064600
89768201 18812947
89768201 18933499
89768201 19582372
89768201 19746351
89768201 20703666
89768201 21224587
89768201 23238377
89768201 24585498
89768201 35604279
89768201 39394932
89768201 44024932
89768201 53789489
89768201 73514272
89768201 74262901
89768201 98795912
89768201 104268834
89768201 105880821
89768201 111492860
89768201 164569984
89768201 174402013
89768201 174958347
89768201 247343656
89768201 264348615
89768201 290879947
89768201 511121728
90420314 7861312
90420314 31353077
90420314 62581962
90420314 115485051
90561258 681813
90561258 7860742
90561258 7861312
90561258 7872262
90561258 11928542
90561258 14326533
90561258 20273398
90561258 21681252
90561258 22997147
90561258 24641194
90561258 26033920
90561258 26281970
90561258 31353077
90561258 31949053
90561258 35012277
90561258 43933017
90561258 60968363
90561258 84421229
90561258 90420314
90561258 119228619
90561258 142401418
90561258 375022391
91004913 681813
91004913 7169892
91004913 14051156
91004913 14475298
91004913 15876654
91004913 16744475
91004913 18675183
91004913 19702846
91004913 19738805
91004913 21756999
91004913 28212129
91004913 33676781
91004913 35827447
91004913 38059349
91004913 47667972
91004913 52863920
91004913 69945997
91004913 78598588
91004913 94311697
91004913 163711859
91004913 408556322
91004913 424280804
91687835 681813
91687835 7169892
91687835 16744475
91687835 19337621
91687835 19702846
91687835 21756999
91687835 35827447
91687835 38059349
91687835 78598588
91687835 101838355
91687835 104190515
91687835 222822892
91687835 421342897
93957809 12
93957809 418
93957809 989
93957809 49793
93957809 657863
93957809 749963
93957809 816653
93957809 1899161
93957809 6141832
93957809 8161232
93957809 11388132
93957809 14515931
93957809 16303106
93957809 17220934
93957809 17503180
93957809 17595439
93957809 19397785
93957809 20536157
93957809 22255654
93957809 50393960
93957809 115485051
93969417 1979391
93969417 5576542
93969417 14137737
93969417 14224219
93969417 14337677
93969417 14538254
93969417 14631433
93969417 15192772
93969417 15292070
93969417 15418343
93969417 15419775
93969417 15477714
93969417 16104418
93969417 16303106
93969417 16799897
93969417 17064600
93969417 18024109
93969417 18148724
93969417 18600956
93969417 18812947
93969417 19102458
93969417 19238557
93969417 19382657
93969417 19575980
93969417 22556717
93969417 23238377
93969417 23487429
93969417 24422716
93969417 24585498
93969417 27531390
93969417 28755851
93969417 29756727
93969417 33114793
93969417 33868543
93969417 36457353
93969417 38138597
93969417 44134863
93969417 47273526
93969417 50850314
93969417 61815588
93969417 62613968
93969417 63485337
93969417 69945997
93969417 70587360
93969417 74175121
93969417 74262901
93969417 75783213
93969417 77007853
93969417 77059348
93969417 78403368
93969417 78993414
93969417 83807322
93969417 83963371
93969417 88655252
93969417 94813511
93969417 98795912
93969417 111136741
93969417 111492860
93969417 113254439
93969417 114577942
93969417 155688134
93969417 191790175
93969417 290879947
93969417 360964430
93969417 485197487
93969417 511121728
94311697 6825792
94311697 7169892
94311697 17541602
94311697 19702846
94311697 21756999
94311697 71019409
94311697 227024319
94813511 4838281
94813511 5576542
94813511 11591662
94813511 11724412
94813511 14103291
94813511 15292070
94813511 15418343
94813511 17064600
94813511 18199347
94813511 18933499
94813511 23487429
94813511 29756727
94813511 33868543
94813511 35604279
94813511 47273526
94813511 70587360
94813511 74262901
94813511 78993414
94813511 83963371
94813511 98795912
94813511 105880821
94813511 114577942
94813511 155688134
94813511 191790175
94813511 247343656
94813511 290879947
94813511 386697756
94813511 511121728
96585127 12
96585127 20
96585127 418
96585127 885
96585127 989
96585127 3840
96585127 13348
96585127 49793
96585127 657863
96585127 746323
96585127 814253
96585127 816653
96585127 817268
96585127 817288
96585127 824157
96585127 858051
96585127 1000591
96585127 1045751
96585127 1899161
96585127 2384071
96585127 2529971
96585127 2730791
96585127 3829151
96585127 11388132
96585127 14600116
96585127 14761795
96585127 14885549
96585127 15827269
96585127 17503180
96585127 17595439
96585127 20536157
96585127 37570179
96585127 93957809
96848570 10450
96848570 3039101
96848570 7861312
96848570 9207632
96848570 18393773
96848570 24585498
96848570 31353077
96848570 62581962
96848570 63485337
96848570 115485051
96869096 15913
96869096 1979391
96869096 7434902
96869096 7860742
96869096 7861312
96869096 10266522
96869096 11740382
96869096 11928542
96869096 14155052
96869096 14337677
96869096 14538254
96869096 14575846
96869096 15078306
96869096 15192772
96869096 15410758
96869096 15419775
96869096 15582769
96869096 16259415
96869096 16303106
96869096 16878507
96869096 18648265
96869096 18666844
96869096 18713254
96869096 18755518
96869096 19382657
96869096 20609518
96869096 22461427
96869096 27531390
96869096 29395230
96869096 38517589
96869096 45784061
96869096 48485771
96869096 52934175
96869096 57903424
96869096 63485337
96869096 73731253
96869096 74903868
96869096 87620061
96869096 107336879
96869096 111492860
96869096 115485051
96869096 118921133
96869096 182370042
97771401 4052871
97771401 14224219
97771401 14439553
97771401 19657422
97771401 47273526
97771401 47667972
97771401 70587360
97771401 94813511
97771401 100022264
97771401 118505994
97771401 147629963
97771401 158103356
97771401 175490089
97771401 357509021
98795912 4058321
98795912 5576542
98795912 5603992
98795912 6825792
98795912 7331992
98795912 7753922
98795912 11591662
98795912 13504092
98795912 14199979
98795912 14224219
98795912 14237677
98795912 14538254
98795912 14952378
98795912 15419775
98795912 16799897
98795912 18599061
98795912 18755518
98795912 19203411
98795912 19330360
98795912 20703666
98795912 21056214
98795912 22841103
98795912 23238377
98795912 23491995
98795912 24422716
98795912 24585498
98795912 29338393
98795912 31013971
98795912 35066483
98795912 37886101
98795912 39394932
98795912 44244590
98795912 45784061
98795912 45862504
98795912 47273526
98795912 62613968
98795912 64776896
98795912 74903868
98795912 78993414
98795912 82553416
98795912 89768201
98795912 94813511
98795912 100331389
98795912 111492860
98795912 163556820
100022264 15192772
100022264 73731253
100133245 18093468
100133245 18571832
100133245 21756999
100133245 22835308
100314530 681813
100314530 1070541
100314530 1979391
100314530 3359851
100314530 7573752
100314530 7710472
100314530 7753922
100314530 14589257
100314530 15234657
100314530 15901190
100314530 16744475
100314530 16792453
100314530 18599061
100314530 27054163
100314530 29395230
100314530 37170886
100314530 39680464
100314530 63485337
100314530 115485051
100314530 123439064
100314530 175624200
100314530 243293725
100331389 4058321
100331389 4838281
100331389 5576542
100331389 6825792
100331389 14103291
100331389 14224219
100331389 15292070
100331389 15418343
100331389 16104418
100331389 18812947
100331389 20436922
100331389 20703666
100331389 21039860
100331389 23238377
100331389 24585498
100331389 29338393
100331389 29756727
100331389 33868543
100331389 38138597
100331389 47273526
100331389 47667972
100331389 50850314
100331389 53789489
100331389 56927820
100331389 70587360
100331389 83963371
100331389 93969417
100331389 94813511
100331389 98795912
100331389 100022264
100331389 104268834
100331389 111492860
100331389 114577942
100331389 118505994
100868651 643653
100868651 2779821
100868651 14075928
100868651 15472368
100868651 18393773
100868651 21056214
100868651 22413809
100868651 22461427
100868651 24585498
100868651 24852559
100868651 174958347
101838355 695463
101838355 78598588
101838355 421342897
102647672 821
102647672 13124
102647672 13234
102647672 681813
102647672 2384071
102647672 2729061
102647672 3564041
102647672 9207632
102647672 32491666
102647672 58441079
102903198 10350
102903198 15913
102903198 681813
102903198 794186
102903198 7860742
102903198 7861312
102903198 9199472
102903198 14326533
102903198 14412605
102903198 14589257
102903198 15758036
102903198 16536215
102903198 16799897
102903198 16956955
102903198 17759701
102903198 17983020
102903198 18666844
102903198 19049747
102903198 19521118
102903198 20273398
102903198 20637608
102903198 22857385
102903198 31067157
102903198 31808762
102903198 34170312
102903198 43662236
102903198 48370736
102903198 88501703
102903198 114563370
102903198 126042901
102903198 280725732
102903198 363426409
103943240 7861312
103943240 15176366
103943240 24422716
103943240 98795912
104190515 7169892
104190515 7753922
104190515 19337621
104190515 19702846
104190515 19738805
104190515 21756999
104190515 26778893
104190515 28212129
104190515 35827447
104190515 42584178
104190515 91687835
104268834 1405071
104268834 4058321
104268834 5576542
104268834 6144362
104268834 13504092
104268834 14103291
104268834 14145413
104268834 14224219
104268834 14475298
104268834 14476063
104268834 14538254
104268834 15418343
104268834 15472368
104268834 16104418
104268834 17064600
104268834 18812947
104268834 19582372
104268834 20703666
104268834 23238377
104268834 23487429
104268834 29756727
104268834 31354853
104268834 33868543
104268834 42629821
104268834 44024932
104268834 47273526
104268834 70587360
104268834 74262901
104268834 78993414
104268834 93969417
104268834 98795912
104268834 105880821
104268834 111492860
104268834 115216851
104268834 118279350
104268834 155688134
104268834 163556820
104268834 174958347
104268834 191790175
104268834 247343656
104268834 264348615
104268834 290879947
104268834 344059195
104268834 386697756
104268834 534725405
104591123 52953
104591123 784304
104591123 2729061
104591123 11928542
104591123 14224219
104591123 15600475
104591123 17093617
104591123 18396070
104591123 18761076
104591123 19418918
104591123 111492860
104591123 175490089
105382067 10350
105382067 681813
105382067 7860742
105382067 7861312
105382067 7872262
105382067 13185852
105382067 14326533
105382067 21681252
105382067 24641194
105382067 26281970
105382067 35012277
105382067 43933017
105382067 60968363
105382067 84421229
105382067 90561258
105382067 108719642
105382067 119228619
105880821 1405071
105880821 5576542
105880821 5603992
105880821 6825792
105880821 7331992
105880821 14103291
105880821 14165300
105880821 14224219
105880821 14337677
105880821 14475298
105880821 15418343
105880821 16792453
105880821 17064600
105880821 18148724
105880821 18600956
105880821 19102458
105880821 19238557
105880821 19575980
105880821 20703666
105880821 21039860
105880821 21220972
105880821 21959765
105880821 23238377
105880821 23487429
105880821 24422716
105880821 24585498
105880821 29338393
105880821 29756727
105880821 33114793
105880821 33868543
105880821 34739714
105880821 35066483
105880821 35604279
105880821 36457353
105880821 38318973
105880821 42629821
105880821 44024932
105880821 45784061
105880821 47207321
105880821 61815588
105880821 62613968
105880821 63485337
105880821 65409929
105880821 69945997
105880821 70587360
105880821 74262901
105880821 75783213
105880821 78993414
105880821 83963371
105880821 93969417
105880821 94813511
105880821 98795912
105880821 100022264
105880821 107336879
105880821 111136741
105880821 111424758
105880821 112075585
105880821 114577942
105880821 118279350
105880821 118505994
105880821 155688134
105880821 164569984
105880821 191790175
105880821 247343656
105880821 265650538
105880821 269385024
105880821 290879947
105880821 344059195
105880821 386697756
105880821 477792933
105880821 486927488
105880821 511121728
105924719 71713
105924719 5576542
105924719 14224219
105924719 15861559
105924719 20232992
105924719 57903424
105924719 63769966
107336879 118921133
108704423 14224219
108704423 15176366
108704423 16104418
108704423 18148724
108704423 18199347
108704423 19238557
108704423 19287097
108704423 19575980
108704423 20963773
108704423 23238377
108704423 23990894
108704423 24422716
108704423 29756727
108704423 36457353
108704423 38318973
108704423 40888730
108704423 47667972
108704423 63485337
108704423 64590892
108704423 74262901
108704423 74903868
108704423 75783213
108704423 78403368
108704423 93969417
108704423 114577942
108704423 130583593
108704423 218601115
108704423 309605958
108704423 329518010
108704423 511121728
108719642 10350
108719642 681813
108719642 3359851
108719642 7565302
108719642 7860742
108719642 7861312
108719642 7872262
108719642 10671602
108719642 11856762
108719642 13185852
108719642 14230524
108719642 14326533
108719642 15234657
108719642 15375238
108719642 15410758
108719642 16744475
108719642 16799897
108719642 21681252
108719642 21756999
108719642 22997147
108719642 24641194
108719642 26281970
108719642 31949053
108719642 35012277
108719642 37170886
108719642 38108292
108719642 42712551
108719642 43933017
108719642 48370736
108719642 48485771
108719642 50393960
108719642 60968363
108719642 84421229
108719642 114910205
108719642 119228619
108719642 144040563
108719642 250746940
108719642 277402513
109594284 1405071
109594284 1979391
109594284 5576542
109594284 5603992
109594284 6068142
109594284 10266522
109594284 11928542
109594284 13282032
109594284 14103291
109594284 14137737
109594284 14224219
109594284 14337677
109594284 14631433
109594284 15176366
109594284 15279452
109594284 15419775
109594284 15472368
109594284 15477714
109594284 16799897
109594284 18148724
109594284 19102458
109594284 19238557
109594284 19287097
109594284 19575980
109594284 20436922
109594284 20963773
109594284 21056214
109594284 21220972
109594284 22461427
109594284 22556717
109594284 23238377
109594284 23487429
109594284 24422716
109594284 24585498
109594284 25105135
109594284 33114793
109594284 36457353
109594284 38318973
109594284 40888730
109594284 44134863
109594284 45784061
109594284 46426258
109594284 47667972
109594284 62613968
109594284 63485337
109594284 64590892
109594284 64776896
109594284 69945997
109594284 70587360
109594284 73731253
109594284 74262901
109594284 74903868
109594284 75783213
109594284 77007853
109594284 77059348
109594284 78403368
109594284 78993414
109594284 93969417
109594284 98795912
109594284 107336879
109594284 111492860
109594284 114577942
109594284 115216851
109594284 118921133
109594284 118975055
109594284 123905288
109594284 218601115
109594284 265650538
109594284 290879947
109594284 309605958
109594284 329518010
109594284 360964430
109594284 386697756
109594284 485197487
109951411 6825792
109951411 13504092
109951411 14575846
109951411 15015040
109951411 17214479
109951411 35066483
109951411 247554276
109951411 454340464
111136741 1405071
111136741 11928542
111136741 14137737
111136741 14224219
111136741 16799897
111136741 24422716
111136741 29634406
111136741 44134863
111136741 63485337
111136741 69945997
111136741 70587360
111136741 73731253
111136741 74262901
111136741 77007853
111136741 77059348
111136741 114577942
111136741 115216851
111136741 118921133
111136741 360964430
111424758 14538254
111424758 15418343
111424758 16104418
111424758 18812947
111424758 19102458
111424758 19582372
111424758 20703666
111424758 29756727
111424758 33868543
111424758 44024932
111424758 47273526
111424758 53789489
111424758 74262901
111424758 83963371
111424758 93969417
111424758 94813511
111424758 100022264
111424758 105880821
111424758 111492860
111424758 118279350
111424758 118505994
111424758 164569984
111424758 191790175
111424758 247343656
111424758 269385024
111424758 386697756
111492860 52953
111492860 658353
111492860 778518
111492860 1405071
111492860 3359851
111492860 4052871
111492860 4838281
111492860 5576542
111492860 7481082
111492860 7591562
111492860 14137737
111492860 14224219
111492860 14326533
111492860 14337677
111492860 14379148
111492860 14475298
111492860 14631433
111492860 14679475
111492860 14691709
111492860 14952378
111492860 15192772
111492860 15292070
111492860 15418343
111492860 15419775
111492860 15463446
111492860 15477714
111492860 15938093
111492860 16104418
111492860 17064600
111492860 18024109
111492860 18148724
111492860 18648265
111492860 18812947
111492860 19203411
111492860 19287097
111492860 19657422
111492860 20703666
111492860 20963773
111492860 21224587
111492860 22556717
111492860 22841103
111492860 23238377
111492860 24422716
111492860 24585498
111492860 28851186
111492860 29338393
111492860 29395230
111492860 29756727
111492860 33868543
111492860 34115297
111492860 36457353
111492860 37729461
111492860 38318973
111492860 38517589
111492860 40888730
111492860 43164252
111492860 44134863
111492860 47273526
111492860 48485771
111492860 50850314
111492860 63485337
111492860 70587360
111492860 73731253
111492860 74262901
111492860 74903868
111492860 77007853
111492860 77059348
111492860 84670801
111492860 93969417
111492860 94813511
111492860 98795912
111492860 100022264
111492860 104268834
111492860 107336879
111492860 111424758
111492860 113254439
111492860 114577942
111492860 115216851
111492860 116766690
111492860 117652722
111492860 118505994
111492860 118975055
111492860 121483821
111492860 129699446
111492860 130583593
111492860 135316691
111492860 138466831
111492860 158420343
111492860 175490089
111492860 295913885
111492860 366187749
111492860 485197487
111492860 488021513
111492860 545558899
112075585 4838281
112075585 5576542
112075585 6825792
112075585 10266522
112075585 14103291
112075585 14224219
112075585 14475298
112075585 15292070
112075585 15418343
112075585 15472368
112075585 16104418
112075585 17064600
112075585 17634892
112075585 18787854
112075585 19102458
112075585 20703666
112075585 21039860
112075585 23238377
112075585 23487429
112075585 24585498
112075585 29756727
112075585 33868543
112075585 35604279
112075585 38138597
112075585 44024932
112075585 47273526
112075585 47667972
112075585 50850314
112075585 56927820
112075585 61815588
112075585 70587360
112075585 74262901
112075585 78993414
112075585 83963371
112075585 89052026
112075585 93969417
112075585 94813511
112075585 100022264
112075585 105880821
112075585 111424758
112075585 111492860
112075585 114577942
112075585 118279350
112075585 118505994
112075585 155688134
112075585 191790175
112075585 290879947
112075585 386697756
112829129 5576542
112829129 6144362
112829129 14224219
112829129 15292070
112829129 15472368
112829129 23238377
112829129 23487429
112829129 29756727
112829129 33868543
112829129 38138597
112829129 47273526
112829129 50850314
112829129 56927820
112829129 61815588
112829129 70587360
112829129 93969417
112829129 105880821
112829129 114577942
112829129 118505994
112829129 155688134
112829129 174958347
113254439 658353
113254439 5576542
113254439 6825792
113254439 14103291
113254439 14165300
113254439 14224219
113254439 14538254
113254439 15292070
113254439 15418343
113254439 16104418
113254439 16799905
113254439 17064600
113254439 18600956
113254439 19102458
113254439 20436922
113254439 21039860
113254439 23238377
113254439 23487429
113254439 24585498
113254439 33868543
113254439 44024932
113254439 47273526
113254439 47667972
113254439 50850314
113254439 60814115
113254439 70587360
113254439 74262901
113254439 84670801
113254439 89052026
113254439 93969417
113254439 98795912
113254439 105880821
113254439 111492860
113254439 115216851
113254439 118505994
113254439 129656992
113254439 155688134
113254439 191790175
113254439 290879947
113254439 357509021
113254439 386697756
113254439 539367183
114563370 15913
114563370 681813
114563370 1405071
114563370 7565302
114563370 7861312
114563370 16799897
114563370 18666844
114563370 19049747
114563370 20637608
114563370 31067157
114563370 43662236
114563370 45862504
114563370 48370736
114563370 48485771
114563370 50393960
114563370 144040563
114563370 175624200
114563370 363426409
114577942 5576542
114577942 13185852
114577942 13461662
114577942 14224219
114577942 14475298
114577942 15419775
114577942 15477714
114577942 16104418
114577942 16799897
114577942 24422716
114577942 24585498
114577942 29756727
114577942 33114793
114577942 36457353
114577942 38318973
114577942 38339409
114577942 64776896
114577942 70587360
114577942 73731253
114577942 77007853
114577942 93969417
114577942 94813511
114577942 100022264
114577942 111136741
114577942 116766690
114724662 52953
114724662 15600475
114724662 18761076
114724662 20519566
114724662 29030126
114724662 40714864
114724662 47667972
114724662 66988729
114724662 119863220
114724662 147629963
114724662 208339610
114910205 10350
114910205 3359851
114910205 6608332
114910205 7376382
114910205 7565302
114910205 7860742
114910205 7861312
114910205 7872262
114910205 10671602
114910205 11167502
114910205 13356642
114910205 14155052
114910205 14575846
114910205 14589257
114910205 14691709
114910205 14997974
114910205 14999606
114910205 15015040
114910205 15222083
114910205 15477120
114910205 16744475
114910205 16799897
114910205 17214479
114910205 18666844
114910205 18762284
114910205 19049747
114910205 19087813
114910205 19414296
114910205 20273398
114910205 21681252
114910205 22841103
114910205 22997147
114910205 24585498
114910205 24595743
114910205 24942585
114910205 31353077
114910205 33191389
114910205 36311369
114910205 43933017
114910205 45862504
114910205 47667972
114910205 48370736
114910205 48485771
114910205 52934175
114910205 63485337
114910205 90420314
114910205 102903198
114910205 117652722
114910205 144040563
114910205 454340464
115216851 1979391
115216851 7861312
115216851 11167502
115216851 12925072
115216851 14103291
115216851 14199979
115216851 14224219
115216851 14538254
115216851 16104418
115216851 16220934
115216851 16744475
115216851 16799897
115216851 18755518
115216851 18812947
115216851 19414296
115216851 21039860
115216851 21636840
115216851 24422716
115216851 24585498
115216851 26281970
115216851 27531390
115216851 29395230
115216851 33191389
115216851 33868543
115216851 36457353
115216851 38318973
115216851 46426258
115216851 47667972
115216851 53789489
115216851 57903424
115216851 63485337
115216851 69945997
115216851 73731253
115216851 74903868
115216851 77059348
115216851 78993414
115216851 87620061
115216851 100022264
115216851 111136741
115216851 111492860
115216851 116766690
115216851 118505994
115216851 118921133
115216851 290879947
116766690 114577942
117078952 3359851
117078952 7573752
117078952 7710472
117078952 15234657
117078952 16744475
117078952 17093617
117078952 18599061
117078952 31808762
117620953 681813
117620953 1979391
117620953 3828311
117620953 7753922
117620953 14433905
117620953 14538254
117620953 15078306
117620953 15852140
117620953 16744475
117620953 16792453
117620953 18599061
117620953 18713254
117620953 18755518
117620953 21709230
117620953 24585498
117620953 26155776
117620953 27531390
117620953 39680464
117620953 42332035
117620953 44244590
117620953 45784061
117620953 46002379
117620953 47207321
117620953 75691167
117620953 87620061
117620953 88259214
117620953 115485051
117620953 123439064
117620953 175624200
117620953 243293725
118279350 13504092
118279350 16104418
118279350 16792453
118279350 20703666
118279350 33868543
118279350 44024932
118279350 84670801
118279350 105880821
118279350 115216851
118279350 191790175
118505994 778518
118505994 33868543
118921133 1979391
118921133 29395230
118921133 73731253
118921133 107336879
118921133 118975055
118921133 151667946
118921133 175624200
119228619 681813
119228619 7753922
119228619 7860742
119228619 7861312
119228619 7872262
119228619 11928542
119228619 14326533
119228619 14589257
119228619 14691709
119228619 17759701
119228619 18396070
119228619 18666844
119228619 19738805
119228619 21681252
119228619 22997147
119228619 24641194
119228619 26033920
119228619 26281970
119228619 43933017
119228619 48370736
119228619 60968363
119228619 84421229
119228619 90561258
119228619 108719642
119228619 130922325
119228619 375022391
119863220 52953
119863220 14439553
119863220 14817347
119863220 18396070
119863220 20519566
119863220 27789466
119863220 29030126
119863220 30681238
119863220 33977772
119863220 40714864
119863220 42568105
119863220 47667972
119863220 49454522
119863220 65290090
119863220 66988729
119863220 114724662
119863220 128246114
119863220 147629963
119863220 158103356
119863220 158420343
119863220 158500408
119863220 161201939
119863220 179492722
119863220 270341223
120296068 1979391
120296068 3828311
120296068 7065942
120296068 7861312
120296068 10266522
120296068 11167502
120296068 13134712
120296068 14496538
120296068 15078306
120296068 15410758
120296068 15419775
120296068 15494342
120296068 15852140
120296068 16303106
120296068 16799897
120296068 16878507
120296068 17409832
120296068 17602170
120296068 17912684
120296068 18024109
120296068 18599061
120296068 18713254
120296068 18755518
120296068 19382657
120296068 19637934
120296068 23843220
120296068 24955088
120296068 25904310
120296068 27531390
120296068 31067157
120296068 42332035
120296068 45784061
120296068 47207321
120296068 53789489
120296068 75691167
120296068 88259214
120296068 96869096
120296068 115485051
120296068 117620953
120296068 118921133
120296068 188196198
120296068 269624052
120296068 309920730
121353356 20436922
121483821 5576542
121483821 14224219
121483821 17064600
121483821 21039860
121483821 23238377
121483821 29756727
121483821 33868543
121483821 47273526
121483821 70587360
121483821 111492860
121483821 118279350
121483821 138466831
123439064 1070541
123439064 1979391
123439064 15852140
123439064 18599061
123439064 37170886
123439064 39680464
123439064 100314530
123439064 117620953
123439064 151667946
123439064 175624200
123439064 184146952
123439064 243293725
123439064 243514133
123905288 5576542
123905288 6068142
123905288 10266522
123905288 14224219
123905288 14337677
123905288 15901190
123905288 20963773
123905288 21220972
123905288 25105135
123905288 31353077
123905288 38318973
123905288 45784061
123905288 62613968
123905288 63485337
123905288 70587360
123905288 74262901
123905288 74903868
123905288 77007853
123905288 107336879
123905288 109594284
123905288 290879947
123905288 309605958
123905288 360964430
123905288 491013038
125348449 1979391
125348449 7065942
125348449 7861592
125348449 14538254
125348449 15192772
125348449 15419775
125348449 17400667
125348449 17402835
125348449 18599061
125348449 19382657
125348449 38508404
125348449 96869096
125348449 118921133
126042901 10350
126042901 15913
126042901 1979391
126042901 3245291
126042901 7861312
126042901 11167502
126042901 14075928
126042901 14326533
126042901 18648265
126042901 18666844
126042901 28192145
126042901 29395230
126042901 46426258
126042901 545558899
128246114 52953
128246114 7481082
128246114 8076052
128246114 18761076
128246114 20519566
128246114 29030126
128246114 30681238
128246114 40714864
128246114 47667972
128246114 49454522
128246114 66988729
128246114 114724662
128246114 119863220
128246114 147629963
128246114 158103356
128246114 158420343
128246114 208339610
128968339 15913
128968339 1979391
128968339 2100521
128968339 3359851
128968339 5413042
128968339 7860742
128968339 10671602
128968339 11740382
128968339 11928542
128968339 13185852
128968339 13356642
128968339 14155052
128968339 14337677
128968339 14575846
128968339 15015040
128968339 15582769
128968339 15591032
128968339 16259415
128968339 18648265
128968339 18666844
128968339 18755518
128968339 20060023
128968339 21681252
128968339 22556717
128968339 22997147
128968339 23238377
128968339 24942585
128968339 26033920
128968339 34115297
128968339 43880993
128968339 43933017
128968339 45862504
128968339 48485771
128968339 52934175
128968339 63485337
128968339 73731253
128968339 77059348
128968339 87620061
128968339 88501703
128968339 96869096
128968339 107336879
128968339 111492860
128968339 114563370
128968339 144040563
128968339 182370042
129656992 5576542
129656992 14224219
129656992 14538254
129656992 16799905
129656992 17064600
129656992 19102458
129656992 19330360
129656992 23238377
129656992 24585498
129656992 29756727
129656992 60814115
129656992 111492860
129656992 113254439
129656992 118505994
129656992 247343656
129699446 18600956
129699446 33868543
129699446 118505994
130583593 1405071
130583593 3828311
130583593 5603992
130583593 11928542
130583593 13282032
130583593 14224219
130583593 14337677
130583593 15176366
130583593 16799897
130583593 19287097
130583593 19575980
130583593 21220972
130583593 21834006
130583593 23238377
130583593 23990894
130583593 24422716
130583593 24585498
130583593 35066483
130583593 38318973
130583593 40888730
130583593 45784061
130583593 47667972
130583593 63485337
130583593 64590892
130583593 74262901
130583593 74903868
130583593 77007853
130583593 78403368
130583593 78993414
130583593 103943240
130583593 108704423
130583593 111492860
130583593 117652722
130583593 218601115
130583593 248044499
130583593 265650538
130583593 309605958
130583593 329518010
130583593 360964430
130583593 366187749
130583593 534725405
130922325 14348594
130922325 16303106
130922325 16956955
130922325 18393773
130922325 18713254
130922325 19725644
130922325 21600144
130922325 22461427
130922325 115485051
130922325 288452305
131003737 6825792
131003737 13504092
131003737 14155052
131003737 14575846
131003737 15242391
131003737 18345193
131003737 21224587
131003737 22997147
131003737 36311369
131003737 109951411
131003737 114910205
131003737 454340464
132430765 2426
132430765 2735631
135316691 681813
135316691 1305941
135316691 2100521
135316691 2735631
135316691 9207632
135316691 19725644
138466831 13504092
138466831 14224219
138466831 18600956
138466831 24585498
138466831 44024932
138466831 50850314
138466831 53789489
138466831 64624131
138466831 84670801
138466831 89052026
138466831 111492860
138466831 115216851
138466831 118505994
138466831 121483821
138466831 168865827
142401418 15913
142401418 681813
142401418 2100521
142401418 3359851
142401418 7565302
142401418 7860742
142401418 7861312
142401418 10671602
142401418 11928542
142401418 13058232
142401418 14075928
142401418 14326533
142401418 14589257
142401418 14691709
142401418 15222083
142401418 16799897
142401418 17214479
142401418 17759701
142401418 18666844
142401418 20273398
142401418 26281970
142401418 31353077
142401418 31949053
142401418 45862504
142401418 48370736
142401418 48485771
142401418 84421229
143033894 11167502
143033894 13461662
143033894 14224219
143033894 14412605
143033894 17214479
143033894 18812947
143033894 23487429
143033894 27531390
143033894 36457353
143033894 50850314
143033894 54371309
143033894 55472734
143033894 70587360
143033894 118505994
143033894 155844378
143188904 1979391
143188904 10117562
143188904 14475021
143188904 115485051
143188904 232430517
143344048 10350
143344048 71713
143344048 765285
143344048 1054621
143344048 5576542
143344048 6889982
143344048 7065942
143344048 14197132
143344048 14224219
143344048 14344845
143344048 14405995
143344048 15135874
143344048 15275200
143344048 15365191
143344048 15861559
143344048 15862493
143344048 17872874
143344048 18438362
143344048 20232992
143344048 20524102
143344048 25732138
143344048 37170886
143344048 44652237
143344048 57903424
143344048 58441079
143344048 60402167
143344048 63769966
143344048 80552291
143344048 105924719
144040563 15913
144040563 3359851
144040563 7861312
144040563 11928542
144040563 12925072
144040563 14589257
144040563 16744475
144040563 18713254
144040563 20273398
144040563 22841103
144040563 24585498
144040563 24942585
144040563 26281970
144040563 31353077
144040563 47667972
144040563 48485771
144040563 90420314
144040563 115485051
144040563 146071420
144040563 287864860
144970345 14817347
144970345 18571832
144970345 20519566
144970345 29030126
144970345 40714864
144970345 42568105
144970345 49454522
144970345 65290090
144970345 66988729
144970345 111492860
144970345 147629963
144970345 161201939
144970345 208339610
144970345 270341223
146071420 15913
146071420 1979391
146071420 3359851
146071420 15078306
146071420 15222083
146071420 15852140
146071420 16744475
146071420 18599061
146071420 18713254
146071420 22841103
146071420 24585498
146071420 24942585
146071420 27531390
146071420 31067157
146071420 45862504
146071420 47207321
146071420 47667972
146071420 48485771
146071420 75691167
146071420 117620953
146071420 144040563
146071420 175624200
146071420 188196198
146071420 243293725
146071420 287864860
147629963 52953
147629963 8076052
147629963 14439553
147629963 18761076
147629963 40714864
147629963 42568105
147629963 49454522
147629963 66988729
147629963 114724662
147629963 119863220
147629963 128246114
147629963 144970345
147629963 158103356
147629963 161201939
151667946 1070541
151667946 1979391
151667946 7753922
151667946 14433905
151667946 14538254
151667946 15192772
151667946 15419775
151667946 15852140
151667946 16792453
151667946 18599061
151667946 19382657
151667946 21709230
151667946 27054163
151667946 27531390
151667946 29395230
151667946 39680464
151667946 44024932
151667946 45229371
151667946 46002379
151667946 46426258
151667946 115485051
151667946 117620953
151667946 118921133
151667946 118975055
151667946 123439064
151667946 175624200
151667946 184146952
151667946 220521282
151667946 232430517
151667946 243293725
151667946 243514133
155688134 658353
155688134 1979391
155688134 3720411
155688134 4838281
155688134 5576542
155688134 5603992
155688134 6825792
155688134 11928542
155688134 14103291
155688134 14137737
155688134 14224219
155688134 14237677
155688134 14337677
155688134 14475298
155688134 14538254
155688134 14631433
155688134 15279452
155688134 15292070
155688134 15418343
155688134 15419775
155688134 15472368
155688134 16104418
155688134 16799897
155688134 17064600
155688134 18148724
155688134 18199347
155688134 18600956
155688134 18812947
155688134 18933499
155688134 19102458
155688134 19238557
155688134 19287097
155688134 19575980
155688134 20436922
155688134 20703666
155688134 21056214
155688134 21220972
155688134 21636840
155688134 21834006
155688134 21861033
155688134 22556717
155688134 23238377
155688134 23487429
155688134 24422716
155688134 24585498
155688134 29756727
155688134 33868543
155688134 34739714
155688134 36457353
155688134 38138597
155688134 38318973
155688134 40888730
155688134 42629821
155688134 44134863
155688134 45784061
155688134 46426258
155688134 47273526
155688134 50850314
155688134 56927820
155688134 61815588
155688134 62613968
155688134 63485337
155688134 64776896
155688134 70587360
155688134 73731253
155688134 74175121
155688134 74262901
155688134 75783213
155688134 77007853
155688134 77059348
155688134 78403368
155688134 78993414
155688134 83963371
155688134 87087536
155688134 93969417
155688134 94813511
155688134 98795912
155688134 104268834
155688134 105880821
155688134 107336879
155688134 111492860
155688134 113254439
155688134 115216851
155688134 118279350
155688134 118505994
155688134 164569984
155688134 174958347
155688134 191790175
155688134 239648605
155688134 247343656
155688134 248044499
155688134 264348615
155688134 290879947
155688134 344059195
155688134 477792933
155688134 488021513
155688134 511121728
155689319 13234
155689319 658353
155689319 785766
155689319 1405071
155689319 1562791
155689319 4058321
155689319 4838281
155689319 5576542
155689319 6144362
155689319 6451032
155689319 6825792
155689319 7331992
155689319 10266522
155689319 11591662
155689319 11724412
155689319 12592522
155689319 13504092
155689319 14103291
155689319 14145413
155689319 14165300
155689319 14202579
155689319 14224219
155689319 14242872
155689319 14284668
155689319 14379148
155689319 14475298
155689319 14476063
155689319 14538254
155689319 14952378
155689319 15078266
155689319 15176366
155689319 15292070
155689319 15418343
155689319 15472368
155689319 15865172
155689319 16104418
155689319 16792453
155689319 16799905
155689319 17064600
155689319 17580153
155689319 17634892
155689319 18199347
155689319 18298167
155689319 18600956
155689319 18787854
155689319 18812947
155689319 18933499
155689319 19102458
155689319 19330360
155689319 19582372
155689319 19746351
155689319 19923765
155689319 20436922
155689319 20703666
155689319 21039860
155689319 21224587
155689319 21920573
155689319 22525751
155689319 23238377
155689319 23487429
155689319 23491995
155689319 24585498
155689319 29293260
155689319 29338393
155689319 29756727
155689319 31354853
155689319 32387419
155689319 33868543
155689319 35604279
155689319 36535572
155689319 38138597
155689319 39394932
155689319 39919140
155689319 42629821
155689319 44024932
155689319 46722097
155689319 47273526
155689319 47667972
155689319 50850314
155689319 53789489
155689319 56641020
155689319 56927820
155689319 60814115
155689319 61815588
155689319 64624131
155689319 70587360
155689319 73514272
155689319 74262901
155689319 78993414
155689319 83963371
155689319 84670801
155689319 89052026
155689319 89768201
155689319 93969417
155689319 94813511
155689319 97771401
155689319 98795912
155689319 100022264
155689319 100331389
155689319 104268834
155689319 105880821
155689319 108704423
155689319 111424758
155689319 111492860
155689319 112075585
155689319 112829129
155689319 113254439
155689319 114577942
155689319 115216851
155689319 118279350
155689319 118505994
155689319 121483821
155689319 129656992
155689319 135316691
155689319 138466831
155689319 155688134
155689319 161290361
155689319 163556820
155689319 164569984
155689319 168865827
155689319 174402013
155689319 174958347
155689319 191790175
155689319 212880848
155689319 224896214
155689319 247343656
155689319 264348615
155689319 269385024
155689319 282704498
155689319 290879947
155689319 344059195
155689319 357509021
155689319 386697756
155689319 511121728
155689319 534725405
155689319 539367183
155844378 5576542
155844378 11167502
155844378 14224219
155844378 14575846
155844378 15292070
155844378 16079245
155844378 17214479
155844378 18489585
155844378 18812947
155844378 22556717
155844378 23487429
155844378 23720736
155844378 24585498
155844378 33868543
155844378 36457353
155844378 37729461
155844378 38318973
155844378 38339409
155844378 43037004
155844378 48427666
155844378 48485771
155844378 50850314
155844378 54371309
155844378 55472734
155844378 70587360
155844378 77059348
155844378 83955385
155844378 114577942
155844378 118505994
155844378 129699446
155844378 143033894
155844378 191790175
155844378 454340464
158103356 52953
158103356 7861312
158103356 8076052
158103356 14439553
158103356 15422847
158103356 18396070
158103356 27789466
158103356 30681238
158103356 33977772
158103356 40714864
158103356 66988729
158103356 97771401
158103356 119863220
158103356 158500408
158414847 14348594
158414847 16303106
158414847 17093617
158414847 21600144
158414847 130922325
158414847 191922531
158420343 4052871
158420343 7481082
158420343 14224219
158420343 14691709
158420343 29030126
158420343 43164252
158420343 47667972
158420343 65290090
158420343 70587360
158420343 111492860
158420343 119863220
158420343 175490089
158500408 52953
158500408 158103356
158773106 52953
158773106 784304
158773106 11928542
158773106 18713254
158773106 27789466
158773106 41653783
158773106 52934175
161201939 52953
161201939 8076052
161201939 14439553
161201939 14817347
161201939 15600475
161201939 18761076
161201939 20519566
161201939 27789466
161201939 29030126
161201939 30681238
161201939 40714864
161201939 42568105
161201939 47667972
161201939 49454522
161201939 65290090
161201939 66988729
161201939 114724662
161201939 119863220
161201939 128246114
161201939 144970345
161201939 147629963
161201939 158103356
161201939 208339610
161290361 5576542
161290361 6825792
161290361 13504092
161290361 14103291
161290361 14224219
161290361 14475298
161290361 18933499
161290361 20436922
161290361 21224587
161290361 23238377
161290361 32387419
161290361 33868543
161290361 38138597
161290361 47667972
161290361 53789489
161290361 70587360
161290361 98795912
161290361 115216851
161290361 290879947
161678121 343773
161678121 1979391
161678121 8266102
161678121 14433905
161678121 15419775
161678121 16878507
161678121 21709230
161678121 24585498
161678121 27531390
161678121 30957246
161678121 31013971
161678121 37170886
161678121 39680464
161678121 44244590
161678121 82553416
161678121 118921133
161678121 163374693
161678121 175624200
163374693 343773
163374693 681813
163374693 783374
163374693 1070541
163374693 1570481
163374693 1979391
163374693 2319611
163374693 6479622
163374693 7753922
163374693 8151822
163374693 8266102
163374693 10117562
163374693 11591662
163374693 12101862
163374693 13504092
163374693 13965842
163374693 14199979
163374693 14417250
163374693 14433905
163374693 14475021
163374693 14538254
163374693 15192772
163374693 15387870
163374693 15414807
163374693 15419775
163374693 15852140
163374693 15860867
163374693 15901190
163374693 16220934
163374693 16555627
163374693 16792453
163374693 16878507
163374693 17031260
163374693 18599061
163374693 19382657
163374693 19414296
163374693 19725644
163374693 21709230
163374693 26155776
163374693 27054163
163374693 27531390
163374693 28536332
163374693 28734673
163374693 29395230
163374693 30957246
163374693 31013971
163374693 31354853
163374693 37170886
163374693 38292889
163374693 39680464
163374693 44024932
163374693 44244590
163374693 45229371
163374693 46002379
163374693 46426258
163374693 58401280
163374693 61483289
163374693 75691167
163374693 82553416
163374693 98795912
163374693 100314530
163374693 115485051
163374693 117620953
163374693 118505994
163374693 118921133
163374693 118975055
163374693 123439064
163374693 135316691
163374693 143188904
163374693 151667946
163374693 161678121
163374693 175624200
163374693 184146952
163374693 220521282
163374693 232430517
163374693 243293725
163374693 243514133
163556820 658353
163556820 1405071
163556820 4838281
163556820 5576542
163556820 6144362
163556820 6825792
163556820 7331992
163556820 10266522
163556820 13504092
163556820 14165300
163556820 14224219
163556820 14475298
163556820 14476063
163556820 14538254
163556820 15865172
163556820 16792453
163556820 17064600
163556820 18812947
163556820 18933499
163556820 19102458
163556820 19330360
163556820 20703666
163556820 21224587
163556820 23238377
163556820 24585498
163556820 42629821
163556820 44024932
163556820 47273526
163556820 53789489
163556820 70587360
163556820 74262901
163556820 78993414
163556820 83963371
163556820 98795912
163556820 104268834
163556820 164569984
163556820 247343656
163556820 290879947
163711859 21756999
163711859 91004913
163919220 52953
164569984 658353
164569984 814859
164569984 1405071
164569984 14224219
164569984 18840531
164569984 155688134
164569984 168865827
166239145 4052871
166239145 8076052
166239145 8925602
166239145 14224219
166239145 70587360
166239145 97771401
166239145 175490089
168440518 10350
168440518 4812381
168440518 7861312
168440518 11928542
168440518 14224219
168440518 14691709
168440518 15230887
168440518 18666844
168440518 18713254
168440518 18761076
168440518 19657422
168440518 24785621
168440518 42568105
168440518 43164252
168440518 43880993
168440518 44024932
168440518 44652237
168440518 47667972
168440518 52934175
168440518 111492860
168440518 158420343
168865827 1405071
168865827 6144362
168865827 6825792
168865827 11591662
168865827 13504092
168865827 14224219
168865827 14242872
168865827 14284668
168865827 14475298
168865827 20703666
168865827 21039860
168865827 23238377
168865827 23487429
168865827 24585498
168865827 29756727
168865827 33868543
168865827 38138597
168865827 70587360
168865827 138466831
168865827 164569984
169780164 1405071
169780164 1979391
169780164 2100521
169780164 3720411
169780164 3828311
169780164 5576542
169780164 5603992
169780164 6068142
169780164 10266522
169780164 11928542
169780164 12925072
169780164 13282032
169780164 14103291
169780164 14137737
169780164 14224219
169780164 14237677
169780164 14337677
169780164 14631433
169780164 15176366
169780164 15279452
169780164 15419775
169780164 15472368
169780164 15477714
169780164 15901190
169780164 16303106
169780164 16799897
169780164 17064600
169780164 17912684
169780164 18148724
169780164 19102458
169780164 19203411
169780164 19238557
169780164 19279990
169780164 19287097
169780164 19575980
169780164 20436922
169780164 20536157
169780164 20963773
169780164 21056214
169780164 21220972
169780164 21600144
169780164 21636840
169780164 21834006
169780164 21861033
169780164 21959765
169780164 22461427
169780164 22556717
169780164 22841103
169780164 23238377
169780164 23487429
169780164 23843220
169780164 23990894
169780164 24422716
169780164 24585498
169780164 24852559
169780164 25105135
169780164 25904310
169780164 26281970
169780164 27938549
169780164 29634406
169780164 31353077
169780164 33114793
169780164 34739714
169780164 35066483
169780164 36457353
169780164 37729461
169780164 37886101
169780164 38010788
169780164 38138597
169780164 38318973
169780164 40888730
169780164 44134863
169780164 45784061
169780164 45862504
169780164 46426258
169780164 47207321
169780164 47337365
169780164 47667972
169780164 57082636
169780164 62613968
169780164 63485337
169780164 64590892
169780164 64776896
169780164 65409929
169780164 69945997
169780164 70587360
169780164 73731253
169780164 74175121
169780164 74262901
169780164 74903868
169780164 75783213
169780164 77007853
169780164 77059348
169780164 78403368
169780164 78993414
169780164 87087536
169780164 93969417
169780164 98795912
169780164 103943240
169780164 105880821
169780164 107336879
169780164 108704423
169780164 109594284
169780164 111136741
169780164 111492860
169780164 114577942
169780164 115216851
169780164 116766690
169780164 117652722
169780164 118921133
169780164 118975055
169780164 123905288
169780164 130583593
169780164 142457170
169780164 155688134
169780164 158414847
169780164 191922531
169780164 218601115
169780164 239648605
169780164 248044499
169780164 265650538
169780164 290879947
169780164 309605958
169780164 325966297
169780164 329518010
169780164 360964430
169780164 366187749
169780164 372492290
169780164 386697756
169780164 419919051
169780164 477792933
169780164 485197487
169780164 486927488
169780164 488021513
169780164 491013038
169780164 534725405
174296681 15913
174296681 5413042
174296681 6608332
174296681 7434902
174296681 13185852
174296681 13461662
174296681 14137885
174296681 14155052
174296681 14224219
174296681 14575846
174296681 15234657
174296681 15578992
174296681 16079245
174296681 16220934
174296681 17031260
174296681 17214479
174296681 18489585
174296681 18755518
174296681 18849368
174296681 18900668
174296681 19087813
174296681 19414296
174296681 19785044
174296681 20273398
174296681 22981846
174296681 24595743
174296681 26961048
174296681 27531390
174296681 33191389
174296681 36311369
174296681 45862504
174296681 46426258
174296681 63485337
174296681 64624131
174296681 115216851
174958347 643653
174958347 1405071
174958347 1919231
174958347 5576542
174958347 6688272
174958347 6825792
174958347 7481082
174958347 10454572
174958347 13461662
174958347 14103291
174958347 14476063
174958347 15591032
174958347 47273526
174958347 94813511
174958347 104268834
174958347 105880821
174958347 155688134
174958347 191790175
175490089 52953
175490089 4052871
175490089 14224219
175490089 43164252
175490089 47667972
175490089 52934175
175490089 70587360
175490089 97771401
175490089 104591123
175490089 111492860
175490089 166239145
175624200 1070541
175624200 31067157
175624200 123439064
175624200 243293725
175642610 1979391
175642610 38517589
178928545 15473413
178928545 15901190
178928545 18393773
178928545 115485051
179492722 52953
179492722 7481082
179492722 14439553
179492722 14691709
179492722 15600475
179492722 30681238
179492722 33977772
179492722 40714864
179492722 47667972
179492722 49454522
179492722 58042828
179492722 66988729
179492722 119863220
179492722 147629963
179492722 158103356
179492722 158500408
182370042 1979391
182370042 11740382
182370042 13461662
182370042 16259415
182370042 18653265
182370042 18762284
182370042 18933499
182370042 23238377
182370042 27531390
182370042 39394932
182370042 48485771
182370042 63485337
182370042 96869096
184146952 1979391
184146952 15852140
184146952 16792453
184146952 18599061
184146952 19725644
184146952 21709230
184146952 27531390
184146952 31067157
184146952 46002379
184146952 100314530
184146952 123439064
184146952 151667946
184146952 175624200
184146952 243293725
184146952 243514133
187512368 821
187512368 2384071
187512368 29941998
188196198 1979391
188196198 3828311
188196198 13504092
188196198 15419775
188196198 15901190
188196198 18755518
188196198 42332035
188196198 47207321
188196198 75691167
188196198 121353356
188196198 146071420
188196198 269624052
191790175 1405071
191790175 4838281
191790175 5413042
191790175 5576542
191790175 6825792
191790175 11167502
191790175 13461662
191790175 14103291
191790175 14165300
191790175 14224219
191790175 14475298
191790175 14538254
191790175 14575846
191790175 15292070
191790175 15418343
191790175 16104418
191790175 16792453
191790175 16799897
191790175 17064600
191790175 18600956
191790175 19102458
191790175 19582372
191790175 20436922
191790175 20703666
191790175 22556717
191790175 23238377
191790175 23487429
191790175 24585498
191790175 29756727
191790175 33868543
191790175 36457353
191790175 36535572
191790175 38318973
191790175 38339409
191790175 42629821
191790175 43037004
191790175 44024932
191790175 46179487
191790175 47273526
191790175 47667972
191790175 48427666
191790175 48485771
191790175 50850314
191790175 54371309
191790175 70587360
191790175 74262901
191790175 77059348
191790175 78993414
191790175 83963371
191790175 84670801
191790175 89052026
191790175 93969417
191790175 94813511
191790175 104268834
191790175 105880821
191790175 111424758
191790175 111492860
191790175 112075585
191790175 113254439
191790175 115216851
191790175 118279350
191790175 129699446
191790175 155688134
191790175 155844378
191790175 247343656
191790175 290879947
191790175 454340464
191790175 511121728
191922531 16303106
191922531 21600144
191922531 158414847
204562062 6825792
204562062 9103242
204562062 24049604
204562062 28208387
204562062 28755851
204562062 43164252
204562062 54178513
204562062 73731253
204562062 93969417
204562062 117652722
208339610 52953
208339610 14109995
208339610 14817347
208339610 20519566
208339610 27789466
208339610 33977772
208339610 40714864
208339610 42568105
208339610 49454522
208339610 65290090
208339610 66988729
208339610 114724662
208339610 119863220
208339610 128246114
208339610 144970345
208339610 147629963
208339610 158103356
208339610 158500408
208339610 161201939
208339610 270341223
210944652 5576542
210944652 7591562
210944652 7617502
210944652 11928542
210944652 14224219
210944652 14679475
210944652 15419775
210944652 15888886
210944652 16079245
210944652 16220934
210944652 18024109
210944652 18812947
210944652 19238557
210944652 19725644
210944652 23487429
210944652 24166202
210944652 29756727
210944652 46179487
210944652 46426258
210944652 63485337
210944652 70587360
210944652 73731253
210944652 111492860
210944652 118505994
210944652 175624200
210944652 229278271
210944652 295913885
210944652 485197487
212880848 20436922
217328955 1979391
217328955 3828311
217328955 18755518
217328955 19382657
217328955 27531390
217328955 42332035
217328955 47207321
217328955 78993414
217328955 96869096
218601115 1979391
218601115 5576542
218601115 14103291
218601115 14137737
218601115 14224219
218601115 14337677
218601115 14631433
218601115 15176366
218601115 15279452
218601115 15419775
218601115 15472368
218601115 18148724
218601115 19102458
218601115 19287097
218601115 19575980
218601115 21636840
218601115 21834006
218601115 22556717
218601115 23238377
218601115 23487429
218601115 23990894
218601115 24422716
218601115 24585498
218601115 27938549
218601115 34739714
218601115 36457353
218601115 37729461
218601115 38138597
218601115 38318973
218601115 40888730
218601115 44134863
218601115 46426258
218601115 47207321
218601115 47667972
218601115 63485337
218601115 64590892
218601115 64776896
218601115 65409929
218601115 69945997
218601115 70587360
218601115 73731253
218601115 74262901
218601115 74903868
218601115 75783213
218601115 77007853
218601115 77059348
218601115 78403368
218601115 87087536
218601115 93969417
218601115 107336879
218601115 108704423
218601115 109594284
218601115 111136741
218601115 111492860
218601115 114577942
218601115 115216851
218601115 116766690
218601115 118921133
218601115 118975055
218601115 130583593
218601115 155688134
218601115 265650538
218601115 290879947
218601115 309605958
218601115 329518010
218601115 360964430
218601115 366187749
218601115 485197487
218601115 488021513
220521282 783374
220521282 1570481
220521282 1979391
220521282 10117562
220521282 14475021
220521282 15852140
220521282 28734673
220521282 31354853
220521282 38292889
220521282 45229371
220521282 118921133
220521282 151667946
220521282 232430517
222331074 10350
222331074 11928542
222331074 14224219
222331074 14691709
222822892 7753922
222822892 35827447
222822892 78598588
222822892 94311697
222822892 101838355
222822892 227024319
224896214 1405071
224896214 4838281
224896214 7331992
224896214 13504092
224896214 14103291
224896214 14165300
224896214 14538254
224896214 18600956
224896214 18933499
224896214 19102458
224896214 20703666
224896214 23238377
224896214 24585498
224896214 31354853
224896214 33868543
224896214 47273526
224896214 70587360
224896214 74262901
224896214 78993414
227024319 7169892
227024319 21756999
227024319 35827447
227024319 42584178
227024319 71019409
227024319 94311697
227024319 222822892
229141679 15913
229141679 3245291
229141679 6608332
229141679 6825792
229141679 7860742
229141679 7861312
229141679 10671602
229141679 13504092
229141679 14691709
229141679 14999606
229141679 15015040
229141679 15234657
229141679 20273398
229141679 21353197
229141679 24641194
229141679 36311369
229141679 47667972
229141679 89595997
229278271 63485337
232430517 1979391
232430517 11591662
232430517 14199979
232430517 14538254
232430517 15414807
232430517 15419775
232430517 15852140
232430517 26155776
232430517 31354853
232430517 39680464
232430517 44024932
232430517 118505994
232430517 135316691
232430517 175624200
232430517 220521282
235023651 681813
235023651 1979391
235023651 7753922
235023651 14825162
235023651 18571832
235023651 19738805
235023651 30378780
239648605 1405071
239648605 20436922
243293725 1070541
243293725 1979391
243293725 7753922
243293725 14433905
243293725 15852140
243293725 18599061
243293725 19362297
243293725 19725644
243293725 20436922
243293725 24585498
243293725 27054163
243293725 27531390
243293725 31067157
243293725 46426258
243293725 63485337
243293725 87620061
243293725 117620953
243293725 123439064
243293725 151667946
243293725 175624200
243293725 243514133
243514133 1070541
243514133 1979391
243514133 15852140
243514133 24585498
243514133 29395230
243514133 46426258
243514133 63485337
243514133 87620061
243514133 118921133
243514133 118975055
243514133 151667946
243514133 175624200
243514133 243293725
247110120 1979391
247110120 7339282
247110120 7753922
247110120 14825162
247110120 16744475
247110120 20703666
247110120 25411611
247110120 30378780
247110120 39919140
247110120 52343800
247110120 61458269
247110120 235023651
247110120 281910155
247343656 1405071
247343656 5576542
247343656 6825792
247343656 14103291
247343656 14224219
247343656 14538254
247343656 15418343
247343656 15472368
247343656 17064600
247343656 18600956
247343656 19582372
247343656 20703666
247343656 23487429
247343656 35604279
247343656 70587360
247343656 78993414
247343656 83963371
247343656 84670801
247343656 94813511
247343656 105880821
247343656 111424758
247343656 155688134
247343656 163556820
247343656 191790175
247343656 269385024
247343656 290879947
247343656 344059195
247554276 6825792
247554276 13504092
247554276 15015040
247554276 21224587
247554276 109951411
247554276 532880342
248044499 10350
248044499 1405071
248044499 3359851
248044499 5576542
248044499 6608332
248044499 13461662
248044499 13504092
248044499 14155052
248044499 14199979
248044499 14575846
248044499 14691709
248044499 15222083
248044499 15419775
248044499 16303106
248044499 16799897
248044499 19414296
248044499 20436922
248044499 21600144
248044499 22556717
248044499 24585498
248044499 24595743
248044499 29634406
248044499 31353077
248044499 33191389
248044499 45784061
248044499 45862504
248044499 46426258
248044499 63485337
248044499 115485051
248044499 158414847
248044499 360964430
248044499 454340464
250746940 3359851
250746940 10671602
250746940 11928542
250746940 12925072
250746940 13058232
250746940 14691709
250746940 15222083
250746940 15234657
250746940 20436922
250746940 22841103
250746940 26281970
250746940 31067157
250746940 37170886
250746940 45862504
250746940 115485051
259884200 681813
259884200 63485337
264348615 5576542
265650538 1979391
265650538 5576542
265650538 5603992
265650538 11928542
265650538 14103291
265650538 14137737
265650538 14224219
265650538 14337677
265650538 15176366
265650538 15419775
265650538 15477714
265650538 19102458
265650538 19203411
265650538 19287097
265650538 19575980
265650538 20436922
265650538 21834006
265650538 21959765
265650538 22556717
265650538 23238377
265650538 23990894
265650538 24422716
265650538 24585498
265650538 35066483
265650538 36457353
265650538 38138597
265650538 38318973
265650538 40888730
265650538 44134863
265650538 46426258
265650538 62613968
265650538 64590892
265650538 70587360
265650538 74262901
265650538 74903868
265650538 75783213
265650538 77007853
265650538 78403368
265650538 78993414
265650538 93969417
265650538 98795912
265650538 105880821
265650538 107336879
265650538 111492860
265650538 114577942
265650538 118921133
265650538 130583593
265650538 290879947
265650538 309605958
265650538 329518010
265650538 360964430
265650538 477792933
269385024 1405071
269385024 5576542
269385024 14224219
269385024 14538254
269385024 17064600
269385024 20703666
269385024 44024932
269385024 105880821
269385024 111424758
269385024 247343656
269385024 290879947
269385024 344059195
269624052 1979391
269624052 13504092
269624052 17912684
269624052 45784061
269624052 47207321
269624052 118921133
270341223 10350
270341223 52953
270341223 784304
270341223 816653
270341223 2729061
270341223 4052871
270341223 4812381
270341223 5520332
270341223 7481082
270341223 7861312
270341223 8076052
270341223 8925602
270341223 9976962
270341223 11928542
270341223 12925072
270341223 13058232
270341223 14109995
270341223 14222507
270341223 14224219
270341223 14439553
270341223 14691709
270341223 14775981
270341223 14817347
270341223 15422847
270341223 15463446
270341223 15600475
270341223 17093617
270341223 18226924
270341223 18396070
270341223 18571832
270341223 18666844
270341223 18761076
270341223 19157786
270341223 19418918
270341223 19657422
270341223 20519566
270341223 21198307
270341223 22588936
270341223 27097871
270341223 27789466
270341223 29030126
270341223 30322151
270341223 30681238
270341223 33977772
270341223 40714864
270341223 41653783
270341223 42568105
270341223 43164252
270341223 47667972
270341223 49454522
270341223 52934175
270341223 58042828
270341223 59397650
270341223 65290090
270341223 66988729
270341223 70587360
270341223 97771401
270341223 104591123
270341223 111492860
270341223 114724662
270341223 119863220
270341223 128246114
270341223 144970345
270341223 147629963
270341223 158103356
270341223 158420343
270341223 158500408
270341223 158773106
270341223 161201939
270341223 166239145
270341223 168440518
270341223 175490089
270341223 179492722
270341223 208339610
270397798 681813
270397798 1979391
270397798 19738805
270397798 19923765
270397798 20703666
270397798 29395230
270397798 39919140
270397798 341198567
273371515 17541602
273371515 19362297
273371515 19702846
273371515 21756999
273371515 35827447
273371515 47667972
277402513 3039101
277402513 7753922
277402513 10671602
277402513 11591662
277402513 13461662
277402513 15375238
277402513 15410758
277402513 15419775
277402513 15494342
277402513 17409832
277402513 18093468
277402513 18599061
277402513 19738805
277402513 21505330
277402513 22901296
277402513 22997147
277402513 31067157
277402513 33191389
277402513 38108292
277402513 45862504
277402513 47667972
277402513 74262901
277402513 108719642
277402513 175624200
277402513 311268617
277402513 451044230
278937589 7065942
278937589 14224219
278937589 16799897
278937589 24852559
278937589 38138597
278937589 62613968
278937589 70587360
280716675 36823
280716675 681813
280725732 10350
280725732 15913
280725732 681813
280725732 7860742
280725732 7861312
280725732 14589257
280725732 16799897
280725732 16874875
280725732 17759701
280725732 19049747
280725732 20273398
280725732 24585498
280725732 102903198
280725732 126042901
281910155 1979391
281910155 19738805
281910155 20703666
281910155 30378780
281910155 52343800
281910155 61458269
281910155 235023651
281910155 247110120
282704498 1405071
282704498 4838281
282704498 5576542
282704498 14224219
282704498 44024932
282704498 70587360
282704498 111492860
282704498 118505994
287864860 7860742
287864860 16744475
287864860 24942585
287864860 48485771
287864860 115485051
287864860 144040563
287864860 146071420
288452305 12925072
288452305 13058232
288452305 17220934
288452305 115485051
290879947 658353
290879947 1405071
290879947 4058321
290879947 4838281
290879947 5576542
290879947 5603992
290879947 7331992
290879947 14103291
290879947 14224219
290879947 14337677
290879947 14475298
290879947 15176366
290879947 15292070
290879947 15387870
290879947 15418343
290879947 15865172
290879947 16220934
290879947 16792453
290879947 16799897
290879947 17064600
290879947 17872874
290879947 18438362
290879947 18812947
290879947 19102458
290879947 19203411
290879947 19287097
290879947 19582372
290879947 19923765
290879947 20963773
290879947 21220972
290879947 21959765
290879947 22981846
290879947 23238377
290879947 23487429
290879947 24422716
290879947 24585498
290879947 25105135
290879947 27938549
290879947 29338393
290879947 29756727
290879947 31354853
290879947 33868543
290879947 35066483
290879947 36457353
290879947 38318973
290879947 44024932
290879947 45784061
290879947 46426258
290879947 47207321
290879947 47273526
290879947 47667972
290879947 62613968
290879947 63485337
290879947 65409929
290879947 69945997
290879947 70587360
290879947 74262901
290879947 74903868
290879947 75783213
290879947 78993414
290879947 83963371
290879947 89768201
290879947 93969417
290879947 94813511
290879947 98795912
290879947 104268834
290879947 105880821
290879947 109594284
290879947 111136741
290879947 111424758
290879947 112075585
290879947 114577942
290879947 115216851
290879947 118505994
290879947 123905288
290879947 155688134
290879947 163556820
290879947 164569984
290879947 191790175
290879947 218601115
290879947 247343656
290879947 265650538
290879947 269385024
290879947 282704498
290879947 344059195
290879947 360964430
290879947 386697756
290879947 491013038
295913885 14679475
295913885 18438362
295913885 23487429
295913885 29756727
295913885 43164252
295913885 47273526
295913885 100022264
295913885 118505994
295913885 129699446
299779796 681813
299779796 21756999
299779796 33676781
299779796 47667972
309605958 1405071
309605958 5603992
309605958 13461662
309605958 14103291
309605958 14224219
309605958 14337677
309605958 15176366
309605958 15419775
309605958 19102458
309605958 19287097
309605958 19575980
309605958 20436922
309605958 23238377
309605958 23990894
309605958 24422716
309605958 35066483
309605958 38318973
309605958 40888730
309605958 64590892
309605958 70587360
309605958 73731253
309605958 74262901
309605958 74903868
309605958 77007853
309605958 78403368
309605958 78993414
309605958 98795912
309605958 265650538
309605958 329518010
309605958 360964430
309920730 10266522
309920730 14237677
309920730 14538254
309920730 15192772
309920730 15494342
309920730 17912684
309920730 25904310
309920730 120296068
311268617 681813
311268617 10671602
311268617 18093468
311268617 19923765
311268617 22835308
311268617 22997147
311268617 28597237
311268617 31949053
311268617 115216851
311268617 277402513
311268617 341198567
325966297 732073
325966297 6889982
325966297 7961342
325966297 9199472
325966297 11928542
325966297 13461662
325966297 13504092
325966297 14199979
325966297 14224219
325966297 14475298
325966297 15279452
325966297 15462317
325966297 15472368
325966297 16181584
325966297 16193325
325966297 16799897
325966297 18438362
325966297 18933499
325966297 19203411
325966297 19785044
325966297 21224587
325966297 21959765
325966297 22857385
325966297 33191389
325966297 35066483
325966297 38138597
325966297 40888730
325966297 75783213
325966297 98795912
329518010 14224219
329518010 14337677
329518010 15176366
329518010 16799897
329518010 19287097
329518010 19575980
329518010 21220972
329518010 21834006
329518010 23238377
329518010 23990894
329518010 24422716
329518010 25105135
329518010 38318973
329518010 40888730
329518010 64590892
329518010 70587360
329518010 74262901
329518010 78403368
329518010 78993414
329518010 108704423
329518010 109594284
329518010 130583593
329518010 218601115
329518010 265650538
329518010 309605958
329518010 366187749
329518010 491013038
341198567 10671602
341198567 11928542
341198567 16744475
341198567 18571832
341198567 115216851
341198567 270397798
341198567 311268617
344059195 1405071
344059195 5576542
344059195 15418343
344059195 23487429
344059195 38138597
344059195 78993414
344059195 105880821
344059195 247343656
344059195 290879947
344059195 386697756
357509021 658353
357509021 1405071
357509021 4838281
357509021 5576542
357509021 6825792
357509021 7331992
357509021 10266522
357509021 11591662
357509021 13504092
357509021 14103291
357509021 14224219
357509021 14242872
357509021 14284668
357509021 14379148
357509021 14538254
357509021 15472368
357509021 16104418
357509021 17064600
357509021 19102458
357509021 21039860
357509021 21920573
357509021 23238377
357509021 23487429
357509021 24585498
357509021 32387419
357509021 44024932
357509021 47667972
357509021 70587360
357509021 74262901
357509021 78993414
357509021 97771401
357509021 98795912
357509021 111492860
357509021 113254439
357509021 115216851
357509021 155688134
357509021 163556820
357509021 191790175
357509021 386697756
357509021 539367183
360964430 12513
360964430 16023
360964430 681813
360964430 1405071
360964430 1979391
360964430 3039101
360964430 4213251
360964430 11591662
360964430 14051156
360964430 14103291
360964430 14199979
360964430 14224219
360964430 14538254
360964430 15279452
360964430 15419775
360964430 15962096
360964430 16104418
360964430 16303106
360964430 17206070
360964430 18024109
360964430 18229027
360964430 19102458
360964430 19750276
360964430 23713482
360964430 24422716
360964430 24585498
360964430 29634406
360964430 30043994
360964430 33191389
360964430 38138597
360964430 38318973
360964430 38741927
360964430 40972489
360964430 47207321
360964430 70587360
360964430 74262901
360964430 77007853
360964430 77059348
360964430 98795912
360964430 107336879
360964430 111136741
360964430 115485051
360964430 248044499
360964430 386697756
363426409 681813
363426409 7861312
363426409 16102815
363426409 18393773
363426409 20637608
363426409 24585498
363426409 48485771
363426409 63485337
363426409 102903198
366187749 1979391
366187749 5576542
366187749 14224219
366187749 15176366
366187749 15279452
366187749 15472368
366187749 16799897
366187749 19287097
366187749 19575980
366187749 21056214
366187749 21834006
366187749 23238377
366187749 23990894
366187749 24585498
366187749 27938549
366187749 33114793
366187749 37729461
366187749 38318973
366187749 40888730
366187749 47667972
366187749 64590892
366187749 70587360
366187749 73731253
366187749 74903868
366187749 77007853
366187749 107336879
366187749 111492860
366187749 130583593
366187749 218601115
366187749 325966297
366187749 329518010
372492290 1979391
372492290 24585498
372492290 46426258
372492290 107336879
375022391 681813
375022391 7860742
375022391 7872262
375022391 19738805
375022391 19923765
375022391 21681252
375022391 21756999
375022391 24641194
375022391 28212129
375022391 31949053
375022391 43933017
375022391 60968363
375022391 84421229
375022391 90561258
375022391 119228619
376502190 1979391
376502190 3828311
376502190 15078306
376502190 15419775
376502190 25904310
376502190 27531390
376502190 42332035
376502190 47207321
376502190 117620953
376502190 146071420
378223565 12
378223565 989
378223565 3840
378223565 13348
378223565 657863
378223565 816653
378223565 6141832
378223565 7040932
378223565 14075928
378223565 18895794
378223565 20536157
378223565 20609518
378223565 90420314
378223565 93957809
385080494 1979391
385080494 7753922
385080494 11928542
385080494 16744475
385080494 18571832
385080494 19923765
385080494 20703666
385080494 21756999
385080494 25411611
385080494 28212129
385080494 39919140
385080494 115216851
385080494 235023651
385080494 281910155
386697756 658353
386697756 1405071
386697756 3720411
386697756 4838281
386697756 5576542
386697756 5603992
386697756 7331992
386697756 13282032
386697756 14137737
386697756 14224219
386697756 14337677
386697756 16104418
386697756 16799897
386697756 17064600
386697756 18812947
386697756 19102458
386697756 19203411
386697756 19582372
386697756 21220972
386697756 21959765
386697756 23238377
386697756 23487429
386697756 24585498
386697756 25105135
386697756 29338393
386697756 31354853
386697756 44024932
386697756 45784061
386697756 60814115
386697756 61815588
386697756 62613968
386697756 70587360
386697756 78993414
386697756 83963371
386697756 94813511
386697756 98795912
386697756 104268834
386697756 105880821
386697756 109594284
386697756 111424758
386697756 112075585
386697756 113254439
386697756 115216851
386697756 155688134
386697756 290879947
386697756 344059195
386697756 357509021
386697756 360964430
386697756 491013038
419919051 24595743
419919051 63485337
419919051 73731253
419919051 77007853
419919051 107336879
421342897 19337621
421342897 21756999
421342897 35827447
421342897 78598588
421342897 91687835
421342897 94311697
421342897 101838355
421342897 104190515
421342897 227024319
421342897 424280804
447278787 8634422
447278787 18571832
447278787 21756999
447278787 22841103
447278787 28212129
447278787 31067157
447278787 35827447
447278787 38108292
447278787 45862504
447278787 47667972
447278787 69193714
451044230 1405071
451044230 11591662
451044230 13461662
451044230 14538254
451044230 15410758
451044230 15419775
451044230 15494342
451044230 17206070
451044230 18229027
451044230 19102458
451044230 20436922
451044230 20609518
451044230 21505330
451044230 23238377
451044230 24585498
451044230 31067157
451044230 33191389
451044230 33868543
451044230 38318973
451044230 39680464
451044230 40972489
451044230 46426258
451044230 48485771
451044230 63485337
451044230 74262901
451044230 77007853
451044230 277402513
451044230 360964430
454340464 12925072
454340464 14155052
454340464 15591032
454340464 16102815
454340464 16874875
454340464 155844378
477792933 5576542
477792933 5603992
477792933 14103291
477792933 14137737
477792933 14224219
477792933 14337677
477792933 14631433
477792933 16799897
477792933 18148724
477792933 19102458
477792933 22556717
477792933 23487429
477792933 24422716
477792933 36457353
477792933 44134863
477792933 47667972
477792933 62613968
477792933 63485337
477792933 70587360
477792933 73731253
477792933 74262901
477792933 78993414
477792933 105880821
477792933 107336879
477792933 111492860
477792933 155688134
477792933 290879947
477792933 386697756
485197487 15192772
485197487 50850314
485197487 63485337
485197487 73731253
485197487 111492860
485197487 295913885
486927488 1979391
486927488 5576542
486927488 11928542
486927488 14224219
486927488 23238377
486927488 24585498
486927488 29634406
486927488 63485337
486927488 70587360
486927488 73731253
486927488 77007853
486927488 98795912
486927488 360964430
491013038 1979391
491013038 5576542
491013038 6068142
491013038 10266522
491013038 14224219
491013038 14337677
491013038 15279452
491013038 15419775
491013038 15472368
491013038 16799897
491013038 18148724
491013038 20963773
491013038 21220972
491013038 23238377
491013038 23487429
491013038 24422716
491013038 24585498
491013038 25105135
491013038 36457353
491013038 38138597
491013038 46426258
491013038 62613968
491013038 63485337
491013038 70587360
491013038 75783213
491013038 107336879
491013038 123905288
491013038 155688134
491013038 290879947
491013038 329518010
491013038 386697756
511121728 1405071
511121728 4838281
511121728 5576542
511121728 6825792
511121728 14103291
511121728 14224219
511121728 14538254
511121728 15176366
511121728 15418343
511121728 15472368
511121728 16104418
511121728 17064600
511121728 18600956
511121728 18933499
511121728 20436922
511121728 23238377
511121728 23487429
511121728 29756727
511121728 33868543
511121728 47273526
511121728 50850314
511121728 53789489
511121728 70587360
511121728 73514272
511121728 74262901
511121728 93969417
511121728 94813511
511121728 105880821
511121728 191790175
521170999 52953
521170999 33977772
521170999 40714864
521170999 66988729
521170999 119863220
521170999 158103356
521170999 208339610
532880342 6825792
532880342 13504092
532880342 14155052
532880342 14575846
532880342 15015040
532880342 17214479
532880342 21224587
532880342 109951411
532880342 454340464
534725405 11928542
534725405 14103291
534725405 14137737
534725405 14224219
534725405 15176366
534725405 15419775
534725405 19102458
534725405 19287097
534725405 23238377
534725405 24585498
534725405 33868543
534725405 38318973
534725405 46426258
534725405 63485337
534725405 70587360
534725405 73514272
534725405 73731253
534725405 74262901
534725405 74903868
534725405 77007853
534725405 107336879
534725405 130583593
534725405 329518010
539367183 658353
539367183 14103291
539367183 14224219
539367183 15472368
539367183 17064600
539367183 21039860
539367183 23238377
539367183 33868543
539367183 47273526
539367183 53789489
539367183 70587360
539367183 113254439
539367183 155688134
539367183 191790175
539367183 357509021
545558899 15913
545558899 1979391
545558899 5413042
545558899 7434902
545558899 11740382
545558899 11928542
545558899 13461662
545558899 14155052
545558899 14199979
545558899 14589257
545558899 15472368
545558899 16259415
545558899 18755518
545558899 19414296
545558899 20273398
545558899 21709230
545558899 23238377
545558899 24585498
545558899 27531390
545558899 30957246
545558899 33191389
545558899 44244590
545558899 45784061
545558899 45862504
545558899 46179487
545558899 48485771
545558899 63485337
545558899 77059348
545558899 82553416
545558899 96869096
545558899 107336879
545558899 111492860
545558899 115216851
545558899 161678121
545558899 182370042
545558899 454340464
