# subgrafo induzido pelos 1000 primeiros vértices de um BFS sem sentido
# dataset: data/raw/twitter_combined.txt
# semente-rng: 2026
# semente: 307642294
# N: 1000
# arestas: 38064
3840 7846
3840 10350
3840 13348
3840 15913
3840 76133
3840 1064051
3840 1183041
3840 2735591
3840 4893411
3840 7434902
3840 7852172
3840 7861312
3840 9507322
3840 10824382
3840 11666142
3840 13687132
3840 14575846
3840 14589257
3840 14688086
3840 15382192
3840 15853668
3840 16120265
3840 18532553
3840 20273398
3840 21637624
3840 22679419
3840 26173611
3840 60642052
3840 61436635
3840 97173422
7846 3840
7846 10350
7846 13348
7846 15913
7846 1183041
7846 3359851
7846 7565302
7846 7860742
7846 7861312
7846 7861622
7846 9451052
7846 12101862
7846 14922225
7846 15846407
7846 16079941
7846 16098603
7846 16453996
7846 18776017
7846 19595287
7846 20880546
7846 21324258
7846 21678052
7846 22679419
7846 24560836
7846 34068984
7846 48485771
7846 65913144
7846 116952434
7846 126444583
7846 184637153
7846 294198566
7846 303060652
10350 3840
10350 7846
10350 15913
10350 1064051
10350 1183041
10350 1265091
10350 1702611
10350 3359851
10350 3442781
10350 4893411
10350 5848412
10350 6068612
10350 7194892
10350 7860742
10350 7861312
10350 7872262
10350 8914942
10350 9275742
10350 9451052
10350 10668202
10350 13687132
10350 14269220
10350 14414761
10350 14453798
10350 15018214
10350 15300838
10350 15853073
10350 16038438
10350 16120265
10350 16799897
10350 18666844
10350 43662236
10350 48485771
10350 93905958
10350 127569781
10350 158558510
10923 10350
10923 15913
10923 1183041
10923 7861312
10923 7861622
12223 15913
12223 1702611
12223 3096071
12223 3359851
12223 3443591
12223 7194892
12223 8146732
12223 9451052
12223 13185852
12223 13356642
12223 14269220
12223 14453798
12223 14498622
12223 15154217
12223 15488968
12223 16364644
12223 18519106
12223 18715024
12223 18755518
12223 18811254
12223 18892183
12223 19413393
12223 19414296
12223 19550535
12223 19759597
12223 20659225
12223 24585498
12223 33191389
12223 36311369
12223 39394932
12223 48485771
12223 64488804
13348 3840
13348 7846
13348 10350
13348 15913
13348 72373
13348 76133
13348 229523
13348 253973
13348 755165
13348 765694
13348 789658
13348 849131
13348 992031
13348 1064051
13348 1455911
13348 2572271
13348 2735591
13348 3359851
13348 5676102
13348 7852172
13348 7861312
13348 8978672
13348 9275742
13348 9451052
13348 11666142
13348 13324892
13348 13687132
13348 14091509
13348 14804903
13348 14874480
13348 15006779
13348 15009761
13348 15018214
13348 15234657
13348 15259010
13348 15416485
13348 15670515
13348 15739966
13348 15846407
13348 15853073
13348 16095572
13348 16120265
13348 16409781
13348 16425197
13348 16930986
13348 17000457
13348 17092592
13348 18666844
13348 19380829
13348 19413393
13348 19595287
13348 20065936
13348 22679419
13348 22841103
13348 24724740
13348 24741685
13348 24742040
13348 49465463
13348 55338862
13348 60642052
13348 91396874
15913 10350
15913 3253671
15913 3443591
15913 7861312
15913 14269220
15913 17140787
65673 15913
65673 3359851
65673 3443591
65673 5443002
65673 7861312
65673 9117202
65673 12121162
65673 13687132
65673 14589257
65673 14691709
65673 14922225
65673 15234657
65673 18776017
65673 18791343
65673 18900668
65673 19563357
65673 21239763
65673 21678052
65673 22715267
65673 22831657
65673 23645599
65673 24585498
65673 24742040
65673 34068984
65673 34711597
65673 38542252
65673 42943177
65673 48485771
65673 63787760
65673 75095976
65673 81229871
65673 93905958
65673 96605784
65673 111164068
65673 111210694
65673 116952434
65673 126444583
65673 132253772
65673 144064703
65673 151222531
65673 152065057
65673 154708725
65673 155620461
65673 160839015
65673 160959034
65673 187744415
65673 191548936
65673 204089551
65673 238289569
65673 290097288
65673 294198566
72373 13348
72373 15913
72373 229523
72373 755165
72373 789658
72373 849131
72373 992031
72373 1455911
72373 5676102
72373 14091509
72373 14874480
72373 15416485
72373 15670515
72373 16095572
72373 16120265
72373 16425197
72373 16930986
72373 17000457
72373 24741685
72373 49465463
72373 55338862
76133 3840
76133 13348
76133 15913
229523 13348
229523 15913
229523 72373
229523 253973
229523 755165
229523 789314
229523 789658
229523 849131
229523 992031
229523 1455911
229523 2572271
229523 5676102
229523 8978672
229523 13434092
229523 14091509
229523 15416485
229523 16095572
229523 16120265
229523 16930986
229523 24741685
229523 49465463
229523 74286565
253973 13348
253973 15913
253973 229523
253973 849131
253973 14874480
253973 15670515
253973 16095572
253973 24741685
729733 15913
729733 3359851
729733 6478202
729733 17722816
729733 19519349
729733 21195122
729733 117187783
755165 13348
755165 15913
755165 229523
755165 765694
755165 789658
755165 849131
755165 1455911
755165 2572271
755165 5676102
755165 8978672
755165 14091509
755165 14874480
755165 15416485
755165 16095572
755165 16120265
755165 16425197
755165 16930986
755165 24741685
755165 49465463
755165 55338862
756379 12223
756379 15913
756379 1065921
756379 1183041
756379 1461211
756379 6608332
756379 7194892
756379 7710472
756379 7860742
756379 7861312
756379 8207762
756379 9451052
756379 13185852
756379 14046943
756379 14155052
756379 14269220
756379 14575846
756379 14589257
756379 15234657
756379 15234679
756379 15347317
756379 15447248
756379 15567576
756379 15575251
756379 16038438
756379 16098603
756379 16957273
756379 17526132
756379 18666844
756379 18849313
756379 18897157
756379 19214250
756379 19550535
756379 20273398
756379 28202547
756379 31808762
756379 33464639
756379 48370736
756379 48485771
765694 15913
765694 72373
765694 229523
765694 755165
765694 849131
765694 992031
765694 1455911
765694 2572271
765694 5676102
765694 14091509
765694 14874480
765694 15416485
765694 16425197
765694 16930986
765694 24741685
765694 49465463
765694 91396874
765694 164859947
789314 15913
789314 229523
789314 14269220
789314 15416485
789658 13348
789658 15913
789658 72373
789658 229523
789658 755165
789658 765694
789658 849131
789658 1455911
789658 5676102
789658 8978672
789658 14091509
789658 14874480
789658 15416485
789658 15670515
789658 16425197
789658 17000457
789658 24741685
789658 49465463
820281 15913
820281 15154217
820281 15447248
820281 15520280
820281 16224299
820281 16627086
820281 59414975
820281 64121269
820281 87620061
820281 114115460
820281 469024995
849131 13348
849131 15913
849131 72373
849131 229523
849131 253973
849131 755165
849131 789658
849131 992031
849131 1455911
849131 5676102
849131 8978672
849131 11272122
849131 13434092
849131 14091509
849131 14269220
849131 14874480
849131 15416485
849131 15670515
849131 15919138
849131 16095572
849131 16120265
849131 16409781
849131 16425197
849131 16547411
849131 16930986
849131 17000457
849131 17034634
849131 19595287
849131 20439140
849131 24741685
849131 24742040
849131 49465463
849131 55338862
849131 59804598
849131 74286565
849131 91396874
849131 164859947
852301 15913
852301 2589661
852301 3277381
852301 3292401
852301 3321441
852301 3359851
852301 3550301
852301 4065921
852301 5650332
852301 6085372
852301 6086752
852301 6834572
852301 7159422
852301 7446452
852301 8001572
852301 11461102
852301 14269220
852301 14709855
852301 16547411
852301 16834674
852301 17140787
852301 18285245
852301 18666844
852301 22900797
852301 27956824
852301 31232850
852301 59804598
974411 15913
974411 1029511
974411 1183041
992031 13348
992031 15913
992031 229523
992031 849131
992031 5676102
992031 13434092
992031 14874480
992031 15416485
992031 15670515
992031 16120265
992031 16425197
992031 16930986
992031 17000457
992031 17034634
992031 24741685
992031 49465463
992031 55338862
992031 74286565
1029511 15913
1029511 974411
1045521 15913
1045521 852301
1045521 1065921
1045521 1072591
1045521 1134701
1045521 1183041
1045521 1247691
1045521 3062761
1045521 3096071
1045521 3253671
1045521 3277381
1045521 3296721
1045521 3359851
1045521 3443591
1045521 4065921
1045521 5442012
1045521 5650332
1045521 6085372
1045521 6086752
1045521 6608332
1045521 6834572
1045521 6898832
1045521 7159422
1045521 7194892
1045521 7377812
1045521 7446452
1045521 7702232
1045521 7860742
1045521 7872262
1045521 7874622
1045521 7875762
1045521 7925002
1045521 8001572
1045521 8470732
1045521 8541492
1045521 9500062
1045521 9610142
1045521 11272122
1045521 11461102
1045521 12298182
1045521 12494542
1045521 13894102
1045521 14155052
1045521 14168488
1045521 14232363
1045521 14269220
1045521 14363438
1045521 14411683
1045521 14500681
1045521 14506809
1045521 14515313
1045521 14517343
1045521 14559570
1045521 14609321
1045521 14692604
1045521 14709855
1045521 14750463
1045521 15154217
1045521 15447248
1045521 15488968
1045521 15520280
1045521 15555645
1045521 16079941
1045521 16098603
1045521 16246524
1045521 16660064
1045521 16799897
1045521 17140787
1045521 17409832
1045521 17526132
1045521 18101470
1045521 18285245
1045521 18666844
1045521 18849368
1045521 19370213
1045521 19550535
1045521 19595287
1045521 19732725
1045521 19774817
1045521 19993335
1045521 20205471
1045521 20642115
1045521 21430043
1045521 22335214
1045521 22831657
1045521 22900797
1045521 25566593
1045521 27956824
1045521 34771668
1045521 59414975
1045521 59804598
1045521 65913144
1045521 71862367
1045521 87620061
1045521 114115460
1045521 124944912
1045521 126536128
1045521 174541760
1045521 222640532
1045521 235216483
1064051 3840
1064051 10350
1064051 15913
1064051 1702611
1064051 2158461
1064051 14804903
1064051 15006779
1064051 15009761
1064051 15018214
1064051 176412453
1065921 10350
1065921 12223
1065921 15913
1065921 756379
1065921 1045521
1065921 1072591
1065921 1134701
1065921 1247691
1065921 1548841
1065921 1937751
1065921 2549701
1065921 2570021
1065921 2585721
1065921 2589661
1065921 2757281
1065921 2911091
1065921 3062761
1065921 3242491
1065921 3296721
1065921 3321441
1065921 3359851
1065921 3380291
1065921 3443591
1065921 3462421
1065921 3550301
1065921 3749371
1065921 3824401
1065921 4065921
1065921 4068821
1065921 5413042
1065921 5442012
1065921 5445442
1065921 5650332
1065921 5971232
1065921 6080022
1065921 6478202
1065921 6547952
1065921 6608332
1065921 6724092
1065921 6834572
1065921 6896262
1065921 7334662
1065921 7377812
1065921 7409232
1065921 7626162
1065921 7860742
1065921 7861312
1065921 7872262
1065921 8001572
1065921 8005202
1065921 8054392
1065921 8470732
1065921 8541492
1065921 9451052
1065921 9500062
1065921 9670952
1065921 10668202
1065921 11272122
1065921 11461102
1065921 12127832
1065921 12298182
1065921 12681982
1065921 13185852
1065921 14038862
1065921 14155052
1065921 14179545
1065921 14180231
1065921 14269220
1065921 14424667
1065921 14444530
1065921 14453798
1065921 14470019
1065921 14471778
1065921 14498387
1065921 14506809
1065921 14515313
1065921 14559570
1065921 14573745
1065921 14575846
1065921 14589257
1065921 14609321
1065921 14629510
1065921 14688086
1065921 14691709
1065921 14692604
1065921 15112961
1065921 15222083
1065921 15234657
1065921 15259010
1065921 15428643
1065921 15717287
1065921 15757080
1065921 15838599
1065921 16038438
1065921 16098603
1065921 16265412
1065921 16335197
1065921 16453996
1065921 16513135
1065921 16547411
1065921 16660064
1065921 16799897
1065921 16957273
1065921 17053354
1065921 17076095
1065921 17092592
1065921 17526132
1065921 17552077
1065921 17759701
1065921 17794004
1065921 18181487
1065921 18581803
1065921 18715024
1065921 18776017
1065921 18819691
1065921 18849313
1065921 18859819
1065921 18929680
1065921 18941809
1065921 19049747
1065921 19294469
1065921 19413393
1065921 19505302
1065921 19550535
1065921 19595287
1065921 19673424
1065921 19732725
1065921 20490915
1065921 20603058
1065921 21195122
1065921 21369192
1065921 22679419
1065921 23404076
1065921 24004172
1065921 24081780
1065921 24636976
1065921 24641194
1065921 25026165
1065921 26250517
1065921 28719244
1065921 28933226
1065921 31296704
1065921 31808762
1065921 34455805
1065921 36993162
1065921 38389963
1065921 38514229
1065921 42070873
1065921 42361118
1065921 48370736
1065921 48621884
1065921 55338862
1065921 55655811
1065921 59804598
1065921 60968363
1065921 64624131
1065921 65913144
1065921 69679166
1065921 71438267
1065921 75165115
1065921 87764480
1065921 90385486
1065921 93905958
1065921 96747353
1065921 101633415
1065921 102903198
1065921 105310392
1065921 113025559
1065921 114563370
1065921 127569781
1065921 141328659
1065921 148148588
1065921 183663839
1065921 196710000
1065921 217930063
1065921 223247584
1065921 229141679
1065921 254457417
1065921 280725732
1065921 291468308
1065921 360895400
1065921 417927586
1065921 430174478
1072591 15913
1072591 1045521
1072591 1065921
1072591 1134701
1072591 3062761
1072591 3359851
1072591 3443591
1072591 3824401
1072591 4068821
1072591 5442012
1072591 5443002
1072591 5650332
1072591 6080022
1072591 7702232
1072591 7860742
1072591 7872262
1072591 7874622
1072591 7875762
1072591 7875912
1072591 7925002
1072591 8001572
1072591 8470732
1072591 8541492
1072591 9413072
1072591 9500062
1072591 11461102
1072591 12127832
1072591 12298182
1072591 12681982
1072591 14155052
1072591 14269220
1072591 14411683
1072591 14424667
1072591 14506809
1072591 14515313
1072591 14517343
1072591 14609321
1072591 14629510
1072591 14681779
1072591 14688086
1072591 14691709
1072591 14692604
1072591 15555645
1072591 15853668
1072591 16079941
1072591 16097743
1072591 16098603
1072591 16246524
1072591 16453996
1072591 16507692
1072591 16660064
1072591 17526132
1072591 17759701
1072591 18628082
1072591 18666844
1072591 18776017
1072591 18859819
1072591 19193475
1072591 19595287
1072591 19622462
1072591 20273398
1072591 20490915
1072591 21195122
1072591 21369192
1072591 22335214
1072591 22679419
1072591 24081780
1072591 24641194
1072591 25026165
1072591 26444473
1072591 28037700
1072591 28719244
1072591 28933226
1072591 30023595
1072591 31037985
1072591 34360475
1072591 34771668
1072591 36198161
1072591 36993162
1072591 38685348
1072591 42361118
1072591 44121353
1072591 45416789
1072591 47161442
1072591 48370736
1072591 57986173
1072591 60968363
1072591 65913144
1072591 66905823
1072591 71383220
1072591 71862367
1072591 73930990
1072591 75165115
1072591 85388628
1072591 94414805
1072591 97027664
1072591 128968339
1072591 130202887
1072591 131296459
1072591 185694262
1072591 214618570
1072591 235216483
1072591 235818781
1072591 242024994
1072591 280725732
1072591 309366491
1072591 353216771
1072591 483704316
1100661 15913
1100661 1183041
1100661 3359851
1100661 6608332
1100661 7377812
1100661 8001572
1100661 9451052
1100661 13687132
1100661 14180231
1100661 14424667
1100661 14453798
1100661 14999606
1100661 15098511
1100661 15222083
1100661 15234657
1100661 15578992
1100661 15717287
1100661 15926497
1100661 34244280
1134701 7846
1134701 15913
1134701 1045521
1134701 1065921
1134701 1072591
1134701 2824221
1134701 3062761
1134701 3299561
1134701 3359851
1134701 3443591
1134701 5650332
1134701 6080022
1134701 7852172
1134701 7860742
1134701 7861312
1134701 7861622
1134701 7872262
1134701 7874622
1134701 7875762
1134701 7875912
1134701 7925002
1134701 8005202
1134701 8470732
1134701 9413072
1134701 9835242
1134701 12127832
1134701 13687132
1134701 13894102
1134701 14269220
1134701 14270527
1134701 14416334
1134701 14498387
1134701 14500681
1134701 14515313
1134701 14517343
1134701 14609321
1134701 14629510
1134701 14681779
1134701 14922225
1134701 15555645
1134701 15707278
1134701 15734515
1134701 15853668
1134701 16079941
1134701 16097743
1134701 16098603
1134701 16453996
1134701 16549423
1134701 16626187
1134701 16660064
1134701 17663756
1134701 17759701
1134701 18021714
1134701 18068719
1134701 18666844
1134701 18712070
1134701 18776017
1134701 19193475
1134701 19300461
1134701 19370213
1134701 19413393
1134701 19622462
1134701 19732725
1134701 20273398
1134701 20274104
1134701 21195122
1134701 22335214
1134701 22679419
1134701 24004172
1134701 24081780
1134701 24641194
1134701 26173611
1134701 26444473
1134701 28719244
1134701 36198161
1134701 36993162
1134701 38685348
1134701 40753289
1134701 45416789
1134701 46147323
1134701 46241569
1134701 47161442
1134701 48370736
1134701 60968363
1134701 65913144
1134701 66791268
1134701 71268322
1134701 71606873
1134701 85388628
1134701 90964854
1134701 97551846
1134701 115444551
1134701 129279693
1134701 217932743
1134701 235216483
1134701 235818781
1134701 258218804
1183041 10350
1183041 15913
1183041 3443591
1183041 7861312
1183041 7861622
1183041 8914942
1183041 14269220
1183041 14414761
1183041 17728340
1247691 10350
1247691 15913
1247691 1045521
1247691 1065921
1247691 1183041
1247691 1249431
1247691 1702611
1247691 1712051
1247691 3253671
1247691 3296721
1247691 3321441
1247691 3359851
1247691 3443591
1247691 3550301
1247691 3824401
1247691 4065921
1247691 4068821
1247691 4398351
1247691 5650332
1247691 6086752
1247691 6608332
1247691 7194892
1247691 7861312
1247691 7861622
1247691 8001572
1247691 8541492
1247691 12284582
1247691 12298182
1247691 14155052
1247691 14269220
1247691 14498622
1247691 14575846
1247691 14750463
1247691 15112961
1247691 15234657
1247691 15488968
1247691 15837367
1247691 16079941
1247691 16134428
1247691 16513135
1247691 17140787
1247691 18285245
1247691 18666844
1247691 19550535
1247691 19595287
1247691 19732725
1247691 20327583
1247691 21430043
1247691 25649234
1247691 27956824
1247691 48485771
1247691 52934175
1247691 59804598
1247691 60642921
1247691 71862367
1247691 84043660
1247691 96869096
1247691 108989831
1247691 128968339
1247691 175181917
1247691 177564924
1247691 214618570
1249431 15913
1249431 1045521
1249431 1247691
1249431 1937751
1249431 2549701
1249431 2585721
1249431 2589661
1249431 2593511
1249431 2757281
1249431 3042321
1249431 3242491
1249431 3253671
1249431 3296721
1249431 3321441
1249431 3359851
1249431 3443591
1249431 3550301
1249431 3824401
1249431 4068821
1249431 4398351
1249431 5650332
1249431 5906322
1249431 5971232
1249431 6085372
1249431 6086752
1249431 6608332
1249431 6896262
1249431 7194892
1249431 7334662
1249431 7446452
1249431 7626162
1249431 7861312
1249431 8001572
1249431 8054392
1249431 9500062
1249431 11461102
1249431 13687132
1249431 14155052
1249431 14269220
1249431 14692604
1249431 14709855
1249431 15234657
1249431 15394673
1249431 15670515
1249431 16079941
1249431 18666844
1249431 19595287
1249431 20624600
1249431 55338862
1249431 59804598
1265091 10350
1265091 15913
1265091 15094420
1265091 17140787
1265091 44407802
1317671 10350
1317671 13348
1317671 15913
1317671 1183041
1317671 3359851
1317671 7157132
1317671 7565302
1317671 7861312
1317671 9451052
1317671 13687132
1317671 14471778
1317671 14575846
1317671 14922225
1317671 15222083
1317671 15234657
1317671 15838599
1317671 17092592
1317671 19413393
1317671 20273398
1317671 22679419
1317671 22841103
1317671 36969785
1317671 41172837
1317671 48370736
1317671 59804598
1317671 81886393
1317671 90964854
1317671 121258930
1455911 13348
1455911 15913
1455911 72373
1455911 229523
1455911 755165
1455911 765694
1455911 789658
1455911 849131
1455911 2572271
1455911 5676102
1455911 8978672
1455911 14874480
1455911 15416485
1455911 15670515
1455911 16095572
1455911 16120265
1455911 16930986
1455911 17000457
1455911 24741685
1455911 49465463
1455911 91396874
1461211 15913
1461211 756379
1461211 9451052
1461211 14046943
1461211 15234657
1461211 15567576
1461211 16909832
1461211 18962501
1461211 19214250
1461211 19550535
1461211 48485771
1461211 58714972
1461211 87764480
1476651 15913
1476651 17092592
1548841 15913
1548841 1065921
1548841 1249431
1548841 1937751
1548841 2549701
1548841 2585721
1548841 2589661
1548841 2593511
1548841 2757281
1548841 2911091
1548841 3242491
1548841 3296721
1548841 3359851
1548841 3380291
1548841 3443591
1548841 3749371
1548841 3824401
1548841 4068821
1548841 4398351
1548841 5442012
1548841 5445442
1548841 5650332
1548841 5906322
1548841 5971232
1548841 6086752
1548841 6724092
1548841 6896262
1548841 7159422
1548841 7334662
1548841 7409232
1548841 7626162
1548841 7852172
1548841 7861312
1548841 8001572
1548841 8054392
1548841 9460682
1548841 11272122
1548841 11461102
1548841 13894102
1548841 14269220
1548841 14500681
1548841 14709855
1548841 14994418
1548841 15447248
1548841 15670515
1548841 16366923
1548841 17526132
1548841 18181487
1548841 18666844
1548841 19558435
1548841 19732725
1548841 20642115
1548841 21339114
1548841 22970486
1548841 24911468
1548841 27956824
1548841 55338862
1548841 59414975
1548841 59804598
1548841 90778457
1548841 94454911
1548841 126979753
1548841 151223147
1548841 183663839
1548841 297472992
1548841 430174478
1702611 10350
1702611 12223
1702611 15913
1702611 2158461
1702611 3359851
1702611 3462421
1702611 5413042
1702611 6085372
1702611 6608332
1702611 6773622
1702611 7194892
1702611 7344392
1702611 9451052
1702611 11666142
1702611 13185852
1702611 13687132
1702611 14137885
1702611 14155052
1702611 14269220
1702611 14575846
1702611 15018214
1702611 15222083
1702611 15259010
1702611 15447248
1702611 15488968
1702611 15582769
1702611 15591032
1702611 15838599
1702611 16102815
1702611 16458937
1702611 16874875
1702611 17092592
1702611 18715024
1702611 18755518
1702611 18892183
1702611 19161407
1702611 19414296
1702611 19550535
1702611 19595287
1702611 24585498
1702611 26173611
1702611 33191389
1702611 39394932
1702611 45862504
1702611 48485771
1702611 64488804
1712051 15913
1712051 1247691
1712051 3096071
1712051 5452672
1712051 8001572
1712051 14155052
1712051 14750463
1712051 15112961
1712051 16246524
1712051 16438354
1712051 17140787
1712051 18445879
1712051 18666844
1712051 19595287
1712051 19603370
1712051 20019469
1712051 20880546
1712051 21430043
1712051 23140494
1712051 24742040
1712051 24942585
1712051 31037985
1712051 48485771
1712051 84043660
1712051 121258930
1712051 144040563
1712051 146155608
1712051 155976326
1775861 10350
1775861 15913
1775861 1183041
1775861 4893411
1775861 7861622
1775861 8914942
1775861 15914737
1775861 16513135
1775861 18755518
1838691 15913
1838691 25952851
1838691 275937498
1838691 299442187
1937751 15913
1937751 1045521
1937751 1065921
1937751 1247691
1937751 1249431
1937751 2549701
1937751 2757281
1937751 2911091
1937751 3062761
1937751 3096071
1937751 3242491
1937751 3277381
1937751 3296721
1937751 3321441
1937751 3359851
1937751 3443591
1937751 3550301
1937751 3824401
1937751 4065921
1937751 4068821
1937751 4398351
1937751 5193261
1937751 5442012
1937751 5650332
1937751 5906322
1937751 6085372
1937751 6086752
1937751 6478202
1937751 6724092
1937751 6834572
1937751 6896262
1937751 7159422
1937751 7334662
1937751 7409232
1937751 7446452
1937751 7626162
1937751 7861312
1937751 8001572
1937751 8054392
1937751 9413072
1937751 9500062
1937751 9670952
1937751 11272122
1937751 11461102
1937751 12298182
1937751 12681982
1937751 13894102
1937751 14168488
1937751 14232363
1937751 14269220
1937751 14355610
1937751 14444530
1937751 14506809
1937751 14559570
1937751 14609321
1937751 14709855
1937751 14922225
1937751 14994418
1937751 15112961
1937751 15447248
1937751 15670515
1937751 16098603
1937751 16134428
1937751 16265412
1937751 16513135
1937751 16547411
1937751 17140787
1937751 17526132
1937751 18101470
1937751 18285245
1937751 18666844
1937751 18776017
1937751 18890465
1937751 19558435
1937751 19595287
1937751 19732725
1937751 19774817
1937751 20624600
1937751 20642115
1937751 21339114
1937751 22831657
1937751 22900797
1937751 24942585
1937751 27956824
1937751 31037985
1937751 36198161
1937751 38517589
1937751 48485771
1937751 55338862
1937751 59414975
1937751 59804598
1937751 64624131
1937751 84043660
1937751 85215038
1937751 85343184
1937751 93905958
1937751 121258930
1937751 123004655
1937751 126048747
1937751 126979753
1937751 144040563
1937751 146155608
1937751 151223147
1937751 191548936
1937751 203261300
1937751 217932743
1937751 282339563
1937751 430174478
2009991 10350
2009991 15913
2009991 1183041
2009991 1775861
2009991 7861622
2009991 8914942
2009991 15853073
2024911 15913
2024911 7194892
2024911 12127832
2024911 14471778
2024911 14922225
2024911 15222083
2024911 15234657
2024911 15578992
2024911 15838599
2024911 16079941
2024911 16513135
2024911 17092592
2024911 18345193
2024911 18666844
2024911 19003121
2024911 19413393
2024911 19672395
2024911 20273398
2024911 21636840
2024911 21993653
2024911 22841103
2024911 23645599
2024911 24742040
2024911 25082762
2024911 34985744
2024911 45862504
2024911 48485771
2024911 90964854
2034901 15913
2034901 7078732
2034901 24585498
2034901 40625388
2034901 59414975
2034901 83506209
2034901 264925735
2158461 12223
2158461 15913
2158461 1183041
2158461 1702611
2158461 5436192
2158461 11666142
2158461 14155052
2158461 14575846
2158461 14804903
2158461 15006779
2158461 15009761
2158461 15591032
2158461 16102815
2158461 16458937
2158461 16874875
2158461 16930986
2158461 17977714
2260771 15913
2260771 3359851
2260771 9451052
2260771 12121162
2260771 14743923
2260771 17409832
2260771 18176640
2260771 18811197
2260771 19215583
2260771 20567578
2260771 21239763
2260771 21358633
2260771 48485771
2260771 85215038
2260771 85343184
2260771 154708725
2260771 268479669
2260771 290097288
2260771 294198566
2260771 374936497
2549701 15913
2549701 1065921
2549701 1249431
2549701 1937751
2549701 2585721
2549701 2589661
2549701 2593511
2549701 2757281
2549701 2911091
2549701 3242491
2549701 3296721
2549701 3359851
2549701 3380291
2549701 3443591
2549701 3749371
2549701 3824401
2549701 4398351
2549701 5442012
2549701 5650332
2549701 5906322
2549701 5971232
2549701 6086752
2549701 6724092
2549701 6896262
2549701 7159422
2549701 7334662
2549701 7409232
2549701 7626162
2549701 7861312
2549701 8001572
2549701 8054392
2549701 9460682
2549701 11272122
2549701 11461102
2549701 13894102
2549701 14269220
2549701 14709855
2549701 15670515
2549701 16366923
2549701 17526132
2549701 18181487
2549701 18666844
2549701 19558435
2549701 19732725
2549701 21339114
2549701 24911468
2549701 27956824
2549701 55338862
2549701 59414975
2549701 59804598
2570021 15913
2570021 1065921
2570021 1247691
2570021 2589661
2570021 3062761
2570021 3277381
2570021 3296721
2570021 3321441
2570021 3359851
2570021 3550301
2570021 4398351
2570021 5650332
2570021 6086752
2570021 6834572
2570021 7159422
2570021 7446452
2570021 8001572
2570021 8541492
2570021 9413072
2570021 9670952
2570021 12681982
2570021 14269220
2570021 14444530
2570021 14709855
2570021 16134428
2570021 16547411
2570021 16834674
2570021 17140787
2570021 17526132
2570021 18285245
2570021 18666844
2570021 19595287
2570021 27956824
2570021 59804598
2570021 123004655
2572271 15913
2572271 229523
2572271 755165
2572271 765694
2572271 789658
2572271 1455911
2572271 5676102
2572271 8978672
2572271 14091509
2576401 15913
2576401 789314
2576401 974411
2576401 1029511
2576401 1183041
2576401 2718241
2576401 3253671
2576401 5659342
2576401 6243602
2576401 7813092
2576401 9313312
2576401 10985532
2576401 11918512
2576401 14269220
2576401 15094420
2576401 17140787
2576401 34378922
2576401 36722068
2576401 59804598
2576401 94748946
2576401 107347772
2576401 384388981
2585151 15913
2585151 7860742
2585151 13687132
2585151 14446419
2585151 14922225
2585151 16831715
2585151 19069709
2585151 20274104
2585151 20601792
2585151 21339114
2585151 22841103
2585151 32591419
2585151 48370736
2585151 59804598
2585151 73077189
2585151 108993961
2585151 115444551
2585151 115717640
2585151 121258930
2585151 165580617
2585151 188035912
2585151 286118150
2585151 308693201
2585151 319036126
2585151 399404516
2585721 15913
2585721 3242491
2585721 3359851
2585721 3443591
2585721 5906322
2585721 7159422
2585721 14269220
2585721 15447248
2585721 59414975
2589661 15913
2589661 852301
2589661 1065921
2589661 1249431
2589661 2549701
2589661 2570021
2589661 2757281
2589661 3042321
2589661 3062761
2589661 3242491
2589661 3277381
2589661 3380291
2589661 3443591
2589661 3749371
2589661 3824401
2589661 4068821
2589661 4398351
2589661 5650332
2589661 6086752
2589661 6724092
2589661 7159422
2589661 8054392
2589661 14269220
2589661 14709855
2589661 17526132
2589661 59804598
2593511 15913
2593511 1249431
2593511 2549701
2593511 2757281
2593511 2911091
2593511 3242491
2593511 3296721
2593511 3359851
2593511 3824401
2593511 5442012
2593511 5906322
2593511 5971232
2593511 6086752
2593511 7626162
2593511 8001572
2593511 8054392
2593511 11461102
2593511 13894102
2593511 15447248
2593511 18181487
2593511 19732725
2593511 21339114
2593511 24911468
2593511 55338862
2593511 59804598
2609891 15913
2609891 7702232
2609891 8146732
2609891 15853668
2609891 18776017
2609891 18912434
2609891 19720019
2609891 22705686
2609891 25569713
2609891 26000424
2609891 28960709
2609891 33358162
2609891 38685348
2609891 43626328
2609891 55019615
2609891 58497291
2609891 66905823
2609891 116952434
2609891 127178017
2609891 128302994
2609891 309366491
2718241 15913
2718241 1183041
2718241 2576401
2718241 2757281
2718241 5650332
2718241 6478202
2718241 8541492
2718241 10985532
2718241 11461102
2718241 11918512
2718241 14269220
2718241 14559570
2718241 17140787
2718241 18285245
2718241 34378922
2718241 94748946
2718241 174541760
2718241 277727866
2735591 3840
2735591 7846
2735591 10350
2735591 13348
2735591 15913
2735591 7861312
2735591 7872262
2735591 11911082
2735591 15846407
2752851 15913
2752851 3359851
2752851 9275742
2752851 14789563
2752851 15481789
2752851 23235056
2752851 172768360
2752851 548679814
2757281 15913
2757281 1065921
2757281 1249431
2757281 1937751
2757281 2549701
2757281 2585721
2757281 2589661
2757281 2593511
2757281 2718241
2757281 2911091
2757281 3242491
2757281 3296721
2757281 3359851
2757281 3380291
2757281 3443591
2757281 3749371
2757281 3824401
2757281 4068821
2757281 4398351
2757281 5442012
2757281 5650332
2757281 5906322
2757281 5971232
2757281 6086752
2757281 6478202
2757281 6608332
2757281 6724092
2757281 6896262
2757281 7159422
2757281 7334662
2757281 7409232
2757281 7626162
2757281 7861312
2757281 8001572
2757281 8054392
2757281 8541492
2757281 9500062
2757281 11272122
2757281 11461102
2757281 13894102
2757281 14269220
2757281 14559570
2757281 14709855
2757281 14750463
2757281 16366923
2757281 17526132
2757281 17794004
2757281 18181487
2757281 19558435
2757281 19732725
2757281 20642115
2757281 59804598
2757281 151223147
2824221 15913
2824221 1134701
2824221 5650332
2824221 7860742
2824221 7872262
2824221 8470732
2824221 14269220
2824221 15555645
2824221 16097743
2824221 17759701
2824221 47161442
2911091 15913
2911091 1065921
2911091 1937751
2911091 2549701
2911091 2593511
2911091 2757281
2911091 3242491
2911091 3296721
2911091 3359851
2911091 3443591
2911091 3824401
2911091 4068821
2911091 4398351
2911091 5442012
2911091 5650332
2911091 6086752
2911091 6724092
2911091 6896262
2911091 7334662
2911091 7409232
2911091 7626162
2911091 7861312
2911091 8001572
2911091 8054392
2911091 11272122
2911091 11461102
2911091 13894102
2911091 14269220
2911091 17526132
2911091 21339114
2911091 24911468
2911091 59804598
2929781 15913
2929781 14038862
2929781 34771668
2929781 35598550
2929781 41226089
2929781 59414975
2929781 221198749
3042321 15913
3042321 2589661
3042321 3253671
3042321 3277381
3042321 3443591
3042321 5650332
3042321 6086752
3042321 6834572
3042321 7159422
3042321 7446452
3042321 8541492
3042321 11461102
3042321 13894102
3042321 14269220
3042321 14709855
3042321 16079941
3042321 17140787
3042321 17526132
3042321 18285245
3042321 18666844
3042321 22831657
3042321 22900797
3042321 27956824
3042321 59804598
3062761 15913
3062761 1045521
3062761 1065921
3062761 1072591
3062761 1134701
3062761 2570021
3062761 2589661
3062761 3296721
3062761 3359851
3062761 3443591
3062761 3550301
3062761 4065921
3062761 4068821
3062761 5650332
3062761 6080022
3062761 6086752
3062761 7159422
3062761 7446452
3062761 7852172
3062761 7860742
3062761 7861312
3062761 7872262
3062761 7925002
3062761 8001572
3062761 8470732
3062761 9500062
3062761 9670952
3062761 11272122
3062761 11461102
3062761 12127832
3062761 12681982
3062761 13894102
3062761 14232363
3062761 14269220
3062761 14411683
3062761 14444530
3062761 14517343
3062761 14559570
3062761 14681779
3062761 14691709
3062761 14922225
3062761 16097743
3062761 16098603
3062761 16547411
3062761 16660064
3062761 17140787
3062761 17526132
3062761 17759701
3062761 18101470
3062761 18666844
3062761 18776017
3062761 19519349
3062761 19595287
3062761 21195122
3062761 22335214
3062761 22900797
3062761 24081780
3062761 26256596
3062761 27956824
3062761 30023595
3062761 42361118
3062761 59414975
3062761 59804598
3062761 65913144
3062761 71383220
3062761 71862367
3062761 84043660
3062761 90942642
3062761 94414805
3062761 123004655
3062761 126048747
3062761 129279693
3062761 235818781
3062761 275608958
3096071 12223
3096071 15913
3096071 1045521
3096071 1712051
3096071 3359851
3096071 3462421
3096071 4398351
3096071 5436192
3096071 5442012
3096071 5445442
3096071 5452672
3096071 6206612
3096071 6608332
3096071 7194892
3096071 7344392
3096071 7377812
3096071 7434902
3096071 9451052
3096071 13356642
3096071 14155052
3096071 14179545
3096071 14269093
3096071 14269220
3096071 14453798
3096071 14471778
3096071 14575846
3096071 14589257
3096071 14609321
3096071 14691709
3096071 14750463
3096071 14922225
3096071 15112961
3096071 15154217
3096071 15222083
3096071 15234657
3096071 15234679
3096071 15259010
3096071 15488968
3096071 15520280
3096071 15582769
3096071 15681129
3096071 15838599
3096071 16079941
3096071 16098603
3096071 16265412
3096071 16651072
3096071 17028313
3096071 17092592
3096071 17552077
3096071 18301663
3096071 18445879
3096071 18666844
3096071 18715024
3096071 18849368
3096071 18875718
3096071 19161407
3096071 19162933
3096071 19353331
3096071 19414296
3096071 19603370
3096071 20019469
3096071 20273398
3096071 20880546
3096071 22831657
3096071 22841103
3096071 23140494
3096071 24942585
3096071 25538903
3096071 28960709
3096071 31037985
3096071 31808762
3096071 33191389
3096071 35894617
3096071 36311369
3096071 38389963
3096071 38514229
3096071 38724356
3096071 43626328
3096071 43898124
3096071 48485771
3096071 58714972
3096071 87571114
3096071 87764480
3096071 88501703
3096071 97027664
3096071 121258930
3096071 144040563
3096071 144723989
3096071 146071420
3096071 146155608
3096071 155976326
3096071 179524189
3096071 203261300
3096071 293854513
3202891 10350
3202891 15913
3202891 1183041
3202891 3443591
3202891 7861312
3202891 15447248
3202891 17140787
3202891 18285245
3227431 15913
3227431 1134701
3227431 7861312
3227431 14269220
3227431 15555645
3227431 15734515
3227431 16097743
3227431 16660064
3227431 28037700
3227431 30023595
3227431 90678206
3227431 235818781
3242491 15913
3242491 1065921
3242491 1249431
3242491 1937751
3242491 2549701
3242491 2585721
3242491 2589661
3242491 2593511
3242491 2757281
3242491 2911091
3242491 3296721
3242491 3359851
3242491 3749371
3242491 3824401
3242491 4068821
3242491 4398351
3242491 5265131
3242491 5442012
3242491 5971232
3242491 6086752
3242491 6478202
3242491 6608332
3242491 6724092
3242491 6896262
3242491 7626162
3242491 8001572
3242491 8054392
3242491 8541492
3242491 9500062
3242491 11272122
3242491 11461102
3242491 14506809
3242491 14750463
3242491 15447248
3242491 18181487
3242491 19595287
3242491 19732725
3242491 24911468
3242491 57244828
3253671 15913
3253671 852301
3253671 1045521
3253671 1065921
3253671 1247691
3253671 1937751
3253671 2570021
3253671 2576401
3253671 2589661
3253671 3042321
3253671 3062761
3253671 3277381
3253671 3292401
3253671 3296721
3253671 3321441
3253671 3359851
3253671 3443591
3253671 3550301
3253671 4065921
3253671 4398351
3253671 5193261
3253671 5650332
3253671 6085372
3253671 6086752
3253671 6376212
3253671 6834572
3253671 7159422
3253671 7446452
3253671 8001572
3253671 8541492
3253671 9413072
3253671 9670952
3253671 9719882
3253671 10985532
3253671 11272122
3253671 11461102
3253671 12298182
3253671 12494542
3253671 12681982
3253671 13894102
3253671 14075794
3253671 14168488
3253671 14232363
3253671 14269220
3253671 14355610
3253671 14444530
3253671 14456200
3253671 14559570
3253671 14709855
3253671 14921836
3253671 15394673
3253671 16030324
3253671 16098603
3253671 16134428
3253671 16547411
3253671 16660064
3253671 16834674
3253671 17140787
3253671 17526132
3253671 18101470
3253671 18285245
3253671 18666844
3253671 18890465
3253671 19519349
3253671 19595287
3253671 19732725
3253671 19774817
3253671 20624600
3253671 21430043
3253671 22831657
3253671 22900797
3253671 25649234
3253671 27956824
3253671 30528575
3253671 31232850
3253671 59804598
3253671 64624131
3253671 71862367
3253671 123004655
3253671 126048747
3253671 174541760
3253671 277727866
3253671 282339563
3277381 15913
3277381 852301
3277381 1045521
3277381 3042321
3277381 3359851
3277381 3443591
3277381 5650332
3277381 6086752
3277381 6376212
3277381 6834572
3277381 7446452
3277381 8541492
3277381 9413072
3277381 12681982
3277381 14269220
3277381 14559570
3277381 18285245
3277381 18666844
3277381 19595287
3277381 22831657
3277381 27956824
3277381 59804598
3277381 71862367
3292401 15913
3292401 852301
3292401 3359851
3292401 4398351
3292401 6086752
3292401 14269220
3296721 15913
3296721 1045521
3296721 1065921
3296721 1247691
3296721 1249431
3296721 1937751
3296721 2549701
3296721 2570021
3296721 2593511
3296721 2757281
3296721 2911091
3296721 3062761
3296721 3242491
3296721 3253671
3296721 3277381
3296721 3321441
3296721 3359851
3296721 3443591
3296721 3550301
3296721 3749371
3296721 3824401
3296721 4065921
3296721 4398351
3296721 5193261
3296721 5442012
3296721 5650332
3296721 5906322
3296721 5971232
3296721 6086752
3296721 6724092
3296721 6834572
3296721 7159422
3296721 7446452
3296721 7626162
3296721 7861312
3296721 8001572
3296721 8054392
3296721 8541492
3296721 9413072
3296721 9451052
3296721 9670952
3296721 11272122
3296721 11461102
3296721 12298182
3296721 12681982
3296721 13894102
3296721 14168488
3296721 14232363
3296721 14269220
3296721 14355610
3296721 14444530
3296721 14506809
3296721 14559570
3296721 14709855
3296721 15394673
3296721 15670515
3296721 16098603
3296721 16134428
3296721 16547411
3296721 16831715
3296721 17140787
3296721 18101470
3296721 18666844
3296721 18890465
3296721 18946688
3296721 19519349
3296721 19558435
3296721 19595287
3296721 19732725
3296721 19774817
3296721 20327583
3296721 20624600
3296721 20642115
3296721 20880546
3296721 21339114
3296721 22831657
3296721 22900797
3296721 22970486
3296721 24742040
3296721 24911468
3296721 25649234
3296721 27956824
3296721 48485771
3296721 52934175
3296721 59414975
3296721 59804598
3296721 60642921
3296721 64624131
3296721 71862367
3296721 87620061
3296721 96869096
3296721 123004655
3296721 128968339
3296721 146155608
3296721 151223147
3296721 214618570
3296721 282339563
3299561 15913
3299561 1134701
3299561 7860742
3299561 7861312
3299561 7872262
3299561 7874622
3299561 7875762
3299561 7875912
3299561 7925002
3299561 8470732
3299561 8541492
3299561 14416334
3299561 14515313
3299561 14922225
3299561 15734515
3299561 16098603
3299561 18068719
3299561 24641194
3299561 34378922
3299561 36993162
3299561 40753289
3299561 45416789
3299561 57986173
3299561 65913144
3299561 71606873
3299561 129279693
3299561 235818781
3321441 10350
3321441 12223
3321441 15913
3321441 852301
3321441 1045521
3321441 1065921
3321441 1183041
3321441 1247691
3321441 1249431
3321441 1702611
3321441 1712051
3321441 2570021
3321441 3253671
3321441 3277381
3321441 3296721
3321441 3359851
3321441 3443591
3321441 3824401
3321441 3954801
3321441 4065921
3321441 4068821
3321441 4398351
3321441 5442012
3321441 5650332
3321441 6085372
3321441 6086752
3321441 6608332
3321441 7194892
3321441 7344392
3321441 7434902
3321441 7446452
3321441 7861312
3321441 8001572
3321441 8541492
3321441 9275742
3321441 9500062
3321441 11461102
3321441 12298182
3321441 12681982
3321441 13185852
3321441 14155052
3321441 14168488
3321441 14232363
3321441 14269220
3321441 14355610
3321441 14363438
3321441 14453798
3321441 14498622
3321441 14559570
3321441 14575846
3321441 14589257
3321441 14709855
3321441 14750463
3321441 15154217
3321441 15222083
3321441 15394673
3321441 15488968
3321441 15575251
3321441 15582769
3321441 15638249
3321441 15837367
3321441 16079941
3321441 16134428
3321441 16513135
3321441 17140787
3321441 17526132
3321441 17794004
3321441 18285245
3321441 18666844
3321441 18715024
3321441 18849368
3321441 18890465
3321441 18955305
3321441 19550535
3321441 19595287
3321441 19732725
3321441 20327583
3321441 20624600
3321441 21430043
3321441 21637624
3321441 22831657
3321441 22900797
3321441 27956824
3321441 31232850
3321441 39394932
3321441 48485771
3321441 59804598
3321441 64488804
3321441 84043660
3321441 123004655
3321441 144040563
3359851 7846
3359851 10350
3359851 12223
3359851 13348
3359851 15913
3359851 65673
3359851 852301
3359851 1045521
3359851 1065921
3359851 1072591
3359851 1100661
3359851 1134701
3359851 1183041
3359851 1247691
3359851 1249431
3359851 1548841
3359851 1702611
3359851 1712051
3359851 1937751
3359851 2260771
3359851 2549701
3359851 2570021
3359851 2585721
3359851 2593511
3359851 2752851
3359851 2757281
3359851 2911091
3359851 3096071
3359851 3242491
3359851 3253671
3359851 3277381
3359851 3292401
3359851 3296721
3359851 3321441
3359851 3380291
3359851 3442781
3359851 3443591
3359851 3462421
3359851 3550301
3359851 3733331
3359851 3824401
3359851 4065921
3359851 4068821
3359851 4398351
3359851 5193261
3359851 5413042
3359851 5442012
3359851 5443002
3359851 5445442
3359851 5452672
3359851 5650332
3359851 5906322
3359851 5971232
3359851 6080022
3359851 6085372
3359851 6086752
3359851 6240732
3359851 6478202
3359851 6608332
3359851 6724092
3359851 6773622
3359851 6896262
3359851 7194892
3359851 7334662
3359851 7344392
3359851 7377812
3359851 7434902
3359851 7565302
3359851 7626162
3359851 7710472
3359851 7852172
3359851 7860742
3359851 7861312
3359851 7872262
3359851 7875762
3359851 7925002
3359851 8001572
3359851 8054392
3359851 8146732
3359851 8541492
3359851 9095652
3359851 9275742
3359851 9413072
3359851 9451052
3359851 9500062
3359851 9610142
3359851 9670952
3359851 10824382
3359851 11461102
3359851 11666142
3359851 12121162
3359851 12127832
3359851 12284582
3359851 12298182
3359851 12681982
3359851 12771872
3359851 13185852
3359851 13356642
3359851 13434622
3359851 13687132
3359851 13894102
3359851 14038862
3359851 14155052
3359851 14168488
3359851 14179545
3359851 14180231
3359851 14224219
3359851 14232363
3359851 14269093
3359851 14269220
3359851 14270527
3359851 14339261
3359851 14416334
3359851 14424667
3359851 14444530
3359851 14453798
3359851 14471778
3359851 14498387
3359851 14506809
3359851 14573745
3359851 14575846
3359851 14589257
3359851 14609321
3359851 14691709
3359851 14709855
3359851 14743923
3359851 14922225
3359851 14935647
3359851 14994418
3359851 15112961
3359851 15154217
3359851 15195755
3359851 15222083
3359851 15234657
3359851 15259010
3359851 15332029
3359851 15394673
3359851 15447248
3359851 15488968
3359851 15520280
3359851 15567576
3359851 15575251
3359851 15578992
3359851 15591032
3359851 15638249
3359851 15681129
3359851 15717287
3359851 15739966
3359851 15838599
3359851 15839551
3359851 15846407
3359851 15853073
3359851 15926497
3359851 16097743
3359851 16098603
3359851 16102815
3359851 16127088
3359851 16134428
3359851 16265412
3359851 16453996
3359851 16513135
3359851 16549423
3359851 16626187
3359851 16799897
3359851 16831715
3359851 16957273
3359851 17016709
3359851 17053354
3359851 17092592
3359851 17140787
3359851 17179687
3359851 17195943
3359851 17409832
3359851 17526132
3359851 17552077
3359851 17702627
3359851 17728340
3359851 17794004
3359851 18087961
3359851 18285245
3359851 18445879
3359851 18581803
3359851 18666844
3359851 18715024
3359851 18731347
3359851 18776017
3359851 18791343
3359851 18811197
3359851 18811254
3359851 18838035
3359851 18849313
3359851 18849368
3359851 18859819
3359851 18875718
3359851 18897157
3359851 18900668
3359851 18912434
3359851 19087813
3359851 19120785
3359851 19129073
3359851 19215583
3359851 19413393
3359851 19414296
3359851 19519349
3359851 19550535
3359851 19558435
3359851 19563357
3359851 19595287
3359851 19603370
3359851 19672395
3359851 19732725
3359851 19774817
3359851 19970426
3359851 19993335
3359851 20273398
3359851 20274104
3359851 20490915
3359851 20495756
3359851 20567578
3359851 20642115
3359851 20880546
3359851 21195122
3359851 21239763
3359851 21339114
3359851 21430043
3359851 21637624
3359851 21686566
3359851 22679419
3359851 22705686
3359851 22831657
3359851 22841103
3359851 22900797
3359851 23140494
3359851 23235056
3359851 23645599
3359851 24004172
3359851 24081780
3359851 24585498
3359851 24636976
3359851 24641194
3359851 24741685
3359851 24742040
3359851 24942585
3359851 25952851
3359851 26000424
3359851 26173611
3359851 27956824
3359851 28202547
3359851 31037985
3359851 31524543
3359851 31808762
3359851 33191389
3359851 33358162
3359851 33464639
3359851 34068984
3359851 34378922
3359851 34711597
3359851 34771668
3359851 36198161
3359851 36311369
3359851 36969785
3359851 38389963
3359851 38514229
3359851 38542252
3359851 39394932
3359851 41172837
3359851 42943177
3359851 45416789
3359851 45784061
3359851 45862504
3359851 47161442
3359851 48485771
3359851 51352986
3359851 55338862
3359851 57986173
3359851 59414975
3359851 59804598
3359851 60968363
3359851 61436635
3359851 63644892
3359851 63787760
3359851 63796828
3359851 64285972
3359851 64488804
3359851 65913144
3359851 66791268
3359851 73077189
3359851 75165115
3359851 81886393
3359851 84043660
3359851 85215038
3359851 85343184
3359851 87764480
3359851 90964854
3359851 92357649
3359851 93905958
3359851 94454911
3359851 96605784
3359851 111164068
3359851 111210694
3359851 114115460
3359851 116952434
3359851 121258930
3359851 132253772
3359851 144040563
3359851 146071420
3359851 146155608
3359851 152065057
3359851 154708725
3359851 155976326
3359851 177564924
3359851 187744415
3359851 191548936
3359851 250831586
3359851 258218804
3359851 268479669
3359851 290097288
3359851 294198566
3359851 297472992
3359851 374936497
3359851 548679814
3380291 15913
3380291 1065921
3380291 1249431
3380291 1937751
3380291 2549701
3380291 2585721
3380291 2589661
3380291 2593511
3380291 2757281
3380291 2911091
3380291 3242491
3380291 3296721
3380291 3359851
3380291 3443591
3380291 3824401
3380291 4068821
3380291 4398351
3380291 5442012
3380291 5906322
3380291 5971232
3380291 6086752
3380291 6724092
3380291 6896262
3380291 7334662
3380291 7409232
3380291 7626162
3380291 8001572
3380291 8054392
3380291 11272122
3380291 14709855
3380291 15670515
3442781 10350
3442781 15913
3442781 3359851
3442781 3443591
3442781 3462421
3442781 5906322
3442781 6068612
3442781 6240732
3442781 7434902
3442781 14269220
3442781 14498622
3442781 15112961
3442781 15234657
3442781 15447248
3442781 18666844
3442781 19414296
3442781 19550535
3442781 19672395
3442781 22831657
3442781 24585498
3442781 48370736
3442781 48485771
3442781 64488804
3442781 93905958
3443591 10350
3443591 15913
3443591 1045521
3443591 1065921
3443591 1183041
3443591 2757281
3443591 3202891
3443591 3253671
3443591 3359851
3443591 3824401
3443591 5650332
3443591 6478202
3443591 7860742
3443591 7861312
3443591 8001572
3443591 8541492
3443591 8914942
3443591 9451052
3443591 9670952
3443591 12298182
3443591 14155052
3443591 14269220
3443591 14414761
3443591 14453798
3443591 14498622
3443591 14559570
3443591 14573745
3443591 14575846
3443591 14709855
3443591 15300838
3443591 15520280
3443591 16079941
3443591 16095572
3443591 16246524
3443591 16265412
3443591 17140787
3443591 17526132
3443591 18285245
3443591 18892183
3443591 19595287
3443591 19732725
3443591 21342557
3443591 27956824
3443591 33191389
3443591 64488804
3443591 65913144
3443591 71862367
3443591 174541760
3462421 15913
3462421 1065921
3462421 1183041
3462421 1702611
3462421 3096071
3462421 3442781
3462421 5413042
3462421 5906322
3462421 6068612
3462421 6608332
3462421 7194892
3462421 7344392
3462421 7434902
3462421 13185852
3462421 14269093
3462421 14453798
3462421 14471778
3462421 14575846
3462421 15222083
3462421 15234679
3462421 15838599
3462421 16102815
3462421 16799897
3462421 17031260
3462421 17214479
3462421 18715024
3462421 19087813
3462421 19413393
3462421 33191389
3462421 87764480
3462421 93905958
3550301 15913
3550301 852301
3550301 1045521
3550301 1065921
3550301 1247691
3550301 1249431
3550301 1937751
3550301 2589661
3550301 3042321
3550301 3062761
3550301 3253671
3550301 3277381
3550301 3296721
3550301 3321441
3550301 3359851
3550301 3443591
3550301 4065921
3550301 4398351
3550301 5442012
3550301 5650332
3550301 6085372
3550301 6086752
3550301 6608332
3550301 6834572
3550301 7194892
3550301 7434902
3550301 7446452
3550301 8001572
3550301 8541492
3550301 9670952
3550301 11272122
3550301 12681982
3550301 14168488
3550301 14232363
3550301 14269220
3550301 14355610
3550301 14444530
3550301 14498622
3550301 14575846
3550301 14750463
3550301 15112961
3550301 15222083
3550301 15488968
3550301 16079941
3550301 16874875
3550301 17140787
3550301 18101470
3550301 18445879
3550301 18666844
3550301 18715024
3550301 18890465
3550301 19087813
3550301 19161407
3550301 19595287
3550301 20327583
3550301 20624600
3550301 22841103
3550301 22900797
3550301 27956824
3550301 30528575
3550301 59804598
3550301 87764480
3550301 123004655
3550301 282339563
3733331 10350
3733331 15913
3733331 3359851
3733331 3443591
3733331 5442012
3733331 5906322
3733331 7157132
3733331 9451052
3733331 13687132
3733331 14269220
3733331 14691709
3733331 15222083
3733331 18581803
3733331 18666844
3733331 18900668
3733331 19563357
3733331 20273398
3733331 22679419
3733331 33191389
3733331 41172837
3733331 42943177
3733331 51352986
3733331 59804598
3733331 87764480
3749371 15913
3749371 1065921
3749371 1249431
3749371 1937751
3749371 2549701
3749371 2589661
3749371 2757281
3749371 3242491
3749371 3296721
3749371 3443591
3749371 3824401
3749371 4398351
3749371 5650332
3749371 6086752
3749371 6724092
3749371 7159422
3749371 8001572
3749371 8054392
3749371 14269220
3749371 17526132
3749371 18181487
3824401 10350
3824401 15913
3824401 1065921
3824401 1072591
3824401 1247691
3824401 1249431
3824401 1702611
3824401 1937751
3824401 2549701
3824401 2585721
3824401 2589661
3824401 2593511
3824401 2757281
3824401 2911091
3824401 3242491
3824401 3296721
3824401 3321441
3824401 3359851
3824401 3380291
3824401 3749371
3824401 4398351
3824401 5442012
3824401 5650332
3824401 6724092
3824401 6896262
3824401 7159422
3824401 7409232
3824401 7626162
3824401 8001572
3824401 8054392
3824401 8541492
3824401 11272122
3824401 11461102
3824401 14232363
3824401 14269220
3824401 14688086
3824401 14709855
3824401 16366923
3824401 16513135
3824401 17195943
3824401 17526132
3824401 18181487
3824401 18666844
3824401 19732725
3824401 55338862
3954801 12223
3954801 15913
3954801 1045521
3954801 1247691
3954801 1702611
3954801 3321441
3954801 4068821
3954801 4291741
3954801 5413042
3954801 5442012
3954801 6085372
3954801 6608332
3954801 9095652
3954801 9610142
3954801 13185852
3954801 13687132
3954801 14269220
3954801 14453798
3954801 14498622
3954801 14575846
3954801 14692604
3954801 14935647
3954801 15222083
3954801 15447248
3954801 15488968
3954801 15582769
3954801 15591032
3954801 16134428
3954801 16458937
3954801 16463030
3954801 16874875
3954801 18666844
3954801 18715024
3954801 19550535
3954801 19595287
3954801 19672395
3954801 19759597
3954801 20205471
3954801 20327583
3954801 21339114
3954801 21430043
3954801 23645599
3954801 24585498
3954801 24742040
3954801 31296704
3954801 39394932
3954801 45862504
3954801 51352986
3954801 59804598
3954801 84043660
3954801 87620061
3954801 87764480
3954801 117187783
3954801 130202887
3954801 384388981
4065921 15913
4065921 852301
4065921 1045521
4065921 1065921
4065921 1937751
4065921 3062761
4065921 3277381
4065921 3296721
4065921 3359851
4065921 3443591
4065921 3550301
4065921 4398351
4065921 5650332
4065921 6085372
4065921 6086752
4065921 6834572
4065921 7159422
4065921 7446452
4065921 7860742
4065921 8001572
4065921 8541492
4065921 9670952
4065921 13894102
4065921 14180231
4065921 14269220
4065921 18101470
4065921 18666844
4065921 19595287
4065921 20624600
4065921 22900797
4065921 90964854
4068821 15913
4068821 1065921
4068821 1072591
4068821 1247691
4068821 1249431
4068821 1937751
4068821 2589661
4068821 2757281
4068821 2911091
4068821 3062761
4068821 3242491
4068821 3253671
4068821 3321441
4068821 3359851
4068821 3443591
4068821 3954801
4068821 5265131
4068821 5442012
4068821 5906322
4068821 6080022
4068821 6086752
4068821 6478202
4068821 6608332
4068821 6724092
4068821 6896262
4068821 7194892
4068821 7334662
4068821 7344392
4068821 7377812
4068821 7409232
4068821 7446452
4068821 7565302
4068821 7860742
4068821 8001572
4068821 8054392
4068821 8470732
4068821 8541492
4068821 9413072
4068821 9451052
4068821 9500062
4068821 11272122
4068821 11461102
4068821 12681982
4068821 14232363
4068821 14269220
4068821 14424667
4068821 14470019
4068821 14506809
4068821 14536491
4068821 14573745
4068821 14575846
4068821 14609321
4068821 14691709
4068821 14692604
4068821 15222083
4068821 15394673
4068821 15488968
4068821 15837367
4068821 16079941
4068821 16134428
4068821 17092592
4068821 17526132
4068821 17794004
4068821 18666844
4068821 18715024
4068821 19413393
4068821 19595287
4068821 19732725
4068821 20262322
4068821 20273398
4068821 20274104
4068821 20327583
4068821 24641194
4068821 24742040
4068821 28933226
4068821 57244828
4068821 59804598
4068821 84043660
4068821 87764480
4068821 93905958
4068821 151222531
4068821 235216483
4068821 430174478
4068821 548679814
4291741 12223
4291741 15913
4291741 1702611
4291741 3096071
4291741 3954801
4291741 5442012
4291741 6085372
4291741 6608332
4291741 7194892
4291741 9095652
4291741 13185852
4291741 14038862
4291741 14453798
4291741 14575846
4291741 15112961
4291741 15154217
4291741 15222083
4291741 15447248
4291741 15488968
4291741 15582769
4291741 15591032
4291741 15638249
4291741 16134428
4291741 16458937
4291741 16463030
4291741 16874875
4291741 18666844
4291741 19087813
4291741 19550535
4291741 19595287
4291741 19672395
4291741 19759597
4291741 21339114
4291741 21993653
4291741 23645599
4291741 24585498
4291741 31296704
4291741 39394932
4291741 45862504
4291741 51352986
4291741 52934175
4291741 53789489
4291741 64488804
4291741 87764480
4291741 130202887
4398351 15913
4398351 1249431
4398351 1937751
4398351 2549701
4398351 3242491
4398351 3253671
4398351 3296721
4398351 3321441
4398351 3824401
4398351 4065921
4398351 5650332
4398351 6085372
4398351 6086752
4398351 6608332
4398351 6724092
4398351 7377812
4398351 7434902
4398351 8001572
4398351 9413072
4398351 12681982
4398351 14075794
4398351 14559570
4398351 15488968
4398351 18666844
4398351 18890465
4398351 21430043
4398351 22900797
4398351 59804598
4398351 144040563
4398351 174541760
4398351 297472992
4622401 15913
4622401 1045521
4622401 8541492
4622401 12298182
4622401 15853073
4622401 16799897
4622401 17409832
4622401 19622462
4812381 15913
4812381 756379
4812381 9451052
4812381 12101862
4812381 13356642
4812381 14224219
4812381 15112961
4812381 15222083
4812381 18666844
4812381 19550535
4812381 33191389
4893411 10350
4893411 15913
4893411 1183041
4893411 1775861
4893411 5848412
4893411 6068612
4893411 7861312
4893411 7861622
4893411 8914942
4893411 15300838
4893411 15362015
4893411 15583454
4893411 15914737
4893411 16513135
5193261 15913
5193261 1937751
5193261 3296721
5193261 3359851
5193261 3443591
5193261 5650332
5193261 6834572
5193261 7446452
5193261 9670952
5193261 11272122
5193261 14269220
5193261 14444530
5193261 14709855
5193261 16547411
5193261 17140787
5193261 18285245
5193261 18666844
5193261 19595287
5193261 19774817
5193261 22831657
5193261 27956824
5193261 59804598
5193261 123004655
5193261 282339563
5265131 15913
5265131 3242491
5265131 3443591
5265131 4068821
5265131 5442012
5265131 5443002
5265131 5650332
5265131 6608332
5265131 6724092
5265131 9451052
5265131 9500062
5265131 14180231
5265131 14269220
5265131 14498622
5265131 14506809
5265131 14536491
5265131 14609321
5265131 15575251
5265131 17794004
5265131 18666844
5265131 18849313
5265131 18900668
5265131 18912434
5265131 19563357
5265131 19595287
5265131 84043660
5265131 87764480
5265131 93905958
5413042 12223
5413042 15913
5413042 1065921
5413042 1702611
5413042 3359851
5413042 3443591
5413042 3462421
5413042 5443002
5413042 5906322
5413042 6085372
5413042 6206612
5413042 6608332
5413042 7194892
5413042 7344392
5413042 7377812
5413042 7434902
5413042 9451052
5413042 13185852
5413042 13356642
5413042 14137885
5413042 14224219
5413042 14269093
5413042 14453798
5413042 14575846
5413042 14692604
5413042 14999606
5413042 15154217
5413042 15222083
5413042 15447248
5413042 15575251
5413042 15582769
5413042 15591032
5413042 15638249
5413042 15681129
5413042 16102815
5413042 16458937
5413042 16799897
5413042 16874875
5413042 17031260
5413042 17214479
5413042 18715024
5413042 18755518
5413042 18849368
5413042 18892183
5413042 19087813
5413042 19413393
5413042 19414296
5413042 19595287
5413042 19672395
5413042 22679419
5413042 22841103
5413042 23645599
5413042 24585498
5413042 33191389
5413042 36311369
5413042 39394932
5413042 45862504
5413042 48485771
5413042 93905958
5436192 10350
5436192 15913
5436192 1702611
5436192 2158461
5436192 3096071
5436192 6608332
5436192 7377812
5436192 13687132
5436192 14180231
5436192 14573745
5436192 14575846
5436192 14691709
5436192 15098511
5436192 15259010
5436192 15582769
5436192 16458937
5436192 17214479
5436192 17977714
5436192 18301663
5436192 18445879
5436192 18666844
5436192 19550535
5436192 31296704
5436192 90385486
5436192 275608958
5442012 15913
5442012 1045521
5442012 1065921
5442012 1072591
5442012 1712051
5442012 1937751
5442012 2024911
5442012 2549701
5442012 2585721
5442012 2593511
5442012 2757281
5442012 2911091
5442012 3096071
5442012 3242491
5442012 3296721
5442012 3359851
5442012 3442781
5442012 3550301
5442012 3733331
5442012 3824401
5442012 3954801
5442012 4068821
5442012 4291741
5442012 4398351
5442012 5265131
5442012 5443002
5442012 5445442
5442012 5452672
5442012 5650332
5442012 5906322
5442012 6080022
5442012 6086752
5442012 6206612
5442012 6608332
5442012 6724092
5442012 6896262
5442012 7157132
5442012 7334662
5442012 7344392
5442012 7377812
5442012 7434902
5442012 7565302
5442012 7626162
5442012 7702232
5442012 7860742
5442012 7861312
5442012 7872262
5442012 8001572
5442012 8054392
5442012 8254252
5442012 8541492
5442012 9117202
5442012 9275742
5442012 9313312
5442012 9413072
5442012 9451052
5442012 9500062
5442012 10115042
5442012 10824382
5442012 11272122
5442012 11461102
5442012 11911082
5442012 12127832
5442012 12681982
5442012 12771872
5442012 14038862
5442012 14155052
5442012 14179545
5442012 14180231
5442012 14269220
5442012 14270527
5442012 14416334
5442012 14424667
5442012 14446419
5442012 14453798
5442012 14470019
5442012 14471778
5442012 14498622
5442012 14506809
5442012 14536491
5442012 14559570
5442012 14573745
5442012 14589257
5442012 14750463
5442012 14935647
5442012 14994418
5442012 15112961
5442012 15154217
5442012 15222083
5442012 15234657
5442012 15234679
5442012 15332029
5442012 15394673
5442012 15447248
5442012 15488968
5442012 15520280
5442012 15575251
5442012 15653423
5442012 15681129
5442012 15837367
5442012 15853668
5442012 16097743
5442012 16098603
5442012 16127088
5442012 16134428
5442012 16265412
5442012 16438354
5442012 16453996
5442012 16484687
5442012 16513135
5442012 16626187
5442012 16651072
5442012 16715096
5442012 16799897
5442012 17028313
5442012 17092592
5442012 17526132
5442012 17552077
5442012 17564647
5442012 17586739
5442012 17632072
5442012 17794004
5442012 18021714
5442012 18087961
5442012 18181487
5442012 18257270
5442012 18345193
5442012 18532553
5442012 18581803
5442012 18628082
5442012 18666844
5442012 18715024
5442012 18776017
5442012 18791343
5442012 18849313
5442012 18859819
5442012 18900668
5442012 18912434
5442012 19049747
5442012 19161407
5442012 19162933
5442012 19413393
5442012 19414296
5442012 19505302
5442012 19603370
5442012 19720019
5442012 19732725
5442012 19774817
5442012 20019469
5442012 20262322
5442012 20273398
5442012 20274104
5442012 20323999
5442012 20327583
5442012 20471349
5442012 20880546
5442012 21075893
5442012 21195122
5442012 21369192
5442012 21430043
5442012 21678052
5442012 22273748
5442012 22705686
5442012 22831657
5442012 22841103
5442012 23140494
5442012 23457239
5442012 23645599
5442012 24004172
5442012 24081780
5442012 24585498
5442012 24742040
5442012 24911468
5442012 24942585
5442012 25026165
5442012 25082762
5442012 25827166
5442012 25952851
5442012 26000424
5442012 26256596
5442012 28281437
5442012 28302257
5442012 28478859
5442012 28719244
5442012 28775296
5442012 28933226
5442012 28960709
5442012 30680870
5442012 31037985
5442012 31524543
5442012 33191389
5442012 34356968
5442012 34771668
5442012 36198161
5442012 37444945
5442012 38724356
5442012 41937748
5442012 42070873
5442012 42361118
5442012 43626328
5442012 43920492
5442012 44234944
5442012 45416789
5442012 45509346
5442012 45705189
5442012 45862504
5442012 47495471
5442012 48485771
5442012 48621884
5442012 52559331
5442012 54514600
5442012 55655811
5442012 57244828
5442012 59414975
5442012 59804598
5442012 61853583
5442012 63644892
5442012 64285972
5442012 64488804
5442012 65913144
5442012 69679166
5442012 72156360
5442012 75165115
5442012 75914648
5442012 82969251
5442012 84043660
5442012 84052794
5442012 86852135
5442012 87764480
5442012 90385486
5442012 93905958
5442012 94414805
5442012 94454911
5442012 95109615
5442012 97027664
5442012 97551846
5442012 101633415
5442012 105150583
5442012 111210694
5442012 116952434
5442012 117187783
5442012 117541123
5442012 121258930
5442012 123004655
5442012 130202887
5442012 131350078
5442012 132253772
5442012 144040563
5442012 144723989
5442012 146071420
5442012 146155608
5442012 146320301
5442012 146350964
5442012 151223147
5442012 151711230
5442012 152065057
5442012 152435436
5442012 155976326
5442012 160959034
5442012 179524189
5442012 183663839
5442012 195795250
5442012 196710000
5442012 198876913
5442012 200212364
5442012 203261300
5442012 207752295
5442012 221198749
5442012 238289569
5442012 238308325
5442012 245394117
5442012 259074185
5442012 265732976
5442012 270076706
5442012 278062722
5442012 299442187
5442012 306445007
5442012 307642294
5442012 309325161
5442012 309366491
5442012 310233571
5442012 324061899
5442012 341840097
5442012 343042051
5442012 355637036
5442012 356447837
5442012 365904984
5442012 384388981
5442012 401029555
5442012 411273721
5442012 416718047
5442012 421848829
5442012 422950468
5442012 430174478
5442012 446023451
5442012 466645680
5442012 499839056
5442012 529658284
5442012 548679814
5443002 15913
5443002 1045521
5443002 3253671
5443002 3359851
5443002 3442781
5443002 3443591
5443002 4068821
5443002 5906322
5443002 6240732
5443002 7852172
5443002 9451052
5443002 12121162
5443002 13687132
5443002 14155052
5443002 14269220
5443002 14446419
5443002 14589257
5443002 14691709
5443002 14709855
5443002 14922225
5443002 15234657
5443002 15838599
5443002 16079941
5443002 17092592
5443002 17140787
5443002 18666844
5443002 18791343
5443002 18900668
5443002 19413393
5443002 19595287
5443002 19970426
5443002 20274104
5443002 21430043
5443002 21637624
5443002 22831657
5443002 22900797
5443002 24585498
5443002 24742040
5443002 34068984
5443002 36969785
5443002 42943177
5443002 48370736
5443002 59414975
5443002 59804598
5443002 64285972
5443002 73077189
5443002 87764480
5443002 90964854
5443002 93905958
5443002 96605784
5443002 151222531
5443002 151223147
5443002 154708725
5443002 155620461
5443002 290097288
5443002 294198566
5443002 384388981
5445442 15913
5445442 1065921
5445442 3096071
5445442 3359851
5445442 5442012
5445442 6724092
5445442 7377812
5445442 7861312
5445442 14589257
5445442 14629510
5445442 15112961
5445442 16626187
5445442 17028313
5445442 17526132
5445442 17552077
5445442 18181487
5445442 18232304
5445442 19049747
5445442 19162933
5445442 24942585
5445442 48485771
5445442 59804598
5445442 121258930
5445442 144040563
5445442 146155608
5445442 152435436
5445442 155976326
5452672 15913
5452672 1712051
5452672 3096071
5452672 5442012
5452672 14424667
5452672 14471778
5452672 14589257
5452672 14750463
5452672 15112961
5452672 15154217
5452672 15234679
5452672 15488968
5452672 16438354
5452672 16799897
5452672 17140787
5452672 17526132
5452672 17552077
5452672 19732725
5452672 20019469
5452672 20273398
5452672 20880546
5452672 23140494
5452672 24742040
5452672 24942585
5452672 31037985
5452672 38724356
5452672 41172837
5452672 48485771
5452672 97027664
5452672 121258930
5452672 144040563
5452672 146155608
5452672 155976326
5650332 15913
5650332 852301
5650332 1045521
5650332 1065921
5650332 1072591
5650332 1134701
5650332 1183041
5650332 1247691
5650332 2589661
5650332 2718241
5650332 2757281
5650332 2911091
5650332 3042321
5650332 3062761
5650332 3253671
5650332 3277381
5650332 3296721
5650332 3321441
5650332 3359851
5650332 3443591
5650332 3550301
5650332 3824401
5650332 4065921
5650332 4398351
5650332 5193261
5650332 5442012
5650332 5906322
5650332 6085372
5650332 6086752
5650332 6376212
5650332 6478202
5650332 6724092
5650332 6834572
5650332 7159422
5650332 7409232
5650332 7446452
5650332 7860742
5650332 7861312
5650332 7872262
5650332 7925002
5650332 8001572
5650332 8054392
5650332 8470732
5650332 8541492
5650332 8914942
5650332 9413072
5650332 9500062
5650332 9670952
5650332 11272122
5650332 11461102
5650332 12298182
5650332 13894102
5650332 14232363
5650332 14269220
5650332 14355610
5650332 14411683
5650332 14500681
5650332 14517343
5650332 14559570
5650332 14681779
5650332 14709855
5650332 14750463
5650332 15555645
5650332 16097743
5650332 16098603
5650332 16134428
5650332 16366923
5650332 16453996
5650332 16507692
5650332 16547411
5650332 16660064
5650332 16834674
5650332 17140787
5650332 17526132
5650332 17759701
5650332 18101470
5650332 18181487
5650332 18285245
5650332 18666844
5650332 18776017
5650332 19595287
5650332 19622462
5650332 19732725
5650332 19774817
5650332 20624600
5650332 20642115
5650332 21195122
5650332 22900797
5650332 27956824
5650332 28037700
5650332 30023595
5650332 30528575
5650332 45416789
5650332 47161442
5650332 57986173
5650332 59414975
5650332 59804598
5650332 64624131
5650332 65913144
5650332 71862367
5650332 97027664
5650332 126979753
5650332 151223147
5650332 174541760
5650332 282339563
5659342 15913
5676102 13348
5676102 15913
5676102 229523
5676102 755165
5676102 765694
5676102 789658
5676102 849131
5676102 1455911
5676102 2572271
5676102 12101862
5676102 13434092
5676102 14874480
5676102 15416485
5676102 15670515
5676102 16120265
5676102 16409781
5676102 16425197
5676102 16930986
5676102 24741685
5676102 49465463
5848412 10350
5848412 15913
5848412 1183041
5848412 4893411
5848412 7861312
5848412 9451052
5848412 15488968
5848412 15575251
5848412 18445879
5848412 18755518
5848412 48485771
5906322 12223
5906322 15913
5906322 1249431
5906322 2585721
5906322 2593511
5906322 3242491
5906322 3253671
5906322 3296721
5906322 3359851
5906322 3380291
5906322 3442781
5906322 3443591
5906322 3462421
5906322 3824401
5906322 4068821
5906322 4398351
5906322 5413042
5906322 5443002
5906322 6068612
5906322 6086752
5906322 6240732
5906322 7334662
5906322 7434902
5906322 7626162
5906322 7861312
5906322 13185852
5906322 13687132
5906322 14038862
5906322 14269220
5906322 14575846
5906322 14709855
5906322 14922225
5906322 15112961
5906322 15234657
5906322 15259010
5906322 15447248
5906322 15578992
5906322 15838599
5906322 16127088
5906322 16513135
5906322 17031260
5906322 17092592
5906322 17214479
5906322 17526132
5906322 18285245
5906322 18666844
5906322 18755518
5906322 18776017
5906322 18791343
5906322 18849313
5906322 18900668
5906322 19413393
5906322 19414296
5906322 20274104
5906322 21339114
5906322 21637624
5906322 22841103
5906322 23645599
5906322 24585498
5906322 24742040
5906322 31037985
5906322 31296704
5906322 34068984
5906322 34378922
5906322 45862504
5906322 48485771
5906322 59414975
5906322 64488804
5906322 90964854
5906322 93905958
5906322 144040563
5906322 146155608
5906322 151222531
5906322 430174478
5971232 15913
5971232 1065921
5971232 1249431
5971232 2549701
5971232 2585721
5971232 2589661
5971232 2593511
5971232 2757281
5971232 3242491
5971232 3296721
5971232 3359851
5971232 3443591
5971232 3749371
5971232 3824401
5971232 4068821
5971232 4398351
5971232 6086752
5971232 6724092
5971232 7334662
5971232 7626162
5971232 8001572
5971232 8054392
5971232 18666844
5971232 19732725
6068612 10350
6068612 15913
6068612 1183041
6068612 3442781
6068612 4893411
6068612 5906322
6068612 15222083
6068612 16098603
6068612 16799897
6068612 16909832
6068612 19550535
6068612 24585498
6068612 28202547
6068612 48485771
6068612 93905958
6080022 15913
6080022 1065921
6080022 1072591
6080022 1134701
6080022 3062761
6080022 3359851
6080022 3443591
6080022 4068821
6080022 5442012
6080022 7157132
6080022 7852172
6080022 7860742
6080022 7861312
6080022 7861622
6080022 7872262
6080022 7875762
6080022 8001572
6080022 8470732
6080022 8541492
6080022 9413072
6080022 9500062
6080022 12127832
6080022 12681982
6080022 12771872
6080022 13687132
6080022 13894102
6080022 14180231
6080022 14269220
6080022 14270527
6080022 14424667
6080022 14470019
6080022 14498387
6080022 14506809
6080022 14609321
6080022 14922225
6080022 15112961
6080022 15154217
6080022 15234657
6080022 15488968
6080022 15853668
6080022 16097743
6080022 16098603
6080022 16453996
6080022 16799897
6080022 17092592
6080022 17526132
6080022 17722816
6080022 17759701
6080022 18021714
6080022 18581803
6080022 18666844
6080022 18776017
6080022 18859819
6080022 19732725
6080022 19774817
6080022 20273398
6080022 20274104
6080022 20490915
6080022 20880546
6080022 21195122
6080022 23404076
6080022 24004172
6080022 24081780
6080022 24641194
6080022 24742040
6080022 25026165
6080022 26173611
6080022 28719244
6080022 28933226
6080022 36198161
6080022 36993162
6080022 42361118
6080022 45416789
6080022 47161442
6080022 48370736
6080022 48485771
6080022 57986173
6080022 59414975
6080022 59804598
6080022 60968363
6080022 64488804
6080022 65913144
6080022 71606873
6080022 71862367
6080022 87764480
6080022 101633415
6080022 117187783
6080022 127178017
6080022 222640532
6080022 235216483
6080022 238289569
6080022 242024994
6085372 15913
6085372 852301
6085372 1045521
6085372 1702611
6085372 1937751
6085372 3253671
6085372 3359851
6085372 3443591
6085372 3550301
6085372 3954801
6085372 4065921
6085372 4291741
6085372 4398351
6085372 5413042
6085372 5650332
6085372 6608332
6085372 6834572
6085372 7446452
6085372 8001572
6085372 8541492
6085372 9413072
6085372 14155052
6085372 14168488
6085372 14232363
6085372 14269220
6085372 14498622
6085372 14575846
6085372 15112961
6085372 15222083
6085372 15447248
6085372 15582769
6085372 15591032
6085372 16458937
6085372 17526132
6085372 18666844
6085372 18715024
6085372 19087813
6085372 19595287
6085372 20327583
6085372 22900797
6085372 51352986
6085372 59804598
6086752 15913
6086752 852301
6086752 1045521
6086752 1065921
6086752 1247691
6086752 1249431
6086752 1937751
6086752 2549701
6086752 2585721
6086752 2593511
6086752 2757281
6086752 2911091
6086752 3042321
6086752 3062761
6086752 3242491
6086752 3253671
6086752 3277381
6086752 3296721
6086752 3321441
6086752 3359851
6086752 3443591
6086752 3550301
6086752 3824401
6086752 4065921
6086752 4068821
6086752 4398351
6086752 5442012
6086752 5650332
6086752 6085372
6086752 6724092
6086752 6834572
6086752 7159422
6086752 7409232
6086752 7446452
6086752 7626162
6086752 7861312
6086752 8001572
6086752 8054392
6086752 8541492
6086752 9413072
6086752 9670952
6086752 11272122
6086752 11461102
6086752 12298182
6086752 12681982
6086752 13894102
6086752 14168488
6086752 14269220
6086752 14355610
6086752 14444530
6086752 14500681
6086752 14559570
6086752 14709855
6086752 15394673
6086752 16079941
6086752 16098603
6086752 16134428
6086752 16660064
6086752 17140787
6086752 17526132
6086752 18101470
6086752 18181487
6086752 18285245
6086752 18666844
6086752 19595287
6086752 19732725
6086752 19774817
6086752 20624600
6086752 21430043
6086752 22831657
6086752 22900797
6086752 24911468
6086752 27956824
6086752 59414975
6086752 59804598
6086752 71862367
6086752 126979753
6086752 174541760
6206612 12223
6206612 15913
6206612 3096071
6206612 5413042
6206612 6608332
6206612 7157132
6206612 7194892
6206612 9095652
6206612 9451052
6206612 13185852
6206612 13356642
6206612 14155052
6206612 14453798
6206612 14589257
6206612 14692604
6206612 15112961
6206612 15154217
6206612 15222083
6206612 15234657
6206612 15591032
6206612 15638249
6206612 15681129
6206612 16102815
6206612 16265412
6206612 18445879
6206612 18715024
6206612 18849368
6206612 18875718
6206612 19049747
6206612 19161407
6206612 19414296
6206612 19595287
6206612 20880546
6206612 22841103
6206612 23645599
6206612 28202547
6206612 33191389
6206612 35894617
6206612 36311369
6206612 64488804
6206612 87764480
6240732 15913
6240732 3359851
6240732 3442781
6240732 5443002
6240732 5906322
6240732 6608332
6240732 7157132
6240732 7565302
6240732 7860742
6240732 10824382
6240732 12970892
6240732 13687132
6240732 14038862
6240732 14688086
6240732 14922225
6240732 15222083
6240732 15234657
6240732 15447248
6240732 15838599
6240732 15853668
6240732 16127088
6240732 19413393
6240732 22679419
6240732 24742040
6240732 48485771
6240732 61436635
6240732 87764480
6240732 90964854
6240732 93905958
6240732 121258930
6243602 15913
6243602 1183041
6243602 59804598
6376212 15913
6376212 3277381
6376212 3443591
6376212 5650332
6376212 8541492
6376212 11461102
6376212 14269220
6376212 14506809
6376212 14559570
6376212 17140787
6376212 17526132
6376212 19732725
6376212 27956824
6376212 59804598
6478202 15913
6478202 729733
6478202 1065921
6478202 1937751
6478202 2718241
6478202 2757281
6478202 3242491
6478202 3359851
6478202 3443591
6478202 4068821
6478202 5442012
6478202 5650332
6478202 6724092
6478202 7377812
6478202 7860742
6478202 8001572
6478202 8054392
6478202 8541492
6478202 9313312
6478202 9500062
6478202 11272122
6478202 11461102
6478202 12127832
6478202 12681982
6478202 13894102
6478202 14180231
6478202 14269220
6478202 14470019
6478202 14506809
6478202 14536491
6478202 15653423
6478202 16513135
6478202 17526132
6478202 17722816
6478202 17794004
6478202 18581803
6478202 18666844
6478202 18776017
6478202 18859819
6478202 19519349
6478202 21195122
6478202 23404076
6478202 28933226
6478202 31037985
6478202 31524543
6478202 34455805
6478202 36198161
6478202 59414975
6478202 71862367
6478202 75165115
6478202 84043660
6478202 116952434
6478202 117187783
6478202 121258930
6478202 144040563
6478202 144723989
6478202 291468308
6547952 10350
6547952 15913
6547952 1065921
6547952 7157132
6547952 7860742
6547952 7861312
6547952 8470732
6547952 14688086
6547952 14691709
6547952 14922225
6547952 15234657
6547952 15575251
6547952 17092592
6547952 17552077
6547952 19413393
6547952 20273398
6547952 22679419
6547952 24004172
6547952 24641194
6547952 48485771
6547952 59804598
6608332 10350
6608332 12223
6608332 15913
6608332 756379
6608332 1045521
6608332 1065921
6608332 1100661
6608332 1183041
6608332 1247691
6608332 1249431
6608332 1702611
6608332 2718241
6608332 2757281
6608332 3096071
6608332 3242491
6608332 3253671
6608332 3359851
6608332 3443591
6608332 3462421
6608332 3550301
6608332 3733331
6608332 3954801
6608332 4068821
6608332 4291741
6608332 4398351
6608332 5265131
6608332 5413042
6608332 5436192
6608332 5442012
6608332 5650332
6608332 5906322
6608332 6085372
6608332 6206612
6608332 6240732
6608332 7157132
6608332 7194892
6608332 7344392
6608332 7377812
6608332 7434902
6608332 7565302
6608332 7860742
6608332 7861312
6608332 8001572
6608332 8054392
6608332 8146732
6608332 8541492
6608332 9095652
6608332 9413072
6608332 9451052
6608332 9610142
6608332 10115042
6608332 10824382
6608332 12127832
6608332 12284582
6608332 12681982
6608332 13185852
6608332 13356642
6608332 13687132
6608332 13894102
6608332 14038862
6608332 14155052
6608332 14168488
6608332 14179545
6608332 14180231
6608332 14232363
6608332 14269220
6608332 14411683
6608332 14453798
6608332 14498622
6608332 14506809
6608332 14536491
6608332 14575846
6608332 14609321
6608332 14688086
6608332 14691709
6608332 14692604
6608332 14750463
6608332 14799177
6608332 14922225
6608332 14935647
6608332 14999606
6608332 15098511
6608332 15112961
6608332 15154217
6608332 15222083
6608332 15234657
6608332 15259010
6608332 15394673
6608332 15447248
6608332 15488968
6608332 15575251
6608332 15578992
6608332 15582769
6608332 15591032
6608332 15638249
6608332 15681129
6608332 15838599
6608332 15839551
6608332 15926497
6608332 16079941
6608332 16098603
6608332 16127088
6608332 16134428
6608332 16265412
6608332 16335197
6608332 16458937
6608332 16626187
6608332 16651072
6608332 16715096
6608332 16799897
6608332 16831715
6608332 16874875
6608332 16957273
6608332 17053354
6608332 17092592
6608332 17195943
6608332 17214479
6608332 17552077
6608332 17610785
6608332 17794004
6608332 18257270
6608332 18301663
6608332 18445879
6608332 18581803
6608332 18628082
6608332 18666844
6608332 18715024
6608332 18755518
6608332 18799041
6608332 18849313
6608332 18875718
6608332 18892183
6608332 18900668
6608332 18912434
6608332 19049747
6608332 19087813
6608332 19161407
6608332 19413393
6608332 19414296
6608332 19525652
6608332 19550535
6608332 19595287
6608332 19622462
6608332 19759597
6608332 20205471
6608332 20273398
6608332 20274104
6608332 20327583
6608332 20624600
6608332 21430043
6608332 22679419
6608332 22841103
6608332 24585498
6608332 24742040
6608332 26173611
6608332 27677879
6608332 31296704
6608332 33191389
6608332 36969785
6608332 38389963
6608332 39394932
6608332 41172837
6608332 42070873
6608332 43880993
6608332 43920492
6608332 45784061
6608332 53789489
6608332 59804598
6608332 60968363
6608332 64488804
6608332 64624131
6608332 84043660
6608332 87764480
6608332 90964854
6608332 92357649
6608332 93905958
6608332 144040563
6608332 154708725
6608332 229141679
6608332 548679814
6724092 15913
6724092 1065921
6724092 1937751
6724092 2549701
6724092 2585721
6724092 2589661
6724092 2718241
6724092 2757281
6724092 2911091
6724092 3242491
6724092 3296721
6724092 3359851
6724092 3380291
6724092 3443591
6724092 3749371
6724092 3824401
6724092 4068821
6724092 4398351
6724092 5265131
6724092 5442012
6724092 5650332
6724092 5906322
6724092 5971232
6724092 6086752
6724092 6478202
6724092 7159422
6724092 7334662
6724092 7626162
6724092 7861312
6724092 8001572
6724092 8054392
6724092 8541492
6724092 9500062
6724092 11272122
6724092 11461102
6724092 13894102
6724092 14269220
6724092 14506809
6724092 14559570
6724092 14709855
6724092 16366923
6724092 17526132
6724092 17794004
6724092 18181487
6724092 18628082
6724092 18666844
6724092 19558435
6724092 19595287
6724092 22970486
6724092 59414975
6724092 59804598
6724092 430174478
6773622 15913
6773622 1045521
6773622 1702611
6773622 5413042
6773622 6608332
6773622 7344392
6773622 14498622
6773622 15112961
6773622 15488968
6773622 15582769
6773622 16134428
6773622 16874875
6773622 18445879
6773622 18715024
6773622 53789489
6773622 235216483
6834572 15913
6834572 852301
6834572 1045521
6834572 1065921
6834572 1937751
6834572 2570021
6834572 2589661
6834572 3042321
6834572 3062761
6834572 3277381
6834572 3296721
6834572 3321441
6834572 3359851
6834572 3443591
6834572 3550301
6834572 4065921
6834572 4398351
6834572 5193261
6834572 5650332
6834572 6085372
6834572 6086752
6834572 7159422
6834572 7446452
6834572 8001572
6834572 8541492
6834572 9670952
6834572 11272122
6834572 14232363
6834572 14269220
6834572 14444530
6834572 14709855
6834572 14921836
6834572 16134428
6834572 16547411
6834572 16660064
6834572 17140787
6834572 17526132
6834572 18101470
6834572 18285245
6834572 18666844
6834572 19595287
6834572 19732725
6834572 20624600
6834572 22831657
6834572 22900797
6834572 27956824
6834572 59804598
6834572 71862367
6834572 123004655
6896262 15913
6896262 1065921
6896262 1937751
6896262 2549701
6896262 2593511
6896262 2757281
6896262 2911091
6896262 3242491
6896262 3359851
6896262 3824401
6896262 4068821
6896262 4398351
6896262 5442012
6896262 5906322
6896262 6086752
6896262 7334662
6896262 7409232
6896262 8001572
6896262 59414975
6896262 59804598
6898832 15913
6898832 1045521
6898832 7861312
6898832 45784061
7078732 15913
7078732 2034901
7078732 9451052
7078732 15154217
7078732 15520280
7078732 20490915
7078732 24742040
7078732 34771668
7078732 59414975
7078732 83506209
7078732 264925735
7157132 15913
7157132 3359851
7157132 5442012
7157132 6608332
7157132 7861312
7157132 9451052
7157132 13687132
7157132 14922225
7157132 15222083
7157132 15234657
7157132 15259010
7157132 15838599
7157132 15853668
7157132 16102815
7157132 16265412
7157132 16513135
7157132 20273398
7157132 21339114
7157132 21993653
7157132 22679419
7157132 22841103
7157132 23645599
7157132 24585498
7157132 24742040
7157132 25026165
7157132 26173611
7157132 28960709
7157132 31037985
7157132 33191389
7157132 41172837
7157132 48485771
7157132 59414975
7157132 87764480
7157132 90964854
7157132 121258930
7157132 144040563
7157132 146155608
7157132 154708725
7157132 203261300
7157132 268479669
7157132 290097288
7157132 294198566
7159422 15913
7159422 852301
7159422 1045521
7159422 2589661
7159422 2757281
7159422 3042321
7159422 3062761
7159422 3253671
7159422 3296721
7159422 3443591
7159422 3824401
7159422 5443002
7159422 5650332
7159422 6086752
7159422 7626162
7159422 8001572
7159422 11272122
7159422 11461102
7159422 12298182
7159422 13894102
7159422 14269220
7159422 14444530
7159422 14500681
7159422 14709855
7159422 15520280
7159422 16366923
7159422 16660064
7159422 16834674
7159422 17140787
7159422 17526132
7159422 18181487
7159422 18285245
7159422 18666844
7159422 19595287
7159422 19732725
7159422 19774817
7159422 20490915
7159422 21430043
7159422 22831657
7159422 24742040
7159422 24911468
7159422 27956824
7159422 34771668
7159422 59414975
7159422 59804598
7159422 126979753
7159422 264925735
7194892 10350
7194892 12223
7194892 15913
7194892 1702611
7194892 3096071
7194892 3359851
7194892 3442781
7194892 3462421
7194892 6608332
7194892 7344392
7194892 9451052
7194892 13185852
7194892 13356642
7194892 14155052
7194892 14179545
7194892 14269220
7194892 14453798
7194892 14471778
7194892 14575846
7194892 14692604
7194892 15222083
7194892 15234657
7194892 15394673
7194892 15488968
7194892 15838599
7194892 16079941
7194892 16098603
7194892 16134428
7194892 16265412
7194892 16458937
7194892 16874875
7194892 18666844
7194892 18875718
7194892 19087813
7194892 19161407
7194892 19595287
7194892 24585498
7194892 31296704
7194892 33191389
7194892 36969785
7194892 38389963
7194892 42070873
7194892 58714972
7194892 84043660
7194892 87764480
7194892 93905958
7194892 97027664
7334662 15913
7334662 1065921
7334662 1937751
7334662 2585721
7334662 2593511
7334662 2757281
7334662 2911091
7334662 3242491
7334662 3296721
7334662 3359851
7334662 3443591
7334662 4068821
7334662 4398351
7334662 5442012
7334662 6724092
7334662 6896262
7334662 7159422
7334662 7409232
7334662 7626162
7334662 8001572
7334662 8054392
7334662 11272122
7334662 13894102
7334662 14709855
7334662 19558435
7334662 21339114
7334662 27956824
7334662 55338862
7334662 59414975
7344392 15913
7344392 1702611
7344392 3096071
7344392 3321441
7344392 3359851
7344392 3462421
7344392 4068821
7344392 5413042
7344392 6608332
7344392 6773622
7344392 7194892
7344392 7434902
7344392 8001572
7344392 13185852
7344392 14269220
7344392 15582769
7344392 16134428
7344392 16364644
7344392 16874875
7344392 17214479
7344392 18715024
7344392 18849368
7344392 18875718
7344392 18890465
7344392 19161407
7344392 24585498
7344392 45862504
7344392 64488804
7344392 144040563
7377812 10350
7377812 12223
7377812 15913
7377812 1045521
7377812 1065921
7377812 1100661
7377812 1183041
7377812 3096071
7377812 3359851
7377812 4068821
7377812 4398351
7377812 5413042
7377812 5436192
7377812 5442012
7377812 6478202
7377812 6608332
7377812 7194892
7377812 7860742
7377812 7861312
7377812 7872262
7377812 8001572
7377812 8470732
7377812 9413072
7377812 9451052
7377812 9500062
7377812 10115042
7377812 10824382
7377812 11461102
7377812 12127832
7377812 12681982
7377812 12771872
7377812 14038862
7377812 14179545
7377812 14180231
7377812 14269093
7377812 14424667
7377812 14453798
7377812 14471778
7377812 14498387
7377812 14498622
7377812 14506809
7377812 14536491
7377812 14573745
7377812 14589257
7377812 14688086
7377812 14691709
7377812 14692604
7377812 14999606
7377812 15098511
7377812 15112961
7377812 15222083
7377812 15234657
7377812 15234679
7377812 15259010
7377812 15447248
7377812 15488968
7377812 15717287
7377812 15838599
7377812 16079941
7377812 16098603
7377812 16265412
7377812 16453996
7377812 16626187
7377812 16799897
7377812 16957273
7377812 17053354
7377812 17076095
7377812 17092592
7377812 18021714
7377812 18345193
7377812 18581803
7377812 18666844
7377812 18715024
7377812 18849313
7377812 18859819
7377812 18890465
7377812 18912434
7377812 18941809
7377812 19049747
7377812 19069709
7377812 19161407
7377812 19413393
7377812 19414296
7377812 19672395
7377812 19732725
7377812 20273398
7377812 20274104
7377812 20327583
7377812 20880546
7377812 21195122
7377812 22679419
7377812 22841103
7377812 24004172
7377812 24585498
7377812 24742040
7377812 25026165
7377812 28933226
7377812 28960709
7377812 31296704
7377812 31808762
7377812 34244280
7377812 34455805
7377812 36198161
7377812 36311369
7377812 38389963
7377812 38514229
7377812 42361118
7377812 45416789
7377812 45862504
7377812 47161442
7377812 48370736
7377812 48485771
7377812 55655811
7377812 57986173
7377812 58714972
7377812 59804598
7377812 64488804
7377812 64624131
7377812 65913144
7377812 69679166
7377812 71606873
7377812 71862367
7377812 75165115
7377812 84043660
7377812 87764480
7377812 88501703
7377812 92357649
7377812 93905958
7377812 94414805
7377812 101633415
7377812 117187783
7377812 128968339
7377812 164024096
7377812 223247584
7377812 250831586
7377812 265732976
7377812 275608958
7377812 291468308
7377812 384388981
7384432 15913
7384432 1183041
7384432 7861312
7384432 14448205
7384432 16799897
7384432 17092862
7384432 28192145
7384432 66499322
7384432 126042901
7409232 15913
7409232 1065921
7409232 1937751
7409232 2549701
7409232 2757281
7409232 2911091
7409232 3242491
7409232 3296721
7409232 3359851
7409232 3380291
7409232 3443591
7409232 3824401
7409232 4068821
7409232 4398351
7409232 5442012
7409232 5650332
7409232 5906322
7409232 6086752
7409232 6896262
7409232 7159422
7409232 7334662
7409232 7626162
7409232 7861312
7409232 8001572
7409232 8054392
7409232 11272122
7409232 11461102
7409232 13894102
7409232 14269220
7409232 14709855
7409232 14994418
7409232 16366923
7409232 17526132
7409232 18181487
7409232 18666844
7409232 19558435
7409232 19732725
7409232 21339114
7409232 24911468
7409232 59804598
7409232 94454911
7434902 12223
7434902 15913
7434902 1702611
7434902 3096071
7434902 3321441
7434902 3359851
7434902 3442781
7434902 3462421
7434902 4398351
7434902 5413042
7434902 5906322
7434902 6068612
7434902 6608332
7434902 6773622
7434902 7344392
7434902 8001572
7434902 12970892
7434902 13185852
7434902 13687132
7434902 14155052
7434902 14224219
7434902 14269093
7434902 14269220
7434902 14453798
7434902 14471778
7434902 14575846
7434902 14609321
7434902 14922225
7434902 15098511
7434902 15112961
7434902 15154217
7434902 15234657
7434902 15488968
7434902 15567576
7434902 15578992
7434902 15582769
7434902 15681129
7434902 15838599
7434902 15839551
7434902 16079941
7434902 16102815
7434902 16134428
7434902 16364644
7434902 16513135
7434902 16799897
7434902 16874875
7434902 17031260
7434902 17214479
7434902 18301663
7434902 18666844
7434902 18715024
7434902 18755518
7434902 18849368
7434902 18875718
7434902 18890465
7434902 18892183
7434902 19087813
7434902 19161407
7434902 19413393
7434902 19414296
7434902 19550535
7434902 19595287
7434902 19732725
7434902 20327583
7434902 22841103
7434902 24585498
7434902 31296704
7434902 36311369
7434902 38514229
7434902 45862504
7434902 48485771
7434902 87571114
7434902 93905958
7434902 121258930
7446452 15913
7446452 852301
7446452 1045521
7446452 1249431
7446452 1937751
7446452 2570021
7446452 3042321
7446452 3062761
7446452 3253671
7446452 3277381
7446452 3296721
7446452 3321441
7446452 3443591
7446452 4065921
7446452 4068821
7446452 4398351
7446452 5193261
7446452 5650332
7446452 6085372
7446452 6086752
7446452 6834572
7446452 7194892
7446452 8001572
7446452 8541492
7446452 9670952
7446452 11272122
7446452 11461102
7446452 12298182
7446452 14232363
7446452 14269220
7446452 16547411
7446452 17140787
7446452 18666844
7446452 19595287
7446452 19732725
7446452 20624600
7446452 22900797
7446452 27956824
7446452 59804598
7446452 71862367
7446452 123004655
7565302 15913
7565302 1183041
7565302 3359851
7565302 5906322
7565302 6608332
7565302 7157132
7565302 7852172
7565302 7861312
7565302 7861622
7565302 9095652
7565302 9451052
7565302 13687132
7565302 14137885
7565302 14922225
7565302 15222083
7565302 15234657
7565302 15259010
7565302 15575251
7565302 15578992
7565302 15838599
7565302 17076095
7565302 17092592
7565302 17195943
7565302 17552077
7565302 17610785
7565302 18849313
7565302 18900668
7565302 19003121
7565302 19413393
7565302 19672395
7565302 22679419
7565302 22841103
7565302 23645599
7565302 24585498
7565302 24741685
7565302 24742040
7565302 26173611
7565302 34711597
7565302 41172837
7565302 45862504
7565302 48370736
7565302 48485771
7565302 59414975
7565302 60642052
7565302 61436635
7565302 64488804
7565302 87764480
7565302 90964854
7565302 92357649
7565302 121258930
7565302 146155608
7565302 290097288
7626162 15913
7626162 1065921
7626162 1249431
7626162 1937751
7626162 2549701
7626162 2593511
7626162 2757281
7626162 2911091
7626162 3242491
7626162 3296721
7626162 3359851
7626162 3824401
7626162 4398351
7626162 5442012
7626162 5650332
7626162 5906322
7626162 5971232
7626162 6086752
7626162 6724092
7626162 7159422
7626162 7334662
7626162 7409232
7626162 8001572
7626162 8054392
7626162 11272122
7626162 11461102
7626162 13894102
7626162 14269220
7626162 15447248
7626162 15670515
7626162 18666844
7626162 19732725
7626162 20642115
7626162 24911468
7626162 27956824
7626162 55338862
7626162 59414975
7702232 15913
7702232 1045521
7702232 1072591
7702232 2609891
7702232 3359851
7702232 7860742
7702232 7872262
7702232 7925002
7702232 8146732
7702232 14411683
7702232 15154217
7702232 15757080
7702232 15838599
7702232 15853668
7702232 16097743
7702232 16098603
7702232 16453996
7702232 17092592
7702232 17526132
7702232 18101470
7702232 18776017
7702232 22273748
7702232 22705686
7702232 24004172
7702232 25026165
7702232 25566593
7702232 25569713
7702232 25827166
7702232 25952851
7702232 26000424
7702232 26256596
7702232 26444473
7702232 28037700
7702232 28960709
7702232 31232539
7702232 34068984
7702232 34771668
7702232 36198161
7702232 38685348
7702232 42361118
7702232 43626328
7702232 50499213
7702232 55019615
7702232 58497291
7702232 59414975
7702232 61853583
7702232 65913144
7702232 66905823
7702232 75914648
7702232 86852135
7702232 113025559
7702232 116952434
7702232 127178017
7702232 128302994
7702232 131350078
7702232 144723989
7702232 184637153
7702232 212498957
7702232 235216483
7702232 238289569
7702232 258218804
7702232 265732976
7702232 309366491
7702232 365904984
7710472 15913
7710472 3359851
7710472 7565302
7710472 9451052
7710472 10824382
7710472 15222083
7710472 15234657
7710472 15347317
7710472 17526132
7710472 18838035
7710472 18849313
7710472 18897157
7710472 19214250
7710472 24585498
7710472 31037985
7710472 33464639
7710472 48485771
7710472 58714972
7710472 64488804
7813092 15913
7813092 789314
7813092 2576401
7813092 10985532
7813092 11918512
7813092 12294012
7852172 3840
7852172 7846
7852172 10350
7852172 15913
7852172 1183041
7852172 5906322
7852172 7565302
7852172 7860742
7852172 7861312
7852172 7861622
7852172 7872262
7852172 13687132
7852172 14589257
7852172 15234657
7852172 60968363
7852172 177564924
7860742 7846
7860742 10350
7860742 15913
7860742 1045521
7860742 1065921
7860742 1072591
7860742 1134701
7860742 1183041
7860742 2735591
7860742 3062761
7860742 3296721
7860742 3299561
7860742 3359851
7860742 3443591
7860742 4065921
7860742 4068821
7860742 5650332
7860742 6080022
7860742 7157132
7860742 7377812
7860742 7565302
7860742 7702232
7860742 7852172
7860742 7861312
7860742 7861622
7860742 7872262
7860742 7874622
7860742 7875762
7860742 7875912
7860742 7925002
7860742 8005202
7860742 8470732
7860742 8541492
7860742 9451052
7860742 9500062
7860742 9835242
7860742 10824382
7860742 11461102
7860742 11911082
7860742 12127832
7860742 12298182
7860742 12681982
7860742 13687132
7860742 13894102
7860742 14155052
7860742 14180231
7860742 14269220
7860742 14270527
7860742 14416334
7860742 14471778
7860742 14498387
7860742 14500681
7860742 14506809
7860742 14515313
7860742 14517343
7860742 14536491
7860742 14589257
7860742 14609321
7860742 14629510
7860742 14688086
7860742 14691709
7860742 14922225
7860742 14935647
7860742 15222083
7860742 15259010
7860742 15394673
7860742 15447248
7860742 15575251
7860742 15653423
7860742 15739966
7860742 15757080
7860742 15844409
7860742 15846407
7860742 15853668
7860742 16079941
7860742 16097743
7860742 16098603
7860742 16246524
7860742 16453996
7860742 16513135
7860742 16549423
7860742 16660064
7860742 16799897
7860742 16831715
7860742 17092592
7860742 17140787
7860742 17526132
7860742 17552077
7860742 17632072
7860742 17663756
7860742 17759701
7860742 18021714
7860742 18068719
7860742 18712070
7860742 18776017
7860742 19193475
7860742 19294469
7860742 19300461
7860742 19370213
7860742 19413393
7860742 19622462
7860742 19732725
7860742 20273398
7860742 20274104
7860742 20880546
7860742 21195122
7860742 22335214
7860742 22679419
7860742 24004172
7860742 24081780
7860742 24585498
7860742 24641194
7860742 24742040
7860742 25026165
7860742 25952851
7860742 26173611
7860742 26256596
7860742 28202547
7860742 28719244
7860742 34360475
7860742 34771668
7860742 36198161
7860742 36993162
7860742 38685348
7860742 40753289
7860742 42361118
7860742 42943177
7860742 44121353
7860742 45416789
7860742 46147323
7860742 47161442
7860742 48370736
7860742 48485771
7860742 57986173
7860742 60968363
7860742 65913144
7860742 66791268
7860742 66905823
7860742 71268322
7860742 71383220
7860742 73077189
7860742 84043660
7860742 85388628
7860742 92357649
7860742 94414805
7860742 101633415
7860742 111210694
7860742 113025559
7860742 115444551
7860742 115717640
7860742 116952434
7860742 129279693
7860742 187744415
7860742 188035912
7860742 196710000
7860742 214618570
7860742 217932743
7860742 235216483
7860742 235818781
7860742 242024994
7860742 258218804
7860742 265732976
7860742 275608958
7860742 275937498
7860742 286118150
7860742 308693201
7860742 309366491
7860742 399404516
7861312 10350
7861312 10923
7861312 15913
7861312 1183041
7861312 1775861
7861312 2009991
7861312 4893411
7861312 5848412
7861312 7861622
7861312 8914942
7861312 9451052
7861312 15362015
7861312 15488968
7861312 15575251
7861312 15583454
7861312 15853073
7861312 15914737
7861312 16513135
7861312 17140787
7861312 17728340
7861312 18445879
7861312 18755518
7861312 48485771
7861622 7846
7861622 15913
7861622 1183041
7861622 1775861
7861622 4893411
7861622 7852172
7861622 7860742
7861622 7861312
7861622 8914942
7861622 9451052
7861622 15300838
7861622 15575251
7861622 15914737
7861622 59804598
7872262 7846
7872262 10350
7872262 12223
7872262 15913
7872262 1045521
7872262 1065921
7872262 1072591
7872262 1134701
7872262 3062761
7872262 3299561
7872262 3359851
7872262 3443591
7872262 5650332
7872262 6080022
7872262 6547952
7872262 6608332
7872262 7702232
7872262 7852172
7872262 7860742
7872262 7861312
7872262 7861622
7872262 7874622
7872262 7875762
7872262 7875912
7872262 7925002
7872262 8005202
7872262 8146732
7872262 8470732
7872262 8541492
7872262 9413072
7872262 9451052
7872262 9500062
7872262 9835242
7872262 11461102
7872262 11911082
7872262 12127832
7872262 12298182
7872262 12681982
7872262 13894102
7872262 14155052
7872262 14179545
7872262 14269220
7872262 14270527
7872262 14471778
7872262 14498387
7872262 14500681
7872262 14515313
7872262 14517343
7872262 14589257
7872262 14609321
7872262 14629510
7872262 14688086
7872262 14691709
7872262 14692604
7872262 14922225
7872262 15112961
7872262 15222083
7872262 15575251
7872262 15853668
7872262 16079941
7872262 16097743
7872262 16098603
7872262 16246524
7872262 16453996
7872262 16549423
7872262 17092862
7872262 17552077
7872262 17663756
7872262 17759701
7872262 17794004
7872262 18021714
7872262 18068719
7872262 18666844
7872262 18776017
7872262 19193475
7872262 19413393
7872262 19595287
7872262 19622462
7872262 19732725
7872262 20274104
7872262 20315513
7872262 20880546
7872262 21195122
7872262 22335214
7872262 24004172
7872262 24081780
7872262 24641194
7872262 24742040
7872262 25026165
7872262 26256596
7872262 28719244
7872262 34771668
7872262 36198161
7872262 36993162
7872262 38685348
7872262 42361118
7872262 44121353
7872262 45416789
7872262 46147323
7872262 47161442
7872262 48485771
7872262 57986173
7872262 60968363
7872262 65913144
7872262 71268322
7872262 71383220
7872262 71606873
7872262 84043660
7872262 85343184
7872262 93905958
7872262 94414805
7872262 101633415
7872262 113025559
7872262 115444551
7872262 116952434
7872262 129279693
7872262 217932743
7872262 235216483
7872262 235818781
7872262 242024994
7872262 258218804
7872262 275608958
7872262 290097288
7872262 309366491
7874622 15913
7874622 1045521
7874622 1072591
7874622 1134701
7874622 3299561
7874622 3443591
7874622 7860742
7874622 7861312
7874622 7872262
7874622 7875762
7874622 7875912
7874622 7925002
7874622 8005202
7874622 8470732
7874622 8541492
7874622 14269220
7874622 14515313
7874622 14629510
7874622 17759701
7874622 19370213
7874622 22335214
7874622 44121353
7874622 47161442
7874622 57986173
7874622 65913144
7874622 235216483
7874622 353216771
7875762 15913
7875762 1045521
7875762 1072591
7875762 1134701
7875762 3299561
7875762 3359851
7875762 3443591
7875762 5443002
7875762 7860742
7875762 7861312
7875762 7861622
7875762 7872262
7875762 7874622
7875762 7875912
7875762 8005202
7875762 8470732
7875762 8541492
7875762 13687132
7875762 14155052
7875762 14269220
7875762 14498387
7875762 14500681
7875762 14515313
7875762 14517343
7875762 14629510
7875762 14922225
7875762 15234657
7875762 16098603
7875762 16507692
7875762 16549423
7875762 17526132
7875762 18068719
7875762 18666844
7875762 18776017
7875762 19193475
7875762 19300461
7875762 19370213
7875762 19595287
7875762 22831657
7875762 24004172
7875762 24641194
7875762 34378922
7875762 42361118
7875762 44121353
7875762 45416789
7875762 47161442
7875762 65913144
7875762 66791268
7875762 71268322
7875762 71383220
7875762 71606873
7875762 87764480
7875762 115444551
7875762 235216483
7875762 235818781
7875762 353216771
7875912 15913
7875912 1072591
7875912 1134701
7875912 3299561
7875912 3359851
7875912 7860742
7875912 7861312
7875912 7872262
7875912 7874622
7875912 7875762
7875912 7925002
7875912 8005202
7875912 8470732
7875912 9835242
7875912 14155052
7875912 14416334
7875912 14500681
7875912 14515313
7875912 14589257
7875912 14629510
7875912 14922225
7875912 15234657
7875912 15578992
7875912 15707278
7875912 15734515
7875912 16098603
7875912 16549423
7875912 17526132
7875912 18021714
7875912 19193475
7875912 19300461
7875912 19370213
7875912 22335214
7875912 24004172
7875912 24081780
7875912 24641194
7875912 25026165
7875912 31037985
7875912 34360475
7875912 34378922
7875912 36198161
7875912 36993162
7875912 40753289
7875912 42361118
7875912 44121353
7875912 45416789
7875912 46147323
7875912 47161442
7875912 57986173
7875912 59414975
7875912 60968363
7875912 65913144
7875912 66791268
7875912 71383220
7875912 71606873
7875912 87764480
7875912 113025559
7875912 129279693
7875912 235216483
7875912 235818781
7875912 258218804
7875912 353216771
7925002 15913
7925002 1072591
7925002 7702232
7925002 7860742
7925002 7861312
7925002 7872262
7925002 14269220
7925002 14609321
7925002 14691709
7925002 14922225
7925002 16098603
7925002 18712070
7925002 19595287
7925002 20274104
7925002 24004172
7925002 26256596
7925002 47161442
7925002 48370736
7925002 57986173
7925002 60968363
7925002 65913144
7925002 71606873
7925002 84043660
7925002 235216483
7925002 235818781
8001572 15913
8001572 1045521
8001572 1065921
8001572 1072591
8001572 1100661
8001572 1183041
8001572 1249431
8001572 1702611
8001572 1712051
8001572 1937751
8001572 2034901
8001572 2549701
8001572 2585721
8001572 2593511
8001572 2757281
8001572 2911091
8001572 3242491
8001572 3253671
8001572 3296721
8001572 3321441
8001572 3359851
8001572 3443591
8001572 3824401
8001572 4065921
8001572 4068821
8001572 5442012
8001572 5650332
8001572 5906322
8001572 5971232
8001572 6085372
8001572 6086752
8001572 6478202
8001572 6608332
8001572 6724092
8001572 6896262
8001572 7078732
8001572 7157132
8001572 7334662
8001572 7344392
8001572 7377812
8001572 7409232
8001572 7434902
8001572 7626162
8001572 7710472
8001572 7861312
8001572 8054392
8001572 9413072
8001572 9451052
8001572 9500062
8001572 9610142
8001572 11272122
8001572 11461102
8001572 12284582
8001572 12298182
8001572 12681982
8001572 13687132
8001572 13894102
8001572 14155052
8001572 14168488
8001572 14180231
8001572 14232363
8001572 14269220
8001572 14355610
8001572 14363438
8001572 14424667
8001572 14500681
8001572 14536491
8001572 14559570
8001572 14575846
8001572 14609321
8001572 14691709
8001572 14692604
8001572 14709855
8001572 14750463
8001572 14922225
8001572 15112961
8001572 15154217
8001572 15195755
8001572 15222083
8001572 15234657
8001572 15259010
8001572 15428643
8001572 15520280
8001572 15575251
8001572 15578992
8001572 15653423
8001572 15837367
8001572 15839551
8001572 15926497
8001572 16098603
8001572 16127088
8001572 16134428
8001572 16265412
8001572 16547411
8001572 16660064
8001572 16831715
8001572 16957273
8001572 17140787
8001572 17409832
8001572 17526132
8001572 18581803
8001572 18666844
8001572 18701960
8001572 18715024
8001572 18755518
8001572 18849313
8001572 18859819
8001572 18900668
8001572 19161407
8001572 19563357
8001572 19595287
8001572 19732725
8001572 19774817
8001572 19802312
8001572 19993335
8001572 20205471
8001572 20273398
8001572 20624600
8001572 21430043
8001572 22831657
8001572 22900797
8001572 23645599
8001572 24004172
8001572 24585498
8001572 24942585
8001572 27956824
8001572 31037985
8001572 33191389
8001572 34771668
8001572 38514229
8001572 45705189
8001572 46241569
8001572 48485771
8001572 51352986
8001572 53789489
8001572 55655811
8001572 59414975
8001572 59804598
8001572 64121269
8001572 64624131
8001572 71862367
8001572 75165115
8001572 84043660
8001572 85343184
8001572 93905958
8001572 114115460
8001572 117187783
8001572 121258930
8001572 128968339
8001572 144040563
8001572 146155608
8001572 155976326
8001572 191548936
8001572 222640532
8001572 268479669
8005202 15913
8005202 1045521
8005202 1065921
8005202 1134701
8005202 3359851
8005202 3443591
8005202 7852172
8005202 7860742
8005202 7861312
8005202 7872262
8005202 7874622
8005202 7875762
8005202 7875912
8005202 7925002
8005202 8470732
8005202 8541492
8005202 9835242
8005202 14038862
8005202 14180231
8005202 14269220
8005202 14515313
8005202 14517343
8005202 14589257
8005202 14691709
8005202 14922225
8005202 14999606
8005202 15734515
8005202 16549423
8005202 16651072
8005202 17092592
8005202 18068719
8005202 18715024
8005202 18776017
8005202 19370213
8005202 19413393
8005202 22841103
8005202 24081780
8005202 24641194
8005202 40753289
8005202 42361118
8005202 44121353
8005202 45416789
8005202 59414975
8005202 60968363
8005202 65913144
8005202 66791268
8005202 71383220
8005202 71606873
8005202 87764480
8005202 92357649
8005202 229141679
8005202 235216483
8005202 353216771
8054392 15913
8054392 1065921
8054392 1937751
8054392 2549701
8054392 2585721
8054392 2589661
8054392 2593511
8054392 2757281
8054392 2911091
8054392 3242491
8054392 3296721
8054392 3359851
8054392 3443591
8054392 3749371
8054392 3824401
8054392 4068821
8054392 4398351
8054392 5442012
8054392 5650332
8054392 5971232
8054392 6086752
8054392 6478202
8054392 6608332
8054392 6724092
8054392 7159422
8054392 7334662
8054392 7409232
8054392 7626162
8054392 7852172
8054392 7861312
8054392 8001572
8054392 9500062
8054392 11461102
8054392 12681982
8054392 13894102
8054392 14269220
8054392 14471778
8054392 14506809
8054392 15488968
8054392 15670515
8054392 16098603
8054392 16134428
8054392 16366923
8054392 16626187
8054392 16957273
8054392 17526132
8054392 17794004
8054392 18181487
8054392 18666844
8054392 18859819
8054392 19732725
8054392 21339114
8054392 24911468
8054392 27956824
8054392 28933226
8054392 31296704
8054392 38514229
8054392 59414975
8054392 59804598
8146732 10350
8146732 12223
8146732 15913
8146732 1183041
8146732 6608332
8146732 7872262
8146732 9413072
8146732 9451052
8146732 12681982
8146732 13687132
8146732 14471778
8146732 14498387
8146732 14498622
8146732 14517343
8146732 14609321
8146732 15234657
8146732 15578992
8146732 15838599
8146732 15853668
8146732 16098603
8146732 18666844
8146732 22705686
8146732 28037700
8146732 28960709
8146732 59414975
8146732 65913144
8146732 235818781
8146732 309366491
8207762 15913
8207762 756379
8207762 1183041
8207762 6068612
8207762 7861312
8207762 14589257
8207762 15575251
8207762 16038438
8207762 16909832
8207762 20273398
8207762 28202547
8207762 31808762
8207762 58714972
8254252 15913
8254252 5442012
8254252 15112961
8254252 15222083
8254252 17552077
8254252 19603370
8254252 22841103
8254252 24942585
8254252 31037985
8254252 45862504
8254252 48485771
8254252 87764480
8254252 121258930
8254252 144040563
8254252 203261300
8470732 10350
8470732 15913
8470732 1045521
8470732 1065921
8470732 1072591
8470732 1134701
8470732 1317671
8470732 2824221
8470732 3062761
8470732 3227431
8470732 3299561
8470732 3443591
8470732 4068821
8470732 5650332
8470732 6080022
8470732 7377812
8470732 7852172
8470732 7860742
8470732 7861312
8470732 7861622
8470732 7872262
8470732 7874622
8470732 7875762
8470732 7875912
8470732 7925002
8470732 8005202
8470732 8541492
8470732 9413072
8470732 9500062
8470732 9835242
8470732 11461102
8470732 14038862
8470732 14155052
8470732 14180231
8470732 14269220
8470732 14270527
8470732 14411683
8470732 14471778
8470732 14498387
8470732 14500681
8470732 14515313
8470732 14517343
8470732 14589257
8470732 14629510
8470732 14681779
8470732 14688086
8470732 14691709
8470732 14922225
8470732 15555645
8470732 15575251
8470732 15578992
8470732 15734515
8470732 15853668
8470732 16079941
8470732 16097743
8470732 16098603
8470732 16453996
8470732 16660064
8470732 17526132
8470732 17663756
8470732 17759701
8470732 18021714
8470732 18068719
8470732 18581803
8470732 18666844
8470732 18776017
8470732 19193475
8470732 19370213
8470732 19622462
8470732 19732725
8470732 20274104
8470732 20490915
8470732 21195122
8470732 22335214
8470732 22679419
8470732 24004172
8470732 24081780
8470732 24641194
8470732 24742040
8470732 25026165
8470732 26256596
8470732 28719244
8470732 34360475
8470732 36198161
8470732 36993162
8470732 40329238
8470732 42361118
8470732 45416789
8470732 46147323
8470732 47161442
8470732 48370736
8470732 48485771
8470732 57986173
8470732 59414975
8470732 59804598
8470732 60968363
8470732 65913144
8470732 66791268
8470732 71268322
8470732 71383220
8470732 71606873
8470732 71862367
8470732 84043660
8470732 87764480
8470732 113025559
8470732 115444551
8470732 129279693
8470732 235216483
8470732 235818781
8470732 258218804
8470732 275608958
8541492 15913
8541492 1045521
8541492 1065921
8541492 1072591
8541492 1134701
8541492 1247691
8541492 2718241
8541492 2757281
8541492 3042321
8541492 3242491
8541492 3253671
8541492 3277381
8541492 3296721
8541492 3359851
8541492 3443591
8541492 3824401
8541492 4068821
8541492 4622401
8541492 5442012
8541492 5443002
8541492 5650332
8541492 6080022
8541492 6085372
8541492 6086752
8541492 6478202
8541492 6834572
8541492 7159422
8541492 7446452
8541492 7852172
8541492 7860742
8541492 7861312
8541492 7872262
8541492 7874622
8541492 7875762
8541492 7925002
8541492 8005202
8541492 8470732
8541492 9413072
8541492 9670952
8541492 9835242
8541492 11272122
8541492 11461102
8541492 12298182
8541492 12681982
8541492 13687132
8541492 14232363
8541492 14269220
8541492 14444530
8541492 14506809
8541492 14515313
8541492 14517343
8541492 14559570
8541492 14589257
8541492 14709855
8541492 14935647
8541492 15154217
8541492 15447248
8541492 16030324
8541492 16097743
8541492 16098603
8541492 16453996
8541492 16513135
8541492 16547411
8541492 16660064
8541492 16834674
8541492 17016709
8541492 17140787
8541492 17409832
8541492 17526132
8541492 17663756
8541492 17759701
8541492 18021714
8541492 18068719
8541492 18101470
8541492 18285245
8541492 18628082
8541492 19193475
8541492 19370213
8541492 19413393
8541492 19595287
8541492 19732725
8541492 19774817
8541492 20327583
8541492 20624600
8541492 21195122
8541492 21430043
8541492 22831657
8541492 24004172
8541492 24641194
8541492 24742040
8541492 27956824
8541492 28933226
8541492 36993162
8541492 45416789
8541492 47161442
8541492 48485771
8541492 59414975
8541492 59804598
8541492 65913144
8541492 71383220
8541492 71606873
8541492 71862367
8541492 84043660
8541492 94454911
8541492 101633415
8541492 114115460
8541492 123004655
8541492 126048747
8541492 129279693
8541492 235216483
8541492 258218804
8914942 10350
8914942 15913
8914942 1183041
8914942 3443591
8914942 7861312
8914942 14414761
8914942 14498622
8914942 15300838
8914942 15773009
8914942 34378922
8978672 15913
8978672 229523
8978672 755165
8978672 789658
8978672 849131
8978672 1455911
8978672 5676102
8978672 15416485
8978672 15670515
8978672 16409781
8978672 16425197
8978672 91396874
9095652 15913
9095652 1702611
9095652 3359851
9095652 4291741
9095652 5906322
9095652 6608332
9095652 7194892
9095652 7565302
9095652 7860742
9095652 8146732
9095652 9451052
9095652 10824382
9095652 13185852
9095652 13356642
9095652 13687132
9095652 14155052
9095652 14589257
9095652 14691709
9095652 14799177
9095652 14922225
9095652 15154217
9095652 15222083
9095652 15234657
9095652 15259010
9095652 15447248
9095652 15578992
9095652 15582769
9095652 15591032
9095652 15838599
9095652 16127088
9095652 16458937
9095652 16799897
9095652 16874875
9095652 17092592
9095652 18715024
9095652 18799041
9095652 18900668
9095652 19525652
9095652 19595287
9095652 21993653
9095652 22679419
9095652 22841103
9095652 24585498
9095652 24742040
9095652 33191389
9095652 36969785
9095652 48485771
9095652 90964854
9095652 121258930
9117202 15913
9117202 65673
9117202 3359851
9117202 5442012
9117202 24542441
9117202 26250517
9117202 26422087
9117202 34068984
9117202 48621884
9117202 111164068
9117202 126444583
9117202 134979402
9117202 184637153
9117202 204089551
9117202 234526497
9117202 294198566
9117202 297472992
9117202 309366491
9117202 374949999
9117202 529658284
9275742 10350
9275742 15913
9275742 7861312
9275742 13324892
9275742 14155052
9275742 14589257
9275742 15575251
9275742 18755518
9275742 20880546
9275742 24560836
9275742 48485771
9275742 84043660
9275742 250831586
9313312 15913
9313312 1183041
9313312 14269220
9313312 17140787
9413072 15913
9413072 1045521
9413072 1072591
9413072 1134701
9413072 1183041
9413072 1702611
9413072 1937751
9413072 2570021
9413072 2589661
9413072 3253671
9413072 3277381
9413072 3296721
9413072 3359851
9413072 3443591
9413072 4068821
9413072 4398351
9413072 5442012
9413072 5650332
9413072 6080022
9413072 6086752
9413072 6608332
9413072 7159422
9413072 7377812
9413072 7860742
9413072 7872262
9413072 8001572
9413072 8146732
9413072 8470732
9413072 8541492
9413072 9451052
9413072 9500062
9413072 12298182
9413072 12681982
9413072 14155052
9413072 14269220
9413072 14355610
9413072 14416334
9413072 14498387
9413072 14498622
9413072 14517343
9413072 14609321
9413072 14692604
9413072 15222083
9413072 15394673
9413072 15839551
9413072 16097743
9413072 16098603
9413072 16134428
9413072 16660064
9413072 17140787
9413072 17526132
9413072 17728340
9413072 18021714
9413072 18666844
9413072 19370213
9413072 19595287
9413072 19622462
9413072 22900797
9413072 28037700
9413072 45416789
9413072 48485771
9413072 53459595
9413072 60968363
9413072 65913144
9413072 87764480
9413072 101633415
9413072 105310392
9413072 235216483
9451052 7846
9451052 10350
9451052 12223
9451052 15913
9451052 1702611
9451052 3096071
9451052 3359851
9451052 3443591
9451052 4893411
9451052 5413042
9451052 5848412
9451052 6206612
9451052 6608332
9451052 7157132
9451052 7194892
9451052 7565302
9451052 7861312
9451052 9095652
9451052 9275742
9451052 13185852
9451052 13356642
9451052 13687132
9451052 14155052
9451052 14453798
9451052 14471778
9451052 14575846
9451052 14750463
9451052 15222083
9451052 15234657
9451052 15259010
9451052 15362015
9451052 15488968
9451052 15520280
9451052 15591032
9451052 15681129
9451052 16909832
9451052 17728340
9451052 18285245
9451052 18445879
9451052 18715024
9451052 18755518
9451052 18897157
9451052 18900668
9451052 19161407
9451052 19214250
9451052 19413393
9451052 19414296
9451052 19595287
9451052 20273398
9451052 21358633
9451052 22841103
9451052 23140494
9451052 24585498
9451052 24742040
9451052 28202547
9451052 31037985
9451052 33191389
9451052 34068984
9451052 36311369
9451052 36969785
9451052 43662236
9451052 45784061
9451052 45862504
9451052 48485771
9451052 59414975
9451052 64488804
9451052 81886393
9451052 87571114
9451052 87764480
9451052 102903198
9451052 137577423
9451052 144040563
9451052 144064703
9451052 154708725
9451052 268479669
9460682 13348
9460682 15913
9460682 72373
9460682 229523
9460682 253973
9460682 755165
9460682 765694
9460682 789658
9460682 849131
9460682 992031
9460682 1455911
9460682 2572271
9460682 5676102
9460682 8978672
9460682 14091509
9460682 14874480
9460682 15416485
9460682 15670515
9460682 16095572
9460682 16120265
9460682 16409781
9460682 16425197
9460682 16930986
9460682 17000457
9460682 24741685
9460682 49465463
9460682 55338862
9460682 91396874
9460682 164859947
9500062 15913
9500062 1045521
9500062 1065921
9500062 1072591
9500062 1247691
9500062 1249431
9500062 1937751
9500062 2757281
9500062 3062761
9500062 3242491
9500062 3321441
9500062 3359851
9500062 3443591
9500062 4068821
9500062 5265131
9500062 5442012
9500062 5650332
9500062 6080022
9500062 6478202
9500062 6724092
9500062 7377812
9500062 7860742
9500062 7872262
9500062 7925002
9500062 8001572
9500062 8054392
9500062 8470732
9500062 9413072
9500062 11272122
9500062 11461102
9500062 12681982
9500062 14270527
9500062 14411683
9500062 14470019
9500062 14506809
9500062 14536491
9500062 14573745
9500062 14575846
9500062 14609321
9500062 14692604
9500062 15555645
9500062 15837367
9500062 16097743
9500062 16660064
9500062 17526132
9500062 17759701
9500062 17794004
9500062 18666844
9500062 18776017
9500062 18859819
9500062 19622462
9500062 20327583
9500062 21195122
9500062 24004172
9500062 24641194
9500062 25026165
9500062 55655811
9500062 57244828
9500062 57986173
9500062 65913144
9500062 69679166
9500062 71862367
9500062 84043660
9500062 85215038
9500062 117187783
9500062 128968339
9500062 174541760
9507322 3840
9507322 15913
9507322 14575846
9507322 17663756
9610142 15913
9610142 1045521
9610142 3359851
9610142 8001572
9610142 13687132
9610142 14155052
9610142 14506809
9610142 14609321
9610142 14692604
9610142 15098511
9610142 15222083
9610142 16134428
9610142 16957273
9610142 17794004
9610142 18666844
9610142 18890465
9610142 22831657
9610142 297472992
9670952 15913
9670952 1045521
9670952 1065921
9670952 1937751
9670952 2570021
9670952 2589661
9670952 3062761
9670952 3296721
9670952 3359851
9670952 3443591
9670952 4065921
9670952 5193261
9670952 5650332
9670952 6085372
9670952 6086752
9670952 6834572
9670952 7159422
9670952 7446452
9670952 8001572
9670952 8541492
9670952 11272122
9670952 11461102
9670952 12298182
9670952 12681982
9670952 13894102
9670952 14232363
9670952 14269220
9670952 14444530
9670952 14559570
9670952 14709855
9670952 16547411
9670952 17140787
9670952 17526132
9670952 18101470
9670952 18285245
9670952 18666844
9670952 19519349
9670952 19595287
9670952 19732725
9670952 20624600
9670952 21430043
9670952 22831657
9670952 22900797
9670952 27956824
9670952 59804598
9670952 64624131
9670952 71862367
9670952 123004655
9670952 126048747
9670952 282339563
9719882 10350
9719882 15913
9719882 4893411
9719882 7861312
9719882 22900797
9835242 15913
9835242 1134701
9835242 7860742
9835242 7861312
9835242 7872262
9835242 7875762
9835242 7875912
9835242 7925002
9835242 8005202
9835242 8470732
9835242 8541492
9835242 14498387
9835242 14515313
9835242 14922225
9835242 15734515
9835242 16098603
9835242 16453996
9835242 16507692
9835242 18021714
9835242 18776017
9835242 19300461
9835242 19370213
9835242 24004172
9835242 24081780
9835242 24641194
9835242 26256596
9835242 36993162
9835242 42361118
9835242 45416789
9835242 47161442
9835242 48370736
9835242 57986173
9835242 60968363
9835242 65913144
9835242 71268322
9835242 71383220
9835242 71606873
9835242 85388628
9835242 129279693
9835242 217932743
9835242 235216483
9835242 242024994
9835242 258218804
10115042 15913
10115042 7377812
10115042 9451052
10115042 12101862
10115042 14536491
10115042 14609321
10115042 14692604
10115042 15222083
10115042 15234679
10115042 15567576
10115042 16098603
10115042 16626187
10115042 18776017
10115042 18897157
10115042 19550535
10115042 19673424
10115042 31296704
10115042 38389963
10115042 38514229
10115042 48485771
10115042 84043660
10115042 87764480
10115042 105310392
10115042 164024096
10668202 10350
10668202 15913
10668202 1065921
10668202 9451052
10668202 18581803
10668202 19413393
10668202 34356968
10781842 15913
10781842 3359851
10781842 3443591
10781842 7872262
10781842 13434622
10781842 14038862
10781842 14498387
10781842 14922225
10781842 15006539
10781842 15234657
10781842 15575251
10781842 15653423
10781842 15853668
10781842 16640481
10781842 16886225
10781842 17092592
10781842 17702627
10781842 18581803
10781842 18783763
10781842 19120785
10781842 21686566
10781842 22679419
10781842 22705686
10781842 24742040
10781842 28719244
10781842 34068984
10781842 41209552
10781842 45416789
10781842 57986173
10781842 59804598
10781842 60968363
10781842 65913144
10781842 87764480
10781842 91480304
10781842 94454911
10781842 146155608
10781842 151711230
10781842 238289569
10781842 242024994
10781842 275608958
10781842 309366491
10824382 12223
10824382 15913
10824382 1183041
10824382 3359851
10824382 3442781
10824382 3443591
10824382 3462421
10824382 3733331
10824382 5906322
10824382 6608332
10824382 7377812
10824382 7434902
10824382 7860742
10824382 7861312
10824382 8001572
10824382 9451052
10824382 12127832
10824382 12298182
10824382 13185852
10824382 13687132
10824382 14038862
10824382 14155052
10824382 14269093
10824382 14363438
10824382 14709855
10824382 14922225
10824382 15154217
10824382 15222083
10824382 15234657
10824382 15259010
10824382 15447248
10824382 15575251
10824382 15638249
10824382 15681129
10824382 15838599
10824382 16127088
10824382 16513135
10824382 16799897
10824382 17053354
10824382 17092592
10824382 17214479
10824382 18445879
10824382 18715024
10824382 18791343
10824382 18811254
10824382 18849313
10824382 18849368
10824382 19414296
10824382 19550535
10824382 19672395
10824382 21637624
10824382 24585498
10824382 24741685
10824382 24742040
10824382 26173611
10824382 38514229
10824382 39394932
10824382 41172837
10824382 48370736
10824382 48485771
10824382 55655811
10824382 64488804
10824382 87764480
10985532 10350
10985532 15913
10985532 1265091
10985532 2576401
10985532 2718241
10985532 3202891
10985532 3253671
10985532 4398351
10985532 7813092
10985532 11918512
10985532 12294012
10985532 14269220
10985532 15094420
10985532 15234657
10985532 15416485
10985532 15447248
10985532 15670515
10985532 17140787
10985532 18285245
10985532 24741685
10985532 44407802
10985532 59414975
10985532 277727866
11272122 15913
11272122 849131
11272122 1045521
11272122 1065921
11272122 1183041
11272122 1247691
11272122 1937751
11272122 2549701
11272122 2585721
11272122 2757281
11272122 2911091
11272122 3062761
11272122 3242491
11272122 3296721
11272122 3443591
11272122 3550301
11272122 3824401
11272122 4068821
11272122 5193261
11272122 5442012
11272122 5650332
11272122 6086752
11272122 6478202
11272122 6724092
11272122 6834572
11272122 7159422
11272122 7334662
11272122 7409232
11272122 7446452
11272122 7626162
11272122 7861312
11272122 8001572
11272122 8541492
11272122 9500062
11272122 9670952
11272122 11461102
11272122 12298182
11272122 12681982
11272122 13894102
11272122 14232363
11272122 14269220
11272122 14355610
11272122 14444530
11272122 14506809
11272122 14559570
11272122 14709855
11272122 14750463
11272122 15434432
11272122 15647839
11272122 15670515
11272122 15919138
11272122 16079941
11272122 16098603
11272122 16409781
11272122 16425197
11272122 16547411
11272122 17034634
11272122 17140787
11272122 17526132
11272122 18101470
11272122 18181487
11272122 18285245
11272122 18628082
11272122 18666844
11272122 18859819
11272122 19595287
11272122 19732725
11272122 19774817
11272122 20439140
11272122 20624600
11272122 20642115
11272122 22831657
11272122 22900797
11272122 22970486
11272122 24741685
11272122 24742040
11272122 24911468
11272122 27956824
11272122 55338862
11272122 59804598
11272122 64624131
11272122 71862367
11272122 74286565
11272122 91396874
11272122 94454911
11272122 124944912
11272122 126048747
11272122 126536128
11272122 126979753
11272122 151223147
11272122 282339563
11461102 15913
11461102 852301
11461102 1045521
11461102 1065921
11461102 1072591
11461102 1247691
11461102 1249431
11461102 1937751
11461102 2549701
11461102 2593511
11461102 2718241
11461102 2757281
11461102 2911091
11461102 3042321
11461102 3062761
11461102 3242491
11461102 3253671
11461102 3277381
11461102 3296721
11461102 3321441
11461102 3359851
11461102 3443591
11461102 3824401
11461102 4068821
11461102 4398351
11461102 5442012
11461102 5650332
11461102 6085372
11461102 6086752
11461102 6376212
11461102 6478202
11461102 6724092
11461102 7159422
11461102 7377812
11461102 7409232
11461102 7446452
11461102 7626162
11461102 7860742
11461102 7861312
11461102 7872262
11461102 8001572
11461102 8470732
11461102 8541492
11461102 9413072
11461102 9500062
11461102 9670952
11461102 11272122
11461102 12298182
11461102 12681982
11461102 13894102
11461102 14168488
11461102 14232363
11461102 14269220
11461102 14355610
11461102 14416334
11461102 14444530
11461102 14471778
11461102 14506809
11461102 14559570
11461102 14709855
11461102 14750463
11461102 16079941
11461102 16098603
11461102 16366923
11461102 16660064
11461102 17140787
11461102 17526132
11461102 18101470
11461102 18181487
11461102 18628082
11461102 18666844
11461102 19519349
11461102 19595287
11461102 19732725
11461102 19774817
11461102 20624600
11461102 21430043
11461102 22831657
11461102 22900797
11461102 24004172
11461102 55338862
11461102 57244828
11461102 57986173
11461102 59414975
11461102 59804598
11461102 64624131
11461102 71862367
11461102 94454911
11461102 123004655
11461102 126048747
11461102 126979753
11461102 174541760
11461102 223247584
11648692 17564647
11648692 19311729
11648692 20471349
11648692 23215572
11648692 26800967
11648692 59804598
11648692 67818595
11648692 115313263
11648692 160008685
11648692 172161833
11648692 186745799
11648692 210731960
11648692 211614808
11648692 238308325
11648692 240063501
11648692 281159810
11648692 307642294
11648692 309325161
11648692 325106566
11648692 337952973
11648692 339943969
11648692 356447837
11648692 384621304
11648692 385621090
11648692 560929638
11666142 10350
11666142 13348
11666142 15913
11666142 1183041
11666142 1702611
11666142 2158461
11666142 13687132
11666142 14155052
11666142 14804903
11666142 15006779
11666142 15018214
11666142 16102815
11666142 16120265
11666142 16874875
11666142 16930986
11666142 18301663
11666142 49465463
11911082 15913
11911082 2735591
11911082 7860742
11911082 7872262
11911082 14471778
11911082 14498387
11911082 16079941
11911082 16453996
11911082 17092592
11911082 22679419
11911082 24004172
11911082 24742040
11911082 36198161
11918512 15913
11918512 789314
11918512 1183041
11918512 2576401
11918512 2718241
11918512 10985532
11918512 12294012
11918512 17140787
12101862 7846
12101862 15913
12101862 5676102
12101862 7861312
12101862 14874480
12101862 15846407
12101862 17521796
12101862 18776017
12101862 60642052
12101862 87764480
12121162 15913
12121162 65673
12121162 2260771
12121162 3359851
12121162 3442781
12121162 3443591
12121162 6240732
12121162 6608332
12121162 7157132
12121162 7565302
12121162 9451052
12121162 13687132
12121162 14269220
12121162 14589257
12121162 15222083
12121162 15234657
12121162 15575251
12121162 16127088
12121162 16265412
12121162 17409832
12121162 18811197
12121162 18849313
12121162 18900668
12121162 19414296
12121162 19563357
12121162 19732725
12121162 20273398
12121162 21239763
12121162 21358633
12121162 22679419
12121162 22831657
12121162 33191389
12121162 34068984
12121162 38542252
12121162 41172837
12121162 45784061
12121162 45862504
12121162 48485771
12121162 57986173
12121162 63787760
12121162 64285972
12121162 75165115
12121162 85215038
12121162 85343184
12121162 93905958
12121162 96605784
12121162 114115460
12121162 116952434
12121162 144064703
12121162 152065057
12121162 154708725
12121162 187744415
12121162 191548936
12121162 268479669
12121162 290097288
12121162 294198566
12121162 374936497
12127832 10350
12127832 15913
12127832 65673
12127832 1045521
12127832 1065921
12127832 1072591
12127832 1134701
12127832 1937751
12127832 3062761
12127832 3359851
12127832 3443591
12127832 4065921
12127832 4068821
12127832 5442012
12127832 5650332
12127832 5906322
12127832 6080022
12127832 6478202
12127832 6608332
12127832 7157132
12127832 7194892
12127832 7377812
12127832 7702232
12127832 7852172
12127832 7860742
12127832 7861312
12127832 7872262
12127832 7875762
12127832 7925002
12127832 8470732
12127832 9451052
12127832 10824382
12127832 12681982
12127832 13687132
12127832 14038862
12127832 14180231
12127832 14269220
12127832 14270527
12127832 14339261
12127832 14424667
12127832 14453798
12127832 14470019
12127832 14506809
12127832 14517343
12127832 14536491
12127832 14575846
12127832 14589257
12127832 14681779
12127832 14688086
12127832 14691709
12127832 14692604
12127832 14922225
12127832 15112961
12127832 15222083
12127832 15234657
12127832 15653423
12127832 15717287
12127832 15838599
12127832 15853668
12127832 16097743
12127832 16098603
12127832 16335197
12127832 16453996
12127832 16507692
12127832 16513135
12127832 16626187
12127832 17195943
12127832 17526132
12127832 17552077
12127832 17632072
12127832 17759701
12127832 18257270
12127832 18345193
12127832 18581803
12127832 18666844
12127832 18715024
12127832 18776017
12127832 18791343
12127832 18819691
12127832 18859819
12127832 18900668
12127832 19215583
12127832 19413393
12127832 19414296
12127832 19519349
12127832 19525652
12127832 19672395
12127832 19673424
12127832 20205471
12127832 20273398
12127832 20490915
12127832 20603058
12127832 20880546
12127832 21195122
12127832 22705686
12127832 23404076
12127832 24081780
12127832 24585498
12127832 24641194
12127832 24742040
12127832 25026165
12127832 25952851
12127832 26173611
12127832 26250517
12127832 28037700
12127832 28933226
12127832 28960709
12127832 30023595
12127832 34985744
12127832 36198161
12127832 38514229
12127832 41172837
12127832 45705189
12127832 48370736
12127832 48485771
12127832 48621884
12127832 59414975
12127832 59804598
12127832 64285972
12127832 65913144
12127832 66791268
12127832 71606873
12127832 75165115
12127832 84043660
12127832 84672379
12127832 85343184
12127832 87764480
12127832 90385486
12127832 93905958
12127832 94414805
12127832 94454911
12127832 97027664
12127832 101633415
12127832 111210694
12127832 116952434
12127832 117187783
12127832 127178017
12127832 129279693
12127832 187744415
12127832 191548936
12127832 196710000
12127832 217932743
12127832 242024994
12127832 275608958
12127832 291468308
12127832 294198566
12284582 15913
12284582 1247691
12284582 13687132
12284582 14269220
12284582 14575846
12284582 14609321
12284582 15488968
12284582 18890465
12284582 28202547
12284582 45784061
12284582 52934175
12284582 60642921
12284582 87620061
12284582 96869096
12284582 126042901
12284582 175181917
12284582 214618570
12294012 15913
12294012 1265091
12294012 2718241
12294012 3202891
12294012 7813092
12294012 11918512
12294012 14269220
12294012 15094420
12294012 15234657
12294012 15416485
12294012 15447248
12294012 17140787
12294012 18285245
12298182 10350
12298182 12223
12298182 15913
12298182 1045521
12298182 1072591
12298182 1247691
12298182 3253671
12298182 3296721
12298182 3443591
12298182 5650332
12298182 7159422
12298182 7446452
12298182 7861312
12298182 7872262
12298182 7925002
12298182 8541492
12298182 9275742
12298182 9610142
12298182 11461102
12298182 12681982
12298182 13185852
12298182 13687132
12298182 14269220
12298182 14363438
12298182 14453798
12298182 14500681
12298182 14589257
12298182 14709855
12298182 15154217
12298182 15222083
12298182 15430929
12298182 15447248
12298182 15520280
12298182 15638249
12298182 15853073
12298182 16079941
12298182 16098603
12298182 16246524
12298182 16265412
12298182 16513135
12298182 16799897
12298182 16831715
12298182 17140787
12298182 17409832
12298182 18666844
12298182 18755518
12298182 18811254
12298182 18849368
12298182 18890465
12298182 18946688
12298182 19550535
12298182 19595287
12298182 19732725
12298182 21339114
12298182 22831657
12298182 24585498
12298182 25649234
12298182 27956824
12298182 34771668
12298182 39394932
12298182 48485771
12298182 53789489
12298182 59414975
12298182 64488804
12298182 64624131
12298182 71862367
12298182 96869096
12298182 114115460
12298182 128968339
12298182 214618570
12298182 235818781
12494542 15913
12494542 1045521
12494542 3443591
12494542 4065921
12494542 14269220
12494542 14709855
12494542 17140787
12494542 18666844
12494542 22900797
12681982 15913
12681982 1045521
12681982 1065921
12681982 1072591
12681982 1247691
12681982 1937751
12681982 2570021
12681982 3062761
12681982 3253671
12681982 3277381
12681982 3321441
12681982 3359851
12681982 3443591
12681982 3462421
12681982 4068821
12681982 4398351
12681982 5442012
12681982 5650332
12681982 6080022
12681982 6085372
12681982 6086752
12681982 6608332
12681982 7377812
12681982 7860742
12681982 7861312
12681982 7872262
12681982 8001572
12681982 8146732
12681982 8541492
12681982 9275742
12681982 9413072
12681982 9451052
12681982 9670952
12681982 11461102
12681982 12298182
12681982 13894102
12681982 14038862
12681982 14155052
12681982 14168488
12681982 14179545
12681982 14269220
12681982 14355610
12681982 14448205
12681982 14453798
12681982 14498387
12681982 14506809
12681982 14536491
12681982 14575846
12681982 14691709
12681982 14692604
12681982 14922225
12681982 14999606
12681982 15098511
12681982 15222083
12681982 15394673
12681982 16098603
12681982 16134428
12681982 17092592
12681982 17092862
12681982 17214479
12681982 17526132
12681982 18666844
12681982 18715024
12681982 18859819
12681982 19595287
12681982 19732725
12681982 19774817
12681982 21430043
12681982 22679419
12681982 22841103
12681982 24004172
12681982 27956824
12681982 34244280
12681982 36311369
12681982 47161442
12681982 57986173
12681982 65913144
12681982 69679166
12681982 71606873
12681982 71862367
12681982 87764480
12681982 92357649
12681982 223247584
12681982 235216483
12681982 297472992
12771872 15913
12771872 5442012
12771872 7344392
12771872 8001572
12771872 14155052
12771872 14213416
12771872 14269220
12771872 14609321
12771872 17521796
12771872 17728340
12771872 17787399
12771872 18701960
12771872 18755518
12771872 19161407
12771872 19802312
12771872 23645599
12771872 24585498
12771872 24942585
12771872 38514229
12771872 45862504
12771872 64488804
12771872 90964854
12970892 15913
12970892 3462421
12970892 6240732
12970892 7434902
12970892 14269093
12970892 14575846
12970892 14609321
12970892 15488968
12970892 16364644
12970892 19414296
12970892 24585498
12970892 38514229
12970892 48485771
12970892 58714972
13185852 10350
13185852 12223
13185852 15913
13185852 1183041
13185852 1702611
13185852 2735591
13185852 3359851
13185852 3462421
13185852 3954801
13185852 6206612
13185852 6608332
13185852 7194892
13185852 7344392
13185852 7434902
13185852 7861312
13185852 9095652
13185852 9275742
13185852 9451052
13185852 12298182
13185852 13356642
13185852 14038862
13185852 14155052
13185852 14224219
13185852 14269093
13185852 14363438
13185852 14453798
13185852 14471778
13185852 14575846
13185852 14589257
13185852 14922225
13185852 15154217
13185852 15222083
13185852 15234657
13185852 15447248
13185852 15567576
13185852 15575251
13185852 15582769
13185852 15638249
13185852 15681129
13185852 15838599
13185852 16102815
13185852 16364644
13185852 16799897
13185852 17214479
13185852 17728340
13185852 18715024
13185852 18755518
13185852 18811254
13185852 18849368
13185852 18875718
13185852 18892183
13185852 18929680
13185852 19087813
13185852 19414296
13185852 19550535
13185852 19595287
13185852 19672395
13185852 19759597
13185852 22679419
13185852 24585498
13185852 24742040
13185852 34068984
13185852 38514229
13185852 39394932
13185852 41172837
13185852 48370736
13185852 48485771
13185852 53789489
13185852 64488804
13324892 13348
13324892 15913
13324892 2735591
13324892 24724740
13356642 12223
13356642 15913
13356642 3096071
13356642 3359851
13356642 4812381
13356642 5413042
13356642 6608332
13356642 7194892
13356642 9451052
13356642 13185852
13356642 14155052
13356642 14224219
13356642 14453798
13356642 14609321
13356642 15222083
13356642 15575251
13356642 15591032
13356642 15638249
13356642 16358416
13356642 16458937
13356642 16799897
13356642 19161407
13356642 19414296
13356642 19595287
13356642 19759597
13356642 24585498
13356642 31037985
13356642 33191389
13356642 39394932
13356642 53789489
13356642 64488804
13356642 87620061
13356642 87764480
13356642 90964854
13434092 15913
13434092 5676102
13434092 15416485
13434092 16120265
13434092 16930986
13434092 108993961
13434622 15913
13434622 1317671
13434622 3359851
13434622 3954801
13434622 4291741
13434622 13687132
13434622 14301982
13434622 16886225
13434622 19120785
13434622 19262909
13434622 59804598
13434622 91480304
13434622 250831586
13687132 10350
13687132 15913
13687132 3359851
13687132 3443591
13687132 5436192
13687132 5443002
13687132 6608332
13687132 7194892
13687132 7860742
13687132 7861312
13687132 8001572
13687132 9095652
13687132 9451052
13687132 9610142
13687132 12284582
13687132 12298182
13687132 14168488
13687132 14498622
13687132 15222083
13687132 15234657
13687132 15259010
13687132 15488968
13687132 15578992
13687132 15739966
13687132 15838599
13687132 15926497
13687132 16127088
13687132 16513135
13687132 16831715
13687132 16957273
13687132 17092592
13687132 17195943
13687132 18849313
13687132 18900668
13687132 18912434
13687132 19413393
13687132 21339114
13687132 21383585
13687132 23645599
13687132 24585498
13687132 36969785
13687132 64488804
13687132 92357649
13869742 15913
13869742 14691709
13869742 17092592
13869742 17214479
13869742 22841103
13869742 87764480
13894102 15913
13894102 1045521
13894102 2549701
13894102 2593511
13894102 2757281
13894102 3042321
13894102 3062761
13894102 3253671
13894102 3296721
13894102 4065921
13894102 5650332
13894102 6080022
13894102 6086752
13894102 6608332
13894102 6724092
13894102 7159422
13894102 7334662
13894102 7626162
13894102 7860742
13894102 7872262
13894102 7925002
13894102 8001572
13894102 8054392
13894102 9670952
13894102 11272122
13894102 11461102
13894102 12681982
13894102 14180231
13894102 14269220
13894102 14355610
13894102 14498387
13894102 14500681
13894102 14506809
13894102 14709855
13894102 14750463
13894102 15520280
13894102 16098603
13894102 16224299
13894102 16366923
13894102 16453996
13894102 17409832
13894102 17526132
13894102 18101470
13894102 18181487
13894102 18666844
13894102 19370213
13894102 19595287
13894102 19732725
13894102 22831657
13894102 24641194
13894102 45416789
13894102 55338862
13894102 64488804
13894102 65913144
13894102 126979753
13894102 222640532
13894102 235216483
14038862 15913
14038862 1065921
14038862 3359851
14038862 3443591
14038862 4068821
14038862 5413042
14038862 5442012
14038862 5443002
14038862 5650332
14038862 5906322
14038862 6608332
14038862 7157132
14038862 7377812
14038862 7565302
14038862 7860742
14038862 7861312
14038862 7861622
14038862 8005202
14038862 9275742
14038862 9451052
14038862 10824382
14038862 12127832
14038862 12681982
14038862 13185852
14038862 13687132
14038862 14155052
14038862 14180231
14038862 14269220
14038862 14453798
14038862 14471778
14038862 14536491
14038862 14589257
14038862 14691709
14038862 14922225
14038862 14999606
14038862 15098511
14038862 15222083
14038862 15234657
14038862 15259010
14038862 15447248
14038862 15575251
14038862 15838599
14038862 16098603
14038862 16513135
14038862 16651072
14038862 17092592
14038862 17140787
14038862 17195943
14038862 17214479
14038862 18666844
14038862 18776017
14038862 18791343
14038862 18849313
14038862 18900668
14038862 18912434
14038862 19525652
14038862 20273398
14038862 20274104
14038862 20880546
14038862 21339114
14038862 22679419
14038862 22841103
14038862 23645599
14038862 24585498
14038862 24742040
14038862 25952851
14038862 34378922
14038862 41172837
14038862 45416789
14038862 45862504
14038862 48485771
14038862 59414975
14038862 59804598
14038862 63787760
14038862 64285972
14038862 64488804
14038862 87764480
14038862 90964854
14038862 92357649
14038862 93905958
14038862 128968339
14038862 144040563
14038862 146155608
14046943 15913
14046943 1461211
14046943 15234657
14046943 87764480
14075794 15913
14075794 3277381
14075794 3443591
14075794 4398351
14075794 5650332
14075794 8541492
14075794 13894102
14075794 14232363
14075794 14269220
14075794 16547411
14075794 17140787
14075794 18285245
14075794 19595287
14075794 20624600
14075794 22900797
14075794 30528575
14075794 59804598
14091509 13348
14091509 15913
14091509 72373
14091509 229523
14091509 755165
14091509 765694
14091509 789658
14091509 849131
14091509 2572271
14091509 5676102
14091509 15416485
14091509 15670515
14091509 16095572
14091509 16120265
14091509 16425197
14091509 16930986
14091509 17000457
14091509 24741685
14091509 49465463
14103331 15913
14103331 17552077
14103331 48485771
14103331 87764480
14103331 250831586
14114985 15913
14114985 14874480
14114985 15670515
14114985 16425197
14114985 17034634
14114985 55338862
14114985 59804598
14114985 74286565
14114985 91396874
14114985 123004655
14137885 12223
14137885 15913
14137885 1702611
14137885 3462421
14137885 5413042
14137885 9095652
14137885 14155052
14137885 14453798
14137885 14575846
14137885 15234657
14137885 15259010
14137885 16102815
14137885 18755518
14137885 18900668
14137885 19413393
14137885 19414296
14137885 20273398
14137885 22679419
14137885 24585498
14137885 33191389
14137885 48485771
14155052 10350
14155052 12223
14155052 15913
14155052 1065921
14155052 1072591
14155052 1183041
14155052 1702611
14155052 3096071
14155052 3321441
14155052 3359851
14155052 3443591
14155052 5906322
14155052 6206612
14155052 6608332
14155052 7194892
14155052 7434902
14155052 7861312
14155052 7872262
14155052 7875912
14155052 8146732
14155052 9095652
14155052 9275742
14155052 9451052
14155052 9610142
14155052 11666142
14155052 12284582
14155052 12298182
14155052 12681982
14155052 13185852
14155052 13356642
14155052 14224219
14155052 14269220
14155052 14363438
14155052 14424667
14155052 14453798
14155052 14498622
14155052 14575846
14155052 14589257
14155052 14922225
14155052 14935647
14155052 15112961
14155052 15154217
14155052 15195755
14155052 15222083
14155052 15234657
14155052 15259010
14155052 15447248
14155052 15488968
14155052 15575251
14155052 15578992
14155052 15582769
14155052 15591032
14155052 15681129
14155052 15839551
14155052 16098603
14155052 16102815
14155052 16358416
14155052 16458937
14155052 16513135
14155052 16799897
14155052 16874875
14155052 17076095
14155052 17092592
14155052 17195943
14155052 18345193
14155052 18445879
14155052 18666844
14155052 18701960
14155052 18715024
14155052 18755518
14155052 18892183
14155052 18900668
14155052 18946688
14155052 19087813
14155052 19161407
14155052 19413393
14155052 19414296
14155052 19550535
14155052 19563357
14155052 19595287
14155052 19802312
14155052 20880546
14155052 21339114
14155052 22841103
14155052 23645599
14155052 24585498
14155052 24742040
14155052 24942585
14155052 25026165
14155052 26173611
14155052 28755851
14155052 31037985
14155052 31296704
14155052 33191389
14155052 36311369
14155052 38517589
14155052 39394932
14155052 45416789
14155052 45862504
14155052 48485771
14155052 58714972
14155052 59414975
14155052 64488804
14155052 87571114
14155052 87620061
14155052 87764480
14155052 90964854
14155052 92357649
14155052 93905958
14155052 130202887
14155052 144040563
14155052 146155608
14168488 15913
14168488 1045521
14168488 3359851
14168488 6086752
14168488 6608332
14168488 7194892
14168488 8001572
14168488 11461102
14168488 12284582
14168488 12298182
14168488 12681982
14168488 14269220
14168488 14559570
14168488 15222083
14168488 18285245
14168488 18666844
14168488 19595287
14168488 19732725
14168488 21430043
14168488 45784061
14168488 53789489
14179545 10350
14179545 15913
14179545 1065921
14179545 3096071
14179545 3359851
14179545 6608332
14179545 7194892
14179545 7377812
14179545 7872262
14179545 12681982
14179545 14453798
14179545 14471778
14179545 14589257
14179545 15112961
14179545 15222083
14179545 15575251
14179545 16098603
14179545 16626187
14179545 18875718
14179545 19049747
14179545 24004172
14179545 24585498
14179545 38389963
14179545 64488804
14179545 84043660
14179545 87764480
14179545 88501703
14179545 90964854
14179545 93905958
14180231 15913
14180231 1065921
14180231 1100661
14180231 3359851
14180231 3443591
14180231 4065921
14180231 5265131
14180231 5436192
14180231 5442012
14180231 6080022
14180231 6478202
14180231 6608332
14180231 7377812
14180231 7860742
14180231 8001572
14180231 8005202
14180231 8470732
14180231 12127832
14180231 12771872
14180231 13894102
14180231 14038862
14180231 14424667
14180231 14471778
14180231 14536491
14180231 14573745
14180231 14688086
14180231 14692604
14180231 14935647
14180231 14999606
14180231 15098511
14180231 15222083
14180231 15653423
14180231 15707278
14180231 15717287
14180231 16098603
14180231 16453996
14180231 16651072
14180231 16715096
14180231 16957273
14180231 17092592
14180231 17195943
14180231 17610785
14180231 17632072
14180231 17722816
14180231 17759701
14180231 17794004
14180231 18176640
14180231 18257270
14180231 18581803
14180231 18776017
14180231 18900668
14180231 18941809
14180231 19413393
14180231 19525652
14180231 19563357
14180231 20471349
14180231 20603058
14180231 21195122
14180231 22705686
14180231 23215572
14180231 24004172
14180231 24081780
14180231 24641194
14180231 24742040
14180231 25026165
14180231 25566593
14180231 25952851
14180231 26250517
14180231 26800967
14180231 28302257
14180231 28478859
14180231 28933226
14180231 34244280
14180231 34771668
14180231 36198161
14180231 37444945
14180231 38514229
14180231 38517589
14180231 42361118
14180231 43920492
14180231 45416789
14180231 46762510
14180231 47495471
14180231 48485771
14180231 65913144
14180231 67818595
14180231 71606873
14180231 75165115
14180231 84043660
14180231 90385486
14180231 90964854
14180231 94414805
14180231 94454911
14180231 116952434
14180231 117187783
14180231 128968339
14180231 131350078
14180231 160008685
14180231 191548936
14180231 196710000
14180231 200212364
14180231 211614808
14180231 217932743
14180231 229141679
14180231 258203336
14180231 262775327
14180231 275608958
14180231 288231953
14180231 299442187
14180231 307642294
14180231 325106566
14180231 341840097
14213416 15913
14213416 24585498
14213856 15913
14213856 17759701
14213856 48485771
14213856 309366491
14224219 15913
14224219 3359851
14224219 4812381
14224219 5413042
14224219 13185852
14224219 13356642
14224219 14337677
14224219 15234657
14224219 16358416
14224219 18849368
14224219 19087813
14224219 21636840
14224219 22841103
14224219 24585498
14224219 33191389
14224219 39394932
14224219 45784061
14224219 52934175
14224219 53789489
14232363 10350
14232363 15913
14232363 1045521
14232363 1712051
14232363 1937751
14232363 3062761
14232363 3253671
14232363 3296721
14232363 3321441
14232363 3550301
14232363 3824401
14232363 5650332
14232363 6085372
14232363 6608332
14232363 6834572
14232363 7446452
14232363 8001572
14232363 8541492
14232363 9670952
14232363 11272122
14232363 11461102
14232363 14075794
14232363 14269220
14232363 14355610
14232363 14750463
14232363 15447248
14232363 16079941
14232363 16547411
14232363 17140787
14232363 17526132
14232363 18101470
14232363 18285245
14232363 18666844
14232363 19595287
14232363 19774817
14232363 20624600
14232363 22831657
14232363 22900797
14232363 126048747
14232363 282339563
14269093 15913
14269093 3096071
14269093 3359851
14269093 7434902
14269093 10824382
14269093 13185852
14269093 14453798
14269093 14589257
14269093 15638249
14269093 15838599
14269093 18849313
14269093 18849368
14269093 19414296
14269093 19672395
14269093 21637624
14269093 24585498
14269093 38514229
14269093 48485771
14269220 10350
14269220 12223
14269220 15913
14269220 756379
14269220 789314
14269220 820281
14269220 849131
14269220 1045521
14269220 1065921
14269220 1072591
14269220 1183041
14269220 1247691
14269220 1702611
14269220 2589661
14269220 2718241
14269220 2757281
14269220 3042321
14269220 3062761
14269220 3096071
14269220 3202891
14269220 3253671
14269220 3277381
14269220 3321441
14269220 3359851
14269220 3442781
14269220 3443591
14269220 3550301
14269220 4065921
14269220 4068821
14269220 4291741
14269220 5413042
14269220 5442012
14269220 5443002
14269220 5650332
14269220 5906322
14269220 6085372
14269220 6086752
14269220 6608332
14269220 6834572
14269220 7157132
14269220 7159422
14269220 7194892
14269220 7344392
14269220 7434902
14269220 7852172
14269220 7860742
14269220 7861312
14269220 7861622
14269220 7872262
14269220 7925002
14269220 8001572
14269220 8541492
14269220 8914942
14269220 9313312
14269220 9451052
14269220 9670952
14269220 11272122
14269220 11461102
14269220 12121162
14269220 12284582
14269220 12298182
14269220 12771872
14269220 13185852
14269220 13687132
14269220 13894102
14269220 14155052
14269220 14168488
14269220 14355610
14269220 14411683
14269220 14414761
14269220 14453798
14269220 14498387
14269220 14500681
14269220 14515313
14269220 14517343
14269220 14559570
14269220 14575846
14269220 14589257
14269220 14691709
14269220 14709855
14269220 14750463
14269220 14874480
14269220 14922225
14269220 14994418
14269220 15094420
14269220 15154217
14269220 15234657
14269220 15259010
14269220 15416485
14269220 15447248
14269220 15520280
14269220 15575251
14269220 15591032
14269220 15838599
14269220 16079941
14269220 16098603
14269220 16134428
14269220 16246524
14269220 16265412
14269220 16425197
14269220 16458937
14269220 16547411
14269220 16660064
14269220 16831715
14269220 16834674
14269220 16957273
14269220 17076095
14269220 17092592
14269220 17140787
14269220 17409832
14269220 17526132
14269220 17548445
14269220 17728340
14269220 17759701
14269220 17787399
14269220 18101470
14269220 18285245
14269220 18445879
14269220 18628082
14269220 18666844
14269220 18701960
14269220 18715024
14269220 18755518
14269220 18776017
14269220 18849313
14269220 18890465
14269220 18892183
14269220 18900668
14269220 18946688
14269220 19161407
14269220 19370213
14269220 19413393
14269220 19414296
14269220 19563357
14269220 19595287
14269220 19622462
14269220 19732725
14269220 19774817
14269220 19970426
14269220 20273398
14269220 20274104
14269220 20439140
14269220 20624600
14269220 20642115
14269220 21339114
14269220 22335214
14269220 22679419
14269220 22831657
14269220 22841103
14269220 22900797
14269220 23140494
14269220 23645599
14269220 24004172
14269220 24585498
14269220 24741685
14269220 24742040
14269220 24942585
14269220 25566593
14269220 25649234
14269220 27956824
14269220 30528575
14269220 31037985
14269220 31808762
14269220 33191389
14269220 34068984
14269220 34378922
14269220 34771668
14269220 36198161
14269220 36311369
14269220 38514229
14269220 39394932
14269220 40625388
14269220 41172837
14269220 42361118
14269220 42943177
14269220 44407802
14269220 45416789
14269220 45862504
14269220 47161442
14269220 48485771
14269220 51352986
14269220 52934175
14269220 53789489
14269220 55338862
14269220 57986173
14269220 59414975
14269220 59804598
14269220 60642921
14269220 64488804
14269220 64624131
14269220 71862367
14269220 73077189
14269220 74286565
14269220 87620061
14269220 87764480
14269220 90672134
14269220 90964854
14269220 93905958
14269220 96869096
14269220 114115460
14269220 114563370
14269220 123004655
14269220 126979753
14269220 144040563
14269220 146155608
14269220 151223147
14269220 155976326
14269220 174541760
14269220 214618570
14269220 235216483
14269220 264925735
14269220 282339563
14269220 294198566
14269220 430174478
14269220 548679814
14270527 7846
14270527 10350
14270527 15913
14270527 3062761
14270527 3824401
14270527 7860742
14270527 7861312
14270527 7872262
14270527 8470732
14270527 9275742
14270527 9500062
14270527 14179545
14270527 14180231
14270527 14424667
14270527 14688086
14270527 14691709
14270527 14922225
14270527 15112961
14270527 15222083
14270527 15578992
14270527 15838599
14270527 15853668
14270527 16513135
14270527 16626187
14270527 16660064
14270527 17092592
14270527 18581803
14270527 18666844
14270527 19413393
14270527 20880546
14270527 22841103
14270527 23140494
14270527 24742040
14270527 24942585
14270527 26173611
14270527 28719244
14270527 48485771
14270527 52934175
14270527 59414975
14270527 84043660
14270527 87764480
14270527 90964854
14270527 121258930
14270527 126042901
14270527 144040563
14270527 146155608
14270527 155976326
14301982 15913
14301982 13434622
14301982 16886225
14301982 18783763
14301982 48485771
14301982 59804598
14301982 309366491
14337677 15913
14337677 12284582
14337677 14224219
14337677 14575846
14337677 15430929
14337677 16799897
14337677 18755518
14337677 18890465
14337677 21339114
14337677 21636840
14337677 24585498
14337677 45784061
14337677 52934175
14337677 87620061
14337677 175181917
14337677 214618570
14339261 15913
14339261 3359851
14339261 18176640
14339261 48485771
14339261 63787760
14339261 299442187
14355610 15913
14355610 1045521
14355610 1065921
14355610 3042321
14355610 3062761
14355610 3253671
14355610 3296721
14355610 3321441
14355610 3359851
14355610 3443591
14355610 3550301
14355610 5650332
14355610 6086752
14355610 7159422
14355610 8001572
14355610 8541492
14355610 9413072
14355610 11272122
14355610 11461102
14355610 12298182
14355610 12681982
14355610 13894102
14355610 14232363
14355610 14269220
14355610 14559570
14355610 16079941
14355610 16098603
14355610 16660064
14355610 17140787
14355610 17526132
14355610 18285245
14355610 18666844
14355610 19595287
14355610 19732725
14355610 19774817
14355610 21430043
14355610 22831657
14355610 22900797
14355610 27956824
14355610 59804598
14355610 71862367
14355610 174541760
14363438 12223
14363438 15913
14363438 1045521
14363438 1183041
14363438 3321441
14363438 8001572
14363438 12298182
14363438 13185852
14363438 14453798
14363438 15154217
14363438 15520280
14363438 15638249
14363438 15681129
14363438 17409832
14363438 18666844
14363438 18715024
14363438 18755518
14363438 18849368
14363438 19414296
14363438 19550535
14363438 24585498
14363438 34771668
14363438 38514229
14363438 39394932
14363438 43898124
14363438 48485771
14363438 53789489
14363438 59414975
14363438 64121269
14363438 114115460
14363438 222640532
14371916 15913
14371916 1183041
14371916 7861312
14411683 15913
14411683 1045521
14411683 1072591
14411683 3062761
14411683 4068821
14411683 5650332
14411683 7702232
14411683 7872262
14411683 8470732
14411683 9500062
14411683 14269220
14411683 14517343
14411683 16097743
14411683 16098603
14411683 16660064
14411683 22335214
14411683 47161442
14414761 10350
14414761 15913
14414761 1183041
14414761 3443591
14414761 7861312
14414761 14269220
14414761 14498622
14414761 15300838
14414761 15773009
14414761 17140787
14416334 15913
14416334 3299561
14416334 3359851
14416334 3442781
14416334 3443591
14416334 5442012
14416334 7860742
14416334 7872262
14416334 7875762
14416334 7875912
14416334 8470732
14416334 9413072
14416334 11461102
14416334 14471778
14416334 14498387
14416334 14506809
14416334 14517343
14416334 14589257
14416334 14609321
14416334 14691709
14416334 14692604
14416334 15347317
14416334 15653423
14416334 16098603
14416334 16453996
14416334 16660064
14416334 17526132
14416334 17632072
14416334 18021714
14416334 18666844
14416334 18776017
14416334 18849313
14416334 19193475
14416334 19300461
14416334 20880546
14416334 21195122
14416334 24004172
14416334 24641194
14416334 24742040
14416334 24942585
14416334 28719244
14416334 31524543
14416334 36198161
14416334 42361118
14416334 45416789
14416334 47161442
14416334 48485771
14416334 57986173
14416334 59414975
14416334 59804598
14416334 60968363
14416334 65913144
14416334 71606873
14416334 85343184
14416334 93905958
14416334 113025559
14416334 116952434
14416334 117187783
14416334 144040563
14416334 146155608
14416334 187744415
14416334 191548936
14416334 196710000
14416334 217932743
14416334 235216483
14416334 258218804
14416334 294198566
14416334 309366491
14424667 15913
14424667 1065921
14424667 1072591
14424667 1100661
14424667 3359851
14424667 4068821
14424667 5442012
14424667 5452672
14424667 7377812
14424667 8001572
14424667 12127832
14424667 14180231
14424667 14270527
14424667 14453798
14424667 14506809
14424667 14536491
14424667 14573745
14424667 14589257
14424667 14922225
14424667 14999606
14424667 15098511
14424667 15717287
14424667 16038438
14424667 16098603
14424667 16513135
14424667 16651072
14424667 16909832
14424667 17053354
14424667 17076095
14424667 17092592
14424667 17526132
14424667 18445879
14424667 18581803
14424667 18628082
14424667 18666844
14424667 18849313
14424667 18859819
14424667 20880546
14424667 21195122
14424667 22841103
14424667 23140494
14424667 24742040
14424667 24942585
14424667 34244280
14424667 38389963
14424667 57986173
14424667 59804598
14424667 69679166
14424667 75165115
14424667 84043660
14424667 87764480
14424667 88501703
14424667 92357649
14424667 114563370
14424667 126042901
14424667 127569781
14424667 144040563
14424667 200212364
14424667 265732976
14444530 15913
14444530 1065921
14444530 1937751
14444530 2570021
14444530 3062761
14444530 3296721
14444530 3359851
14444530 3443591
14444530 3550301
14444530 4065921
14444530 5193261
14444530 5650332
14444530 6086752
14444530 6834572
14444530 7159422
14444530 7446452
14444530 8001572
14444530 8541492
14444530 9670952
14444530 11272122
14444530 11461102
14444530 12121162
14444530 12298182
14444530 14269220
14444530 14456200
14444530 14559570
14444530 14921836
14444530 15647839
14444530 15670515
14444530 16409781
14444530 16547411
14444530 16834674
14444530 17140787
14444530 17526132
14444530 17613979
14444530 18581803
14444530 18666844
14444530 18859819
14444530 18890465
14444530 19563357
14444530 19732725
14444530 19774817
14444530 22679419
14444530 22831657
14444530 22900797
14444530 24742040
14444530 25649234
14444530 27956824
14444530 31524543
14444530 34068984
14444530 36198161
14444530 48485771
14444530 59414975
14444530 59804598
14444530 63644892
14444530 64624131
14444530 71862367
14444530 74286565
14444530 93905958
14444530 123004655
14444530 146155608
14444530 282339563
14446419 15913
14446419 2585151
14446419 5442012
14446419 5443002
14446419 7157132
14446419 7860742
14446419 7861312
14446419 9451052
14446419 14498387
14446419 14922225
14446419 15234657
14446419 17092592
14446419 19595287
14446419 20274104
14446419 20601792
14446419 24081780
14446419 24742040
14446419 36969785
14446419 48370736
14446419 57986173
14446419 66791268
14446419 74286565
14446419 188035912
14446419 235216483
14446419 286118150
14446419 308693201
14446419 399404516
14448205 15913
14448205 1183041
14448205 7384432
14448205 7861312
14448205 12681982
14448205 14575846
14448205 28192145
14448205 66499322
14448205 126042901
14453798 10350
14453798 12223
14453798 15913
14453798 1065921
14453798 1183041
14453798 1702611
14453798 3096071
14453798 3359851
14453798 3443591
14453798 3462421
14453798 5442012
14453798 6608332
14453798 7194892
14453798 7434902
14453798 9275742
14453798 9451052
14453798 12298182
14453798 13185852
14453798 13356642
14453798 14137885
14453798 14155052
14453798 14179545
14453798 14269093
14453798 14269220
14453798 14363438
14453798 14471778
14453798 14573745
14453798 14575846
14453798 15112961
14453798 15154217
14453798 15222083
14453798 15567576
14453798 15575251
14453798 15582769
14453798 15591032
14453798 15638249
14453798 15838599
14453798 16079941
14453798 16265412
14453798 16458937
14453798 17031260
14453798 17053354
14453798 17076095
14453798 18445879
14453798 18715024
14453798 18755518
14453798 18811254
14453798 18849368
14453798 18892183
14453798 19049747
14453798 19161407
14453798 19550535
14453798 19595287
14453798 24585498
14453798 33191389
14453798 38389963
14453798 38514229
14453798 39394932
14453798 48485771
14453798 53789489
14453798 59804598
14453798 64488804
14453798 93905958
14456200 15913
14456200 3253671
14456200 3443591
14456200 7159422
14456200 14269220
14456200 14444530
14456200 14709855
14456200 14921836
14456200 16030324
14456200 16834674
14456200 17016709
14456200 18285245
14456200 18666844
14456200 18819691
14456200 19595287
14456200 22900797
14456200 123004655
14456200 126048747
14470019 15913
14470019 1065921
14470019 4068821
14470019 5442012
14470019 6080022
14470019 6478202
14470019 8001572
14470019 9500062
14470019 12127832
14470019 14506809
14470019 14536491
14470019 14692604
14470019 15853668
14470019 17526132
14470019 17663756
14470019 17794004
14470019 18532553
14470019 20262322
14470019 21637624
14470019 28933226
14470019 57244828
14470019 59804598
14471778 12223
14471778 15913
14471778 1065921
14471778 1702611
14471778 3096071
14471778 3462421
14471778 3954801
14471778 4291741
14471778 5442012
14471778 5452672
14471778 6608332
14471778 7194892
14471778 7377812
14471778 7434902
14471778 7860742
14471778 7872262
14471778 8146732
14471778 8470732
14471778 9451052
14471778 11461102
14471778 11911082
14471778 12771872
14471778 12970892
14471778 13185852
14471778 13356642
14471778 13687132
14471778 14179545
14471778 14180231
14471778 14416334
14471778 14453798
14471778 14498387
14471778 14573745
14471778 14575846
14471778 14589257
14471778 14609321
14471778 14692604
14471778 14750463
14471778 14922225
14471778 14994418
14471778 15098511
14471778 15112961
14471778 15154217
14471778 15234679
14471778 15447248
14471778 15488968
14471778 15567576
14471778 15681129
14471778 16079941
14471778 16098603
14471778 16134428
14471778 16265412
14471778 16626187
14471778 16799897
14471778 16957273
14471778 17092592
14471778 17214479
14471778 17526132
14471778 17728340
14471778 18345193
14471778 18666844
14471778 18875718
14471778 19049747
14471778 19087813
14471778 19161407
14471778 19414296
14471778 19673424
14471778 19732725
14471778 19774817
14471778 20274104
14471778 24004172
14471778 24585498
14471778 24641194
14471778 24942585
14471778 25566593
14471778 28037700
14471778 28719244
14471778 28933226
14471778 31296704
14471778 34771668
14471778 38389963
14471778 38514229
14471778 42070873
14471778 42361118
14471778 43880993
14471778 45416789
14471778 47161442
14471778 48370736
14471778 48485771
14471778 52934175
14471778 57986173
14471778 58714972
14471778 60968363
14471778 64488804
14471778 64624131
14471778 65913144
14471778 66791268
14471778 69679166
14471778 71383220
14471778 71606873
14471778 87620061
14471778 87764480
14471778 93905958
14471778 97027664
14471778 101633415
14471778 105310392
14471778 113025559
14471778 127178017
14471778 144040563
14471778 164024096
14471778 235216483
14471778 275608958
14498387 15913
14498387 1065921
14498387 1134701
14498387 6080022
14498387 7377812
14498387 7852172
14498387 7860742
14498387 7872262
14498387 7875762
14498387 8146732
14498387 8470732
14498387 9413072
14498387 12681982
14498387 13687132
14498387 14038862
14498387 14269220
14498387 14471778
14498387 14506809
14498387 14573745
14498387 14589257
14498387 14609321
14498387 14691709
14498387 14692604
14498387 14922225
14498387 15234657
14498387 15575251
14498387 15653423
14498387 15839551
14498387 16079941
14498387 16097743
14498387 16098603
14498387 16453996
14498387 16626187
14498387 17092592
14498387 17526132
14498387 17759701
14498387 18021714
14498387 18301663
14498387 18628082
14498387 18776017
14498387 19300461
14498387 19370213
14498387 19563357
14498387 20274104
14498387 21195122
14498387 21678052
14498387 24004172
14498387 24081780
14498387 24641194
14498387 26256596
14498387 28037700
14498387 36993162
14498387 42070873
14498387 42361118
14498387 45416789
14498387 47161442
14498387 48370736
14498387 55655811
14498387 57986173
14498387 60968363
14498387 66791268
14498387 71268322
14498387 71383220
14498387 71606873
14498387 73077189
14498387 101633415
14498387 105310392
14498387 183663839
14498387 187744415
14498387 188035912
14498387 214618570
14498387 217932743
14498387 235216483
14498387 242024994
14498387 258218804
14498387 265732976
14498387 399404516
14498622 10350
14498622 12223
14498622 15913
14498622 1183041
14498622 3321441
14498622 3442781
14498622 3443591
14498622 5442012
14498622 7861312
14498622 8001572
14498622 8146732
14498622 13687132
14498622 14155052
14498622 14691709
14498622 15222083
14498622 15300838
14498622 15488968
14498622 15575251
14498622 15578992
14498622 16079941
14498622 16134428
14498622 16799897
14498622 18666844
14498622 18715024
14498622 20273398
14498622 22841103
14498622 24585498
14498622 34378922
14498622 93905958
14498622 235216483
14500681 15913
14500681 7860742
14500681 12298182
14500681 13894102
14500681 14269220
14500681 14994418
14500681 16246524
14500681 18666844
14500681 19370213
14500681 59414975
14500681 65913144
14506809 15913
14506809 820281
14506809 1045521
14506809 1065921
14506809 1072591
14506809 1712051
14506809 1937751
14506809 2034901
14506809 2757281
14506809 3096071
14506809 3242491
14506809 3253671
14506809 3296721
14506809 3321441
14506809 3359851
14506809 3443591
14506809 4068821
14506809 5265131
14506809 5442012
14506809 5650332
14506809 6080022
14506809 6376212
14506809 6478202
14506809 6608332
14506809 6724092
14506809 7078732
14506809 7159422
14506809 7194892
14506809 7344392
14506809 7377812
14506809 7434902
14506809 7860742
14506809 8001572
14506809 8054392
14506809 8541492
14506809 9413072
14506809 9451052
14506809 9500062
14506809 9610142
14506809 11272122
14506809 11461102
14506809 12298182
14506809 12681982
14506809 13894102
14506809 14232363
14506809 14269220
14506809 14416334
14506809 14424667
14506809 14471778
14506809 14498387
14506809 14498622
14506809 14536491
14506809 14559570
14506809 14575846
14506809 14609321
14506809 14709855
14506809 14750463
14506809 14922225
14506809 14994418
14506809 15112961
14506809 15154217
14506809 15234657
14506809 15394673
14506809 15428643
14506809 15447248
14506809 15488968
14506809 15520280
14506809 15582769
14506809 15837367
14506809 16079941
14506809 16098603
14506809 16134428
14506809 16265412
14506809 16453996
14506809 16626187
14506809 16957273
14506809 17016709
14506809 17140787
14506809 17214479
14506809 17409832
14506809 18087961
14506809 18285245
14506809 18581803
14506809 18628082
14506809 18666844
14506809 18776017
14506809 18859819
14506809 18890465
14506809 19087813
14506809 19563357
14506809 19595287
14506809 19673424
14506809 19774817
14506809 20262322
14506809 20327583
14506809 20490915
14506809 20624600
14506809 20880546
14506809 21195122
14506809 21430043
14506809 22900797
14506809 23140494
14506809 24004172
14506809 24641194
14506809 25026165
14506809 25566593
14506809 26173611
14506809 31296704
14506809 31524543
14506809 34068984
14506809 34771668
14506809 38389963
14506809 38514229
14506809 42361118
14506809 42943177
14506809 48485771
14506809 51352986
14506809 52934175
14506809 55655811
14506809 57244828
14506809 57986173
14506809 59414975
14506809 59804598
14506809 64624131
14506809 65913144
14506809 69679166
14506809 71862367
14506809 75165115
14506809 83506209
14506809 84043660
14506809 85343184
14506809 92357649
14506809 93905958
14506809 94454911
14506809 96869096
14506809 101633415
14506809 114115460
14506809 116952434
14506809 117187783
14506809 121258930
14506809 126048747
14506809 141328659
14506809 144040563
14506809 144723989
14506809 146155608
14506809 152065057
14506809 154708725
14506809 175181917
14506809 191548936
14506809 235216483
14506809 294198566
14515313 15913
14515313 1045521
14515313 1072591
14515313 1134701
14515313 3299561
14515313 3443591
14515313 7860742
14515313 7861312
14515313 7872262
14515313 7874622
14515313 7875762
14515313 7875912
14515313 7925002
14515313 8005202
14515313 8470732
14515313 8541492
14515313 9835242
14515313 13894102
14515313 14269220
14515313 14416334
14515313 14500681
14515313 14517343
14515313 14629510
14515313 14922225
14515313 15734515
14515313 16098603
14515313 16246524
14515313 18776017
14515313 19193475
14515313 19370213
14515313 21195122
14515313 24004172
14515313 24641194
14515313 25026165
14515313 36993162
14515313 40753289
14515313 42361118
14515313 44121353
14515313 45416789
14515313 46147323
14515313 47161442
14515313 57986173
14515313 60968363
14515313 65913144
14515313 71383220
14515313 71606873
14515313 129279693
14515313 235216483
14515313 235818781
14517343 15913
14517343 1045521
14517343 1072591
14517343 1134701
14517343 3062761
14517343 3443591
14517343 5650332
14517343 7860742
14517343 7861312
14517343 7872262
14517343 7875762
14517343 7925002
14517343 8005202
14517343 8146732
14517343 8470732
14517343 8541492
14517343 9413072
14517343 14269220
14517343 14411683
14517343 14515313
14517343 14575846
14517343 14609321
14517343 14691709
14517343 14692604
14517343 15555645
14517343 16097743
14517343 16098603
14517343 16453996
14517343 16660064
14517343 17759701
14517343 18021714
14517343 18666844
14517343 19622462
14517343 20880546
14517343 22335214
14517343 24641194
14517343 28037700
14517343 34378922
14517343 45416789
14517343 46241569
14517343 47161442
14517343 57986173
14517343 59804598
14517343 65913144
14517343 93905958
14517343 101633415
14517343 235216483
14517343 235818781
14536491 7846
14536491 10350
14536491 15913
14536491 1065921
14536491 1937751
14536491 3096071
14536491 3359851
14536491 3443591
14536491 4068821
14536491 5265131
14536491 5442012
14536491 5906322
14536491 6080022
14536491 6240732
14536491 6478202
14536491 6608332
14536491 7157132
14536491 7194892
14536491 7377812
14536491 7565302
14536491 7860742
14536491 7861312
14536491 8001572
14536491 9275742
14536491 9451052
14536491 9500062
14536491 10115042
14536491 10824382
14536491 12127832
14536491 12681982
14536491 13687132
14536491 14038862
14536491 14180231
14536491 14269220
14536491 14424667
14536491 14470019
14536491 14498622
14536491 14506809
14536491 14573745
14536491 14575846
14536491 14589257
14536491 14688086
14536491 14691709
14536491 14692604
14536491 14743923
14536491 14750463
14536491 14922225
14536491 14935647
14536491 15098511
14536491 15112961
14536491 15154217
14536491 15222083
14536491 15234657
14536491 15234679
14536491 15259010
14536491 15447248
14536491 15488968
14536491 15575251
14536491 15838599
14536491 15853668
14536491 16098603
14536491 16127088
14536491 16265412
14536491 16453996
14536491 16626187
14536491 16715096
14536491 16799897
14536491 16957273
14536491 17092592
14536491 17214479
14536491 17526132
14536491 17552077
14536491 17610785
14536491 17632072
14536491 17722816
14536491 17759701
14536491 17794004
14536491 18021714
14536491 18257270
14536491 18445879
14536491 18581803
14536491 18666844
14536491 18715024
14536491 18729547
14536491 18776017
14536491 18849313
14536491 18859819
14536491 18900668
14536491 18941809
14536491 19003121
14536491 19087813
14536491 19413393
14536491 19519349
14536491 19525652
14536491 19550535
14536491 19563357
14536491 19595287
14536491 19673424
14536491 19732725
14536491 20262322
14536491 20273398
14536491 20274104
14536491 20880546
14536491 21195122
14536491 22679419
14536491 22841103
14536491 23140494
14536491 23404076
14536491 23645599
14536491 24004172
14536491 24081780
14536491 24641194
14536491 24742040
14536491 25026165
14536491 25952851
14536491 26173611
14536491 28302257
14536491 28933226
14536491 31296704
14536491 31524543
14536491 33191389
14536491 34068984
14536491 34455805
14536491 36198161
14536491 36969785
14536491 38514229
14536491 38542252
14536491 41172837
14536491 42070873
14536491 42943177
14536491 43920492
14536491 45862504
14536491 48485771
14536491 51352986
14536491 55655811
14536491 57244828
14536491 59414975
14536491 59804598
14536491 64285972
14536491 65913144
14536491 69679166
14536491 71862367
14536491 84043660
14536491 87764480
14536491 90385486
14536491 90964854
14536491 92357649
14536491 93905958
14536491 94414805
14536491 94454911
14536491 101633415
14536491 114115460
14536491 116952434
14536491 117187783
14536491 128968339
14536491 144040563
14536491 144723989
14536491 154708725
14536491 158558510
14536491 235216483
14536491 250831586
14536491 290097288
14536491 294198566
14536491 374936497
14559570 15913
14559570 1045521
14559570 1065921
14559570 1183041
14559570 1937751
14559570 2718241
14559570 2757281
14559570 3062761
14559570 3253671
14559570 3277381
14559570 3296721
14559570 3321441
14559570 3443591
14559570 3550301
14559570 4065921
14559570 4068821
14559570 4398351
14559570 5442012
14559570 5650332
14559570 5906322
14559570 6086752
14559570 6376212
14559570 6724092
14559570 7159422
14559570 7861312
14559570 8001572
14559570 8541492
14559570 8914942
14559570 9451052
14559570 9670952
14559570 11272122
14559570 11461102
14559570 12298182
14559570 14168488
14559570 14269220
14559570 14355610
14559570 14444530
14559570 14506809
14559570 14709855
14559570 15670515
14559570 16098603
14559570 16134428
14559570 16660064
14559570 16834674
14559570 17140787
14559570 17526132
14559570 18285245
14559570 18628082
14559570 18666844
14559570 18859819
14559570 18890465
14559570 19595287
14559570 19732725
14559570 19774817
14559570 21430043
14559570 22831657
14559570 22900797
14559570 24742040
14559570 25649234
14559570 27956824
14559570 59804598
14559570 71862367
14559570 174541760
14573745 7846
14573745 12223
14573745 15913
14573745 1065921
14573745 1183041
14573745 3359851
14573745 3443591
14573745 4068821
14573745 5436192
14573745 5442012
14573745 6608332
14573745 7194892
14573745 7377812
14573745 7860742
14573745 7861312
14573745 7872262
14573745 9451052
14573745 9500062
14573745 12121162
14573745 12127832
14573745 13356642
14573745 14038862
14573745 14179545
14573745 14180231
14573745 14424667
14573745 14453798
14573745 14471778
14573745 14498387
14573745 14536491
14573745 14575846
14573745 14589257
14573745 14609321
14573745 14688086
14573745 14691709
14573745 14692604
14573745 14922225
14573745 15112961
14573745 15154217
14573745 15222083
14573745 15234657
14573745 15259010
14573745 15575251
14573745 15681129
14573745 15838599
14573745 15846407
14573745 15853668
14573745 16098603
14573745 16127088
14573745 16265412
14573745 16453996
14573745 16626187
14573745 16955141
14573745 17076095
14573745 17092592
14573745 17214479
14573745 17526132
14573745 17552077
14573745 17794004
14573745 18666844
14573745 18776017
14573745 18900668
14573745 18941809
14573745 19003121
14573745 19161407
14573745 19413393
14573745 19414296
14573745 19550535
14573745 19595287
14573745 20273398
14573745 20880546
14573745 22679419
14573745 23645599
14573745 24004172
14573745 24560836
14573745 24585498
14573745 24742040
14573745 28960709
14573745 31296704
14573745 34068984
14573745 36198161
14573745 41172837
14573745 43920492
14573745 45784061
14573745 45862504
14573745 48485771
14573745 53459595
14573745 58497291
14573745 58714972
14573745 59414975
14573745 64488804
14573745 69679166
14573745 81229871
14573745 84043660
14573745 85215038
14573745 85343184
14573745 88501703
14573745 90964854
14573745 93905958
14573745 111164068
14573745 116952434
14573745 121258930
14573745 126444583
14573745 137577423
14573745 144040563
14573745 144723989
14573745 146155608
14573745 154708725
14573745 158558510
14573745 191548936
14573745 235216483
14573745 290097288
14575846 12223
14575846 15913
14575846 756379
14575846 1065921
14575846 1183041
14575846 1702611
14575846 3096071
14575846 3321441
14575846 3359851
14575846 3443591
14575846 3462421
14575846 3550301
14575846 4068821
14575846 4291741
14575846 5413042
14575846 5436192
14575846 6085372
14575846 6608332
14575846 6773622
14575846 7194892
14575846 7434902
14575846 7861312
14575846 9451052
14575846 12284582
14575846 12681982
14575846 13356642
14575846 13687132
14575846 14155052
14575846 14224219
14575846 14269093
14575846 14269220
14575846 14453798
14575846 14471778
14575846 14498622
14575846 14536491
14575846 14691709
14575846 14692604
14575846 15098511
14575846 15112961
14575846 15222083
14575846 15234657
14575846 15447248
14575846 15488968
14575846 15567576
14575846 15578992
14575846 15582769
14575846 15591032
14575846 15681129
14575846 15838599
14575846 15853668
14575846 16079941
14575846 16102815
14575846 16134428
14575846 16265412
14575846 16458937
14575846 16463030
14575846 16799897
14575846 16874875
14575846 17031260
14575846 17076095
14575846 17092592
14575846 17214479
14575846 18345193
14575846 18715024
14575846 18755518
14575846 18849368
14575846 18890465
14575846 18892183
14575846 19161407
14575846 19413393
14575846 19414296
14575846 19550535
14575846 19595287
14575846 21339114
14575846 22841103
14575846 23645599
14575846 24724740
14575846 28960709
14575846 31296704
14575846 33191389
14575846 36311369
14575846 43880993
14575846 45784061
14575846 48485771
14575846 51352986
14575846 53789489
14575846 58714972
14575846 64488804
14575846 69679166
14575846 87620061
14575846 87764480
14575846 92357649
14575846 93905958
14575846 130202887
14575846 548679814
14589257 15913
14589257 1183041
14589257 3096071
14589257 5442012
14589257 5452672
14589257 6240732
14589257 7377812
14589257 7852172
14589257 7872262
14589257 9275742
14589257 12127832
14589257 14179545
14589257 14269093
14589257 14424667
14589257 14453798
14589257 14922225
14589257 15112961
14589257 15222083
14589257 15234657
14589257 15575251
14589257 15638249
14589257 15838599
14589257 16038438
14589257 16079941
14589257 16799897
14589257 17053354
14589257 17552077
14589257 18301663
14589257 18445879
14589257 20273398
14589257 20880546
14589257 26173611
14589257 28202547
14589257 45784061
14589257 45862504
14589257 48485771
14589257 64488804
14589257 88501703
14589257 105310392
14609321 15913
14609321 1045521
14609321 1065921
14609321 1183041
14609321 3096071
14609321 3359851
14609321 4068821
14609321 7194892
14609321 7434902
14609321 7852172
14609321 7872262
14609321 8001572
14609321 9413072
14609321 9610142
14609321 10115042
14609321 12284582
14609321 12970892
14609321 13356642
14609321 14155052
14609321 14416334
14609321 14471778
14609321 14498387
14609321 14517343
14609321 14573745
14609321 14575846
14609321 14691709
14609321 14692604
14609321 14750463
14609321 14935647
14609321 14994418
14609321 15154217
14609321 15488968
14609321 15567576
14609321 15582769
14609321 15591032
14609321 16079941
14609321 16097743
14609321 16098603
14609321 16134428
14609321 16265412
14609321 16458937
14609321 16626187
14609321 17214479
14609321 17526132
14609321 17728340
14609321 18021714
14609321 18301663
14609321 18445879
14609321 18666844
14609321 18715024
14609321 19087813
14609321 19161407
14609321 19414296
14609321 19595287
14609321 19673424
14609321 19732725
14609321 24004172
14609321 24641194
14609321 31296704
14609321 38514229
14609321 39394932
14609321 42361118
14609321 51352986
14609321 53459595
14609321 57986173
14609321 58714972
14609321 59414975
14609321 60642921
14609321 65913144
14609321 69679166
14609321 71606873
14609321 84043660
14609321 87620061
14609321 93905958
14609321 96869096
14609321 101633415
14609321 164024096
14609321 187744415
14609321 235216483
14629510 15913
14629510 1065921
14629510 1072591
14629510 1134701
14629510 5445442
14629510 7377812
14629510 7860742
14629510 7872262
14629510 7874622
14629510 7875762
14629510 7875912
14629510 7925002
14629510 8470732
14629510 8541492
14629510 14515313
14629510 14688086
14629510 15234657
14629510 16098603
14629510 16626187
14629510 17759701
14629510 19049747
14629510 22335214
14629510 24081780
14629510 24641194
14629510 45416789
14629510 47161442
14629510 57986173
14629510 60968363
14629510 65913144
14629510 235818781
14681779 15913
14681779 1045521
14681779 1072591
14681779 1134701
14681779 3062761
14681779 3227431
14681779 5650332
14681779 7860742
14681779 7861312
14681779 7872262
14681779 7925002
14681779 8470732
14681779 9500062
14681779 12127832
14681779 14269220
14681779 14411683
14681779 14517343
14681779 15555645
14681779 16097743
14681779 16098603
14681779 16507692
14681779 16660064
14681779 17759701
14681779 19622462
14681779 20490915
14681779 20880546
14681779 21195122
14681779 24081780
14681779 24641194
14681779 25026165
14681779 28037700
14681779 30023595
14681779 42361118
14681779 45416789
14681779 46241569
14681779 47161442
14681779 57986173
14681779 65913144
14688086 3840
14688086 10350
14688086 15913
14688086 1065921
14688086 1072591
14688086 3824401
14688086 4065921
14688086 6240732
14688086 6547952
14688086 6608332
14688086 7377812
14688086 7860742
14688086 7861312
14688086 7872262
14688086 8470732
14688086 8541492
14688086 9451052
14688086 11461102
14688086 12127832
14688086 14180231
14688086 14536491
14688086 14573745
14688086 14575846
14688086 14589257
14688086 14922225
14688086 15222083
14688086 15717287
14688086 16513135
14688086 17092592
14688086 17140787
14688086 17552077
14688086 17759701
14688086 18581803
14688086 18666844
14688086 18776017
14688086 19413393
14688086 20273398
14688086 20880546
14688086 21195122
14688086 21637624
14688086 23404076
14688086 24004172
14688086 24081780
14688086 24641194
14688086 25026165
14688086 28719244
14688086 31296704
14688086 34244280
14688086 36198161
14688086 38517589
14688086 41172837
14688086 42070873
14688086 42361118
14688086 47161442
14688086 48370736
14688086 60968363
14688086 65913144
14688086 69679166
14688086 87764480
14688086 92357649
14688086 93905958
14688086 113025559
14688086 229141679
14688086 275937498
14688086 280725732
14691709 10350
14691709 12223
14691709 15913
14691709 1065921
14691709 1317671
14691709 1702611
14691709 3359851
14691709 3442781
14691709 3443591
14691709 4812381
14691709 5906322
14691709 6240732
14691709 6547952
14691709 6608332
14691709 7157132
14691709 7377812
14691709 7565302
14691709 7860742
14691709 7861312
14691709 7875762
14691709 7925002
14691709 8001572
14691709 8005202
14691709 8146732
14691709 9095652
14691709 9451052
14691709 10824382
14691709 12121162
14691709 12127832
14691709 13356642
14691709 13687132
14691709 14038862
14691709 14155052
14691709 14269220
14691709 14416334
14691709 14453798
14691709 14471778
14691709 14498622
14691709 14536491
14691709 14575846
14691709 14589257
14691709 14609321
14691709 14692604
14691709 14799177
14691709 14922225
14691709 15098511
14691709 15154217
14691709 15222083
14691709 15234657
14691709 15234679
14691709 15259010
14691709 15447248
14691709 15575251
14691709 15578992
14691709 15670515
14691709 15717287
14691709 15838599
14691709 15846407
14691709 16098603
14691709 16265412
14691709 16335197
14691709 16458937
14691709 16799897
14691709 16886225
14691709 17053354
14691709 17092592
14691709 17195943
14691709 17214479
14691709 18257270
14691709 18581803
14691709 18712070
14691709 18715024
14691709 18729547
14691709 18776017
14691709 18791343
14691709 18849313
14691709 18900668
14691709 18929680
14691709 19413393
14691709 19550535
14691709 19563357
14691709 19595287
14691709 20273398
14691709 20880546
14691709 21195122
14691709 21678052
14691709 22679419
14691709 22841103
14691709 24585498
14691709 24636976
14691709 24641194
14691709 24742040
14691709 26083291
14691709 28755851
14691709 30587085
14691709 33191389
14691709 34068984
14691709 34244280
14691709 34378922
14691709 34711597
14691709 35569745
14691709 36311369
14691709 36969785
14691709 38517589
14691709 39394932
14691709 41172837
14691709 47161442
14691709 48370736
14691709 48485771
14691709 59414975
14691709 59804598
14691709 64285972
14691709 66791268
14691709 75165115
14691709 85215038
14691709 85343184
14691709 87620061
14691709 87764480
14691709 92357649
14691709 93905958
14691709 101633415
14691709 111210694
14691709 130202887
14691709 152065057
14691709 203261300
14691709 229141679
14691709 235818781
14691709 275608958
14691709 297472992
14692604 12223
14692604 15913
14692604 756379
14692604 1045521
14692604 1065921
14692604 1072591
14692604 1100661
14692604 1183041
14692604 1249431
14692604 1702611
14692604 3096071
14692604 3321441
14692604 3443591
14692604 3462421
14692604 3954801
14692604 4068821
14692604 4291741
14692604 4398351
14692604 5413042
14692604 6608332
14692604 7194892
14692604 7377812
14692604 7434902
14692604 7565302
14692604 7861312
14692604 7872262
14692604 8001572
14692604 8146732
14692604 9095652
14692604 9275742
14692604 9413072
14692604 9610142
14692604 10115042
14692604 12127832
14692604 12681982
14692604 13185852
14692604 13356642
14692604 14155052
14692604 14180231
14692604 14269220
14692604 14416334
14692604 14453798
14692604 14471778
14692604 14498387
14692604 14498622
14692604 14517343
14692604 14536491
14692604 14575846
14692604 14589257
14692604 14609321
14692604 14691709
14692604 14922225
14692604 14999606
14692604 15098511
14692604 15112961
14692604 15154217
14692604 15222083
14692604 15234657
14692604 15259010
14692604 15394673
14692604 15447248
14692604 15488968
14692604 15578992
14692604 15582769
14692604 15591032
14692604 15638249
14692604 15717287
14692604 15837367
14692604 16097743
14692604 16098603
14692604 16134428
14692604 16458937
14692604 16463030
14692604 16626187
14692604 16886225
14692604 16957273
14692604 17031260
14692604 17053354
14692604 17092592
14692604 17214479
14692604 17526132
14692604 17728340
14692604 17794004
14692604 18021714
14692604 18301663
14692604 18445879
14692604 18581803
14692604 18666844
14692604 18715024
14692604 18755518
14692604 18791343
14692604 18859819
14692604 18892183
14692604 18900668
14692604 19087813
14692604 19413393
14692604 19414296
14692604 19595287
14692604 20108560
14692604 20205471
14692604 20273398
14692604 20603058
14692604 20880546
14692604 21195122
14692604 21339114
14692604 21430043
14692604 22679419
14692604 22841103
14692604 24585498
14692604 24742040
14692604 25026165
14692604 28037700
14692604 31296704
14692604 33191389
14692604 36311369
14692604 38389963
14692604 39394932
14692604 42361118
14692604 43880993
14692604 45416789
14692604 45862504
14692604 48485771
14692604 51352986
14692604 53459595
14692604 57986173
14692604 64624131
14692604 65913144
14692604 69679166
14692604 71606873
14692604 71862367
14692604 87764480
14692604 88501703
14692604 91480304
14692604 92357649
14692604 93905958
14692604 101633415
14692604 126042901
14692604 128968339
14692604 129279693
14692604 130202887
14692604 235216483
14692604 291468308
14709855 10350
14709855 15913
14709855 1045521
14709855 1183041
14709855 2589661
14709855 2718241
14709855 2757281
14709855 3042321
14709855 3253671
14709855 3359851
14709855 3443591
14709855 3824401
14709855 5443002
14709855 5650332
14709855 6086752
14709855 6724092
14709855 7159422
14709855 7852172
14709855 7861312
14709855 8001572
14709855 8541492
14709855 11461102
14709855 12298182
14709855 13894102
14709855 14168488
14709855 14269220
14709855 14559570
14709855 14750463
14709855 15154217
14709855 15447248
14709855 15670515
14709855 16831715
14709855 17140787
14709855 17526132
14709855 18181487
14709855 18285245
14709855 18628082
14709855 18666844
14709855 19413393
14709855 19550535
14709855 19595287
14709855 19732725
14709855 19774817
14709855 19970426
14709855 20642115
14709855 21430043
14709855 22831657
14709855 27956824
14709855 59414975
14709855 151223147
14709855 174541760
14743923 15913
14743923 2260771
14743923 3359851
14743923 93905958
14743923 154708725
14743923 268479669
14743923 290097288
14743923 294198566
14750463 15913
14750463 1045521
14750463 1247691
14750463 1712051
14750463 3042321
14750463 3096071
14750463 3321441
14750463 3443591
14750463 3462421
14750463 4068821
14750463 5452672
14750463 5650332
14750463 6608332
14750463 7194892
14750463 7565302
14750463 7861312
14750463 8001572
14750463 9451052
14750463 11272122
14750463 11461102
14750463 13894102
14750463 14155052
14750463 14232363
14750463 14269220
14750463 14471778
14750463 14506809
14750463 14536491
14750463 14589257
14750463 14609321
14750463 14709855
14750463 15112961
14750463 15154217
14750463 15222083
14750463 15234679
14750463 15488968
14750463 16079941
14750463 16098603
14750463 16425197
14750463 16438354
14750463 16660064
14750463 17526132
14750463 18581803
14750463 18666844
14750463 19595287
14750463 19732725
14750463 19774817
14750463 20880546
14750463 21430043
14750463 23140494
14750463 24742040
14750463 34771668
14750463 41172837
14750463 48485771
14750463 71862367
14750463 87764480
14750463 97027664
14750463 126536128
14750463 144040563
14789563 15913
14789563 2752851
14789563 172768360
14799177 12223
14799177 15913
14799177 6608332
14799177 9451052
14799177 14589257
14799177 14691709
14799177 15222083
14799177 15234657
14799177 15838599
14799177 16799897
14799177 18701960
14799177 18799041
14799177 18900668
14799177 22841103
14799177 23645599
14799177 24585498
14799177 24636976
14799177 27677879
14799177 36969785
14804903 15913
14804903 1064051
14804903 1702611
14804903 2158461
14804903 11666142
14804903 13687132
14804903 15006779
14804903 15009761
14804903 15018214
14804903 15582769
14804903 16120265
14804903 16425197
14804903 18301663
14804903 26083291
14804903 49465463
14804903 176412453
14861876 10350
14861876 15913
14861876 14922225
14861876 15670515
14861876 16120265
14861876 24742040
14874480 13348
14874480 15913
14874480 72373
14874480 849131
14874480 9460682
14874480 12101862
14874480 14114985
14874480 14269220
14874480 15416485
14874480 15670515
14874480 16095572
14874480 16120265
14874480 16409781
14874480 16425197
14874480 17034634
14874480 20439140
14874480 24741685
14874480 24742040
14874480 45705189
14874480 49465463
14874480 55338862
14874480 74286565
14874480 91396874
14921836 15913
14921836 2570021
14921836 3253671
14921836 3359851
14921836 3443591
14921836 5650332
14921836 6834572
14921836 7861312
14921836 8001572
14921836 8541492
14921836 9275742
14921836 14269220
14921836 14355610
14921836 14444530
14921836 14456200
14921836 16030324
14921836 16547411
14921836 16834674
14921836 17016709
14921836 17140787
14921836 18285245
14921836 18666844
14921836 20642115
14921836 22831657
14921836 22900797
14921836 24742040
14921836 27956824
14921836 59804598
14921836 64624131
14921836 123004655
14921836 126048747
14922225 15913
14922225 3443591
14922225 5443002
14922225 7157132
14922225 7565302
14922225 7860742
14922225 7872262
14922225 7925002
14922225 10824382
14922225 14446419
14922225 14498387
14922225 14589257
14922225 15234657
14922225 15575251
14922225 15739966
14922225 15838599
14922225 16098603
14922225 17092592
14922225 17552077
14922225 18712070
14922225 18776017
14922225 18799041
14922225 20274104
14922225 21195122
14922225 22679419
14922225 24081780
14922225 24585498
14922225 24742040
14922225 42361118
14922225 45416789
14922225 47161442
14922225 48370736
14922225 57986173
14922225 60968363
14922225 65913144
14922225 73077189
14922225 87764480
14922225 115444551
14922225 115717640
14922225 165580617
14922225 188035912
14922225 235216483
14922225 258218804
14922225 286118150
14922225 308693201
14922225 319036126
14922225 399404516
14935647 12223
14935647 15913
14935647 1702611
14935647 3359851
14935647 3443591
14935647 3954801
14935647 4291741
14935647 5442012
14935647 6608332
14935647 7860742
14935647 8541492
14935647 9095652
14935647 13687132
14935647 14155052
14935647 14180231
14935647 14269220
14935647 14536491
14935647 14575846
14935647 14609321
14935647 14922225
14935647 15112961
14935647 15234657
14935647 15447248
14935647 15488968
14935647 16098603
14935647 16799897
14935647 16874875
14935647 17092592
14935647 17526132
14935647 17722816
14935647 17759701
14935647 18581803
14935647 18666844
14935647 18776017
14935647 19161407
14935647 19162933
14935647 19595287
14935647 21195122
14935647 23404076
14935647 24004172
14935647 24641194
14935647 24742040
14935647 24942585
14935647 25952851
14935647 28933226
14935647 36198161
14935647 38517589
14935647 45416789
14935647 47161442
14935647 59804598
14935647 65913144
14935647 84043660
14935647 94454911
14935647 101633415
14935647 117187783
14935647 235216483
14994418 15913
14994418 5442012
14994418 9275742
14994418 14269220
14994418 14500681
14994418 14506809
14994418 16079941
14994418 16098603
14994418 18666844
14994418 19732725
14994418 24004172
14999606 15913
14999606 3096071
14999606 3443591
14999606 3462421
14999606 5413042
14999606 5906322
14999606 6608332
14999606 7194892
14999606 7377812
14999606 8005202
14999606 12681982
14999606 14038862
14999606 14155052
14999606 14180231
14999606 14269220
14999606 14424667
14999606 14575846
14999606 14691709
14999606 14692604
14999606 14922225
14999606 15098511
14999606 15222083
14999606 15234657
14999606 15259010
14999606 15578992
14999606 15717287
14999606 16651072
14999606 17031260
14999606 17076095
14999606 17092592
14999606 17794004
14999606 18715024
14999606 18755518
14999606 18900668
14999606 18941809
14999606 19161407
14999606 19413393
14999606 21339114
14999606 22679419
14999606 22841103
14999606 23645599
14999606 24585498
14999606 28933226
14999606 31296704
14999606 31808762
14999606 33191389
14999606 34244280
14999606 38517589
14999606 42070873
14999606 45862504
14999606 48485771
14999606 65913144
14999606 69679166
14999606 87764480
14999606 90964854
14999606 92357649
14999606 121258930
14999606 229141679
15006539 15913
15006539 18783763
15006539 19120785
15006539 32547856
15006539 41209552
15006779 15913
15006779 1064051
15006779 1702611
15006779 2158461
15006779 11666142
15006779 13687132
15006779 14804903
15006779 15009761
15006779 15018214
15006779 16458937
15006779 26083291
15006779 49465463
15006779 176412453
15009761 15913
15009761 1064051
15009761 1702611
15009761 2158461
15009761 13687132
15009761 14804903
15009761 15006779
15009761 15018214
15009761 16458937
15009761 17092592
15009761 26083291
15009761 176412453
15018214 10350
15018214 13348
15018214 15913
15018214 1064051
15018214 1702611
15018214 2158461
15018214 11666142
15018214 13687132
15018214 14155052
15018214 14575846
15018214 14804903
15018214 15006779
15018214 15009761
15018214 15582769
15018214 16120265
15018214 16458937
15018214 26083291
15018214 49465463
15018214 176412453
15070932 11648692
15070932 15653423
15070932 15846407
15070932 17448921
15070932 17564647
15070932 19311729
15070932 20471349
15070932 21504535
15070932 23215572
15070932 24125323
15070932 26176694
15070932 26800967
15070932 29785987
15070932 30267128
15070932 32774989
15070932 36850842
15070932 40329238
15070932 49781679
15070932 58245520
15070932 59804598
15070932 67818595
15070932 74325773
15070932 79056710
15070932 87044829
15070932 105150583
15070932 105895378
15070932 115313263
15070932 123684709
15070932 127935456
15070932 130917777
15070932 160008685
15070932 172161833
15070932 186745799
15070932 210731960
15070932 211614808
15070932 238308325
15070932 240063501
15070932 247031120
15070932 248861233
15070932 250708662
15070932 250831586
15070932 252887163
15070932 253893287
15070932 262775327
15070932 275550472
15070932 275937498
15070932 277675909
15070932 281159810
15070932 287411130
15070932 296242468
15070932 297683673
15070932 307642294
15070932 308103112
15070932 309064372
15070932 309325161
15070932 322822476
15070932 325106566
15070932 337952973
15070932 339943969
15070932 345569115
15070932 355602073
15070932 356447837
15070932 381296177
15070932 382360772
15070932 384621304
15070932 385621090
15070932 422114084
15070932 431983156
15070932 446023451
15070932 448774841
15070932 467903803
15070932 491431687
15070932 498542846
15070932 543373651
15070932 548631386
15070932 560482964
15070932 560929638
15094420 15913
15094420 1183041
15094420 1265091
15094420 2576401
15094420 2718241
15094420 10985532
15094420 11918512
15094420 12294012
15094420 14269220
15094420 17140787
15094420 18285245
15094420 44407802
15094420 59804598
15094420 94748946
15094420 277727866
15098511 10350
15098511 12223
15098511 15913
15098511 1100661
15098511 1702611
15098511 3096071
15098511 3443591
15098511 3462421
15098511 5413042
15098511 5436192
15098511 5906322
15098511 6608332
15098511 7377812
15098511 7434902
15098511 7565302
15098511 8005202
15098511 9610142
15098511 12681982
15098511 14038862
15098511 14137885
15098511 14155052
15098511 14180231
15098511 14269220
15098511 14424667
15098511 14453798
15098511 14471778
15098511 14536491
15098511 14573745
15098511 14575846
15098511 14609321
15098511 14691709
15098511 14692604
15098511 14922225
15098511 14999606
15098511 15154217
15098511 15234657
15098511 15234679
15098511 15567576
15098511 15717287
15098511 16364644
15098511 16715096
15098511 17031260
15098511 17076095
15098511 17092592
15098511 17214479
15098511 18345193
15098511 18666844
15098511 18715024
15098511 18755518
15098511 18859819
15098511 18892183
15098511 18900668
15098511 18941809
15098511 19161407
15098511 19413393
15098511 19414296
15098511 19550535
15098511 19732725
15098511 20273398
15098511 21339114
15098511 22679419
15098511 22831657
15098511 24585498
15098511 28302257
15098511 28933226
15098511 31296704
15098511 33191389
15098511 34244280
15098511 36311369
15098511 38514229
15098511 43920492
15098511 45862504
15098511 48485771
15098511 69679166
15098511 92357649
15098511 93905958
15098511 223247584
15098511 229141679
15112961 12223
15112961 15913
15112961 1702611
15112961 1712051
15112961 3096071
15112961 3442781
15112961 3462421
15112961 5442012
15112961 5452672
15112961 5906322
15112961 6206612
15112961 7377812
15112961 7872262
15112961 9451052
15112961 13356642
15112961 14155052
15112961 14179545
15112961 14453798
15112961 14575846
15112961 14589257
15112961 14692604
15112961 15575251
15112961 15582769
15112961 15681129
15112961 16265412
15112961 16799897
15112961 16874875
15112961 17028313
15112961 18445879
15112961 18715024
15112961 18791343
15112961 19049747
15112961 19161407
15112961 19162933
15112961 19414296
15112961 19603370
15112961 20019469
15112961 20880546
15112961 23140494
15112961 24585498
15112961 24942585
15112961 31037985
15112961 33191389
15112961 38724356
15112961 41172837
15112961 48485771
15112961 64488804
15112961 84043660
15112961 121258930
15112961 130202887
15112961 144040563
15112961 146071420
15112961 146155608
15112961 155976326
15112961 203261300
15154217 12223
15154217 15913
15154217 820281
15154217 1045521
15154217 3096071
15154217 3359851
15154217 6608332
15154217 7078732
15154217 7194892
15154217 7860742
15154217 8001572
15154217 9451052
15154217 12298182
15154217 13185852
15154217 13356642
15154217 14155052
15154217 14269220
15154217 14363438
15154217 14453798
15154217 14575846
15154217 14609321
15154217 14709855
15154217 14750463
15154217 15222083
15154217 15234679
15154217 15488968
15154217 15520280
15154217 15567576
15154217 15591032
15154217 15638249
15154217 16098603
15154217 16224299
15154217 16265412
15154217 16627086
15154217 17409832
15154217 18666844
15154217 18715024
15154217 18811254
15154217 18849368
15154217 19161407
15154217 19414296
15154217 19550535
15154217 19595287
15154217 19732725
15154217 19774817
15154217 20880546
15154217 22831657
15154217 24585498
15154217 26000424
15154217 34771668
15154217 38514229
15154217 39394932
15154217 45416789
15154217 46241569
15154217 48485771
15154217 51352986
15154217 53789489
15154217 59414975
15154217 64121269
15154217 64488804
15154217 65913144
15154217 114115460
15154217 144040563
15154217 469024995
15195755 15913
15195755 1183041
15195755 3359851
15195755 3443591
15195755 5443002
15195755 6608332
15195755 7860742
15195755 8001572
15195755 9451052
15195755 12298182
15195755 13687132
15195755 14155052
15195755 14269220
15195755 14500681
15195755 14589257
15195755 14691709
15195755 15222083
15195755 15234657
15195755 15259010
15195755 15488968
15195755 15578992
15195755 15638249
15195755 15838599
15195755 16831715
15195755 18666844
15195755 18849313
15195755 18929680
15195755 20273398
15195755 20495756
15195755 28755851
15195755 33191389
15195755 39394932
15195755 48485771
15222083 10350
15222083 12223
15222083 15913
15222083 756379
15222083 1065921
15222083 1100661
15222083 1461211
15222083 1702611
15222083 2024911
15222083 3096071
15222083 3359851
15222083 3442781
15222083 3443591
15222083 3462421
15222083 3550301
15222083 3733331
15222083 3954801
15222083 4068821
15222083 4291741
15222083 4812381
15222083 5413042
15222083 5442012
15222083 5443002
15222083 5906322
15222083 6068612
15222083 6085372
15222083 6240732
15222083 6608332
15222083 7157132
15222083 7194892
15222083 7377812
15222083 7565302
15222083 7860742
15222083 7861312
15222083 8001572
15222083 8146732
15222083 9095652
15222083 9275742
15222083 9413072
15222083 9451052
15222083 9610142
15222083 10115042
15222083 10824382
15222083 12127832
15222083 12284582
15222083 12298182
15222083 12681982
15222083 13185852
15222083 13356642
15222083 13687132
15222083 14038862
15222083 14155052
15222083 14168488
15222083 14179545
15222083 14180231
15222083 14269220
15222083 14270527
15222083 14363438
15222083 14411683
15222083 14453798
15222083 14498622
15222083 14536491
15222083 14575846
15222083 14589257
15222083 14609321
15222083 14688086
15222083 14691709
15222083 14692604
15222083 14750463
15222083 14799177
15222083 14922225
15222083 14999606
15222083 15112961
15222083 15154217
15222083 15234657
15222083 15259010
15222083 15447248
15222083 15488968
15222083 15567576
15222083 15575251
15222083 15578992
15222083 15582769
15222083 15591032
15222083 15638249
15222083 15681129
15222083 15838599
15222083 15926497
15222083 16079941
15222083 16098603
15222083 16127088
15222083 16265412
15222083 16335197
15222083 16358416
15222083 16458937
15222083 16513135
15222083 16626187
15222083 16651072
15222083 16715096
15222083 16799897
15222083 16831715
15222083 16874875
15222083 16957273
15222083 17053354
15222083 17092592
15222083 17195943
15222083 17214479
15222083 17526132
15222083 17552077
15222083 17610785
15222083 17728340
15222083 17794004
15222083 18257270
15222083 18301663
15222083 18445879
15222083 18581803
15222083 18666844
15222083 18715024
15222083 18799041
15222083 18811254
15222083 18849313
15222083 18849368
15222083 18875718
15222083 18897157
15222083 18900668
15222083 18912434
15222083 19003121
15222083 19049747
15222083 19161407
15222083 19413393
15222083 19414296
15222083 19525652
15222083 19550535
15222083 19595287
15222083 19603370
15222083 19759597
15222083 20273398
15222083 20274104
15222083 22679419
15222083 22841103
15222083 23645599
15222083 24585498
15222083 24742040
15222083 26173611
15222083 27677879
15222083 28202547
15222083 31037985
15222083 33191389
15222083 34378922
15222083 34985744
15222083 36311369
15222083 36969785
15222083 38389963
15222083 38724356
15222083 39394932
15222083 41172837
15222083 42070873
15222083 43898124
15222083 43920492
15222083 45862504
15222083 48485771
15222083 53789489
15222083 59414975
15222083 59804598
15222083 60968363
15222083 64488804
15222083 84043660
15222083 85215038
15222083 87764480
15222083 90964854
15222083 92357649
15222083 93905958
15222083 121258930
15222083 144040563
15222083 154708725
15222083 229141679
15234657 10350
15234657 15913
15234657 756379
15234657 1183041
15234657 1461211
15234657 2735591
15234657 5442012
15234657 7157132
15234657 7194892
15234657 7861312
15234657 9095652
15234657 9451052
15234657 10824382
15234657 12101862
15234657 13687132
15234657 14922225
15234657 15234679
15234657 15347317
15234657 15567576
15234657 15575251
15234657 15839551
15234657 15853668
15234657 15926497
15234657 16098603
15234657 16513135
15234657 17195943
15234657 17526132
15234657 17552077
15234657 17610785
15234657 18776017
15234657 18838035
15234657 18849313
15234657 18897157
15234657 18912434
15234657 19550535
15234657 19720019
15234657 20108560
15234657 20273398
15234657 22679419
15234657 22841103
15234657 24742040
15234657 25026165
15234657 41172837
15234657 48485771
15234657 58714972
15234657 61436635
15234657 75165115
15234657 87764480
15234657 90964854
15234657 92357649
15234657 93905958
15234657 121258930
15234679 10350
15234679 15913
15234679 756379
15234679 3096071
15234679 3442781
15234679 3462421
15234679 4812381
15234679 5442012
15234679 5445442
15234679 6608332
15234679 7194892
15234679 7377812
15234679 7565302
15234679 9451052
15234679 10115042
15234679 12101862
15234679 14046943
15234679 14471778
15234679 14536491
15234679 14575846
15234679 14589257
15234679 14691709
15234679 14750463
15234679 15112961
15234679 15154217
15234679 15234657
15234679 15447248
15234679 15567576
15234679 15839551
15234679 16265412
15234679 16909832
15234679 16957273
15234679 17214479
15234679 17409832
15234679 17526132
15234679 18666844
15234679 18776017
15234679 18849313
15234679 18897157
15234679 18941809
15234679 18962501
15234679 19413393
15234679 19550535
15234679 20880546
15234679 33191389
15234679 48485771
15234679 58714972
15234679 64488804
15234679 87764480
15259010 10350
15259010 15913
15259010 1183041
15259010 7157132
15259010 7861312
15259010 13687132
15259010 14453798
15259010 15234657
15259010 24585498
15300838 10350
15300838 15913
15300838 1183041
15300838 3443591
15300838 4893411
15300838 7861312
15300838 8914942
15300838 14414761
15300838 14498622
15300838 15773009
15300838 34378922
15300838 127569781
15332029 15913
15332029 5442012
15332029 13687132
15332029 14269220
15332029 26173611
15332029 51352986
15347317 15913
15347317 756379
15347317 1461211
15347317 4812381
15347317 7565302
15347317 7710472
15347317 9451052
15347317 10115042
15347317 12101862
15347317 14046943
15347317 14750463
15347317 15222083
15347317 15234657
15347317 15234679
15347317 15567576
15347317 16909832
15347317 16957273
15347317 17526132
15347317 18776017
15347317 18849313
15347317 18897157
15347317 18962501
15347317 19214250
15347317 19550535
15347317 33464639
15347317 48485771
15347317 58714972
15347317 60642052
15347317 87764480
15347317 154708725
15362015 10350
15362015 15913
15362015 1183041
15362015 4893411
15362015 7861312
15362015 7861622
15362015 9451052
15362015 15583454
15382192 15913
15394673 15913
15394673 1045521
15394673 1247691
15394673 1702611
15394673 3253671
15394673 3296721
15394673 3321441
15394673 3359851
15394673 4068821
15394673 6086752
15394673 6608332
15394673 7194892
15394673 7344392
15394673 7861312
15394673 9413072
15394673 12681982
15394673 14155052
15394673 14269220
15394673 14506809
15394673 14692604
15394673 15430929
15394673 15488968
15394673 15582769
15394673 16079941
15394673 16098603
15394673 16134428
15394673 17526132
15394673 18445879
15394673 18666844
15394673 18755518
15394673 18890465
15394673 19595287
15394673 19774817
15394673 20327583
15394673 20880546
15394673 22900797
15394673 25649234
15394673 48485771
15394673 60642921
15394673 64624131
15394673 94454911
15394673 96869096
15394673 175181917
15394673 235216483
15416485 13348
15416485 15913
15416485 229523
15416485 253973
15416485 755165
15416485 789658
15416485 1455911
15416485 3202891
15416485 5676102
15416485 13434092
15416485 14091509
15416485 16095572
15416485 16120265
15416485 16425197
15416485 16930986
15416485 24741685
15416485 49465463
15428643 15913
15428643 1065921
15428643 2034901
15428643 3253671
15428643 3359851
15428643 3443591
15428643 7078732
15428643 8001572
15428643 8470732
15428643 9451052
15428643 14269220
15428643 14506809
15428643 15154217
15428643 15520280
15428643 16626187
15428643 18021714
15428643 19370213
15428643 19732725
15428643 20490915
15428643 24004172
15428643 34771668
15428643 47161442
15428643 59414975
15428643 71862367
15428643 223247584
15430929 15913
15430929 1183041
15430929 1247691
15430929 3253671
15430929 6068612
15430929 7434902
15430929 7861312
15430929 12284582
15430929 14155052
15430929 14269220
15430929 14337677
15430929 14575846
15430929 15394673
15430929 15582769
15430929 16134428
15430929 16831715
15430929 17140787
15430929 18666844
15430929 18755518
15430929 18890465
15430929 19550535
15430929 20880546
15430929 24785621
15430929 43880993
15430929 48485771
15430929 60642921
15430929 87620061
15430929 128968339
15430929 214618570
15434432 15913
15434432 11272122
15434432 14874480
15434432 15647839
15434432 15670515
15434432 15919138
15434432 16409781
15434432 16425197
15434432 16547411
15434432 17034634
15434432 20439140
15434432 22679419
15434432 24741685
15434432 24742040
15434432 59804598
15434432 74286565
15434432 91396874
15447248 12223
15447248 15913
15447248 1065921
15447248 1183041
15447248 1317671
15447248 2585721
15447248 3954801
15447248 4291741
15447248 5906322
15447248 7157132
15447248 7565302
15447248 7860742
15447248 9451052
15447248 10824382
15447248 13356642
15447248 13687132
15447248 14269220
15447248 14691709
15447248 14750463
15447248 14799177
15447248 14922225
15447248 15222083
15447248 15234657
15447248 15575251
15447248 15638249
15447248 15681129
15447248 15838599
15447248 16098603
15447248 16265412
15447248 16513135
15447248 16874875
15447248 17092592
15447248 17140787
15447248 17610785
15447248 18285245
15447248 18776017
15447248 19550535
15447248 20274104
15447248 21637624
15447248 22679419
15447248 22841103
15447248 23645599
15447248 24585498
15447248 24742040
15447248 31296704
15447248 34378922
15447248 38514229
15447248 38517589
15447248 41172837
15447248 45784061
15447248 45862504
15447248 48370736
15447248 48485771
15447248 51140674
15447248 52934175
15447248 64488804
15447248 85215038
15447248 87764480
15447248 90964854
15447248 92357649
15447248 144040563
15481789 15913
15481789 3359851
15481789 14269220
15481789 15447248
15481789 16212685
15481789 17140787
15481789 21637624
15481789 23235056
15481789 24742040
15481789 51140674
15488968 10350
15488968 12223
15488968 15913
15488968 1045521
15488968 1183041
15488968 1247691
15488968 1702611
15488968 3096071
15488968 3359851
15488968 4398351
15488968 4893411
15488968 5452672
15488968 5848412
15488968 6608332
15488968 7194892
15488968 7434902
15488968 7860742
15488968 7861622
15488968 8914942
15488968 9451052
15488968 12284582
15488968 12970892
15488968 13687132
15488968 14155052
15488968 14498622
15488968 14506809
15488968 14536491
15488968 14575846
15488968 14609321
15488968 14692604
15488968 14750463
15488968 14935647
15488968 15112961
15488968 15154217
15488968 15222083
15488968 15394673
15488968 15575251
15488968 15582769
15488968 16079941
15488968 16098603
15488968 16134428
15488968 16438354
15488968 16799897
15488968 16874875
15488968 17140787
15488968 17214479
15488968 17526132
15488968 17728340
15488968 18445879
15488968 18666844
15488968 18715024
15488968 18755518
15488968 18890465
15488968 18892183
15488968 19087813
15488968 19595287
15488968 19673424
15488968 19732725
15488968 19759597
15488968 19774817
15488968 20659225
15488968 20880546
15488968 21430043
15488968 24004172
15488968 24942585
15488968 31296704
15488968 38514229
15488968 48485771
15488968 58714972
15488968 59804598
15488968 87764480
15488968 144040563
15520280 15913
15520280 820281
15520280 1045521
15520280 2034901
15520280 3443591
15520280 5442012
15520280 7078732
15520280 7159422
15520280 8001572
15520280 12298182
15520280 13894102
15520280 14269220
15520280 14363438
15520280 14506809
15520280 15154217
15520280 15234657
15520280 15428643
15520280 16246524
15520280 16627086
15520280 17409832
15520280 18285245
15520280 18666844
15520280 18849368
15520280 19550535
15520280 20490915
15520280 22900797
15520280 24585498
15520280 24742040
15520280 34771668
15520280 41226089
15520280 46241569
15520280 48485771
15520280 59414975
15520280 93905958
15520280 96869096
15520280 114115460
15520280 144040563
15520280 155976326
15520280 222640532
15555645 15913
15555645 1045521
15555645 1072591
15555645 1134701
15555645 2824221
15555645 3062761
15555645 3227431
15555645 5650332
15555645 7860742
15555645 7872262
15555645 8470732
15555645 9500062
15555645 14411683
15555645 14517343
15555645 16097743
15555645 16098603
15555645 16507692
15555645 16660064
15555645 19622462
15555645 20490915
15555645 21195122
15555645 22335214
15555645 30023595
15567576 10350
15567576 15913
15567576 756379
15567576 1461211
15567576 2735591
15567576 3359851
15567576 7434902
15567576 7861312
15567576 9451052
15567576 10115042
15567576 12121162
15567576 13185852
15567576 14453798
15567576 14575846
15567576 15154217
15567576 15222083
15567576 15234657
15567576 15234679
15567576 19161407
15567576 19550535
15567576 19732725
15567576 22841103
15567576 38514229
15567576 41172837
15567576 48485771
15567576 58714972
15567576 87764480
15567576 93905958
15567576 154708725
15567576 294198566
15575251 15913
15575251 3359851
15575251 5848412
15575251 6547952
15575251 7861312
15575251 7861622
15575251 9275742
15575251 14179545
15575251 14589257
15575251 15112961
15575251 15222083
15575251 15488968
15575251 16265412
15575251 17552077
15575251 18900668
15575251 20880546
15575251 22679419
15575251 22841103
15575251 23645599
15575251 24585498
15575251 31037985
15575251 33191389
15575251 45784061
15575251 48485771
15575251 64488804
15575251 88501703
15575251 121258930
15575251 144040563
15575251 146155608
15575251 548679814
15578992 12223
15578992 15913
15578992 1183041
15578992 1702611
15578992 3359851
15578992 5906322
15578992 7434902
15578992 7565302
15578992 7861312
15578992 9451052
15578992 13356642
15578992 13687132
15578992 14155052
15578992 14453798
15578992 14575846
15578992 14589257
15578992 14691709
15578992 14922225
15578992 15222083
15578992 15259010
15578992 15488968
15578992 15681129
15578992 15838599
15578992 17214479
15578992 18715024
15578992 18755518
15578992 18776017
15578992 19414296
15578992 20273398
15578992 21339114
15578992 22679419
15578992 22841103
15578992 24585498
15578992 33191389
15578992 45862504
15578992 48485771
15578992 59804598
15578992 64488804
15578992 87764480
15582769 12223
15582769 15913
15582769 1702611
15582769 3096071
15582769 3954801
15582769 4291741
15582769 5413042
15582769 5436192
15582769 5442012
15582769 6085372
15582769 6608332
15582769 6773622
15582769 7194892
15582769 7344392
15582769 9610142
15582769 12298182
15582769 13185852
15582769 13356642
15582769 13687132
15582769 14155052
15582769 14269220
15582769 14453798
15582769 14575846
15582769 14804903
15582769 15018214
15582769 15112961
15582769 15222083
15582769 15394673
15582769 15430929
15582769 15488968
15582769 15591032
15582769 15638249
15582769 16079941
15582769 16134428
15582769 16458937
15582769 16874875
15582769 18666844
15582769 18715024
15582769 18755518
15582769 18890465
15582769 19087813
15582769 19413393
15582769 19414296
15582769 19595287
15582769 20327583
15582769 39394932
15582769 48485771
15582769 51352986
15582769 52934175
15582769 60642921
15582769 96869096
15582769 176412453
15583454 10350
15583454 15913
15583454 1183041
15583454 4893411
15583454 7861312
15583454 7861622
15583454 15362015
15591032 12223
15591032 15913
15591032 1702611
15591032 3359851
15591032 3954801
15591032 4291741
15591032 5413042
15591032 6085372
15591032 6206612
15591032 6608332
15591032 7194892
15591032 7861312
15591032 9451052
15591032 11666142
15591032 13185852
15591032 13356642
15591032 14155052
15591032 14269220
15591032 14453798
15591032 14575846
15591032 14609321
15591032 14692604
15591032 15154217
15591032 15582769
15591032 15638249
15591032 15681129
15591032 16102815
15591032 16265412
15591032 16458937
15591032 16874875
15591032 18666844
15591032 18715024
15591032 19414296
15591032 19550535
15591032 19595287
15591032 24585498
15591032 31296704
15638249 12223
15638249 15913
15638249 1183041
15638249 1702611
15638249 4291741
15638249 6608332
15638249 7194892
15638249 12298182
15638249 13185852
15638249 13356642
15638249 14363438
15638249 14453798
15638249 14575846
15638249 14589257
15638249 14692604
15638249 15154217
15638249 15222083
15638249 15447248
15638249 15582769
15638249 15591032
15638249 16079941
15638249 17728340
15638249 18666844
15638249 18715024
15638249 18811254
15638249 18849368
15638249 19550535
15638249 28755851
15638249 36311369
15638249 39394932
15638249 48485771
15638249 53789489
15638249 64488804
15638249 87764480
15647839 15913
15647839 849131
15647839 11272122
15647839 14444530
15647839 15434432
15647839 15670515
15647839 15919138
15647839 16409781
15647839 16547411
15647839 17034634
15647839 24741685
15647839 74286565
15647839 91396874
15653423 15913
15653423 1712051
15653423 3096071
15653423 3359851
15653423 5442012
15653423 5445442
15653423 5452672
15653423 6478202
15653423 7860742
15653423 7872262
15653423 8001572
15653423 9313312
15653423 9451052
15653423 10781842
15653423 12127832
15653423 14180231
15653423 14270527
15653423 14416334
15653423 14498387
15653423 15070932
15653423 15112961
15653423 15222083
15653423 16453996
15653423 16513135
15653423 17028313
15653423 17092592
15653423 17552077
15653423 17586739
15653423 17632072
15653423 17663756
15653423 17759701
15653423 18581803
15653423 18776017
15653423 19003121
15653423 19162933
15653423 19519349
15653423 19603370
15653423 19993335
15653423 20019469
15653423 20880546
15653423 22273748
15653423 22841103
15653423 23140494
15653423 23457239
15653423 24942585
15653423 25538903
15653423 26256596
15653423 28719244
15653423 30680870
15653423 31037985
15653423 31524543
15653423 36198161
15653423 37444945
15653423 38517589
15653423 42070873
15653423 45416789
15653423 45509346
15653423 45705189
15653423 45862504
15653423 48485771
15653423 48621884
15653423 58245520
15653423 59414975
15653423 59804598
15653423 60968363
15653423 65913144
15653423 71606873
15653423 84043660
15653423 90385486
15653423 93905958
15653423 94454911
15653423 105150583
15653423 117187783
15653423 117541123
15653423 121258930
15653423 131350078
15653423 144040563
15653423 146071420
15653423 146155608
15653423 152435436
15653423 155976326
15653423 179524189
15653423 196710000
15653423 198876913
15653423 200212364
15653423 203261300
15653423 207752295
15653423 258218804
15653423 275608958
15653423 299442187
15653423 306445007
15653423 308103112
15653423 309325161
15653423 309366491
15653423 324061899
15653423 365904984
15653423 370952365
15653423 401029555
15653423 411273721
15653423 421848829
15653423 422950468
15653423 499839056
15653423 566753653
15670515 7846
15670515 10350
15670515 13348
15670515 15913
15670515 72373
15670515 229523
15670515 253973
15670515 755165
15670515 765694
15670515 789658
15670515 849131
15670515 1183041
15670515 1249431
15670515 1455911
15670515 2549701
15670515 3253671
15670515 3296721
15670515 3380291
15670515 3443591
15670515 5442012
15670515 5676102
15670515 7626162
15670515 7861312
15670515 8054392
15670515 8978672
15670515 9460682
15670515 11272122
15670515 11666142
15670515 14091509
15670515 14114985
15670515 14444530
15670515 14559570
15670515 14691709
15670515 14861876
15670515 14874480
15670515 15416485
15670515 15434432
15670515 15647839
15670515 15919138
15670515 16095572
15670515 16120265
15670515 16409781
15670515 16425197
15670515 16547411
15670515 16834674
15670515 16930986
15670515 17000457
15670515 17034634
15670515 17140787
15670515 17526132
15670515 18666844
15670515 18859819
15670515 19595287
15670515 19732725
15670515 20439140
15670515 20642115
15670515 24741685
15670515 24742040
15670515 49465463
15670515 55338862
15670515 74286565
15670515 91396874
15670515 93905958
15670515 164859947
15681129 15913
15681129 3096071
15681129 3359851
15681129 5442012
15681129 6206612
15681129 6240732
15681129 7434902
15681129 9451052
15681129 13185852
15681129 13687132
15681129 14155052
15681129 14363438
15681129 14471778
15681129 14573745
15681129 14575846
15681129 14922225
15681129 15112961
15681129 15222083
15681129 15234657
15681129 15447248
15681129 15578992
15681129 15591032
15681129 15838599
15681129 15839551
15681129 16079941
15681129 16098603
15681129 16265412
15681129 16799897
15681129 16957273
15681129 17092592
15681129 17214479
15681129 18445879
15681129 18715024
15681129 19049747
15681129 19087813
15681129 19161407
15681129 19353331
15681129 19414296
15681129 20273398
15681129 21637624
15681129 23645599
15681129 24081780
15681129 24585498
15681129 35894617
15681129 36311369
15681129 38514229
15681129 39394932
15681129 43898124
15681129 48485771
15681129 64488804
15681129 87764480
15681129 97027664
15707278 15913
15707278 1134701
15707278 3299561
15707278 3359851
15707278 7860742
15707278 7861312
15707278 7872262
15707278 7875762
15707278 7875912
15707278 7925002
15707278 8470732
15707278 8541492
15707278 14180231
15707278 14589257
15707278 14922225
15707278 15234657
15707278 16098603
15707278 16453996
15707278 17759701
15707278 18021714
15707278 18068719
15707278 18776017
15707278 19300461
15707278 19370213
15707278 21195122
15707278 22335214
15707278 24004172
15707278 24081780
15707278 24641194
15707278 25026165
15707278 36993162
15707278 45416789
15707278 46147323
15707278 47161442
15707278 57986173
15707278 60968363
15707278 65913144
15707278 66791268
15707278 71383220
15707278 71606873
15707278 129279693
15707278 258218804
15717287 15913
15717287 1065921
15717287 1100661
15717287 3359851
15717287 7377812
15717287 12681982
15717287 14038862
15717287 14179545
15717287 14180231
15717287 14424667
15717287 14453798
15717287 14573745
15717287 14575846
15717287 14688086
15717287 14691709
15717287 14692604
15717287 14999606
15717287 15098511
15717287 16651072
15717287 17092592
15717287 18345193
15717287 18715024
15717287 19413393
15717287 19732725
15717287 20603058
15717287 22841103
15717287 24585498
15717287 87764480
15734515 15913
15734515 1045521
15734515 1134701
15734515 3299561
15734515 7860742
15734515 7872262
15734515 7875762
15734515 7875912
15734515 8005202
15734515 8541492
15734515 9835242
15734515 14155052
15734515 14515313
15734515 14589257
15734515 14691709
15734515 16098603
15734515 19193475
15734515 24081780
15734515 24641194
15734515 31037985
15734515 34378922
15734515 36993162
15734515 40753289
15734515 42361118
15734515 45416789
15734515 57986173
15734515 59414975
15734515 60968363
15734515 65913144
15734515 66791268
15734515 71606873
15734515 87764480
15734515 235818781
15734515 353216771
15739966 13348
15739966 15913
15739966 3359851
15739966 7860742
15739966 7861312
15739966 10824382
15739966 13687132
15739966 14922225
15757080 15913
15757080 1065921
15757080 7702232
15757080 7860742
15757080 14038862
15757080 15838599
15757080 15853668
15757080 26000424
15757080 28960709
15757080 38685348
15757080 43626328
15757080 50499213
15757080 94414805
15757080 309366491
15773009 10350
15773009 15913
15773009 1183041
15773009 7861312
15773009 14414761
15773009 15300838
15837367 15913
15837367 4068821
15837367 9500062
15837367 17794004
15837367 51352986
15838599 15913
15838599 7194892
15838599 7565302
15839551 15913
15839551 3359851
15839551 5413042
15839551 6608332
15839551 14155052
15839551 14498387
15839551 15234657
15839551 15234679
15839551 15681129
15839551 16098603
15839551 16265412
15839551 16799897
15839551 17409832
15839551 18715024
15839551 18755518
15839551 18897157
15839551 21358633
15839551 24585498
15839551 45784061
15839551 48485771
15844409 15913
15844409 7861312
15844409 59804598
15846407 3840
15846407 7846
15846407 10350
15846407 13348
15846407 15913
15846407 1183041
15846407 3359851
15846407 5442012
15846407 7861312
15846407 9275742
15846407 12101862
15846407 14155052
15846407 15234657
15846407 17092592
15846407 17610785
15846407 20065936
15846407 20108560
15846407 22679419
15846407 32774989
15846407 33051095
15846407 34378922
15846407 87764480
15846407 250831586
15853073 10350
15853073 13348
15853073 15913
15853073 1183041
15853073 2735591
15853073 3359851
15853073 4893411
15853073 7861312
15853073 7861622
15853073 8914942
15853073 12298182
15853073 15447248
15853073 15575251
15853073 18087961
15853073 19732725
15853668 2609891
15853668 5442012
15853668 7157132
15853668 7702232
15853668 7872262
15853668 14536491
15853668 14575846
15853668 15234657
15853668 15838599
15853668 18776017
15853668 19720019
15853668 20274104
15853668 21993653
15853668 22679419
15853668 22705686
15853668 24742040
15853668 24942585
15853668 26000424
15853668 26444473
15853668 28755851
15853668 34068984
15853668 36198161
15853668 38685348
15853668 48485771
15853668 50499213
15853668 58497291
15853668 59414975
15853668 66905823
15853668 87764480
15853668 116952434
15853668 128302994
15853668 144723989
15853668 146155608
15914737 10350
15914737 15913
15914737 1183041
15914737 1775861
15914737 4893411
15914737 7861312
15914737 7861622
15914737 8914942
15919138 15913
15919138 849131
15919138 11272122
15919138 14874480
15919138 15434432
15919138 15647839
15919138 15670515
15919138 16409781
15919138 16425197
15919138 16547411
15919138 17034634
15919138 19595287
15919138 20439140
15919138 24741685
15919138 24742040
15919138 59804598
15919138 74286565
15919138 91396874
15926497 15913
15926497 3359851
15926497 8001572
15926497 13687132
15926497 15222083
15926497 15234657
15926497 15838599
15926497 16957273
15926497 18849313
15926497 18900668
15926497 18912434
15926497 22841103
15926497 24585498
16030324 15913
16030324 3253671
16030324 3443591
16030324 7159422
16030324 7861312
16030324 8001572
16030324 8541492
16030324 11461102
16030324 12681982
16030324 14168488
16030324 14269220
16030324 14456200
16030324 14921836
16030324 16834674
16030324 17016709
16030324 17140787
16030324 18666844
16030324 59804598
16030324 123004655
16030324 126048747
16038438 10350
16038438 15913
16038438 1183041
16038438 3462421
16038438 3954801
16038438 4291741
16038438 7860742
16038438 7861312
16038438 8207762
16038438 9451052
16038438 14424667
16038438 14589257
16038438 16079941
16038438 16098603
16038438 16909832
16038438 18445879
16038438 18666844
16038438 19049747
16038438 20273398
16038438 23645599
16038438 24585498
16038438 31808762
16038438 43662236
16038438 45784061
16038438 48370736
16038438 58714972
16038438 88501703
16038438 102903198
16038438 126042901
16038438 127569781
16038438 223247584
16038438 280725732
16079941 7846
16079941 10350
16079941 15913
16079941 1045521
16079941 1072591
16079941 1247691
16079941 3042321
16079941 3096071
16079941 3443591
16079941 4068821
16079941 6086752
16079941 7194892
16079941 7860742
16079941 7861312
16079941 7872262
16079941 11272122
16079941 11461102
16079941 11911082
16079941 12298182
16079941 14232363
16079941 14269093
16079941 14269220
16079941 14355610
16079941 14471778
16079941 14498387
16079941 14498622
16079941 14589257
16079941 14609321
16079941 14750463
16079941 14994418
16079941 15488968
16079941 15575251
16079941 15582769
16079941 15638249
16079941 15681129
16079941 16038438
16079941 16097743
16079941 16098603
16079941 16453996
16079941 16626187
16079941 16909832
16079941 17140787
16079941 17526132
16079941 17552077
16079941 18345193
16079941 18666844
16079941 18715024
16079941 18849313
16079941 19049747
16079941 19774817
16079941 20490915
16079941 20880546
16079941 24004172
16079941 34455805
16079941 38514229
16079941 42361118
16079941 45416789
16079941 47161442
16079941 48485771
16079941 58714972
16079941 65913144
16079941 71606873
16079941 88501703
16079941 105310392
16079941 113025559
16079941 117187783
16079941 126536128
16079941 144040563
16079941 235216483
16095572 13348
16095572 15913
16095572 229523
16095572 253973
16095572 789658
16095572 849131
16095572 1455911
16095572 3443591
16095572 5676102
16095572 11666142
16095572 13687132
16095572 14091509
16095572 14874480
16095572 15416485
16095572 15670515
16095572 16120265
16095572 16409781
16095572 16425197
16095572 16930986
16095572 24741685
16095572 24742040
16095572 49465463
16095572 55338862
16095572 91396874
16095572 164859947
16097743 15913
16097743 1045521
16097743 1072591
16097743 2824221
16097743 5650332
16097743 6080022
16097743 7157132
16097743 7702232
16097743 7860742
16097743 7872262
16097743 8470732
16097743 9413072
16097743 9500062
16097743 14411683
16097743 14498387
16097743 14500681
16097743 14517343
16097743 14609321
16097743 14692604
16097743 14922225
16097743 15853668
16097743 16079941
16097743 16098603
16097743 16660064
16097743 17759701
16097743 18021714
16097743 18776017
16097743 19622462
16097743 22335214
16097743 22679419
16097743 24004172
16097743 24081780
16097743 24641194
16097743 26256596
16097743 28037700
16097743 30023595
16097743 47161442
16097743 48485771
16097743 65913144
16097743 66791268
16097743 71383220
16097743 71862367
16097743 90964854
16097743 94414805
16097743 101633415
16097743 117187783
16097743 127178017
16097743 129279693
16097743 144723989
16097743 196710000
16097743 235216483
16097743 238289569
16097743 242024994
16097743 309366491
16098603 7846
16098603 15913
16098603 756379
16098603 1045521
16098603 1065921
16098603 1072591
16098603 1134701
16098603 1183041
16098603 2735591
16098603 3062761
16098603 3096071
16098603 3253671
16098603 3296721
16098603 3359851
16098603 3442781
16098603 3443591
16098603 5650332
16098603 6068612
16098603 6608332
16098603 7157132
16098603 7194892
16098603 7377812
16098603 7702232
16098603 7860742
16098603 7861312
16098603 7872262
16098603 7875762
16098603 7875912
16098603 7925002
16098603 8001572
16098603 8146732
16098603 8470732
16098603 8541492
16098603 9413072
16098603 9451052
16098603 10115042
16098603 11461102
16098603 12298182
16098603 12681982
16098603 13356642
16098603 13687132
16098603 13894102
16098603 14038862
16098603 14155052
16098603 14179545
16098603 14180231
16098603 14269220
16098603 14355610
16098603 14411683
16098603 14416334
16098603 14424667
16098603 14471778
16098603 14498387
16098603 14506809
16098603 14515313
16098603 14517343
16098603 14573745
16098603 14609321
16098603 14691709
16098603 14692604
16098603 14709855
16098603 14750463
16098603 14922225
16098603 14935647
16098603 14994418
16098603 15154217
16098603 15234657
16098603 15447248
16098603 15488968
16098603 15578992
16098603 15838599
16098603 15839551
16098603 15853668
16098603 16038438
16098603 16079941
16098603 16097743
16098603 16265412
16098603 16453996
16098603 16626187
16098603 16660064
16098603 16955141
16098603 16957273
16098603 17092592
16098603 17214479
16098603 17526132
16098603 17728340
16098603 18021714
16098603 18068719
16098603 18101470
16098603 18301663
16098603 18445879
16098603 18666844
16098603 18776017
16098603 18849313
16098603 18875718
16098603 19049747
16098603 19161407
16098603 19370213
16098603 19413393
16098603 19519349
16098603 19732725
16098603 19774817
16098603 20274104
16098603 20315513
16098603 20642115
16098603 20880546
16098603 21195122
16098603 21430043
16098603 21678052
16098603 22679419
16098603 22715267
16098603 22831657
16098603 24004172
16098603 24081780
16098603 24560836
16098603 24641194
16098603 25026165
16098603 25566593
16098603 25952851
16098603 26000424
16098603 26250517
16098603 26256596
16098603 28037700
16098603 28202547
16098603 28933226
16098603 28960709
16098603 30023595
16098603 31296704
16098603 31524543
16098603 31808762
16098603 33191389
16098603 34068984
16098603 34378922
16098603 34771668
16098603 35569745
16098603 36993162
16098603 38389963
16098603 38514229
16098603 38685348
16098603 42070873
16098603 42361118
16098603 45416789
16098603 46147323
16098603 47161442
16098603 48370736
16098603 48485771
16098603 51352986
16098603 53459595
16098603 57986173
16098603 58714972
16098603 60968363
16098603 63787760
16098603 65913144
16098603 66791268
16098603 71268322
16098603 71606873
16098603 84043660
16098603 85343184
16098603 93905958
16098603 97027664
16098603 101633415
16098603 102903198
16098603 105310392
16098603 116952434
16098603 126444583
16098603 127178017
16098603 129279693
16098603 152065057
16098603 164024096
16098603 187744415
16098603 235216483
16098603 242024994
16098603 254457417
16098603 294198566
16102815 12223
16102815 15913
16102815 1183041
16102815 1702611
16102815 2158461
16102815 3443591
16102815 3462421
16102815 5413042
16102815 5906322
16102815 7157132
16102815 7434902
16102815 11666142
16102815 13185852
16102815 14137885
16102815 14155052
16102815 14269093
16102815 14575846
16102815 15222083
16102815 15259010
16102815 15578992
16102815 15591032
16102815 15681129
16102815 15838599
16102815 16513135
16102815 16799897
16102815 16874875
16102815 17031260
16102815 17214479
16102815 18715024
16102815 18755518
16102815 18892183
16102815 19414296
16102815 23645599
16102815 24585498
16102815 33191389
16102815 45862504
16102815 48485771
16102815 90964854
16102815 93905958
16102815 121258930
16120265 13348
16120265 15913
16120265 229523
16120265 755165
16120265 849131
16120265 1183041
16120265 1455911
16120265 11666142
16120265 13434092
16120265 14091509
16120265 14874480
16120265 15416485
16120265 15670515
16120265 16095572
16120265 16409781
16120265 16425197
16120265 16930986
16120265 17000457
16120265 17034634
16120265 24741685
16120265 49465463
16120265 55338862
16120265 91396874
16120265 164859947
16127088 15913
16127088 3359851
16127088 5906322
16127088 6240732
16127088 7157132
16127088 9095652
16127088 9451052
16127088 10824382
16127088 13687132
16127088 14922225
16127088 15222083
16127088 15234657
16127088 15259010
16127088 17552077
16127088 18791343
16127088 18900668
16127088 19595287
16127088 22679419
16127088 23645599
16127088 33191389
16127088 45862504
16127088 48485771
16127088 64488804
16127088 87764480
16127088 121258930
16134428 15913
16134428 1247691
16134428 1702611
16134428 3253671
16134428 3296721
16134428 3321441
16134428 4068821
16134428 6086752
16134428 6608332
16134428 7194892
16134428 7344392
16134428 8001572
16134428 9413072
16134428 12681982
16134428 14269220
16134428 14471778
16134428 14498622
16134428 14506809
16134428 14575846
16134428 14609321
16134428 15394673
16134428 15430929
16134428 15488968
16134428 15582769
16134428 16834674
16134428 16874875
16134428 17526132
16134428 18666844
16134428 18715024
16134428 18890465
16134428 20327583
16134428 21430043
16134428 25649234
16134428 48485771
16134428 60642921
16134428 84043660
16134428 94454911
16134428 96869096
16134428 175181917
16134428 235216483
16212685 15913
16212685 2735591
16224299 15913
16224299 820281
16224299 2034901
16224299 7078732
16224299 9451052
16224299 12298182
16224299 13894102
16224299 14168488
16224299 14363438
16224299 15154217
16224299 15234657
16224299 15447248
16224299 15520280
16224299 16627086
16224299 18849368
16224299 19550535
16224299 24585498
16224299 24742040
16224299 34771668
16224299 48485771
16224299 53789489
16224299 59414975
16224299 64121269
16224299 114115460
16224299 222640532
16224299 469024995
16246524 15913
16246524 1045521
16246524 1072591
16246524 1712051
16246524 3443591
16246524 7860742
16246524 7861312
16246524 7872262
16246524 7925002
16246524 14269220
16246524 14500681
16246524 14515313
16246524 15112961
16246524 19993335
16246524 23140494
16246524 48485771
16246524 144040563
16265412 15913
16265412 3096071
16265412 3443591
16265412 6206612
16265412 6608332
16265412 7194892
16265412 12298182
16265412 14269220
16265412 14453798
16265412 14575846
16265412 14609321
16265412 15154217
16265412 15222083
16265412 15575251
16265412 15591032
16265412 15681129
16265412 16098603
16265412 18176640
16265412 18849368
16265412 19161407
16265412 19414296
16265412 20567578
16265412 21358633
16265412 24585498
16265412 31296704
16265412 45784061
16265412 48485771
16265412 64488804
16265412 84043660
16265412 93905958
16265412 114115460
16265412 268479669
16335197 15913
16335197 1065921
16335197 4065921
16335197 14453798
16335197 14498622
16335197 14575846
16335197 14691709
16335197 15222083
16335197 15234657
16335197 15838599
16335197 17092592
16335197 17195943
16335197 18257270
16335197 19413393
16335197 19525652
16335197 22841103
16358416 12223
16358416 15913
16358416 9451052
16358416 13356642
16358416 13687132
16358416 14155052
16358416 14224219
16358416 15222083
16358416 20273398
16358416 24585498
16358416 24742040
16358416 33191389
16358416 64488804
16364644 12223
16364644 15913
16364644 5413042
16364644 7344392
16364644 7434902
16364644 12970892
16364644 13185852
16364644 14453798
16364644 14575846
16364644 17076095
16364644 18715024
16364644 18755518
16364644 18892183
16364644 19087813
16364644 24585498
16364644 31296704
16364644 48485771
16366923 15913
16366923 2549701
16366923 2757281
16366923 3242491
16366923 3296721
16366923 3824401
16366923 4398351
16366923 5650332
16366923 6086752
16366923 6724092
16366923 7159422
16366923 7334662
16366923 7409232
16366923 7861312
16366923 8054392
16366923 11461102
16366923 13894102
16366923 14269220
16366923 18181487
16366923 18666844
16366923 19558435
16393255 15913
16393255 1183041
16393255 7860742
16393255 25566593
16393255 38517589
16393255 52934175
16393255 87620061
16393255 96869096
16409781 15913
16409781 253973
16409781 765694
16409781 849131
16409781 11272122
16409781 14114985
16409781 14874480
16409781 15416485
16409781 15434432
16409781 15647839
16409781 15670515
16409781 15919138
16409781 16095572
16409781 16120265
16409781 16425197
16409781 16930986
16409781 17034634
16409781 18859819
16409781 19595287
16409781 20439140
16409781 24741685
16409781 24742040
16409781 49465463
16409781 55338862
16409781 59804598
16409781 74286565
16409781 91396874
16409781 164859947
16425197 15913
16425197 789658
16425197 5676102
16425197 11666142
16425197 14091509
16425197 14874480
16425197 15416485
16425197 15670515
16425197 16095572
16425197 16120265
16425197 16409781
16425197 16547411
16425197 16930986
16425197 20439140
16425197 24741685
16425197 24742040
16425197 49465463
16425197 55338862
16425197 74286565
16425197 91396874
16438354 15913
16438354 1712051
16438354 5442012
16438354 5452672
16438354 14750463
16438354 15112961
16438354 15488968
16438354 20019469
16438354 20880546
16438354 23140494
16438354 24742040
16438354 48485771
16438354 84043660
16438354 121258930
16438354 144040563
16438354 146155608
16453996 7846
16453996 15913
16453996 1065921
16453996 1072591
16453996 1134701
16453996 3359851
16453996 5442012
16453996 5650332
16453996 6080022
16453996 7377812
16453996 7702232
16453996 7852172
16453996 7860742
16453996 7861312
16453996 7872262
16453996 8470732
16453996 8541492
16453996 9835242
16453996 11911082
16453996 13687132
16453996 13894102
16453996 14180231
16453996 14416334
16453996 14498387
16453996 14517343
16453996 14536491
16453996 14573745
16453996 14691709
16453996 14922225
16453996 15222083
16453996 15488968
16453996 15575251
16453996 15853668
16453996 16079941
16453996 16098603
16453996 16549423
16453996 16660064
16453996 17092592
16453996 17526132
16453996 17759701
16453996 17794004
16453996 18021714
16453996 18068719
16453996 18581803
16453996 18628082
16453996 18666844
16453996 18776017
16453996 19370213
16453996 19413393
16453996 19595287
16453996 20273398
16453996 20274104
16453996 21195122
16453996 22679419
16453996 22841103
16453996 24004172
16453996 24081780
16453996 24641194
16453996 24742040
16453996 24942585
16453996 25026165
16453996 25952851
16453996 26256596
16453996 28719244
16453996 28933226
16453996 33191389
16453996 36198161
16453996 36993162
16453996 42361118
16453996 43880993
16453996 45416789
16453996 47161442
16453996 48370736
16453996 48485771
16453996 57986173
16453996 59414975
16453996 59804598
16453996 60968363
16453996 65913144
16453996 66791268
16453996 71268322
16453996 71383220
16453996 71606873
16453996 84043660
16453996 90385486
16453996 94414805
16453996 113025559
16453996 115444551
16453996 116952434
16453996 121258930
16453996 127178017
16453996 129279693
16453996 141328659
16453996 144040563
16453996 146155608
16453996 191548936
16453996 196710000
16453996 217932743
16453996 222640532
16453996 235216483
16453996 242024994
16453996 258218804
16453996 275608958
16453996 294198566
16453996 309366491
16458937 12223
16458937 15913
16458937 1702611
16458937 3954801
16458937 4291741
16458937 5413042
16458937 5436192
16458937 6608332
16458937 7194892
16458937 13356642
16458937 13687132
16458937 14269220
16458937 14575846
16458937 15222083
16458937 15259010
16458937 15582769
16458937 15591032
16458937 16874875
16458937 17092592
16458937 19414296
16458937 22841103
16458937 39394932
16463030 12223
16463030 15913
16463030 1183041
16463030 3954801
16463030 4291741
16463030 6206612
16463030 7194892
16463030 7565302
16463030 9095652
16463030 9451052
16463030 13356642
16463030 14155052
16463030 14453798
16463030 14575846
16463030 14692604
16463030 15154217
16463030 15222083
16463030 18715024
16463030 19414296
16463030 87764480
16484687 15913
16484687 5442012
16484687 15575251
16484687 18666844
16507692 15913
16507692 1045521
16507692 1072591
16507692 1134701
16507692 3062761
16507692 3227431
16507692 3443591
16507692 5650332
16507692 7702232
16507692 7852172
16507692 7860742
16507692 7861312
16507692 7861622
16507692 7872262
16507692 7875762
16507692 8470732
16507692 8541492
16507692 9835242
16507692 12127832
16507692 13687132
16507692 14038862
16507692 14269220
16507692 14270527
16507692 14411683
16507692 14517343
16507692 14609321
16507692 14681779
16507692 14691709
16507692 14922225
16507692 15853668
16507692 16097743
16507692 16098603
16507692 16453996
16507692 16660064
16507692 17759701
16507692 18021714
16507692 18666844
16507692 18776017
16507692 19300461
16507692 19413393
16507692 19622462
16507692 20274104
16507692 20490915
16507692 20880546
16507692 21195122
16507692 22335214
16507692 24004172
16507692 24081780
16507692 24641194
16507692 25026165
16507692 26256596
16507692 28037700
16507692 30023595
16507692 34068984
16507692 36198161
16507692 36993162
16507692 42361118
16507692 45416789
16507692 46241569
16507692 47161442
16507692 48370736
16507692 57986173
16507692 59414975
16507692 59804598
16507692 60968363
16507692 65913144
16507692 66791268
16507692 71268322
16507692 71383220
16507692 71606873
16507692 90942642
16507692 94414805
16507692 97551846
16507692 115444551
16507692 217932743
16507692 221198749
16507692 235216483
16507692 235818781
16507692 242024994
16507692 275608958
16513135 15913
16513135 1065921
16513135 1183041
16513135 1247691
16513135 1937751
16513135 2024911
16513135 3096071
16513135 3321441
16513135 3359851
16513135 4068821
16513135 5442012
16513135 5906322
16513135 7434902
16513135 7860742
16513135 7861312
16513135 10824382
16513135 12127832
16513135 12298182
16513135 13687132
16513135 14688086
16513135 14799177
16513135 14922225
16513135 15222083
16513135 15234657
16513135 15653423
16513135 17092592
16513135 17195943
16513135 17610785
16513135 18345193
16513135 18581803
16513135 19003121
16513135 19069709
16513135 19550535
16513135 19672395
16513135 21383585
16513135 21636840
16513135 24942585
16513135 34985744
16524385 10350
16524385 15913
16524385 1183041
16524385 3359851
16524385 7861312
16524385 9275742
16524385 10824382
16524385 12298182
16524385 14589257
16524385 14709855
16524385 15575251
16524385 15846407
16524385 18666844
16524385 21637624
16524385 48485771
16524385 59804598
16547411 15913
16547411 849131
16547411 852301
16547411 1065921
16547411 1937751
16547411 3277381
16547411 3296721
16547411 3550301
16547411 4065921
16547411 5650332
16547411 6085372
16547411 6086752
16547411 6834572
16547411 7446452
16547411 11272122
16547411 14075794
16547411 14232363
16547411 14269220
16547411 14874480
16547411 15434432
16547411 15647839
16547411 15670515
16547411 15919138
16547411 16425197
16547411 18101470
16547411 18859819
16547411 20439140
16547411 20624600
16547411 24741685
16547411 24742040
16547411 74286565
16547411 91396874
16547411 123004655
16549423 15913
16549423 1134701
16549423 3299561
16549423 3359851
16549423 7860742
16549423 7861312
16549423 7872262
16549423 7875762
16549423 7875912
16549423 7925002
16549423 8005202
16549423 8470732
16549423 9413072
16549423 14416334
16549423 14471778
16549423 14498387
16549423 14515313
16549423 14589257
16549423 14609321
16549423 14692604
16549423 14922225
16549423 15234657
16549423 15578992
16549423 15853668
16549423 16097743
16549423 16098603
16549423 16453996
16549423 17663756
16549423 17728340
16549423 17759701
16549423 18021714
16549423 18776017
16549423 19193475
16549423 19300461
16549423 19370213
16549423 21195122
16549423 22335214
16549423 23235056
16549423 24004172
16549423 24081780
16549423 24641194
16549423 31037985
16549423 34378922
16549423 36993162
16549423 45416789
16549423 46147323
16549423 47161442
16549423 57986173
16549423 59414975
16549423 60968363
16549423 64488804
16549423 65913144
16549423 66791268
16549423 71383220
16549423 71606873
16549423 87764480
16549423 235216483
16549423 235818781
16549423 258218804
16549423 309366491
16626187 15913
16626187 7377812
16626187 7852172
16626187 10115042
16626187 14179545
16626187 14471778
16626187 14498387
16626187 14506809
16626187 14609321
16626187 14629510
16626187 14692604
16626187 14922225
16626187 15222083
16626187 15259010
16626187 15838599
16626187 16079941
16626187 16098603
16626187 17053354
16626187 17092592
16626187 18875718
16626187 19525652
16626187 20880546
16626187 25026165
16626187 31296704
16626187 38389963
16626187 48485771
16626187 87764480
16626187 88501703
16626187 90964854
16626187 101633415
16626187 121258930
16626187 158558510
16626187 164024096
16626187 223247584
16627086 15913
16627086 820281
16627086 15154217
16627086 15520280
16627086 16224299
16627086 34771668
16627086 59414975
16627086 64121269
16627086 222640532
16640481 15913
16640481 8146732
16640481 14691709
16640481 15234657
16640481 16886225
16640481 18836167
16640481 18912434
16640481 19010126
16640481 19120785
16640481 22679419
16640481 23645599
16640481 24742040
16640481 25566593
16640481 32547856
16640481 59804598
16640481 87620061
16640481 87764480
16640481 91480304
16640481 250831586
16640481 309366491
16651072 15913
16651072 3096071
16651072 5442012
16651072 6608332
16651072 7861312
16651072 8005202
16651072 14038862
16651072 14180231
16651072 14424667
16651072 14999606
16651072 15222083
16651072 15717287
16651072 16715096
16651072 17092592
16651072 18581803
16651072 18666844
16651072 18941809
16651072 20274104
16651072 28302257
16651072 28933226
16651072 31808762
16651072 59804598
16660064 15913
16660064 1045521
16660064 1065921
16660064 1072591
16660064 2589661
16660064 3227431
16660064 3253671
16660064 5650332
16660064 6086752
16660064 7159422
16660064 7860742
16660064 8001572
16660064 8541492
16660064 9413072
16660064 14269220
16660064 14355610
16660064 14411683
16660064 14517343
16660064 14750463
16660064 16079941
16660064 16098603
16660064 16453996
16660064 17140787
16660064 18666844
16660064 19774817
16660064 20880546
16660064 21430043
16660064 22831657
16660064 34771668
16660064 48370736
16660064 51352986
16715096 10350
16715096 15913
16715096 5442012
16715096 6608332
16715096 7861312
16715096 9451052
16715096 14180231
16715096 14536491
16715096 14575846
16715096 14922225
16715096 15222083
16715096 15234657
16715096 15575251
16715096 15838599
16715096 16127088
16715096 16651072
16715096 17092592
16715096 17214479
16715096 17552077
16715096 18666844
16715096 18941809
16715096 19003121
16715096 19413393
16715096 19595287
16715096 20274104
16715096 22841103
16715096 23645599
16715096 24742040
16715096 31808762
16715096 43920492
16715096 48485771
16715096 59804598
16715096 74286565
16715096 90964854
16799897 10350
16799897 12223
16799897 15913
16799897 1065921
16799897 3359851
16799897 3462421
16799897 4812381
16799897 5413042
16799897 6608332
16799897 7434902
16799897 7861312
16799897 9095652
16799897 12298182
16799897 13185852
16799897 13356642
16799897 14155052
16799897 14224219
16799897 14337677
16799897 14498622
16799897 14575846
16799897 14691709
16799897 14799177
16799897 15112961
16799897 15222083
16799897 15488968
16799897 15578992
16799897 15681129
16799897 16102815
16799897 16358416
16799897 18799041
16799897 19049747
16799897 19087813
16799897 19414296
16799897 20880546
16799897 24004172
16799897 24585498
16799897 28202547
16799897 33191389
16799897 45784061
16799897 48485771
16799897 84043660
16799897 87764480
16799897 144040563
16831715 15913
16831715 2585151
16831715 3253671
16831715 6608332
16831715 7860742
16831715 7861312
16831715 8001572
16831715 12298182
16831715 13687132
16831715 14269220
16831715 14575846
16831715 14709855
16831715 15222083
16831715 15234657
16831715 15430929
16831715 16134428
16831715 18666844
16831715 18755518
16831715 18890465
16831715 19069709
16831715 24785621
16831715 43880993
16831715 59804598
16831715 108993961
16831715 384388981
16834674 15913
16834674 852301
16834674 2570021
16834674 3253671
16834674 3443591
16834674 5650332
16834674 7159422
16834674 8541492
16834674 14269220
16834674 14444530
16834674 14456200
16834674 14559570
16834674 14921836
16834674 16030324
16834674 16098603
16834674 16134428
16834674 16660064
16834674 17016709
16834674 17140787
16834674 18666844
16834674 19774817
16834674 22900797
16834674 24742040
16834674 126048747
16874875 12223
16874875 15913
16874875 1183041
16874875 1702611
16874875 3954801
16874875 4291741
16874875 5413042
16874875 6608332
16874875 6773622
16874875 7194892
16874875 7344392
16874875 7434902
16874875 9095652
16874875 11666142
16874875 13687132
16874875 14453798
16874875 14498622
16874875 14575846
16874875 15447248
16874875 15488968
16874875 15582769
16874875 15591032
16874875 16102815
16874875 16134428
16874875 16458937
16874875 18715024
16874875 31296704
16874875 33191389
16886225 10350
16886225 15913
16886225 1702611
16886225 3359851
16886225 3443591
16886225 9451052
16886225 13434622
16886225 13687132
16886225 14691709
16886225 14692604
16886225 15234657
16886225 16640481
16886225 17140787
16886225 17214479
16886225 19010126
16886225 21686566
16886225 23645599
16886225 24742040
16886225 31216266
16886225 32547856
16886225 34068984
16886225 48485771
16886225 59804598
16886225 83506209
16886225 87620061
16886225 87764480
16886225 91480304
16886225 92357649
16886225 158558510
16895274 15913
16895274 1183041
16895274 7861312
16909832 15913
16909832 756379
16909832 1461211
16909832 6068612
16909832 7861312
16909832 8207762
16909832 9451052
16909832 10115042
16909832 14046943
16909832 14589257
16909832 15234657
16909832 15234679
16909832 15575251
16909832 16038438
16909832 16079941
16909832 18445879
16909832 19214250
16909832 19550535
16909832 24585498
16909832 28202547
16909832 43662236
16909832 58714972
16909832 102903198
16909832 154708725
16930986 15913
16930986 11666142
16930986 13434092
16930986 16120265
16930986 49465463
16955141 15913
16955141 65673
16955141 3443591
16955141 7860742
16955141 15234657
16955141 16098603
16955141 17663756
16955141 21678052
16955141 24585498
16955141 48485771
16955141 59804598
16955141 81229871
16955141 111164068
16955141 126444583
16955141 187744415
16957273 15913
16957273 756379
16957273 1065921
16957273 1183041
16957273 1461211
16957273 3359851
16957273 3443591
16957273 3733331
16957273 4291741
16957273 4812381
16957273 5413042
16957273 5906322
16957273 6240732
16957273 6608332
16957273 7344392
16957273 7377812
16957273 7434902
16957273 7565302
16957273 7710472
16957273 7861312
16957273 8001572
16957273 8054392
16957273 9275742
16957273 9451052
16957273 9610142
16957273 10824382
16957273 13185852
16957273 13687132
16957273 14168488
16957273 14180231
16957273 14269220
16957273 14471778
16957273 14506809
16957273 14575846
16957273 14691709
16957273 14692604
16957273 15222083
16957273 15234657
16957273 15234679
16957273 15259010
16957273 15488968
16957273 15567576
16957273 15575251
16957273 15578992
16957273 15681129
16957273 15839551
16957273 15926497
16957273 16098603
16957273 16134428
16957273 16799897
16957273 17053354
16957273 17214479
16957273 17526132
16957273 18445879
16957273 18581803
16957273 18776017
16957273 18791343
16957273 18849313
16957273 18849368
16957273 18859819
16957273 18875718
16957273 18897157
16957273 18900668
16957273 18912434
16957273 18962501
16957273 19214250
16957273 19413393
16957273 19550535
16957273 20273398
16957273 22679419
16957273 24585498
16957273 24636976
16957273 33191389
16957273 41172837
16957273 43880993
16957273 48485771
16957273 51352986
16957273 69679166
16957273 75165115
16957273 87764480
16957273 105310392
16957273 548679814
17000457 13348
17000457 15913
17000457 72373
17000457 229523
17000457 755165
17000457 765694
17000457 789658
17000457 849131
17000457 5676102
17000457 16120265
17000457 24741685
17000457 49465463
17016709 15913
17016709 3253671
17016709 3359851
17016709 3443591
17016709 7159422
17016709 8541492
17016709 14269220
17016709 14456200
17016709 14506809
17016709 14709855
17016709 14921836
17016709 16030324
17016709 16134428
17016709 16660064
17016709 16834674
17016709 17140787
17016709 18666844
17016709 18890465
17016709 19774817
17016709 21339114
17016709 22900797
17016709 59804598
17016709 94454911
17016709 126048747
17016709 175181917
17016709 214618570
17028313 15913
17028313 5442012
17028313 5445442
17028313 15112961
17028313 17552077
17028313 19603370
17028313 20019469
17028313 22841103
17028313 23140494
17028313 24942585
17028313 31037985
17028313 38724356
17028313 48485771
17028313 121258930
17028313 144040563
17028313 146155608
17028313 155976326
17028313 203261300
17031260 12223
17031260 15913
17031260 3443591
17031260 3462421
17031260 5413042
17031260 7434902
17031260 9451052
17031260 14453798
17031260 14575846
17031260 16102815
17031260 17214479
17031260 18715024
17031260 18875718
17031260 18892183
17031260 19550535
17031260 24585498
17031260 33191389
17031260 36311369
17031260 38514229
17031260 48485771
17031260 93905958
17034634 15913
17034634 849131
17034634 14874480
17034634 15670515
17034634 16409781
17034634 16425197
17034634 16547411
17034634 16930986
17034634 24741685
17034634 24742040
17034634 74286565
17034634 91396874
17053354 10350
17053354 12223
17053354 15913
17053354 1065921
17053354 3359851
17053354 5413042
17053354 6773622
17053354 7344392
17053354 7377812
17053354 7434902
17053354 9275742
17053354 9451052
17053354 10115042
17053354 13185852
17053354 13687132
17053354 14155052
17053354 14269093
17053354 14453798
17053354 14471778
17053354 14575846
17053354 14609321
17053354 14692604
17053354 15154217
17053354 15575251
17053354 15681129
17053354 16098603
17053354 16102815
17053354 16364644
17053354 16626187
17053354 16957273
17053354 18666844
17053354 18715024
17053354 18791343
17053354 18849368
17053354 18875718
17053354 19414296
17053354 24585498
17053354 31296704
17053354 38514229
17053354 48485771
17053354 59804598
17053354 69679166
17053354 105310392
17076095 12223
17076095 15913
17076095 1065921
17076095 5413042
17076095 5906322
17076095 7377812
17076095 7565302
17076095 14155052
17076095 14269220
17076095 14424667
17076095 14453798
17076095 14573745
17076095 14575846
17076095 15098511
17076095 16364644
17076095 17214479
17076095 18755518
17076095 18892183
17076095 18900668
17076095 19413393
17076095 19414296
17076095 20273398
17076095 22841103
17076095 23645599
17076095 24585498
17076095 31296704
17076095 45862504
17076095 90964854
17076095 121258930
17092592 13348
17092592 15913
17092592 1065921
17092592 1317671
17092592 1476651
17092592 1702611
17092592 2024911
17092592 2158461
17092592 3096071
17092592 3359851
17092592 4068821
17092592 5442012
17092592 5443002
17092592 5906322
17092592 6080022
17092592 6547952
17092592 6608332
17092592 7194892
17092592 7377812
17092592 7565302
17092592 7702232
17092592 7860742
17092592 8005202
17092592 10781842
17092592 10824382
17092592 11911082
17092592 12681982
17092592 13356642
17092592 13687132
17092592 13869742
17092592 14038862
17092592 14155052
17092592 14180231
17092592 14270527
17092592 14424667
17092592 14446419
17092592 14471778
17092592 14498387
17092592 14536491
17092592 14573745
17092592 14688086
17092592 14691709
17092592 14692604
17092592 14922225
17092592 14935647
17092592 14999606
17092592 15006779
17092592 15009761
17092592 15098511
17092592 15222083
17092592 15447248
17092592 15653423
17092592 15717287
17092592 15838599
17092592 16098603
17092592 16335197
17092592 16453996
17092592 16458937
17092592 16513135
17092592 16626187
17092592 16651072
17092592 16715096
17092592 17214479
17092592 17610785
17092592 17759701
17092592 17794004
17092592 17977714
17092592 18232304
17092592 18257270
17092592 18345193
17092592 18581803
17092592 18715024
17092592 18729547
17092592 18776017
17092592 18791343
17092592 18799041
17092592 18941809
17092592 19069709
17092592 19087813
17092592 19161407
17092592 19294469
17092592 19413393
17092592 19525652
17092592 19672395
17092592 19673424
17092592 19774817
17092592 20273398
17092592 20603058
17092592 21637624
17092592 23404076
17092592 24004172
17092592 24081780
17092592 24636976
17092592 24742040
17092592 25952851
17092592 27677879
17092592 28302257
17092592 28933226
17092592 31808762
17092592 32774989
17092592 34244280
17092592 34711597
17092592 34985744
17092592 36311369
17092592 36969785
17092592 41172837
17092592 42070873
17092592 42361118
17092592 43880993
17092592 43920492
17092592 45705189
17092592 45862504
17092592 48370736
17092592 55338862
17092592 55655811
17092592 59804598
17092592 66791268
17092592 69679166
17092592 71438267
17092592 87764480
17092592 90385486
17092592 90964854
17092592 94414805
17092592 94454911
17092592 101633415
17092592 148148588
17092592 196710000
17092592 207752295
17092592 217930063
17092592 235216483
17092592 235818781
17092592 275608958
17092862 12223
17092862 15913
17092862 1183041
17092862 7861312
17092862 9451052
17092862 20315513
17092862 102903198
17140787 10350
17140787 15913
17140787 2576401
17140787 2718241
17140787 3253671
17140787 3359851
17140787 3443591
17140787 5650332
17140787 7861312
17140787 8001572
17140787 10985532
17140787 12298182
17140787 12494542
17140787 14269220
17140787 14709855
17140787 15094420
17140787 15488968
17140787 16079941
17140787 16660064
17140787 17526132
17140787 17728340
17140787 18285245
17140787 19595287
17140787 19993335
17140787 22831657
17140787 22900797
17140787 25566593
17140787 27956824
17140787 44407802
17140787 51140674
17140787 60642921
17140787 87620061
17140787 93905958
17140787 94748946
17140787 96869096
17179687 15913
17179687 3359851
17179687 14691709
17179687 15222083
17179687 15234657
17179687 16127088
17179687 16640481
17179687 16886225
17179687 17702627
17179687 18836167
17179687 19010126
17179687 19120785
17179687 19413393
17179687 21686566
17179687 22841103
17179687 23645599
17179687 24742040
17179687 28719244
17179687 31216266
17179687 32547856
17179687 48485771
17179687 91480304
17179687 309366491
17195943 10350
17195943 15913
17195943 1702611
17195943 3359851
17195943 3824401
17195943 4068821
17195943 6608332
17195943 7565302
17195943 7860742
17195943 7861312
17195943 9451052
17195943 12127832
17195943 13687132
17195943 14038862
17195943 14155052
17195943 14180231
17195943 14498622
17195943 14691709
17195943 15234657
17195943 15447248
17195943 16513135
17195943 17610785
17195943 18838035
17195943 19550535
17195943 20273398
17195943 21383585
17195943 22679419
17195943 24742040
17195943 41172837
17195943 87764480
17195943 92357649
17214479 15913
17214479 3359851
17214479 3442781
17214479 3462421
17214479 5436192
17214479 7344392
17214479 7434902
17214479 12970892
17214479 13185852
17214479 14471778
17214479 14575846
17214479 14609321
17214479 14691709
17214479 14692604
17214479 14922225
17214479 15222083
17214479 15234657
17214479 15259010
17214479 15838599
17214479 16102815
17214479 16886225
17214479 17031260
17214479 17092592
17214479 18875718
17214479 18900668
17214479 19087813
17214479 19413393
17214479 19595287
17214479 20273398
17214479 21339114
17214479 22841103
17214479 23645599
17214479 31296704
17214479 53459595
17214479 69679166
17214479 87764480
17214479 92357649
17214479 93905958
17214479 101633415
17214479 158558510
17409832 15913
17409832 820281
17409832 1045521
17409832 1183041
17409832 2260771
17409832 3359851
17409832 4622401
17409832 6898832
17409832 7078732
17409832 7861312
17409832 8001572
17409832 9451052
17409832 12121162
17409832 12298182
17409832 13894102
17409832 14269220
17409832 14363438
17409832 14506809
17409832 14691709
17409832 15154217
17409832 15520280
17409832 15839551
17409832 16224299
17409832 16265412
17409832 16627086
17409832 16799897
17409832 18666844
17409832 18849313
17409832 19993335
17409832 20567578
17409832 20880546
17409832 21358633
17409832 24585498
17409832 33191389
17409832 34068984
17409832 34771668
17409832 45784061
17409832 45862504
17409832 48485771
17409832 53789489
17409832 57986173
17409832 59414975
17409832 64121269
17409832 87620061
17409832 93905958
17409832 114115460
17409832 222640532
17409832 268479669
17448921 17564647
17448921 252887163
17448921 275550472
17448921 307642294
17448921 446023451
17521796 15913
17521796 8001572
17521796 9275742
17521796 12101862
17521796 12771872
17521796 17787399
17521796 18701960
17521796 19161407
17521796 19802312
17521796 23645599
17521796 24585498
17521796 45862504
17521796 64488804
17526132 7846
17526132 15913
17526132 756379
17526132 1045521
17526132 1065921
17526132 1072591
17526132 1183041
17526132 1937751
17526132 2570021
17526132 2757281
17526132 3042321
17526132 3062761
17526132 3321441
17526132 3359851
17526132 3443591
17526132 3824401
17526132 4068821
17526132 5442012
17526132 5445442
17526132 5452672
17526132 5650332
17526132 5906322
17526132 6080022
17526132 6085372
17526132 6086752
17526132 6376212
17526132 6724092
17526132 6834572
17526132 7159422
17526132 7409232
17526132 7702232
17526132 7710472
17526132 7861312
17526132 8001572
17526132 8054392
17526132 8541492
17526132 9413072
17526132 9451052
17526132 9500062
17526132 9670952
17526132 11272122
17526132 11461102
17526132 12681982
17526132 13894102
17526132 14155052
17526132 14232363
17526132 14269220
17526132 14355610
17526132 14416334
17526132 14424667
17526132 14444530
17526132 14471778
17526132 14498387
17526132 14559570
17526132 14573745
17526132 14609321
17526132 14691709
17526132 14692604
17526132 14709855
17526132 14750463
17526132 15234657
17526132 15234679
17526132 15347317
17526132 15394673
17526132 15447248
17526132 15488968
17526132 16079941
17526132 16098603
17526132 16134428
17526132 16453996
17526132 16957273
17526132 17140787
17526132 18181487
17526132 18628082
17526132 18666844
17526132 18776017
17526132 18849313
17526132 18859819
17526132 18897157
17526132 18962501
17526132 19370213
17526132 19413393
17526132 19550535
17526132 19732725
17526132 19774817
17526132 20624600
17526132 20880546
17526132 21430043
17526132 22831657
17526132 22900797
17526132 22970486
17526132 24742040
17526132 24942585
17526132 31808762
17526132 34771668
17526132 36198161
17526132 42361118
17526132 45416789
17526132 47161442
17526132 48485771
17526132 55338862
17526132 58714972
17526132 59414975
17526132 60968363
17526132 65913144
17526132 69679166
17526132 71862367
17526132 75165115
17526132 85343184
17526132 87764480
17526132 93905958
17526132 105310392
17526132 124944912
17526132 126536128
17526132 151223147
17526132 154708725
17526132 191548936
17526132 235216483
17548445 15913
17548445 3443591
17548445 8001572
17548445 14922225
17548445 15234657
17548445 16831715
17548445 74286565
17552077 15913
17552077 1065921
17552077 3096071
17552077 3359851
17552077 3443591
17552077 5442012
17552077 5445442
17552077 6608332
17552077 7860742
17552077 7861312
17552077 7861622
17552077 12127832
17552077 14103331
17552077 14498387
17552077 14536491
17552077 14589257
17552077 14688086
17552077 15222083
17552077 15575251
17552077 15653423
17552077 15739966
17552077 16715096
17552077 17028313
17552077 17092592
17552077 17140787
17552077 17610785
17552077 17632072
17552077 17759701
17552077 17857716
17552077 18581803
17552077 18666844
17552077 18791343
17552077 18859819
17552077 19413393
17552077 19595287
17552077 19673424
17552077 20273398
17552077 21195122
17552077 22679419
17552077 22841103
17552077 23645599
17552077 24004172
17552077 24081780
17552077 24585498
17552077 24641194
17552077 24942585
17552077 31524543
17552077 34244280
17552077 36198161
17552077 36850842
17552077 38517589
17552077 38724356
17552077 41172837
17552077 45705189
17552077 45862504
17552077 48485771
17552077 48939443
17552077 51352986
17552077 59414975
17552077 59804598
17552077 64285972
17552077 64488804
17552077 71383220
17552077 75165115
17552077 101633415
17552077 111210694
17552077 115444551
17552077 128968339
17552077 137577423
17552077 144040563
17552077 146155608
17552077 148148588
17552077 158558510
17552077 191548936
17552077 196710000
17552077 207752295
17552077 217930063
17552077 229141679
17552077 235216483
17552077 252887163
17552077 275937498
17552077 309366491
17564647 3359851
17564647 5442012
17564647 11648692
17564647 15070932
17564647 17448921
17564647 17586739
17564647 19311729
17564647 20274104
17564647 20471349
17564647 21075893
17564647 21504535
17564647 21913907
17564647 23215572
17564647 24125323
17564647 24542441
17564647 24742040
17564647 26176694
17564647 26800967
17564647 30267128
17564647 34068984
17564647 36836939
17564647 36850842
17564647 40329238
17564647 41656802
17564647 47495471
17564647 48939443
17564647 49781679
17564647 58245520
17564647 59804598
17564647 61853583
17564647 67818595
17564647 71606873
17564647 74325773
17564647 77806232
17564647 79056710
17564647 84672379
17564647 87044829
17564647 93905958
17564647 103661402
17564647 105150583
17564647 105895378
17564647 115313263
17564647 121472925
17564647 123684709
17564647 127935456
17564647 130917777
17564647 134979402
17564647 146155608
17564647 146350964
17564647 160008685
17564647 165795009
17564647 172161833
17564647 186745799
17564647 187744415
17564647 210731960
17564647 211614808
17564647 213032194
17564647 221636679
17564647 238308325
17564647 240063501
17564647 245394117
17564647 247031120
17564647 250441643
17564647 250708662
17564647 252887163
17564647 253893287
17564647 254457417
17564647 258203336
17564647 262775327
17564647 277139373
17564647 277675909
17564647 278062722
17564647 281159810
17564647 284174632
17564647 287411130
17564647 288231953
17564647 290097288
17564647 294198566
17564647 296242468
17564647 298757008
17564647 307642294
17564647 308103112
17564647 309064372
17564647 309325161
17564647 310233571
17564647 322822476
17564647 325106566
17564647 337952973
17564647 339943969
17564647 341603426
17564647 341840097
17564647 345569115
17564647 356447837
17564647 362626342
17564647 374949999
17564647 381296177
17564647 381788237
17564647 382360772
17564647 384388981
17564647 384621304
17564647 385621090
17564647 417927586
17564647 422114084
17564647 422253889
17564647 431983156
17564647 446023451
17564647 448774841
17564647 491431687
17564647 496262970
17564647 498542846
17564647 499839056
17564647 501705927
17564647 543373651
17564647 548539370
17564647 548631386
17564647 560482964
17564647 560929638
17586739 15913
17586739 3359851
17586739 7860742
17586739 14038862
17586739 15070932
17586739 15575251
17586739 15653423
17586739 17564647
17586739 19162933
17586739 20323999
17586739 20880546
17586739 24004172
17586739 24742040
17586739 24942585
17586739 25827166
17586739 28281437
17586739 28719244
17586739 30680870
17586739 45509346
17586739 47495471
17586739 48485771
17586739 48621884
17586739 54514600
17586739 117541123
17586739 121258930
17586739 146155608
17586739 146320301
17586739 155976326
17586739 172161833
17586739 179524189
17586739 198876913
17586739 207752295
17586739 238308325
17586739 258203336
17586739 259074185
17586739 298757008
17586739 306445007
17586739 307642294
17586739 309325161
17586739 326659062
17586739 411273721
17586739 416718047
17586739 422253889
17586739 499839056
17610785 15913
17610785 7157132
17610785 7860742
17610785 9451052
17610785 14180231
17610785 14589257
17610785 14691709
17610785 14922225
17610785 15222083
17610785 15234657
17610785 15838599
17610785 15846407
17610785 15853668
17610785 16513135
17610785 17092592
17610785 17195943
17610785 17552077
17610785 22679419
17610785 22841103
17610785 23645599
17613979 15913
17613979 14269220
17613979 14444530
17613979 24742040
17613979 59804598
17613979 63644892
17613979 74286565
17613979 123004655
17632072 7846
17632072 10350
17632072 15913
17632072 1183041
17632072 1712051
17632072 3359851
17632072 5442012
17632072 6080022
17632072 7194892
17632072 7702232
17632072 7860742
17632072 7861312
17632072 9275742
17632072 9451052
17632072 12127832
17632072 14038862
17632072 14179545
17632072 14180231
17632072 14416334
17632072 14424667
17632072 14471778
17632072 14536491
17632072 14589257
17632072 14609321
17632072 14922225
17632072 15222083
17632072 15575251
17632072 15653423
17632072 16097743
17632072 16098603
17632072 16453996
17632072 16626187
17632072 17526132
17632072 17552077
17632072 17759701
17632072 18581803
17632072 18628082
17632072 18666844
17632072 18776017
17632072 19049747
17632072 19413393
17632072 20273398
17632072 20471349
17632072 20880546
17632072 22273748
17632072 22679419
17632072 23140494
17632072 23457239
17632072 24004172
17632072 24742040
17632072 24942585
17632072 25026165
17632072 25827166
17632072 25952851
17632072 26256596
17632072 28719244
17632072 28933226
17632072 31037985
17632072 31524543
17632072 34771668
17632072 35569745
17632072 36198161
17632072 37444945
17632072 41172837
17632072 47495471
17632072 48485771
17632072 48621884
17632072 59804598
17632072 65913144
17632072 67818595
17632072 69679166
17632072 84043660
17632072 84672379
17632072 87764480
17632072 94414805
17632072 97551846
17632072 101633415
17632072 117187783
17632072 121258930
17632072 127178017
17632072 131350078
17632072 144040563
17632072 146155608
17632072 151711230
17632072 155976326
17632072 160008685
17632072 198876913
17632072 200212364
17632072 235216483
17632072 238289569
17632072 250831586
17632072 254457417
17632072 258203336
17632072 259074185
17632072 275937498
17632072 299442187
17632072 307642294
17632072 308103112
17632072 309366491
17632072 322822476
17632072 365904984
17663756 15913
17663756 14270527
17663756 16098603
17663756 16425197
17663756 18345193
17663756 24742040
17663756 60642052
17702627 15913
17702627 3359851
17702627 10781842
17702627 14691709
17702627 15006539
17702627 15222083
17702627 16640481
17702627 16886225
17702627 17179687
17702627 17214479
17702627 18731347
17702627 18783763
17702627 18836167
17702627 19120785
17702627 21686566
17702627 22679419
17702627 22841103
17702627 28719244
17702627 30587085
17702627 31216266
17702627 32547856
17702627 48485771
17702627 87764480
17702627 91480304
17702627 309366491
17722816 15913
17722816 729733
17722816 3359851
17722816 3443591
17722816 4068821
17722816 6080022
17722816 6478202
17722816 7860742
17722816 8541492
17722816 12771872
17722816 14180231
17722816 14269220
17722816 14536491
17722816 14935647
17722816 18581803
17722816 18666844
17722816 18776017
17722816 19519349
17722816 21195122
17722816 22679419
17722816 23404076
17722816 25952851
17722816 28933226
17722816 36198161
17722816 48485771
17722816 59804598
17722816 84043660
17722816 90964854
17722816 94454911
17722816 116952434
17722816 117187783
17722816 291468308
17728340 15913
17728340 1183041
17728340 3359851
17728340 7861312
17728340 9451052
17728340 14269220
17728340 14609321
17728340 15488968
17728340 16098603
17728340 17140787
17728340 18445879
17728340 18701960
17728340 19161407
17728340 19802312
17728340 24585498
17728340 48485771
17728340 64488804
17759701 7846
17759701 10350
17759701 15913
17759701 1045521
17759701 1065921
17759701 1072591
17759701 1134701
17759701 1317671
17759701 2824221
17759701 3062761
17759701 3359851
17759701 3443591
17759701 5650332
17759701 6080022
17759701 7157132
17759701 7565302
17759701 7702232
17759701 7852172
17759701 7860742
17759701 7861312
17759701 7872262
17759701 7874622
17759701 7875762
17759701 7925002
17759701 8470732
17759701 8541492
17759701 9500062
17759701 12127832
17759701 13687132
17759701 13894102
17759701 14038862
17759701 14180231
17759701 14269220
17759701 14270527
17759701 14411683
17759701 14416334
17759701 14498387
17759701 14517343
17759701 14536491
17759701 14573745
17759701 14589257
17759701 14609321
17759701 14629510
17759701 14681779
17759701 14688086
17759701 14691709
17759701 14692604
17759701 14922225
17759701 14935647
17759701 15234657
17759701 15575251
17759701 15653423
17759701 15846407
17759701 15853668
17759701 16079941
17759701 16097743
17759701 16098603
17759701 16453996
17759701 16507692
17759701 16549423
17759701 16660064
17759701 16799897
17759701 17092592
17759701 17552077
17759701 17663756
17759701 17794004
17759701 18021714
17759701 18068719
17759701 18101470
17759701 18581803
17759701 18776017
17759701 19370213
17759701 19519349
17759701 19622462
17759701 20273398
17759701 20274104
17759701 20490915
17759701 20880546
17759701 21195122
17759701 22335214
17759701 22679419
17759701 22705686
17759701 24081780
17759701 24641194
17759701 24742040
17759701 25026165
17759701 25952851
17759701 26256596
17759701 26444473
17759701 28037700
17759701 28302257
17759701 28933226
17759701 28960709
17759701 30023595
17759701 35569745
17759701 36198161
17759701 36993162
17759701 38542252
17759701 38685348
17759701 40329238
17759701 42361118
17759701 45416789
17759701 46241569
17759701 47161442
17759701 48370736
17759701 48485771
17759701 48939443
17759701 53459595
17759701 57986173
17759701 59414975
17759701 59804598
17759701 60968363
17759701 65913144
17759701 66791268
17759701 71268322
17759701 71383220
17759701 71606873
17759701 84043660
17759701 85388628
17759701 87764480
17759701 90942642
17759701 90964854
17759701 94414805
17759701 94454911
17759701 97551846
17759701 101633415
17759701 105310392
17759701 115444551
17759701 116952434
17759701 121258930
17759701 127178017
17759701 129279693
17759701 144723989
17759701 184637153
17759701 185694262
17759701 187744415
17759701 217932743
17759701 235216483
17759701 235818781
17759701 242024994
17759701 254457417
17759701 258218804
17759701 275608958
17759701 275937498
17759701 280725732
17759701 284174632
17759701 296242468
17759701 309366491
17787399 10350
17787399 15913
17787399 1183041
17787399 3443591
17787399 7861312
17787399 12771872
17787399 14269220
17787399 16651072
17787399 17140787
17787399 17521796
17787399 24742040
17787399 38514229
17787399 90964854
17787399 151223147
17794004 10350
17794004 12223
17794004 15913
17794004 1045521
17794004 1065921
17794004 1247691
17794004 1712051
17794004 2757281
17794004 3096071
17794004 3242491
17794004 3253671
17794004 3359851
17794004 3443591
17794004 4068821
17794004 4398351
17794004 5265131
17794004 5442012
17794004 5650332
17794004 6478202
17794004 6608332
17794004 6724092
17794004 7157132
17794004 7194892
17794004 7377812
17794004 7860742
17794004 7872262
17794004 8054392
17794004 8541492
17794004 9413072
17794004 9451052
17794004 9500062
17794004 9610142
17794004 13356642
17794004 13687132
17794004 13894102
17794004 14155052
17794004 14180231
17794004 14269220
17794004 14453798
17794004 14498387
17794004 14498622
17794004 14536491
17794004 14573745
17794004 14609321
17794004 14691709
17794004 14692604
17794004 14709855
17794004 14935647
17794004 14999606
17794004 15112961
17794004 15222083
17794004 15234657
17794004 15447248
17794004 15488968
17794004 15837367
17794004 15838599
17794004 15839551
17794004 16097743
17794004 16098603
17794004 16265412
17794004 16453996
17794004 17092592
17794004 17214479
17794004 17526132
17794004 17759701
17794004 18581803
17794004 18715024
17794004 19049747
17794004 19161407
17794004 19414296
17794004 19595287
17794004 20327583
17794004 20880546
17794004 21195122
17794004 22679419
17794004 22841103
17794004 24004172
17794004 24081780
17794004 25026165
17794004 25952851
17794004 28302257
17794004 28933226
17794004 28960709
17794004 33191389
17794004 36198161
17794004 42070873
17794004 42361118
17794004 48485771
17794004 55655811
17794004 59804598
17794004 60968363
17794004 64488804
17794004 65913144
17794004 71862367
17794004 84043660
17794004 87764480
17794004 90964854
17794004 93905958
17794004 94454911
17794004 144723989
17794004 235216483
17857716 10350
17857716 15913
17857716 3359851
17857716 9275742
17857716 14179545
17857716 14589257
17857716 15222083
17857716 15234657
17857716 15575251
17857716 17552077
17857716 20273398
17857716 22679419
17857716 22841103
17857716 45862504
17857716 59804598
17857716 87764480
17857716 90964854
17857716 250831586
17857716 294198566
17977714 15913
17977714 1702611
17977714 2158461
17977714 5436192
17977714 14691709
17977714 15018214
17977714 19413393
17977714 26083291
17977714 39394932
17977714 43880993
18021714 15913
18021714 1134701
18021714 5442012
18021714 7377812
18021714 7852172
18021714 7860742
18021714 7861312
18021714 7861622
18021714 7872262
18021714 7925002
18021714 8470732
18021714 8541492
18021714 14038862
18021714 14416334
18021714 14471778
18021714 14498387
18021714 14500681
18021714 14515313
18021714 14517343
18021714 14536491
18021714 14589257
18021714 14609321
18021714 14691709
18021714 14692604
18021714 14922225
18021714 15234657
18021714 15428643
18021714 15575251
18021714 15853668
18021714 16097743
18021714 16098603
18021714 16453996
18021714 16549423
18021714 16660064
18021714 17663756
18021714 17759701
18021714 18666844
18021714 18712070
18021714 18776017
18021714 19300461
18021714 19370213
18021714 20273398
18021714 20315513
18021714 20880546
18021714 21195122
18021714 22679419
18021714 22705686
18021714 24004172
18021714 24081780
18021714 24641194
18021714 25952851
18021714 26256596
18021714 28037700
18021714 28933226
18021714 34360475
18021714 36198161
18021714 36993162
18021714 42361118
18021714 45416789
18021714 46241569
18021714 47161442
18021714 48370736
18021714 48485771
18021714 57986173
18021714 59414975
18021714 60968363
18021714 65913144
18021714 71268322
18021714 71383220
18021714 71606873
18021714 84043660
18021714 90942642
18021714 115444551
18021714 121258930
18021714 129279693
18021714 146155608
18021714 196710000
18021714 217932743
18021714 235216483
18021714 235818781
18021714 242024994
18021714 258218804
18021714 275608958
18021714 290097288
18021714 309366491
18068719 15913
18068719 1134701
18068719 3299561
18068719 7872262
18068719 7875762
18068719 8005202
18068719 8470732
18068719 8541492
18068719 15717287
18068719 15853668
18068719 16098603
18068719 16453996
18068719 16507692
18068719 18859819
18068719 18897157
18068719 19300461
18068719 19413393
18068719 24081780
18068719 24641194
18068719 36993162
18068719 57986173
18068719 65913144
18068719 115444551
18068719 217932743
18087961 10350
18087961 15913
18087961 1183041
18087961 2735591
18087961 3359851
18087961 7861312
18087961 7861622
18087961 9275742
18087961 15234657
18087961 15259010
18087961 15853073
18087961 18715024
18087961 19380829
18101470 15913
18101470 1045521
18101470 3062761
18101470 3296721
18101470 4065921
18101470 5650332
18101470 6086752
18101470 6834572
18101470 7446452
18101470 7702232
18101470 8541492
18101470 9670952
18101470 13894102
18101470 14232363
18101470 14269220
18101470 16098603
18101470 16547411
18101470 18666844
18101470 18776017
18101470 19519349
18101470 19595287
18101470 20624600
18101470 22900797
18101470 24742040
18101470 26256596
18101470 27956824
18101470 28037700
18101470 34771668
18101470 59414975
18101470 59804598
18101470 65913144
18101470 117187783
18101470 309366491
18176640 15913
18176640 2260771
18176640 3442781
18176640 7860742
18176640 9451052
18176640 14180231
18176640 14269220
18176640 14339261
18176640 14935647
18176640 15234657
18176640 16098603
18176640 16265412
18176640 18581803
18176640 18666844
18176640 18776017
18176640 18849313
18176640 19215583
18176640 19563357
18176640 20567578
18176640 21195122
18176640 21358633
18176640 21369192
18176640 22679419
18176640 24742040
18176640 31524543
18176640 34068984
18176640 36198161
18176640 38542252
18176640 45705189
18176640 48485771
18176640 59804598
18176640 63787760
18176640 75165115
18176640 85215038
18176640 85343184
18176640 90964854
18176640 93905958
18176640 111210694
18176640 116952434
18176640 117187783
18176640 144040563
18176640 146155608
18176640 154708725
18176640 187744415
18176640 191548936
18176640 254457417
18176640 268479669
18176640 291468308
18176640 294198566
18176640 299442187
18181487 15913
18181487 1065921
18181487 2549701
18181487 2593511
18181487 2757281
18181487 3242491
18181487 3296721
18181487 3443591
18181487 3749371
18181487 3824401
18181487 5442012
18181487 5650332
18181487 6086752
18181487 6724092
18181487 7159422
18181487 7409232
18181487 7861312
18181487 8054392
18181487 11272122
18181487 11461102
18181487 13894102
18181487 14269220
18181487 14709855
18181487 16366923
18181487 17526132
18181487 18666844
18181487 19732725
18232304 15913
18232304 5445442
18232304 7852172
18232304 7861312
18232304 15853668
18232304 16626187
18232304 17092592
18232304 25026165
18232304 25827166
18232304 25952851
18232304 28719244
18232304 34356968
18232304 48485771
18232304 101633415
18232304 144723989
18257270 15913
18257270 5442012
18257270 6608332
18257270 9451052
18257270 14180231
18257270 14536491
18257270 14691709
18257270 14922225
18257270 15234657
18257270 15838599
18257270 16715096
18257270 17092592
18257270 17610785
18257270 18581803
18257270 18941809
18257270 19525652
18257270 22841103
18257270 87764480
18257270 90385486
18257270 90964854
18285245 15913
18285245 3253671
18285245 3443591
18285245 7861312
18285245 14269220
18285245 14922225
18285245 15234657
18285245 17140787
18285245 18666844
18301663 15913
18301663 1702611
18301663 3096071
18301663 6608332
18301663 7194892
18301663 7434902
18301663 11666142
18301663 14155052
18301663 14589257
18301663 14609321
18301663 15018214
18301663 15222083
18301663 16098603
18301663 16874875
18301663 16930986
18301663 18715024
18301663 18776017
18301663 24004172
18301663 24560836
18301663 24585498
18301663 42361118
18301663 64488804
18301663 87571114
18301663 87764480
18345193 15913
18345193 2024911
18345193 3443591
18345193 5442012
18345193 7194892
18345193 7377812
18345193 12127832
18345193 12681982
18345193 14155052
18345193 14471778
18345193 14575846
18345193 14922225
18345193 15098511
18345193 15234657
18345193 15578992
18345193 15717287
18345193 16079941
18345193 16098603
18345193 16127088
18345193 16513135
18345193 17092592
18345193 18666844
18345193 18715024
18345193 18900668
18345193 18941809
18345193 19003121
18345193 19413393
18345193 19505302
18345193 19672395
18345193 20274104
18345193 20567578
18345193 21369192
18345193 22841103
18345193 23645599
18345193 24742040
18345193 27956824
18345193 34244280
18345193 36198161
18345193 36311369
18345193 45862504
18345193 58714972
18345193 59414975
18345193 59804598
18345193 64488804
18345193 69679166
18345193 90964854
18345193 93905958
18345193 94454911
18345193 97027664
18345193 121258930
18345193 191548936
18345193 223247584
18445879 15913
18445879 1183041
18445879 3096071
18445879 3359851
18445879 5848412
18445879 6206612
18445879 6608332
18445879 7194892
18445879 7861312
18445879 9451052
18445879 14155052
18445879 14269220
18445879 14424667
18445879 14453798
18445879 14589257
18445879 14609321
18445879 14691709
18445879 14692604
18445879 15112961
18445879 15222083
18445879 15488968
18445879 15575251
18445879 15681129
18445879 15838599
18445879 15839551
18445879 16038438
18445879 16098603
18445879 16909832
18445879 17728340
18445879 18849368
18445879 19413393
18445879 19414296
18445879 19595287
18445879 28202547
18445879 34068984
18445879 36311369
18445879 38514229
18445879 48370736
18445879 48485771
18445879 58714972
18445879 84043660
18445879 88501703
18445879 97027664
18445879 144040563
18445879 154708725
18519106 12223
18519106 15913
18519106 15488968
18519106 18755518
18519106 18892183
18519106 19759597
18519106 20659225
18532553 3840
18532553 15913
18532553 5442012
18532553 14470019
18532553 18776017
18532553 20262322
18532553 48485771
18532553 57244828
18532553 59804598
18532553 97173422
18581803 7846
18581803 10350
18581803 15913
18581803 1065921
18581803 1183041
18581803 1712051
18581803 1937751
18581803 3096071
18581803 3359851
18581803 3443591
18581803 3733331
18581803 4065921
18581803 5442012
18581803 5452672
18581803 5650332
18581803 5906322
18581803 6080022
18581803 6240732
18581803 6478202
18581803 6608332
18581803 7157132
18581803 7194892
18581803 7377812
18581803 7565302
18581803 7702232
18581803 7852172
18581803 7860742
18581803 7861312
18581803 7861622
18581803 7872262
18581803 7925002
18581803 8001572
18581803 8146732
18581803 8470732
18581803 8541492
18581803 9413072
18581803 9451052
18581803 9500062
18581803 10668202
18581803 10781842
18581803 10824382
18581803 12127832
18581803 12771872
18581803 13687132
18581803 13894102
18581803 14038862
18581803 14180231
18581803 14269220
18581803 14270527
18581803 14339261
18581803 14416334
18581803 14424667
18581803 14444530
18581803 14471778
18581803 14498622
18581803 14500681
18581803 14506809
18581803 14517343
18581803 14536491
18581803 14589257
18581803 14609321
18581803 14688086
18581803 14691709
18581803 14692604
18581803 14750463
18581803 14861876
18581803 14922225
18581803 14935647
18581803 15112961
18581803 15154217
18581803 15222083
18581803 15234657
18581803 15259010
18581803 15447248
18581803 15488968
18581803 15520280
18581803 15575251
18581803 15578992
18581803 15653423
18581803 15757080
18581803 15838599
18581803 15844409
18581803 15853668
18581803 16079941
18581803 16097743
18581803 16098603
18581803 16127088
18581803 16265412
18581803 16453996
18581803 16513135
18581803 16651072
18581803 16660064
18581803 16715096
18581803 16799897
18581803 16957273
18581803 17092592
18581803 17140787
18581803 17195943
18581803 17526132
18581803 17552077
18581803 17610785
18581803 17632072
18581803 17663756
18581803 17722816
18581803 17759701
18581803 17794004
18581803 18021714
18581803 18176640
18581803 18257270
18581803 18301663
18581803 18345193
18581803 18445879
18581803 18628082
18581803 18666844
18581803 18701960
18581803 18776017
18581803 18791343
18581803 18849313
18581803 18900668
18581803 18941809
18581803 19003121
18581803 19069709
18581803 19087813
18581803 19162933
18581803 19294469
18581803 19300461
18581803 19370213
18581803 19413393
18581803 19525652
18581803 19563357
18581803 19595287
18581803 19603370
18581803 19622462
18581803 19672395
18581803 19720019
18581803 19732725
18581803 19774817
18581803 20019469
18581803 20273398
18581803 20274104
18581803 20315513
18581803 20471349
18581803 20490915
18581803 20642115
18581803 20880546
18581803 21195122
18581803 21339114
18581803 21369192
18581803 21636840
18581803 21993653
18581803 22273748
18581803 22679419
18581803 22705686
18581803 22831657
18581803 22841103
18581803 23140494
18581803 23404076
18581803 23645599
18581803 24004172
18581803 24081780
18581803 24641194
18581803 24742040
18581803 24942585
18581803 25566593
18581803 25952851
18581803 26173611
18581803 26250517
18581803 26422087
18581803 26800967
18581803 27956824
18581803 28037700
18581803 28281437
18581803 28302257
18581803 28478859
18581803 28719244
18581803 28933226
18581803 28960709
18581803 31037985
18581803 31524543
18581803 31808762
18581803 33191389
18581803 34068984
18581803 34244280
18581803 34378922
18581803 34771668
18581803 34985744
18581803 36198161
18581803 36311369
18581803 36969785
18581803 37444945
18581803 38514229
18581803 38517589
18581803 38724356
18581803 41172837
18581803 41226089
18581803 42070873
18581803 42361118
18581803 43920492
18581803 45416789
18581803 45509346
18581803 45705189
18581803 45862504
18581803 46241569
18581803 46762510
18581803 47161442
18581803 47495471
18581803 48485771
18581803 51352986
18581803 53459595
18581803 57986173
18581803 58714972
18581803 59414975
18581803 59804598
18581803 60968363
18581803 61853583
18581803 64488804
18581803 65913144
18581803 69679166
18581803 71268322
18581803 71383220
18581803 71438267
18581803 71606873
18581803 73077189
18581803 75165115
18581803 84043660
18581803 85343184
18581803 85388628
18581803 87764480
18581803 90385486
18581803 90942642
18581803 90964854
18581803 92357649
18581803 93905958
18581803 94414805
18581803 94454911
18581803 97027664
18581803 101633415
18581803 116952434
18581803 117187783
18581803 117541123
18581803 121258930
18581803 127178017
18581803 129279693
18581803 131350078
18581803 144040563
18581803 144723989
18581803 146155608
18581803 146350964
18581803 148148588
18581803 151223147
18581803 154708725
18581803 155976326
18581803 183663839
18581803 187744415
18581803 191548936
18581803 196710000
18581803 198876913
18581803 200212364
18581803 203261300
18581803 207752295
18581803 214618570
18581803 217932743
18581803 229141679
18581803 234526497
18581803 235216483
18581803 235818781
18581803 242024994
18581803 250831586
18581803 254457417
18581803 258203336
18581803 262775327
18581803 265732976
18581803 275550472
18581803 275608958
18581803 275937498
18581803 288231953
18581803 297472992
18581803 299442187
18581803 303060652
18581803 307642294
18581803 309366491
18581803 322641198
18581803 325106566
18581803 341840097
18581803 342279134
18581803 356447837
18581803 450692479
18628082 15913
18628082 1072591
18628082 4068821
18628082 6080022
18628082 6724092
18628082 7860742
18628082 7861312
18628082 8541492
18628082 9413072
18628082 11272122
18628082 11461102
18628082 14269220
18628082 14424667
18628082 14498387
18628082 14506809
18628082 14559570
18628082 14573745
18628082 14709855
18628082 15154217
18628082 15488968
18628082 16453996
18628082 16799897
18628082 17526132
18628082 17632072
18628082 18666844
18628082 19732725
18628082 19774817
18628082 20490915
18628082 20880546
18628082 24004172
18628082 24942585
18628082 25566593
18628082 28719244
18628082 42361118
18628082 48485771
18628082 65913144
18628082 71268322
18628082 144040563
18628082 222640532
18666844 10350
18666844 12223
18666844 15913
18666844 756379
18666844 852301
18666844 1045521
18666844 1072591
18666844 1183041
18666844 1247691
18666844 1702611
18666844 1712051
18666844 2570021
18666844 2757281
18666844 3042321
18666844 3062761
18666844 3096071
18666844 3202891
18666844 3253671
18666844 3277381
18666844 3296721
18666844 3321441
18666844 3359851
18666844 3443591
18666844 3550301
18666844 3824401
18666844 4068821
18666844 5442012
18666844 5443002
18666844 5452672
18666844 5650332
18666844 5906322
18666844 6085372
18666844 6086752
18666844 6834572
18666844 7159422
18666844 7194892
18666844 7344392
18666844 7409232
18666844 7434902
18666844 7446452
18666844 7861312
18666844 7872262
18666844 8001572
18666844 8146732
18666844 9275742
18666844 9451052
18666844 9500062
18666844 9610142
18666844 9670952
18666844 11272122
18666844 11461102
18666844 12127832
18666844 12298182
18666844 12494542
18666844 13356642
18666844 13894102
18666844 14168488
18666844 14232363
18666844 14269220
18666844 14355610
18666844 14363438
18666844 14416334
18666844 14444530
18666844 14471778
18666844 14498622
18666844 14500681
18666844 14559570
18666844 14575846
18666844 14609321
18666844 14709855
18666844 14750463
18666844 14994418
18666844 15154217
18666844 15394673
18666844 15430929
18666844 15447248
18666844 15488968
18666844 15520280
18666844 15575251
18666844 15582769
18666844 15591032
18666844 15681129
18666844 16079941
18666844 16098603
18666844 16134428
18666844 16246524
18666844 16265412
18666844 16507692
18666844 16547411
18666844 16651072
18666844 16660064
18666844 16799897
18666844 16834674
18666844 16874875
18666844 17016709
18666844 17140787
18666844 17214479
18666844 17526132
18666844 18101470
18666844 18285245
18666844 18628082
18666844 18715024
18666844 18890465
18666844 18900668
18666844 19087813
18666844 19161407
18666844 19414296
18666844 19519349
18666844 19550535
18666844 19595287
18666844 19774817
18666844 19970426
18666844 19993335
18666844 20205471
18666844 20273398
18666844 20327583
18666844 20624600
18666844 20642115
18666844 20880546
18666844 21383585
18666844 21430043
18666844 21993653
18666844 22831657
18666844 22900797
18666844 22970486
18666844 23140494
18666844 24585498
18666844 24785621
18666844 24911468
18666844 24942585
18666844 25566593
18666844 25649234
18666844 27956824
18666844 31296704
18666844 34068984
18666844 34771668
18666844 42070873
18666844 43662236
18666844 46241569
18666844 48485771
18666844 53789489
18666844 59414975
18666844 59804598
18666844 60642921
18666844 64488804
18666844 64624131
18666844 66499322
18666844 66791268
18666844 71862367
18666844 85215038
18666844 87620061
18666844 87764480
18666844 90964854
18666844 96869096
18666844 97027664
18666844 114115460
18666844 124944912
18666844 126042901
18666844 126536128
18666844 128968339
18666844 144040563
18666844 144723989
18666844 146155608
18666844 151223147
18666844 152065057
18666844 175181917
18666844 187744415
18666844 214618570
18666844 235216483
18666844 250831586
18666844 275608958
18701960 15913
18701960 1183041
18701960 7344392
18701960 12771872
18701960 14155052
18701960 14269220
18701960 14799177
18701960 15234657
18701960 15447248
18701960 17521796
18701960 17728340
18701960 19161407
18701960 19802312
18701960 20273398
18701960 21339114
18701960 23645599
18701960 24585498
18701960 24942585
18701960 45862504
18701960 64488804
18701960 90964854
18712070 15913
18712070 5443002
18712070 7157132
18712070 7565302
18712070 7860742
18712070 7872262
18712070 10824382
18712070 13687132
18712070 14589257
18712070 14691709
18712070 14922225
18712070 15234657
18712070 15575251
18712070 15838599
18712070 16098603
18712070 17759701
18712070 18776017
18712070 20274104
18712070 21637624
18712070 22679419
18712070 24585498
18712070 24742040
18712070 45416789
18712070 48370736
18712070 57986173
18712070 59414975
18712070 60968363
18712070 65913144
18712070 66791268
18712070 129279693
18715024 12223
18715024 15913
18715024 1065921
18715024 1702611
18715024 3096071
18715024 3359851
18715024 3443591
18715024 3462421
18715024 3954801
18715024 4068821
18715024 5413042
18715024 5442012
18715024 5906322
18715024 6085372
18715024 6206612
18715024 6608332
18715024 6773622
18715024 7194892
18715024 7344392
18715024 7377812
18715024 7434902
18715024 7861312
18715024 8001572
18715024 9095652
18715024 9451052
18715024 11666142
18715024 12127832
18715024 12681982
18715024 13185852
18715024 13356642
18715024 13687132
18715024 14137885
18715024 14155052
18715024 14269093
18715024 14269220
18715024 14363438
18715024 14453798
18715024 14498622
18715024 14575846
18715024 14609321
18715024 14691709
18715024 14922225
18715024 15098511
18715024 15112961
18715024 15154217
18715024 15222083
18715024 15234657
18715024 15259010
18715024 15447248
18715024 15488968
18715024 15575251
18715024 15578992
18715024 15582769
18715024 15591032
18715024 15638249
18715024 15681129
18715024 15839551
18715024 16079941
18715024 16102815
18715024 16134428
18715024 16364644
18715024 16458937
18715024 16463030
18715024 16874875
18715024 17031260
18715024 17092592
18715024 17728340
18715024 18087961
18715024 18301663
18715024 18345193
18715024 18666844
18715024 18755518
18715024 18811254
18715024 18849368
18715024 18875718
18715024 18890465
18715024 18892183
18715024 18900668
18715024 19049747
18715024 19087813
18715024 19161407
18715024 19353331
18715024 19414296
18715024 19550535
18715024 19595287
18715024 19759597
18715024 20205471
18715024 20273398
18715024 21339114
18715024 22679419
18715024 22841103
18715024 23645599
18715024 24585498
18715024 24636976
18715024 24724740
18715024 28933226
18715024 31296704
18715024 31808762
18715024 34711597
18715024 35894617
18715024 36311369
18715024 38517589
18715024 39394932
18715024 41172837
18715024 42361118
18715024 43898124
18715024 45784061
18715024 45862504
18715024 48485771
18715024 51352986
18715024 53789489
18715024 64488804
18715024 64624131
18715024 69679166
18715024 87764480
18715024 92357649
18715024 93905958
18715024 97027664
18715024 102903198
18715024 144040563
18715024 223247584
18729547 12223
18729547 15913
18729547 6608332
18729547 8146732
18729547 13687132
18729547 14691709
18729547 14799177
18729547 15222083
18729547 15234657
18729547 17092592
18729547 18666844
18729547 18799041
18729547 18900668
18729547 19595287
18729547 22841103
18729547 24585498
18729547 24742040
18729547 27677879
18729547 36969785
18729547 87764480
18731347 3840
18731347 13348
18731347 15913
18731347 76133
18731347 1247691
18731347 7434902
18731347 7852172
18731347 13687132
18731347 15382192
18731347 18666844
18731347 19088451
18731347 20273398
18731347 21383585
18731347 108989831
18731347 175181917
18731347 177564924
18755518 12223
18755518 15913
18755518 1183041
18755518 1702611
18755518 5413042
18755518 7861312
18755518 8001572
18755518 9451052
18755518 12284582
18755518 13185852
18755518 13687132
18755518 14363438
18755518 14453798
18755518 14575846
18755518 15839551
18755518 16102815
18755518 16364644
18755518 17076095
18755518 18715024
18755518 18890465
18755518 18892183
18755518 19087813
18755518 19414296
18755518 19550535
18755518 19759597
18755518 20659225
18755518 21339114
18755518 24585498
18755518 28202547
18755518 33191389
18755518 36311369
18755518 45862504
18755518 53789489
18755518 64488804
18755518 87620061
18755518 96869096
18776017 7846
18776017 10350
18776017 15913
18776017 756379
18776017 1045521
18776017 1065921
18776017 1072591
18776017 1134701
18776017 3359851
18776017 3442781
18776017 3443591
18776017 4068821
18776017 5442012
18776017 5443002
18776017 5650332
18776017 6080022
18776017 7194892
18776017 7702232
18776017 7710472
18776017 7860742
18776017 7872262
18776017 7875762
18776017 7925002
18776017 8001572
18776017 8005202
18776017 8146732
18776017 8470732
18776017 8541492
18776017 9413072
18776017 9451052
18776017 9500062
18776017 9835242
18776017 10115042
18776017 12101862
18776017 12127832
18776017 14038862
18776017 14180231
18776017 14269220
18776017 14416334
18776017 14471778
18776017 14498387
18776017 14506809
18776017 14515313
18776017 14573745
18776017 14589257
18776017 14609321
18776017 14629510
18776017 14688086
18776017 14691709
18776017 14922225
18776017 14935647
18776017 15222083
18776017 15234657
18776017 15234679
18776017 15259010
18776017 15567576
18776017 15578992
18776017 15653423
18776017 15757080
18776017 15838599
18776017 15853668
18776017 16079941
18776017 16097743
18776017 16098603
18776017 16265412
18776017 16453996
18776017 16507692
18776017 16955141
18776017 16957273
18776017 17092592
18776017 17140787
18776017 17214479
18776017 17526132
18776017 17552077
18776017 17722816
18776017 17759701
18776017 18021714
18776017 18068719
18776017 18101470
18776017 18176640
18776017 18301663
18776017 18532553
18776017 18581803
18776017 18666844
18776017 18712070
18776017 18715024
18776017 18849313
18776017 19193475
18776017 19294469
18776017 19370213
18776017 19413393
18776017 19519349
18776017 19720019
18776017 19774817
18776017 20274104
18776017 20315513
18776017 20490915
18776017 20880546
18776017 21195122
18776017 21239763
18776017 21369192
18776017 21678052
18776017 21993653
18776017 22679419
18776017 22705686
18776017 22831657
18776017 22841103
18776017 24004172
18776017 24081780
18776017 24560836
18776017 24585498
18776017 24641194
18776017 24742040
18776017 25026165
18776017 25569713
18776017 25827166
18776017 25952851
18776017 26000424
18776017 26250517
18776017 26256596
18776017 28719244
18776017 28933226
18776017 31232539
18776017 31524543
18776017 33358162
18776017 33464639
18776017 34068984
18776017 34378922
18776017 34771668
18776017 35569745
18776017 36198161
18776017 36993162
18776017 37444945
18776017 38685348
18776017 42361118
18776017 45416789
18776017 45705189
18776017 47161442
18776017 48370736
18776017 48485771
18776017 48621884
18776017 51352986
18776017 53459595
18776017 55655811
18776017 57986173
18776017 58497291
18776017 58714972
18776017 59414975
18776017 59804598
18776017 60968363
18776017 63787760
18776017 65913144
18776017 66791268
18776017 66905823
18776017 71268322
18776017 71438267
18776017 71606873
18776017 75165115
18776017 85215038
18776017 85343184
18776017 85388628
18776017 87764480
18776017 92357649
18776017 93905958
18776017 94454911
18776017 97027664
18776017 101633415
18776017 111210694
18776017 113025559
18776017 116952434
18776017 126444583
18776017 127178017
18776017 128302994
18776017 129279693
18776017 131350078
18776017 144040563
18776017 155620461
18776017 160959034
18776017 184637153
18776017 187744415
18776017 188398607
18776017 196710000
18776017 198876913
18776017 204089551
18776017 235216483
18776017 242024994
18776017 254457417
18776017 258218804
18776017 270076706
18783763 15913
18783763 3359851
18783763 13434622
18783763 15006539
18783763 16640481
18783763 16886225
18783763 17179687
18783763 17702627
18783763 19120785
18783763 21686566
18783763 24742040
18783763 30587085
18783763 31216266
18783763 32547856
18783763 41209552
18783763 48485771
18783763 59804598
18783763 91480304
18783763 309366491
18791343 15913
18791343 3359851
18791343 3443591
18791343 5443002
18791343 5906322
18791343 6240732
18791343 7157132
18791343 7565302
18791343 7860742
18791343 9451052
18791343 10824382
18791343 14691709
18791343 14922225
18791343 15112961
18791343 15234657
18791343 15259010
18791343 15838599
18791343 16127088
18791343 16513135
18791343 16957273
18791343 17053354
18791343 17092592
18791343 17552077
18791343 20273398
18791343 20274104
18791343 21339114
18791343 22679419
18791343 23645599
18791343 24742040
18791343 41172837
18791343 48485771
18791343 59414975
18791343 121258930
18791343 144040563
18791343 146155608
18791343 151222531
18799041 12223
18799041 15913
18799041 3359851
18799041 6608332
18799041 7565302
18799041 9095652
18799041 13687132
18799041 14498622
18799041 14589257
18799041 14691709
18799041 14799177
18799041 15222083
18799041 15234657
18799041 15259010
18799041 15578992
18799041 15838599
18799041 16799897
18799041 17092592
18799041 18900668
18799041 20274104
18799041 22841103
18799041 24585498
18799041 27677879
18799041 36969785
18799041 48370736
18799041 87764480
18811197 15913
18811197 2260771
18811197 3359851
18811197 3442781
18811197 9451052
18811197 12121162
18811197 19414296
18811197 34068984
18811197 48485771
18811197 63787760
18811197 93905958
18811197 144064703
18811197 152065057
18811197 154708725
18811197 290097288
18811197 374936497
18811254 12223
18811254 15913
18811254 12298182
18811254 13185852
18811254 14453798
18811254 15154217
18811254 15222083
18811254 15638249
18811254 18715024
18811254 18849368
18811254 19550535
18811254 39394932
18811254 48485771
18811254 64488804
18819691 15913
18819691 1065921
18819691 3253671
18819691 5442012
18819691 7710472
18819691 12127832
18819691 12681982
18819691 14269220
18819691 14424667
18819691 14456200
18819691 14506809
18819691 15670515
18819691 16831715
18819691 17016709
18819691 17140787
18819691 17526132
18819691 18666844
18819691 18859819
18819691 18897157
18819691 19413393
18819691 19970426
18819691 20642115
18819691 22900797
18819691 24004172
18819691 24742040
18819691 55655811
18819691 59804598
18819691 123004655
18819691 126048747
18819691 128968339
18819691 291468308
18836167 15913
18836167 9451052
18836167 16127088
18836167 16640481
18836167 16886225
18836167 17140787
18836167 17179687
18836167 18791343
18836167 18912434
18836167 18955305
18836167 19120785
18836167 19993335
18836167 21686566
18836167 23645599
18836167 25566593
18836167 48485771
18836167 53789489
18836167 59804598
18836167 87620061
18836167 91480304
18836167 94454911
18836167 275608958
18836167 309366491
18838035 15913
18838035 15234657
18838035 15347317
18838035 18897157
18838035 33464639
18838035 75165115
18849313 15913
18849313 756379
18849313 1065921
18849313 3359851
18849313 4068821
18849313 4812381
18849313 5442012
18849313 7710472
18849313 8001572
18849313 9451052
18849313 10824382
18849313 13687132
18849313 14269093
18849313 14416334
18849313 14536491
18849313 14589257
18849313 15222083
18849313 15234657
18849313 15234679
18849313 15347317
18849313 15575251
18849313 15926497
18849313 16079941
18849313 16098603
18849313 16957273
18849313 17409832
18849313 17526132
18849313 18897157
18849313 18912434
18849313 18962501
18849313 19214250
18849313 19413393
18849313 19732725
18849313 21637624
18849313 22679419
18849313 31808762
18849313 58714972
18849313 75165115
18849368 10350
18849368 12223
18849368 15913
18849368 820281
18849368 1045521
18849368 3096071
18849368 3359851
18849368 7344392
18849368 10824382
18849368 13185852
18849368 14224219
18849368 14269093
18849368 14363438
18849368 14453798
18849368 14575846
18849368 15154217
18849368 15222083
18849368 15234657
18849368 15520280
18849368 15575251
18849368 15638249
18849368 15681129
18849368 15838599
18849368 16265412
18849368 18445879
18849368 18715024
18849368 18811254
18849368 18875718
18849368 19087813
18849368 19353331
18849368 19414296
18849368 19550535
18849368 24585498
18849368 34771668
18849368 39394932
18849368 48485771
18849368 53789489
18849368 59414975
18849368 64488804
18859819 15913
18859819 1065921
18859819 1072591
18859819 1134701
18859819 3359851
18859819 4068821
18859819 5442012
18859819 5906322
18859819 6080022
18859819 6240732
18859819 6478202
18859819 6608332
18859819 7157132
18859819 7344392
18859819 7377812
18859819 7434902
18859819 7872262
18859819 8001572
18859819 8054392
18859819 8541492
18859819 9500062
18859819 9610142
18859819 10115042
18859819 11272122
18859819 12127832
18859819 12681982
18859819 12970892
18859819 13185852
18859819 13687132
18859819 14179545
18859819 14269220
18859819 14424667
18859819 14444530
18859819 14471778
18859819 14506809
18859819 14536491
18859819 14559570
18859819 14609321
18859819 14692604
18859819 14750463
18859819 14874480
18859819 14994418
18859819 15098511
18859819 15154217
18859819 15488968
18859819 15670515
18859819 15681129
18859819 15839551
18859819 16098603
18859819 16134428
18859819 16409781
18859819 16547411
18859819 16957273
18859819 17053354
18859819 17214479
18859819 17526132
18859819 17552077
18859819 18912434
18859819 19161407
18859819 19413393
18859819 19414296
18859819 19595287
18859819 19732725
18859819 21195122
18859819 22831657
18859819 24004172
18859819 24081780
18859819 24585498
18859819 24742040
18859819 25566593
18859819 26173611
18859819 28933226
18859819 31296704
18859819 38514229
18859819 41172837
18859819 48485771
18859819 51352986
18859819 55655811
18859819 57244828
18859819 58714972
18859819 59804598
18859819 64624131
18859819 65913144
18859819 69679166
18859819 71862367
18859819 93905958
18859819 101633415
18859819 115444551
18859819 123004655
18859819 128968339
18875718 10350
18875718 12223
18875718 15913
18875718 3096071
18875718 3359851
18875718 5413042
18875718 6206612
18875718 7194892
18875718 7344392
18875718 7434902
18875718 9451052
18875718 13185852
18875718 13356642
18875718 14179545
18875718 14269093
18875718 14453798
18875718 14471778
18875718 14589257
18875718 15222083
18875718 16079941
18875718 16098603
18875718 16626187
18875718 16799897
18875718 17031260
18875718 17214479
18875718 18715024
18875718 18849368
18875718 19087813
18875718 19414296
18875718 24585498
18875718 38389963
18875718 38514229
18875718 39394932
18875718 41172837
18875718 48485771
18875718 164024096
18890465 15913
18890465 1702611
18890465 3253671
18890465 3296721
18890465 3321441
18890465 3359851
18890465 3443591
18890465 4398351
18890465 7344392
18890465 7434902
18890465 7860742
18890465 7861312
18890465 12284582
18890465 12298182
18890465 14155052
18890465 14269220
18890465 14337677
18890465 14444530
18890465 14498622
18890465 14506809
18890465 14575846
18890465 14609321
18890465 15394673
18890465 15430929
18890465 15488968
18890465 15582769
18890465 16134428
18890465 16660064
18890465 16831715
18890465 16874875
18890465 17016709
18890465 17140787
18890465 18666844
18890465 18715024
18890465 18755518
18890465 18946688
18890465 19595287
18890465 19774817
18890465 20327583
18890465 21339114
18890465 24585498
18890465 25566593
18890465 25649234
18890465 43880993
18890465 52934175
18890465 60642921
18890465 64624131
18890465 66499322
18890465 84043660
18890465 87620061
18890465 94454911
18890465 96869096
18890465 108993961
18890465 126048747
18890465 175181917
18890465 214618570
18892183 12223
18892183 15913
18892183 1183041
18892183 1702611
18892183 3443591
18892183 3462421
18892183 5413042
18892183 7434902
18892183 7861312
18892183 13185852
18892183 14155052
18892183 14269220
18892183 14453798
18892183 14575846
18892183 15098511
18892183 15488968
18892183 16364644
18892183 17076095
18892183 17214479
18892183 18715024
18892183 18755518
18892183 19414296
18892183 19550535
18892183 19759597
18892183 20659225
18892183 24585498
18892183 31296704
18892183 33191389
18892183 36311369
18892183 87764480
18892183 93905958
18897157 15913
18897157 3359851
18897157 7565302
18897157 7710472
18897157 9451052
18897157 14269220
18897157 14575846
18897157 15222083
18897157 15234657
18897157 15347317
18897157 15839551
18897157 16127088
18897157 16957273
18897157 17526132
18897157 18755518
18897157 18838035
18897157 18849313
18897157 19214250
18897157 28202547
18897157 33464639
18897157 42943177
18897157 48485771
18897157 58714972
18897157 75165115
18897157 87764480
18897157 154708725
18900668 15913
18900668 3359851
18900668 3733331
18900668 5442012
18900668 5906322
18900668 6608332
18900668 7565302
18900668 8001572
18900668 9451052
18900668 12127832
18900668 13687132
18900668 14155052
18900668 14168488
18900668 14471778
18900668 14799177
18900668 14922225
18900668 14999606
18900668 15222083
18900668 15234657
18900668 15838599
18900668 15926497
18900668 17552077
18900668 18666844
18900668 18715024
18900668 18729547
18900668 18799041
18900668 19413393
18900668 19595287
18900668 20273398
18900668 20642115
18900668 22679419
18900668 23645599
18900668 33191389
18900668 59804598
18912434 15913
18912434 3359851
18912434 5442012
18912434 13687132
18912434 15234657
18912434 16957273
18912434 18849313
18912434 18859819
18929680 15913
18929680 1045521
18929680 1065921
18929680 3359851
18929680 5906322
18929680 7852172
18929680 7860742
18929680 8541492
18929680 9451052
18929680 12298182
18929680 13185852
18929680 14038862
18929680 14155052
18929680 14517343
18929680 14691709
18929680 14922225
18929680 15591032
18929680 18666844
18929680 19595287
18929680 20273398
18929680 20495756
18929680 21430043
18941809 10350
18941809 12223
18941809 15913
18941809 1065921
18941809 1183041
18941809 3096071
18941809 5436192
18941809 5442012
18941809 6608332
18941809 7194892
18941809 7377812
18941809 7860742
18941809 7861312
18941809 7861622
18941809 7872262
18941809 9275742
18941809 9451052
18941809 12298182
18941809 13356642
18941809 14155052
18941809 14180231
18941809 14337677
18941809 14453798
18941809 14471778
18941809 14536491
18941809 14573745
18941809 14575846
18941809 14609321
18941809 14691709
18941809 14935647
18941809 14999606
18941809 15098511
18941809 15112961
18941809 15154217
18941809 15222083
18941809 15234657
18941809 15234679
18941809 15259010
18941809 15681129
18941809 15838599
18941809 16098603
18941809 16134428
18941809 16265412
18941809 16651072
18941809 16715096
18941809 16831715
18941809 17092592
18941809 17140787
18941809 17214479
18941809 17759701
18941809 18257270
18941809 18345193
18941809 18581803
18941809 18666844
18941809 18715024
18941809 18890465
18941809 18946688
18941809 19049747
18941809 19087813
18941809 19161407
18941809 19413393
18941809 19550535
18941809 19595287
18941809 20274104
18941809 20880546
18941809 21339114
18941809 22679419
18941809 22841103
18941809 24081780
18941809 24641194
18941809 24742040
18941809 25952851
18941809 28302257
18941809 28960709
18941809 31296704
18941809 31808762
18941809 34244280
18941809 38389963
18941809 42070873
18941809 42361118
18941809 43920492
18941809 48485771
18941809 52934175
18941809 59804598
18941809 65913144
18941809 87764480
18941809 90385486
18941809 93905958
18941809 94414805
18941809 94454911
18941809 96869096
18941809 121258930
18941809 128968339
18941809 151223147
18941809 214618570
18941809 235216483
18941809 275608958
18941809 384388981
18946688 15913
18946688 1183041
18946688 3296721
18946688 7861312
18946688 12298182
18946688 14155052
18946688 14269220
18946688 14506809
18946688 14575846
18946688 15394673
18946688 17140787
18946688 18666844
18946688 18941809
18946688 38517589
18946688 52934175
18946688 94454911
18946688 96869096
18946688 128968339
18946688 214618570
18955305 15913
18955305 14922225
18955305 15234657
18955305 18791343
18955305 24742040
18962501 15913
18962501 756379
18962501 1461211
18962501 9451052
18962501 14046943
18962501 15234657
18962501 15234679
18962501 15567576
18962501 16957273
18962501 17526132
18962501 18776017
18962501 18849313
18962501 18897157
18962501 19214250
18962501 19550535
18962501 87764480
18962501 154708725
19003121 15913
19003121 2024911
19003121 7157132
19003121 7860742
19003121 9451052
19003121 15234657
19003121 15838599
19003121 16513135
19003121 19525652
19003121 22841103
19010126 15913
19010126 3359851
19010126 14691709
19010126 16640481
19010126 16886225
19010126 19120785
19010126 32547856
19010126 41209552
19010126 48485771
19010126 59804598
19049747 12223
19049747 15913
19049747 756379
19049747 1065921
19049747 1183041
19049747 5445442
19049747 6608332
19049747 7377812
19049747 7860742
19049747 7861312
19049747 9451052
19049747 13356642
19049747 14179545
19049747 14453798
19049747 14589257
19049747 14629510
19049747 15222083
19049747 15575251
19049747 15681129
19049747 16038438
19049747 16098603
19049747 16265412
19049747 16799897
19049747 18666844
19049747 19161407
19049747 19353331
19049747 19414296
19049747 20273398
19049747 20880546
19049747 31808762
19049747 35894617
19049747 38514229
19049747 43898124
19049747 48370736
19049747 64488804
19049747 93905958
19049747 235216483
19069709 15913
19069709 2585151
19069709 5906322
19069709 7157132
19069709 7377812
19069709 7860742
19069709 7861312
19069709 9451052
19069709 10824382
19069709 13434092
19069709 14038862
19069709 15838599
19069709 15844409
19069709 16513135
19069709 16831715
19069709 17092592
19069709 17552077
19069709 18581803
19069709 18791343
19069709 18890465
19069709 19413393
19069709 21339114
19069709 22679419
19069709 24742040
19069709 32591419
19069709 43880993
19069709 59804598
19069709 108993961
19087813 15913
19087813 1702611
19087813 3096071
19087813 3253671
19087813 3359851
19087813 3442781
19087813 3462421
19087813 3550301
19087813 4291741
19087813 5413042
19087813 5452672
19087813 6608332
19087813 7194892
19087813 7344392
19087813 7434902
19087813 7565302
19087813 13185852
19087813 14155052
19087813 14224219
19087813 14575846
19087813 14609321
19087813 14692604
19087813 14750463
19087813 15112961
19087813 15234657
19087813 15234679
19087813 15447248
19087813 15488968
19087813 15582769
19087813 15681129
19087813 15838599
19087813 16364644
19087813 16799897
19087813 16874875
19087813 17053354
19087813 17092592
19087813 17214479
19087813 18445879
19087813 18715024
19087813 18755518
19087813 18849368
19087813 18875718
19087813 19413393
19087813 19414296
19087813 19595287
19087813 19673424
19087813 20273398
19087813 22841103
19087813 24585498
19087813 31296704
19087813 38514229
19087813 41172837
19087813 45862504
19087813 48485771
19087813 58714972
19087813 64488804
19087813 69679166
19087813 87764480
19087813 96869096
19087813 105310392
19088451 15913
19088451 7861312
19088451 7861622
19088451 9451052
19088451 13687132
19088451 14922225
19088451 17092862
19088451 20273398
19088451 71438267
19088451 87764480
19120785 15913
19120785 3359851
19120785 9451052
19120785 13434622
19120785 13687132
19120785 15006539
19120785 15222083
19120785 15234657
19120785 16640481
19120785 17179687
19120785 17214479
19120785 17702627
19120785 18731347
19120785 18783763
19120785 18791343
19120785 19010126
19120785 21686566
19120785 22841103
19120785 23645599
19120785 30587085
19120785 32547856
19120785 36969785
19120785 48485771
19120785 59804598
19120785 87764480
19120785 91480304
19120785 92357649
19120785 309366491
19129073 15913
19129073 3359851
19129073 24742040
19129073 64285972
19161407 10350
19161407 12223
19161407 15913
19161407 1702611
19161407 3096071
19161407 3550301
19161407 5442012
19161407 6206612
19161407 6608332
19161407 7194892
19161407 7344392
19161407 7377812
19161407 7434902
19161407 7872262
19161407 8001572
19161407 9413072
19161407 9451052
19161407 9610142
19161407 13356642
19161407 14155052
19161407 14179545
19161407 14269220
19161407 14453798
19161407 14471778
19161407 14573745
19161407 14575846
19161407 14609321
19161407 14935647
19161407 15098511
19161407 15112961
19161407 15154217
19161407 15222083
19161407 15447248
19161407 15567576
19161407 15681129
19161407 15838599
19161407 16098603
19161407 16265412
19161407 17092592
19161407 17214479
19161407 17728340
19161407 18666844
19161407 18701960
19161407 18715024
19161407 18755518
19161407 18875718
19161407 19049747
19161407 19414296
19161407 19732725
19161407 19802312
19161407 22831657
19161407 22841103
19161407 23645599
19161407 24585498
19161407 31808762
19161407 33191389
19161407 38389963
19161407 38514229
19161407 42070873
19161407 45862504
19161407 64488804
19161407 65913144
19161407 87764480
19161407 88501703
19161407 90964854
19161407 93905958
19161407 235216483
19162933 15913
19162933 3096071
19162933 5442012
19162933 5445442
19162933 7860742
19162933 15112961
19162933 15575251
19162933 15853668
19162933 17028313
19162933 17586739
19162933 20019469
19162933 20880546
19162933 22273748
19162933 23140494
19162933 24942585
19162933 25538903
19162933 28719244
19162933 31037985
19162933 45862504
19162933 48485771
19162933 48621884
19162933 84043660
19162933 121258930
19162933 144040563
19162933 146071420
19162933 146155608
19162933 152435436
19162933 155976326
19162933 198876913
19162933 200212364
19162933 203261300
19162933 207752295
19162933 235216483
19162933 293854513
19193475 15913
19193475 1072591
19193475 1134701
19193475 3359851
19193475 7872262
19193475 7874622
19193475 7875762
19193475 7875912
19193475 8470732
19193475 8541492
19193475 14269220
19193475 14515313
19193475 14517343
19193475 14691709
19193475 15734515
19193475 16098603
19193475 16549423
19193475 18776017
19193475 19370213
19193475 19595287
19193475 23235056
19193475 24641194
19193475 40753289
19193475 46147323
19193475 59414975
19193475 71606873
19193475 235818781
19193475 353216771
19214250 15913
19214250 756379
19214250 1461211
19214250 7710472
19214250 9451052
19214250 14046943
19214250 15347317
19214250 15567576
19214250 18838035
19214250 18897157
19214250 19550535
19214250 33464639
19214250 48485771
19214250 60642052
19214250 75165115
19214250 154708725
19215583 15913
19215583 65673
19215583 2260771
19215583 3359851
19215583 9451052
19215583 18176640
19215583 19563357
19215583 21239763
19215583 34068984
19215583 48485771
19215583 64285972
19215583 85215038
19215583 85343184
19215583 93905958
19215583 154708725
19215583 187744415
19215583 191548936
19215583 290097288
19215583 294198566
19262909 15913
19262909 7861312
19262909 13434622
19262909 28960709
19294469 15913
19294469 1065921
19294469 5906322
19294469 7157132
19294469 7860742
19294469 10824382
19294469 15259010
19294469 15838599
19294469 16513135
19294469 17092592
19294469 17552077
19294469 19413393
19294469 21339114
19300461 15913
19300461 1134701
19300461 1183041
19300461 7860742
19300461 7861312
19300461 7872262
19300461 7875762
19300461 7875912
19300461 7925002
19300461 8541492
19300461 9835242
19300461 14416334
19300461 14471778
19300461 14498387
19300461 14515313
19300461 14589257
19300461 14609321
19300461 14691709
19300461 14922225
19300461 16098603
19300461 16507692
19300461 16549423
19300461 17728340
19300461 18021714
19300461 18068719
19300461 18581803
19300461 18776017
19300461 19370213
19300461 21195122
19300461 24004172
19300461 24081780
19300461 24560836
19300461 24641194
19300461 24742040
19300461 25026165
19300461 28037700
19300461 42361118
19300461 44121353
19300461 45416789
19300461 47161442
19300461 57986173
19300461 60968363
19300461 65913144
19300461 66791268
19300461 71383220
19300461 71606873
19300461 235216483
19300461 235818781
19300461 258218804
19311729 9117202
19311729 15070932
19311729 17564647
19311729 20471349
19311729 21913907
19311729 23215572
19311729 24125323
19311729 24542441
19311729 26176694
19311729 26800967
19311729 34068984
19311729 36850842
19311729 40329238
19311729 41656802
19311729 67818595
19311729 74325773
19311729 84672379
19311729 87044829
19311729 105895378
19311729 115313263
19311729 123684709
19311729 127935456
19311729 131490551
19311729 146350964
19311729 160008685
19311729 163339795
19311729 165795009
19311729 172161833
19311729 186287415
19311729 211614808
19311729 213032194
19311729 238308325
19311729 245394117
19311729 247031120
19311729 250441643
19311729 250708662
19311729 262775327
19311729 275550472
19311729 281159810
19311729 284174632
19311729 288231953
19311729 294198566
19311729 296242468
19311729 297683673
19311729 307642294
19311729 309064372
19311729 309325161
19311729 325106566
19311729 337952973
19311729 339943969
19311729 345569115
19311729 356447837
19311729 362626342
19311729 381296177
19311729 381788237
19311729 385621090
19311729 422253889
19311729 491431687
19311729 498542846
19311729 543373651
19311729 560929638
19353331 15913
19353331 3096071
19353331 6206612
19353331 7565302
19353331 14269093
19353331 14453798
19353331 14589257
19353331 15681129
19353331 18301663
19353331 18445879
19353331 18715024
19353331 18849368
19353331 19049747
19353331 19413393
19353331 19414296
19353331 35894617
19353331 36311369
19353331 43898124
19353331 48485771
19370213 15913
19370213 1045521
19370213 1134701
19370213 3443591
19370213 7852172
19370213 7861312
19370213 7872262
19370213 7874622
19370213 7875762
19370213 9413072
19370213 9835242
19370213 13894102
19370213 14155052
19370213 14179545
19370213 14269220
19370213 14498387
19370213 14500681
19370213 14515313
19370213 15234657
19370213 16098603
19370213 16453996
19370213 17526132
19370213 17759701
19370213 18021714
19370213 18776017
19370213 19193475
19370213 19595287
19370213 21195122
19370213 24004172
19370213 24641194
19370213 31037985
19370213 34771668
19370213 42361118
19370213 45416789
19370213 47161442
19370213 57986173
19370213 60968363
19370213 65913144
19370213 71606873
19370213 101633415
19370213 217932743
19370213 235216483
19370213 235818781
19370213 242024994
19370213 258218804
19380829 10350
19380829 13348
19380829 15913
19380829 2735591
19380829 7861312
19380829 15234657
19413393 12223
19413393 15913
19413393 1065921
19413393 3096071
19413393 3359851
19413393 3462421
19413393 4068821
19413393 5413042
19413393 5442012
19413393 6608332
19413393 7157132
19413393 7377812
19413393 7434902
19413393 7872262
19413393 8541492
19413393 9275742
19413393 9451052
19413393 13687132
19413393 14137885
19413393 14155052
19413393 14180231
19413393 14269220
19413393 14471778
19413393 14575846
19413393 14691709
19413393 14692604
19413393 15018214
19413393 15112961
19413393 15222083
19413393 15234657
19413393 15234679
19413393 15259010
19413393 15575251
19413393 15582769
19413393 15838599
19413393 16098603
19413393 16335197
19413393 16453996
19413393 17076095
19413393 17092592
19413393 17526132
19413393 17552077
19413393 17977714
19413393 18445879
19413393 18581803
19413393 18791343
19413393 18849313
19413393 18859819
19413393 18900668
19413393 18941809
19413393 19087813
19413393 19672395
19413393 20274104
19413393 20603058
19413393 25952851
19413393 26083291
19413393 31524543
19413393 34711597
19413393 34985744
19413393 36311369
19413393 38724356
19414296 12223
19414296 15913
19414296 1702611
19414296 3096071
19414296 3359851
19414296 5413042
19414296 6206612
19414296 7434902
19414296 9451052
19414296 13185852
19414296 13356642
19414296 14155052
19414296 14224219
19414296 14269093
19414296 14363438
19414296 14575846
19414296 14589257
19414296 15098511
19414296 15112961
19414296 15154217
19414296 15591032
19414296 15681129
19414296 15838599
19414296 16265412
19414296 16458937
19414296 17031260
19414296 17053354
19414296 17076095
19414296 18445879
19414296 18715024
19414296 18755518
19414296 18849368
19414296 18892183
19414296 18900668
19414296 19049747
19414296 19087813
19414296 19161407
19414296 19353331
19414296 19595287
19414296 20273398
19414296 22841103
19414296 23645599
19414296 24585498
19414296 24636976
19414296 33191389
19414296 35894617
19414296 36311369
19414296 39394932
19414296 43898124
19414296 45784061
19414296 45862504
19414296 48485771
19414296 64488804
19414296 87571114
19414296 87764480
19414296 90964854
19414296 93905958
19414296 97027664
19414296 121258930
19414296 154708725
19505302 10350
19505302 15913
19505302 5442012
19505302 7194892
19505302 14471778
19505302 14922225
19505302 15222083
19505302 15234657
19505302 15578992
19505302 15838599
19505302 16079941
19505302 16098603
19505302 16127088
19505302 16513135
19505302 17092592
19505302 18345193
19505302 18666844
19505302 18776017
19505302 18900668
19505302 19003121
19505302 19413393
19505302 20273398
19505302 22841103
19505302 23645599
19505302 24742040
19505302 31296704
19505302 34985744
19505302 42361118
19505302 45862504
19505302 48485771
19505302 59804598
19505302 64488804
19505302 69679166
19505302 90964854
19505302 97027664
19505302 121258930
19505302 160839015
19519349 15913
19519349 1045521
19519349 1937751
19519349 3062761
19519349 3277381
19519349 3296721
19519349 3359851
19519349 3550301
19519349 4065921
19519349 4068821
19519349 5650332
19519349 6086752
19519349 6478202
19519349 6834572
19519349 7157132
19519349 7446452
19519349 7860742
19519349 9275742
19519349 9670952
19519349 11461102
19519349 12127832
19519349 12681982
19519349 13687132
19519349 13894102
19519349 14180231
19519349 14232363
19519349 14269220
19519349 14536491
19519349 14692604
19519349 14922225
19519349 15234657
19519349 15653423
19519349 16098603
19519349 16513135
19519349 17092592
19519349 17140787
19519349 17722816
19519349 17759701
19519349 18101470
19519349 18581803
19519349 18666844
19519349 18776017
19519349 19595287
19519349 20624600
19519349 20880546
19519349 22679419
19519349 22900797
19519349 27956824
19519349 31524543
19519349 36198161
19519349 59414975
19519349 59804598
19519349 71862367
19519349 90964854
19519349 116952434
19519349 117187783
19519349 121258930
19519349 144723989
19519349 282339563
19519349 309366491
19525652 7846
19525652 10350
19525652 12223
19525652 15913
19525652 6608332
19525652 7565302
19525652 7860742
19525652 7861312
19525652 9095652
19525652 9451052
19525652 13687132
19525652 14038862
19525652 14180231
19525652 14498622
19525652 14536491
19525652 14922225
19525652 15222083
19525652 15234657
19525652 15259010
19525652 15447248
19525652 15575251
19525652 15578992
19525652 15838599
19525652 16127088
19525652 17092592
19525652 17195943
19525652 17214479
19525652 17610785
19525652 18257270
19525652 18581803
19525652 18729547
19525652 18900668
19525652 19003121
19525652 19595287
19525652 20273398
19525652 22841103
19525652 23645599
19525652 24585498
19525652 27677879
19525652 36969785
19525652 38517589
19525652 42070873
19525652 45862504
19525652 48485771
19525652 87764480
19525652 90964854
19525652 92357649
19525652 154708725
19550535 12223
19550535 15913
19550535 756379
19550535 1045521
19550535 1183041
19550535 1702611
19550535 3359851
19550535 4812381
19550535 5436192
19550535 6068612
19550535 7434902
19550535 7861312
19550535 12298182
19550535 13185852
19550535 14155052
19550535 14363438
19550535 14453798
19550535 14709855
19550535 15154217
19550535 15447248
19550535 15567576
19550535 15638249
19550535 16513135
19550535 17031260
19550535 18666844
19550535 18715024
19550535 18755518
19550535 18811254
19550535 18849368
19550535 18892183
19550535 19732725
19550535 21383585
19550535 24585498
19550535 31296704
19550535 39394932
19550535 53789489
19550535 64488804
19550535 93905958
19558435 15913
19558435 1065921
19558435 1249431
19558435 1937751
19558435 2549701
19558435 2585721
19558435 2589661
19558435 2593511
19558435 2757281
19558435 2911091
19558435 3296721
19558435 3359851
19558435 3380291
19558435 3443591
19558435 3749371
19558435 3824401
19558435 4068821
19558435 4398351
19558435 5442012
19558435 5445442
19558435 5650332
19558435 5906322
19558435 5971232
19558435 6724092
19558435 6896262
19558435 7334662
19558435 7409232
19558435 7626162
19558435 8001572
19558435 11272122
19558435 11461102
19558435 13894102
19558435 14709855
19558435 16366923
19558435 17526132
19558435 18181487
19558435 21339114
19558435 59414975
19558435 59804598
19563357 15913
19563357 3359851
19563357 3443591
19563357 3733331
19563357 5906322
19563357 6240732
19563357 6608332
19563357 7157132
19563357 8001572
19563357 9451052
19563357 10824382
19563357 12121162
19563357 13687132
19563357 14180231
19563357 14269220
19563357 14411683
19563357 14536491
19563357 14691709
19563357 15222083
19563357 15575251
19563357 15838599
19563357 16127088
19563357 16957273
19563357 18021714
19563357 18445879
19563357 18581803
19563357 19413393
19563357 20273398
19563357 22679419
19563357 24636976
19563357 26173611
19563357 33191389
19563357 34068984
19563357 41172837
19563357 42943177
19563357 51352986
19563357 59804598
19563357 63787760
19563357 64285972
19563357 75165115
19563357 93905958
19563357 154708725
19563357 548679814
19595287 7846
19595287 10350
19595287 15913
19595287 1045521
19595287 1065921
19595287 1072591
19595287 1702611
19595287 3242491
19595287 3253671
19595287 3277381
19595287 3359851
19595287 3443591
19595287 4068821
19595287 5193261
19595287 5443002
19595287 6085372
19595287 6086752
19595287 6206612
19595287 7194892
19595287 7860742
19595287 7872262
19595287 9451052
19595287 11272122
19595287 12298182
19595287 13185852
19595287 13356642
19595287 13894102
19595287 14155052
19595287 14269220
19595287 14453798
19595287 14506809
19595287 14536491
19595287 14573745
19595287 14575846
19595287 14589257
19595287 14609321
19595287 14691709
19595287 14750463
19595287 15488968
19595287 15575251
19595287 15582769
19595287 15591032
19595287 16715096
19595287 17140787
19595287 17214479
19595287 17552077
19595287 18285245
19595287 18445879
19595287 18890465
19595287 19413393
19595287 19414296
19595287 19525652
19595287 20439140
19595287 22679419
19595287 22841103
19595287 24741685
19595287 24742040
19595287 48485771
19595287 59804598
19595287 84043660
19595287 87764480
19603370 15913
19603370 1712051
19603370 3096071
19603370 5442012
19603370 7861312
19603370 9451052
19603370 13687132
19603370 15112961
19603370 15222083
19603370 16265412
19603370 17028313
19603370 24942585
19603370 31037985
19603370 33191389
19603370 38724356
19603370 41172837
19603370 48485771
19603370 121258930
19603370 144040563
19603370 146155608
19603370 203261300
19622462 15913
19622462 1072591
19622462 1134701
19622462 1183041
19622462 3062761
19622462 4622401
19622462 5650332
19622462 7860742
19622462 7872262
19622462 8470732
19622462 9413072
19622462 9500062
19622462 14270527
19622462 14517343
19622462 15555645
19622462 16097743
19622462 16660064
19622462 17759701
19622462 20490915
19622462 21195122
19622462 22335214
19622462 24081780
19622462 25026165
19622462 28037700
19622462 28719244
19622462 47161442
19622462 59414975
19622462 65913144
19622462 90942642
19622462 94414805
19622462 129279693
19622462 242024994
19622462 309366491
19672395 15913
19672395 3442781
19672395 3462421
19672395 3954801
19672395 4291741
19672395 5413042
19672395 6773622
19672395 7194892
19672395 7344392
19672395 7434902
19672395 7565302
19672395 10824382
19672395 12127832
19672395 13185852
19672395 14224219
19672395 14269093
19672395 14471778
19672395 14575846
19672395 14589257
19672395 15112961
19672395 15234657
19672395 15681129
19672395 16102815
19672395 16134428
19672395 16513135
19672395 16799897
19672395 17053354
19672395 17092592
19672395 17214479
19672395 18581803
19672395 18849368
19672395 18875718
19672395 18912434
19672395 19413393
19672395 19414296
19672395 20273398
19672395 24742040
19672395 41172837
19672395 87764480
19673424 15913
19673424 1065921
19673424 3096071
19673424 3442781
19673424 3462421
19673424 3954801
19673424 7194892
19673424 7377812
19673424 7565302
19673424 7860742
19673424 9451052
19673424 10115042
19673424 12127832
19673424 14471778
19673424 14536491
19673424 14609321
19673424 14691709
19673424 14922225
19673424 15222083
19673424 15447248
19673424 15488968
19673424 15838599
19673424 17214479
19673424 17552077
19673424 19087813
19673424 22679419
19673424 24742040
19673424 31296704
19673424 38514229
19673424 41172837
19673424 69679166
19673424 87764480
19673424 164024096
19720019 15913
19720019 2609891
19720019 5442012
19720019 7702232
19720019 8470732
19720019 9451052
19720019 13687132
19720019 14269220
19720019 14500681
19720019 14922225
19720019 15234657
19720019 15575251
19720019 15757080
19720019 15838599
19720019 15853668
19720019 18776017
19720019 20274104
19720019 22679419
19720019 24742040
19720019 24942585
19720019 26000424
19720019 26250517
19720019 26444473
19720019 31232539
19720019 33358162
19720019 34771668
19720019 35598550
19720019 36198161
19720019 38685348
19720019 46241569
19720019 48485771
19720019 58497291
19720019 58714972
19720019 59414975
19720019 59804598
19720019 66905823
19720019 116952434
19720019 121258930
19720019 128302994
19720019 200212364
19720019 309366491
19732725 15913
19732725 1045521
19732725 1065921
19732725 1134701
19732725 1247691
19732725 1937751
19732725 2593511
19732725 2757281
19732725 3242491
19732725 3296721
19732725 3321441
19732725 3359851
19732725 3443591
19732725 3824401
19732725 4068821
19732725 5442012
19732725 5452672
19732725 5650332
19732725 6080022
19732725 6086752
19732725 6376212
19732725 7159422
19732725 7377812
19732725 7409232
19732725 7434902
19732725 7446452
19732725 7626162
19732725 7852172
19732725 7860742
19732725 7861312
19732725 7872262
19732725 8001572
19732725 8541492
19732725 11272122
19732725 11461102
19732725 12298182
19732725 12681982
19732725 12771872
19732725 13687132
19732725 13894102
19732725 14155052
19732725 14168488
19732725 14179545
19732725 14269220
19732725 14355610
19732725 14444530
19732725 14471778
19732725 14559570
19732725 14609321
19732725 14709855
19732725 14750463
19732725 14922225
19732725 14994418
19732725 15154217
19732725 15428643
19732725 15447248
19732725 15488968
19732725 15567576
19732725 15853073
19732725 16098603
19732725 16513135
19732725 16626187
19732725 16799897
19732725 17140787
19732725 17214479
19732725 17526132
19732725 18181487
19732725 18285245
19732725 18581803
19732725 18666844
19732725 18849313
19732725 18859819
19732725 19161407
19732725 19550535
19732725 19595287
19732725 19774817
19732725 20327583
19732725 21339114
19732725 21383585
19732725 21430043
19732725 22831657
19732725 22900797
19732725 24585498
19732725 24911468
19732725 25566593
19732725 27956824
19732725 34771668
19732725 36993162
19732725 45416789
19732725 48485771
19732725 55338862
19732725 59414975
19732725 59804598
19732725 65913144
19732725 71862367
19732725 93905958
19732725 144040563
19732725 174541760
19732725 223247584
19732725 294198566
19759597 12223
19759597 15913
19759597 15222083
19759597 15488968
19759597 18755518
19759597 18892183
19759597 19550535
19759597 20659225
19774817 15913
19774817 1045521
19774817 1183041
19774817 1712051
19774817 1937751
19774817 3042321
19774817 3253671
19774817 3296721
19774817 3359851
19774817 5442012
19774817 5452672
19774817 5650332
19774817 6080022
19774817 6086752
19774817 7159422
19774817 8001572
19774817 11272122
19774817 11461102
19774817 12298182
19774817 12681982
19774817 14232363
19774817 14269220
19774817 14355610
19774817 14444530
19774817 14471778
19774817 14506809
19774817 14559570
19774817 14609321
19774817 14709855
19774817 14750463
19774817 15154217
19774817 15394673
19774817 15488968
19774817 16079941
19774817 16098603
19774817 16660064
19774817 16834674
19774817 17016709
19774817 17140787
19774817 17526132
19774817 18581803
19774817 18628082
19774817 18666844
19774817 18776017
19774817 18890465
19774817 19595287
19774817 19732725
19774817 21430043
19774817 22831657
19774817 23140494
19774817 24004172
19774817 25649234
19774817 27956824
19774817 28933226
19774817 34771668
19774817 45416789
19774817 47161442
19774817 48485771
19774817 65913144
19774817 124944912
19774817 126536128
19774817 174541760
19802312 15913
19802312 14155052
19802312 17728340
19802312 18701960
19802312 18755518
19802312 19161407
19802312 24585498
19970426 15913
19970426 5443002
19970426 18666844
19970426 18900668
19970426 59804598
19993335 15913
19993335 1045521
19993335 1183041
19993335 3359851
19993335 8001572
19993335 9451052
19993335 15112961
19993335 16127088
19993335 16246524
19993335 17140787
19993335 17409832
19993335 18666844
19993335 24585498
19993335 25566593
19993335 28202547
19993335 31037985
19993335 33191389
19993335 48485771
19993335 53789489
19993335 87620061
19993335 87764480
19993335 121258930
19993335 155976326
19993335 275608958
20019469 15913
20019469 1712051
20019469 5906322
20019469 15112961
20019469 16438354
20019469 19162933
20019469 19603370
20019469 20880546
20019469 23140494
20019469 24585498
20019469 24942585
20019469 31037985
20019469 48485771
20019469 121258930
20019469 144040563
20019469 146071420
20019469 146155608
20019469 155976326
20019469 179524189
20019469 203261300
20019469 293854513
20065936 15913
20065936 1183041
20065936 15846407
20108560 15913
20108560 7861312
20108560 14589257
20108560 15846407
20108560 23235056
20108560 250831586
20205471 10350
20205471 15913
20205471 1045521
20205471 1702611
20205471 1712051
20205471 3253671
20205471 3321441
20205471 3954801
20205471 5442012
20205471 6608332
20205471 6773622
20205471 7344392
20205471 7377812
20205471 8001572
20205471 12127832
20205471 13894102
20205471 14155052
20205471 14498622
20205471 14575846
20205471 14609321
20205471 14692604
20205471 15488968
20205471 15582769
20205471 16098603
20205471 16134428
20205471 18666844
20205471 18715024
20205471 20274104
20205471 20327583
20205471 42361118
20205471 48485771
20262322 15913
20262322 4068821
20262322 5442012
20262322 14470019
20262322 14506809
20262322 14536491
20262322 17663756
20262322 18532553
20262322 36198161
20262322 57244828
20262322 59804598
20262322 60642052
20262322 97173422
20273398 3840
20273398 10350
20273398 12223
20273398 15913
20273398 756379
20273398 1065921
20273398 1072591
20273398 1134701
20273398 1317671
20273398 1702611
20273398 3096071
20273398 3359851
20273398 3443591
20273398 3462421
20273398 3733331
20273398 4068821
20273398 5413042
20273398 5442012
20273398 5452672
20273398 5906322
20273398 6240732
20273398 6547952
20273398 7157132
20273398 7194892
20273398 7434902
20273398 7565302
20273398 7860742
20273398 7861312
20273398 9451052
20273398 10824382
20273398 12121162
20273398 12127832
20273398 13356642
20273398 13687132
20273398 14038862
20273398 14137885
20273398 14155052
20273398 14269220
20273398 14270527
20273398 14453798
20273398 14498622
20273398 14536491
20273398 14573745
20273398 14589257
20273398 14688086
20273398 14691709
20273398 14692604
20273398 14922225
20273398 15098511
20273398 15112961
20273398 15222083
20273398 15234657
20273398 15259010
20273398 15382192
20273398 15447248
20273398 15575251
20273398 15578992
20273398 15681129
20273398 15838599
20273398 15853668
20273398 16038438
20273398 16127088
20273398 16335197
20273398 16453996
20273398 16513135
20273398 16799897
20273398 16957273
20273398 17031260
20273398 17076095
20273398 17092592
20273398 17195943
20273398 17214479
20273398 17526132
20273398 17552077
20273398 17610785
20273398 17759701
20273398 17857716
20273398 18021714
20273398 18581803
20273398 18666844
20273398 18715024
20273398 18776017
20273398 18791343
20273398 18900668
20273398 19003121
20273398 19088451
20273398 19413393
20273398 19414296
20273398 19505302
20273398 19525652
20273398 19563357
20273398 19672395
20273398 20880546
20273398 21339114
20273398 21383585
20273398 21678052
20273398 22679419
20273398 22841103
20273398 23645599
20273398 24585498
20273398 24742040
20273398 25082762
20273398 27677879
20273398 28202547
20273398 28755851
20273398 31808762
20273398 33191389
20273398 34356968
20273398 35569745
20273398 35894617
20273398 36311369
20273398 38514229
20273398 38517589
20273398 41172837
20273398 42361118
20273398 43662236
20273398 43898124
20273398 43920492
20273398 44121353
20273398 45509346
20273398 45862504
20273398 48370736
20273398 48485771
20273398 59414975
20273398 59804598
20273398 64488804
20273398 66791268
20273398 69679166
20273398 71383220
20273398 71438267
20273398 87764480
20273398 90964854
20273398 92357649
20273398 93905958
20273398 94414805
20273398 94454911
20273398 96747353
20273398 101633415
20273398 105310392
20273398 108989831
20273398 111210694
20273398 121258930
20273398 126042901
20273398 127569781
20273398 130202887
20273398 137577423
20273398 144040563
20273398 146320301
20273398 148148588
20273398 175181917
20273398 177564924
20273398 181668778
20273398 184637153
20273398 191548936
20273398 200212364
20273398 222640532
20273398 229141679
20273398 238289569
20273398 268479669
20273398 275608958
20273398 280725732
20273398 294198566
20273398 297472992
20273398 307642294
20273398 322641198
20273398 370952365
20273398 548679814
20274104 10350
20274104 15913
20274104 3359851
20274104 4068821
20274104 5443002
20274104 5906322
20274104 6608332
20274104 7377812
20274104 7860742
20274104 7861312
20274104 7872262
20274104 9451052
20274104 10824382
20274104 13687132
20274104 14269220
20274104 14446419
20274104 14691709
20274104 14922225
20274104 15222083
20274104 15234657
20274104 16513135
20274104 16651072
20274104 18581803
20274104 18712070
20274104 18791343
20274104 20205471
20274104 21339114
20274104 21637624
20274104 24585498
20274104 24942585
20274104 41172837
20274104 45862504
20274104 48370736
20274104 59414975
20274104 59804598
20274104 60968363
20274104 65913144
20274104 66791268
20274104 93905958
20274104 144040563
20274104 165580617
20274104 399404516
20315513 15913
20315513 7852172
20315513 7860742
20315513 16098603
20315513 17092862
20315513 18581803
20315513 19413393
20315513 22705686
20315513 25026165
20315513 25952851
20315513 28933226
20315513 28960709
20315513 34356968
20315513 36198161
20315513 47161442
20315513 48485771
20315513 86852135
20315513 94414805
20315513 116952434
20315513 127178017
20315513 144723989
20323999 15913
20323999 5442012
20323999 17586739
20323999 23140494
20323999 24942585
20323999 41937748
20323999 45509346
20323999 47495471
20323999 48485771
20323999 67818595
20323999 72156360
20323999 146155608
20323999 152435436
20323999 155976326
20323999 259074185
20323999 278062722
20323999 307642294
20323999 312604104
20323999 325106566
20323999 326659062
20323999 341840097
20323999 343042051
20323999 370952365
20323999 384388981
20323999 411273721
20327583 15913
20327583 1247691
20327583 3296721
20327583 3321441
20327583 3550301
20327583 3954801
20327583 4068821
20327583 4398351
20327583 5442012
20327583 6085372
20327583 6608332
20327583 7194892
20327583 7344392
20327583 8001572
20327583 8541492
20327583 9500062
20327583 12298182
20327583 13687132
20327583 14155052
20327583 14498622
20327583 14506809
20327583 15234657
20327583 15394673
20327583 15488968
20327583 15582769
20327583 16079941
20327583 16098603
20327583 16134428
20327583 17195943
20327583 48485771
20439140 15913
20439140 849131
20439140 11272122
20439140 14874480
20439140 15434432
20439140 15670515
20439140 15919138
20439140 16409781
20439140 16425197
20439140 16547411
20439140 24741685
20439140 59804598
20439140 74286565
20471349 11648692
20471349 14180231
20471349 15070932
20471349 15838599
20471349 16886225
20471349 17092592
20471349 17564647
20471349 17632072
20471349 17759701
20471349 18581803
20471349 19311729
20471349 22715267
20471349 23215572
20471349 24542441
20471349 25026165
20471349 26422087
20471349 26800967
20471349 28478859
20471349 28960709
20471349 31808762
20471349 34711597
20471349 36850842
20471349 40329238
20471349 41656802
20471349 42361118
20471349 43626328
20471349 47495471
20471349 48621884
20471349 48939443
20471349 64285972
20471349 67818595
20471349 72156360
20471349 84672379
20471349 87044829
20471349 93905958
20471349 97551846
20471349 103661402
20471349 105150583
20471349 105895378
20471349 111210694
20471349 115313263
20471349 121258930
20471349 127935456
20471349 130917777
20471349 146155608
20471349 146350964
20471349 160008685
20471349 165795009
20471349 181668778
20471349 183663839
20471349 186287415
20471349 188398607
20471349 207752295
20471349 210731960
20471349 211614808
20471349 234526497
20471349 238289569
20471349 238308325
20471349 240063501
20471349 245394117
20471349 248861233
20471349 250441643
20471349 250708662
20471349 252887163
20471349 253893287
20471349 258203336
20471349 262775327
20471349 275550472
20471349 275937498
20471349 277139373
20471349 277675909
20471349 281159810
20471349 284174632
20471349 288231953
20471349 296242468
20471349 297683673
20471349 298757008
20471349 303060652
20471349 308103112
20471349 309325161
20471349 309366491
20471349 310233571
20471349 322822476
20471349 325106566
20471349 326659062
20471349 337952973
20471349 339943969
20471349 341840097
20471349 344966590
20471349 356447837
20471349 362626342
20471349 381788237
20471349 387975746
20471349 422114084
20471349 422253889
20471349 446023451
20471349 450692479
20471349 529658284
20490915 15913
20490915 1045521
20490915 1065921
20490915 1072591
20490915 1134701
20490915 1183041
20490915 2034901
20490915 3062761
20490915 3253671
20490915 3359851
20490915 3443591
20490915 5650332
20490915 7078732
20490915 7159422
20490915 7860742
20490915 7861312
20490915 7872262
20490915 7925002
20490915 8001572
20490915 8470732
20490915 9451052
20490915 9500062
20490915 12127832
20490915 13894102
20490915 14269220
20490915 14411683
20490915 14500681
20490915 14506809
20490915 14517343
20490915 14681779
20490915 15154217
20490915 15428643
20490915 15520280
20490915 15555645
20490915 16079941
20490915 16097743
20490915 16224299
20490915 16507692
20490915 16660064
20490915 17409832
20490915 17759701
20490915 19370213
20490915 19622462
20490915 20880546
20490915 21195122
20490915 22335214
20490915 24081780
20490915 24641194
20490915 26256596
20490915 28037700
20490915 30023595
20490915 34771668
20490915 41226089
20490915 42361118
20490915 45416789
20490915 46241569
20490915 47161442
20490915 48485771
20490915 57986173
20490915 59414975
20490915 59804598
20490915 60968363
20490915 65913144
20490915 71383220
20490915 71606873
20490915 83506209
20490915 90942642
20490915 94414805
20490915 102903198
20490915 114115460
20490915 129279693
20490915 221198749
20490915 222640532
20490915 242024994
20490915 258218804
20490915 264925735
20495756 15913
20495756 1100661
20495756 1183041
20495756 3359851
20495756 6608332
20495756 8001572
20495756 9451052
20495756 9610142
20495756 12284582
20495756 13687132
20495756 14168488
20495756 15195755
20495756 15222083
20495756 15234657
20495756 15259010
20495756 15488968
20495756 15578992
20495756 15838599
20495756 15926497
20495756 16831715
20495756 16957273
20495756 18849313
20495756 18900668
20495756 18912434
20495756 28755851
20567578 15913
20567578 2260771
20567578 7565302
20567578 9451052
20567578 12121162
20567578 16265412
20567578 18176640
20567578 18345193
20567578 21358633
20567578 23645599
20567578 24585498
20567578 48485771
20567578 114115460
20567578 268479669
20601792 15913
20601792 1183041
20601792 7860742
20601792 9451052
20601792 13687132
20601792 14446419
20601792 14922225
20601792 15112961
20601792 20274104
20601792 21339114
20601792 59804598
20601792 115444551
20601792 399404516
20603058 15913
20603058 1065921
20603058 1100661
20603058 1476651
20603058 4068821
20603058 5442012
20603058 7377812
20603058 8001572
20603058 12127832
20603058 12681982
20603058 14155052
20603058 14179545
20603058 14180231
20603058 14453798
20603058 14506809
20603058 14575846
20603058 14691709
20603058 14692604
20603058 15717287
20603058 16626187
20603058 17092592
20603058 17214479
20603058 18715024
20603058 19413393
20603058 19414296
20603058 21195122
20603058 22841103
20603058 24585498
20603058 24742040
20603058 25026165
20603058 45784061
20603058 71862367
20603058 87764480
20603058 92357649
20603058 93905958
20624600 15913
20624600 1249431
20624600 3253671
20624600 3277381
20624600 3296721
20624600 3321441
20624600 3550301
20624600 4065921
20624600 5650332
20624600 6086752
20624600 6608332
20624600 6834572
20624600 7446452
20624600 8001572
20624600 8541492
20624600 9670952
20624600 11272122
20624600 11461102
20624600 14075794
20624600 14232363
20624600 14269220
20624600 14355610
20624600 14506809
20624600 14709855
20624600 14750463
20624600 16079941
20624600 16547411
20624600 16874875
20624600 17526132
20624600 18101470
20624600 18666844
20624600 19519349
20624600 19595287
20624600 20327583
20624600 22900797
20624600 27956824
20624600 30528575
20624600 31232850
20624600 65913144
20624600 71862367
20624600 117187783
20624600 282339563
20642115 15913
20642115 3443591
20642115 7861312
20642115 9460682
20642115 17140787
20642115 17409832
20642115 18900668
20642115 27956824
20642115 59804598
20659225 12223
20659225 15913
20659225 15488968
20659225 18519106
20659225 18755518
20659225 18892183
20659225 19759597
20880546 7846
20880546 15913
20880546 1712051
20880546 3096071
20880546 3359851
20880546 5442012
20880546 5452672
20880546 5906322
20880546 7377812
20880546 7565302
20880546 7852172
20880546 7860742
20880546 7861312
20880546 7872262
20880546 9275742
20880546 9451052
20880546 14038862
20880546 14416334
20880546 14424667
20880546 14589257
20880546 14691709
20880546 15112961
20880546 15154217
20880546 15575251
20880546 15853668
20880546 16079941
20880546 16098603
20880546 16265412
20880546 16438354
20880546 16626187
20880546 16660064
20880546 16799897
20880546 17552077
20880546 18776017
20880546 18900668
20880546 19049747
20880546 19162933
20880546 19414296
20880546 20019469
20880546 20065936
20880546 20273398
20880546 22679419
20880546 23140494
20880546 24004172
20880546 24585498
20880546 24641194
20880546 24742040
20880546 24942585
20880546 28719244
20880546 31037985
20880546 36198161
20880546 38724356
20880546 45862504
20880546 48485771
20880546 52934175
20880546 59804598
20880546 64488804
20880546 65913144
20880546 74286565
20880546 84043660
20880546 96869096
20880546 121258930
20880546 144040563
20880546 146155608
20880546 155976326
20880546 203261300
20880546 265732976
20880546 309366491
21075893 3359851
21075893 17564647
21075893 21913907
21075893 23215572
21075893 26800967
21075893 36836939
21075893 48939443
21075893 77806232
21075893 87044829
21075893 105895378
21075893 115313263
21075893 127935456
21075893 146350964
21075893 160008685
21075893 172161833
21075893 210731960
21075893 211614808
21075893 213032194
21075893 238308325
21075893 240063501
21075893 245394117
21075893 250441643
21075893 250708662
21075893 252887163
21075893 277139373
21075893 281159810
21075893 288231953
21075893 290097288
21075893 294198566
21075893 298757008
21075893 307206030
21075893 307642294
21075893 309325161
21075893 337952973
21075893 339943969
21075893 356447837
21075893 362626342
21075893 384621304
21075893 431983156
21075893 446023451
21075893 543373651
21075893 548539370
21195122 15913
21195122 729733
21195122 1045521
21195122 1065921
21195122 1072591
21195122 1134701
21195122 3062761
21195122 4068821
21195122 5650332
21195122 6080022
21195122 6478202
21195122 7157132
21195122 7377812
21195122 7852172
21195122 7860742
21195122 7861312
21195122 7872262
21195122 7925002
21195122 8005202
21195122 8470732
21195122 8541492
21195122 9500062
21195122 12127832
21195122 14180231
21195122 14270527
21195122 14416334
21195122 14424667
21195122 14498387
21195122 14515313
21195122 14536491
21195122 14589257
21195122 14609321
21195122 14688086
21195122 14691709
21195122 14922225
21195122 14935647
21195122 15555645
21195122 16098603
21195122 16453996
21195122 17526132
21195122 17552077
21195122 17722816
21195122 17759701
21195122 17794004
21195122 18021714
21195122 18068719
21195122 18176640
21195122 18581803
21195122 18666844
21195122 18776017
21195122 18859819
21195122 19370213
21195122 19519349
21195122 19622462
21195122 23404076
21195122 24004172
21195122 24081780
21195122 24641194
21195122 25026165
21195122 25952851
21195122 26256596
21195122 28037700
21195122 28933226
21195122 35569745
21195122 36198161
21195122 36993162
21195122 42361118
21195122 45416789
21195122 47161442
21195122 48370736
21195122 48485771
21195122 55655811
21195122 57986173
21195122 59804598
21195122 60968363
21195122 64285972
21195122 65913144
21195122 66791268
21195122 71383220
21195122 71606873
21195122 84043660
21195122 85215038
21195122 85388628
21195122 94454911
21195122 101633415
21195122 115444551
21195122 116952434
21195122 117187783
21195122 121258930
21195122 129279693
21195122 187744415
21195122 217932743
21195122 235216483
21195122 235818781
21195122 242024994
21195122 275608958
21239763 15913
21239763 65673
21239763 2260771
21239763 3359851
21239763 9451052
21239763 12121162
21239763 18849313
21239763 20274104
21239763 34068984
21239763 63787760
21239763 64285972
21239763 93905958
21239763 152065057
21239763 154708725
21239763 290097288
21239763 294198566
21324258 15913
21324258 7861312
21339114 15913
21339114 1183041
21339114 5906322
21339114 7157132
21339114 7861312
21339114 13687132
21339114 24585498
21339114 24742040
21339114 94454911
21342557 15913
21342557 3443591
21342557 18666844
21342557 19563357
21342557 85343184
21342557 93905958
21358633 15913
21358633 2260771
21358633 12121162
21358633 15839551
21358633 16265412
21358633 20567578
21358633 24585498
21358633 114115460
21358633 268479669
21369192 15913
21369192 1065921
21369192 1072591
21369192 3443591
21369192 5442012
21369192 7860742
21369192 9500062
21369192 14179545
21369192 14269220
21369192 14339261
21369192 14573745
21369192 17526132
21369192 18176640
21369192 18345193
21369192 18581803
21369192 18666844
21369192 18776017
21369192 21195122
21369192 24081780
21369192 24742040
21369192 25026165
21369192 28933226
21369192 34068984
21369192 45862504
21369192 48485771
21369192 59414975
21369192 59804598
21369192 64285972
21369192 75165115
21369192 85343184
21369192 146155608
21369192 191548936
21369192 254457417
21369192 299442187
21383585 15913
21383585 76133
21383585 7861312
21383585 13687132
21383585 14155052
21383585 15234657
21383585 15447248
21383585 16513135
21383585 17195943
21383585 18666844
21383585 19550535
21383585 19732725
21383585 20273398
21383585 177564924
21430043 15913
21430043 1045521
21430043 1247691
21430043 1712051
21430043 3253671
21430043 3321441
21430043 3359851
21430043 5442012
21430043 5443002
21430043 6086752
21430043 7159422
21430043 7194892
21430043 8001572
21430043 9451052
21430043 12681982
21430043 13356642
21430043 13894102
21430043 14155052
21430043 14168488
21430043 14269220
21430043 14355610
21430043 14709855
21430043 14750463
21430043 14922225
21430043 15488968
21430043 16079941
21430043 16134428
21430043 16660064
21430043 17140787
21430043 17526132
21430043 18285245
21430043 18666844
21430043 18890465
21430043 19595287
21430043 19732725
21430043 19774817
21430043 20327583
21430043 22831657
21430043 24742040
21430043 59804598
21430043 144040563
21430043 151223147
21504535 17564647
21504535 20471349
21504535 23215572
21504535 24125323
21504535 26176694
21504535 26800967
21504535 30267128
21504535 40329238
21504535 59804598
21504535 74325773
21504535 87044829
21504535 115313263
21504535 127935456
21504535 160008685
21504535 172161833
21504535 186745799
21504535 211614808
21504535 247031120
21504535 250708662
21504535 253893287
21504535 275550472
21504535 287411130
21504535 307642294
21504535 309325161
21504535 325106566
21504535 339943969
21504535 356447837
21504535 382360772
21504535 384621304
21504535 385621090
21504535 431983156
21504535 491431687
21504535 498542846
21504535 543373651
21504535 560929638
21517874 15913
21517874 7860742
21517874 7861312
21517874 9451052
21517874 12284582
21517874 14155052
21517874 14575846
21517874 17140787
21517874 18666844
21517874 18946688
21517874 19069709
21517874 21339114
21517874 52934175
21517874 59804598
21517874 60642921
21517874 87620061
21517874 96869096
21517874 128968339
21636840 15913
21636840 2024911
21637624 12223
21637624 15913
21637624 3359851
21637624 5443002
21637624 5906322
21637624 7157132
21637624 7860742
21637624 7861312
21637624 9451052
21637624 10824382
21637624 12298182
21637624 13185852
21637624 13687132
21637624 14038862
21637624 14155052
21637624 14269093
21637624 14269220
21637624 14453798
21637624 14589257
21637624 14688086
21637624 14709855
21637624 14922225
21637624 15154217
21637624 15234657
21637624 15447248
21637624 15575251
21637624 15638249
21637624 15670515
21637624 15739966
21637624 15838599
21637624 17053354
21637624 17092592
21637624 17526132
21637624 18715024
21637624 18811254
21637624 18849313
21637624 18849368
21637624 18955305
21637624 19413393
21637624 19550535
21637624 21430043
21637624 22679419
21637624 24742040
21637624 48370736
21637624 48485771
21637624 59804598
21637624 64488804
21637624 90964854
21678052 7846
21678052 15913
21678052 65673
21678052 3359851
21678052 7860742
21678052 12121162
21678052 14498387
21678052 16098603
21678052 16955141
21678052 17663756
21678052 18776017
21678052 19413393
21678052 22679419
21678052 22715267
21678052 24004172
21678052 24560836
21678052 24742040
21678052 31524543
21678052 34068984
21678052 36198161
21678052 48485771
21678052 59804598
21678052 64285972
21678052 65913144
21678052 87764480
21678052 111164068
21678052 116952434
21678052 126444583
21678052 132253772
21678052 152065057
21678052 184637153
21678052 187744415
21678052 191548936
21678052 204089551
21678052 238289569
21678052 250831586
21678052 290097288
21678052 294198566
21678052 309366491
21686566 15913
21686566 3359851
21686566 8146732
21686566 9451052
21686566 10781842
21686566 14691709
21686566 14692604
21686566 15234657
21686566 16127088
21686566 16640481
21686566 16886225
21686566 17179687
21686566 17214479
21686566 17702627
21686566 18783763
21686566 18836167
21686566 19010126
21686566 19120785
21686566 19413393
21686566 22841103
21686566 23645599
21686566 24742040
21686566 30587085
21686566 31216266
21686566 32547856
21686566 48485771
21686566 59414975
21686566 59804598
21686566 87764480
21686566 91480304
21686566 92357649
21686566 309366491
21913907 3359851
21913907 15070932
21913907 17564647
21913907 19311729
21913907 21075893
21913907 34068984
21913907 48939443
21913907 77806232
21913907 87044829
21913907 105895378
21913907 115313263
21913907 160008685
21913907 172161833
21913907 187744415
21913907 211614808
21913907 213032194
21913907 238308325
21913907 245394117
21913907 250441643
21913907 250708662
21913907 252887163
21913907 262775327
21913907 277675909
21913907 294198566
21913907 307642294
21913907 309325161
21913907 322822476
21913907 325106566
21913907 339943969
21913907 431983156
21913907 543373651
21993653 12223
21993653 15913
21993653 3443591
21993653 7157132
21993653 7565302
21993653 9095652
21993653 13185852
21993653 13687132
21993653 14038862
21993653 14155052
21993653 14269220
21993653 14453798
21993653 15837367
21993653 17552077
21993653 18581803
21993653 18776017
21993653 19413393
21993653 19414296
21993653 20273398
21993653 22679419
21993653 26173611
21993653 41172837
21993653 42943177
21993653 160839015
22273748 15913
22273748 3096071
22273748 5442012
22273748 7702232
22273748 14922225
22273748 15234657
22273748 15853668
22273748 17632072
22273748 18776017
22273748 20880546
22273748 22705686
22273748 24004172
22273748 24641194
22273748 24942585
22273748 25026165
22273748 25827166
22273748 25952851
22273748 26000424
22273748 28719244
22273748 31524543
22273748 37444945
22273748 48485771
22273748 86852135
22273748 94414805
22273748 116952434
22273748 131350078
22273748 144040563
22273748 146320301
22273748 151711230
22273748 155976326
22273748 184637153
22273748 238289569
22273748 265732976
22273748 270076706
22273748 282733465
22273748 309366491
22273748 365904984
22273748 394475305
22335214 15913
22335214 1045521
22335214 1072591
22335214 1134701
22335214 3062761
22335214 7860742
22335214 7872262
22335214 7875762
22335214 7925002
22335214 8470732
22335214 14269220
22335214 14411683
22335214 14500681
22335214 14517343
22335214 14922225
22335214 15555645
22335214 16097743
22335214 16098603
22335214 16246524
22335214 16549423
22335214 17759701
22335214 19370213
22335214 24641194
22335214 45416789
22335214 47161442
22335214 57986173
22335214 60968363
22335214 65913144
22335214 353216771
22679419 7846
22679419 13348
22679419 1065921
22679419 1072591
22679419 1134701
22679419 1317671
22679419 3321441
22679419 3359851
22679419 3733331
22679419 4068821
22679419 4812381
22679419 5413042
22679419 5442012
22679419 5443002
22679419 5906322
22679419 6080022
22679419 6240732
22679419 6608332
22679419 7377812
22679419 7434902
22679419 7565302
22679419 7852172
22679419 7860742
22679419 7861622
22679419 7872262
22679419 7925002
22679419 8001572
22679419 8470732
22679419 9275742
22679419 9451052
22679419 10824382
22679419 12121162
22679419 12127832
22679419 12681982
22679419 13185852
22679419 13434622
22679419 14038862
22679419 14137885
22679419 14155052
22679419 14179545
22679419 14232363
22679419 14269220
22679419 14270527
22679419 14416334
22679419 14444530
22679419 14446419
22679419 14448205
22679419 14471778
22679419 14498387
22679419 14506809
22679419 14517343
22679419 14536491
22679419 14559570
22679419 14573745
22679419 14575846
22679419 14589257
22679419 14609321
22679419 14691709
22679419 14922225
22679419 14935647
22679419 14999606
22679419 15234657
22679419 15259010
22679419 15434432
22679419 15447248
22679419 15575251
22679419 15578992
22679419 15653423
22679419 15846407
22679419 15853668
22679419 16098603
22679419 16127088
22679419 16335197
22679419 16364644
22679419 16513135
22679419 16626187
22679419 16640481
22679419 16957273
22679419 17031260
22679419 17076095
22679419 17092592
22679419 17195943
22679419 17409832
22679419 17526132
22679419 17552077
22679419 17632072
22679419 17722816
22679419 17759701
22679419 17794004
22679419 17857716
22679419 18176640
22679419 18257270
22679419 18445879
22679419 18666844
22679419 18755518
22679419 18776017
22679419 18791343
22679419 18799041
22679419 18849313
22679419 18859819
22679419 18900668
22679419 18941809
22679419 19069709
22679419 19088451
22679419 19120785
22679419 19370213
22679419 19413393
22679419 19414296
22679419 19519349
22679419 19525652
22679419 19550535
22679419 19603370
22679419 19673424
22679419 19720019
22679419 19732725
22679419 20273398
22679419 20327583
22679419 20880546
22679419 21195122
22679419 21339114
22679419 21383585
22679419 21517874
22679419 22841103
22679419 24636976
22679419 24742040
22679419 24942585
22679419 25566593
22679419 26256596
22679419 26444473
22679419 28192145
22679419 28281437
22679419 28719244
22679419 28933226
22679419 28960709
22679419 31037985
22679419 33191389
22679419 34455805
22679419 38514229
22679419 38517589
22679419 38542252
22679419 38724356
22679419 42943177
22679419 43626328
22679419 45705189
22679419 45862504
22679419 48370736
22679419 48485771
22679419 59804598
22679419 60968363
22679419 61853583
22679419 64285972
22679419 64488804
22679419 65913144
22679419 66791268
22679419 71383220
22679419 73077189
22679419 73930990
22679419 81229871
22679419 83506209
22679419 90964854
22679419 92357649
22679419 93905958
22679419 94414805
22679419 94441197
22679419 105310392
22679419 111210694
22679419 115444551
22679419 117187783
22679419 123004655
22679419 126042901
22679419 144040563
22679419 146155608
22679419 148148588
22679419 184637153
22679419 196710000
22679419 203261300
22679419 207752295
22679419 229141679
22679419 235216483
22679419 254457417
22679419 307642294
22679419 322641198
22705686 15913
22705686 2609891
22705686 3359851
22705686 5442012
22705686 6608332
22705686 7194892
22705686 7702232
22705686 7861312
22705686 7872262
22705686 8146732
22705686 9451052
22705686 12127832
22705686 14180231
22705686 15154217
22705686 15222083
22705686 15838599
22705686 15853668
22705686 16098603
22705686 17663756
22705686 18021714
22705686 18581803
22705686 18776017
22705686 20315513
22705686 22273748
22705686 22715267
22705686 24081780
22705686 24942585
22705686 25026165
22705686 25569713
22705686 25827166
22705686 25952851
22705686 26000424
22705686 26250517
22705686 28302257
22705686 28719244
22705686 28933226
22705686 28960709
22705686 34068984
22705686 34356968
22705686 34771668
22705686 36198161
22705686 37444945
22705686 38685348
22705686 48485771
22705686 58497291
22705686 59414975
22705686 61853583
22705686 64488804
22705686 83506209
22705686 86852135
22705686 87764480
22705686 94414805
22705686 116952434
22705686 127178017
22705686 128302994
22705686 131350078
22705686 144040563
22705686 144723989
22705686 146155608
22705686 151711230
22705686 184637153
22705686 196710000
22705686 238289569
22705686 250831586
22705686 265732976
22705686 290097288
22705686 294198566
22705686 297472992
22705686 309366491
22705686 342279134
22705686 365904984
22715267 15913
22715267 65673
22715267 3359851
22715267 16098603
22715267 16955141
22715267 21678052
22715267 22705686
22715267 24560836
22715267 25026165
22715267 31524543
22715267 34068984
22715267 36198161
22715267 111164068
22715267 116952434
22715267 126444583
22715267 132253772
22715267 184637153
22715267 187744415
22715267 204089551
22715267 238289569
22715267 275937498
22715267 309366491
22831657 15913
22831657 1045521
22831657 3096071
22831657 3359851
22831657 3442781
22831657 3443591
22831657 5443002
22831657 5452672
22831657 6086752
22831657 7159422
22831657 7860742
22831657 7861312
22831657 8001572
22831657 8541492
22831657 11461102
22831657 12121162
22831657 13894102
22831657 14232363
22831657 14269220
22831657 14355610
22831657 14709855
22831657 15154217
22831657 16098603
22831657 16425197
22831657 17140787
22831657 17526132
22831657 18285245
22831657 18666844
22831657 19732725
22831657 19774817
22831657 21430043
22831657 24942585
22831657 27956824
22831657 34068984
22831657 48485771
22831657 59804598
22831657 93905958
22831657 144040563
22831657 146155608
22831657 154708725
22841103 10350
22841103 12223
22841103 15913
22841103 1183041
22841103 1317671
22841103 1702611
22841103 2735591
22841103 3096071
22841103 3359851
22841103 3443591
22841103 3462421
22841103 5413042
22841103 5442012
22841103 5906322
22841103 6206612
22841103 6608332
22841103 7157132
22841103 7194892
22841103 7377812
22841103 7434902
22841103 7565302
22841103 7860742
22841103 7861312
22841103 7872262
22841103 8005202
22841103 8146732
22841103 9095652
22841103 9275742
22841103 9451052
22841103 12681982
22841103 13687132
22841103 13869742
22841103 14038862
22841103 14137885
22841103 14155052
22841103 14224219
22841103 14269220
22841103 14424667
22841103 14498622
22841103 14536491
22841103 14575846
22841103 14589257
22841103 14691709
22841103 14692604
22841103 14799177
22841103 14922225
22841103 14999606
22841103 15112961
22841103 15222083
22841103 15234657
22841103 15259010
22841103 15447248
22841103 15567576
22841103 15575251
22841103 15578992
22841103 15653423
22841103 15838599
22841103 15926497
22841103 16127088
22841103 16335197
22841103 16364644
22841103 16453996
22841103 16458937
22841103 16513135
22841103 16715096
22841103 16799897
22841103 17031260
22841103 17076095
22841103 17092592
22841103 17195943
22841103 17214479
22841103 17552077
22841103 17610785
22841103 17794004
22841103 18257270
22841103 18301663
22841103 18345193
22841103 18581803
22841103 18666844
22841103 18715024
22841103 18755518
22841103 18776017
22841103 18799041
22841103 18892183
22841103 18900668
22841103 18941809
22841103 19003121
22841103 19087813
22841103 19161407
22841103 19413393
22841103 19414296
22841103 19525652
22841103 19595287
22841103 19603370
22841103 20273398
22841103 20274104
22841103 21339114
22841103 21686566
22841103 22679419
22841103 23645599
22841103 24585498
22841103 24742040
22841103 24942585
22841103 27677879
22841103 28302257
22841103 31037985
22841103 31808762
22841103 32547856
22841103 33191389
22841103 34068984
22841103 34378922
22841103 34455805
22841103 34985744
22841103 36311369
22841103 36969785
22841103 38514229
22841103 38724356
22841103 41172837
22841103 42070873
22841103 42361118
22841103 42943177
22841103 45784061
22841103 45862504
22841103 48370736
22841103 48485771
22841103 59804598
22841103 64488804
22841103 69679166
22841103 71438267
22841103 73077189
22841103 81886393
22841103 87764480
22841103 88501703
22841103 90385486
22841103 90964854
22841103 92357649
22841103 93905958
22841103 94454911
22841103 97027664
22841103 105310392
22841103 121258930
22841103 141328659
22841103 144040563
22841103 146071420
22841103 146155608
22841103 151223147
22841103 250831586
22900797 15913
22900797 1045521
22900797 1247691
22900797 1937751
22900797 2589661
22900797 3042321
22900797 3062761
22900797 3253671
22900797 3277381
22900797 3296721
22900797 3321441
22900797 3359851
22900797 3443591
22900797 3550301
22900797 4065921
22900797 4398351
22900797 5650332
22900797 6085372
22900797 6086752
22900797 6834572
22900797 7446452
22900797 8001572
22900797 8541492
22900797 9413072
22900797 9670952
22900797 9719882
22900797 11461102
22900797 12298182
22900797 12494542
22900797 13894102
22900797 14075794
22900797 14232363
22900797 14269220
22900797 14355610
22900797 14444530
22900797 14559570
22900797 14921836
22900797 14922225
22900797 15394673
22900797 15520280
22900797 16660064
22900797 16834674
22900797 17016709
22900797 17140787
22900797 17526132
22900797 18101470
22900797 18285245
22900797 18666844
22900797 19595287
22900797 19732725
22900797 20624600
22900797 20642115
22900797 27956824
22900797 31232850
22900797 34771668
22900797 59414975
22900797 59804598
22900797 71862367
22900797 126048747
22900797 174541760
22970486 15913
22970486 1045521
22970486 1183041
22970486 3202891
22970486 3443591
22970486 7861312
22970486 11272122
22970486 14114985
22970486 14269220
22970486 14414761
22970486 14750463
22970486 15844409
22970486 16079941
22970486 16425197
22970486 16660064
22970486 17140787
22970486 17526132
22970486 18666844
22970486 19774817
22970486 33439720
22970486 55338862
22970486 90672134
22970486 124944912
22970486 126536128
23140494 15913
23140494 1712051
23140494 3096071
23140494 5442012
23140494 5452672
23140494 9451052
23140494 14750463
23140494 15112961
23140494 15575251
23140494 16246524
23140494 16438354
23140494 17028313
23140494 20019469
23140494 24742040
23140494 24942585
23140494 38724356
23140494 48485771
23140494 61853583
23140494 84043660
23140494 144040563
23140494 146071420
23140494 146155608
23140494 155976326
23215572 11648692
23215572 14180231
23215572 15070932
23215572 17564647
23215572 19311729
23215572 20471349
23215572 21075893
23215572 21504535
23215572 24125323
23215572 26176694
23215572 26800967
23215572 28478859
23215572 29785987
23215572 30267128
23215572 36850842
23215572 40329238
23215572 47495471
23215572 49781679
23215572 58245520
23215572 67818595
23215572 74325773
23215572 79056710
23215572 87044829
23215572 105150583
23215572 105895378
23215572 115313263
23215572 127935456
23215572 130917777
23215572 160008685
23215572 172161833
23215572 186745799
23215572 210731960
23215572 211614808
23215572 221636679
23215572 238308325
23215572 240063501
23215572 245394117
23215572 248861233
23215572 250708662
23215572 252887163
23215572 253893287
23215572 258203336
23215572 262775327
23215572 277139373
23215572 281159810
23215572 284174632
23215572 287411130
23215572 288231953
23215572 296242468
23215572 297683673
23215572 298757008
23215572 307642294
23215572 308103112
23215572 309064372
23215572 309325161
23215572 310233571
23215572 322822476
23215572 325106566
23215572 337952973
23215572 339943969
23215572 341603426
23215572 356447837
23215572 362626342
23215572 381296177
23215572 384388981
23215572 384621304
23215572 385621090
23215572 417927586
23215572 422253889
23215572 431983156
23215572 446023451
23215572 448774841
23215572 467903803
23215572 491431687
23215572 498542846
23215572 543373651
23215572 548539370
23215572 548631386
23215572 560929638
23235056 15913
23235056 3359851
23235056 7860742
23235056 7861312
23235056 9275742
23235056 15447248
23235056 18776017
23235056 20108560
23235056 24742040
23404076 15913
23404076 1065921
23404076 3359851
23404076 3443591
23404076 4068821
23404076 6080022
23404076 6478202
23404076 7157132
23404076 7860742
23404076 8541492
23404076 12127832
23404076 12771872
23404076 13687132
23404076 14179545
23404076 14180231
23404076 14269220
23404076 14453798
23404076 14536491
23404076 14575846
23404076 14589257
23404076 14688086
23404076 14935647
23404076 15234657
23404076 16626187
23404076 17092592
23404076 17722816
23404076 17759701
23404076 18176640
23404076 18581803
23404076 18666844
23404076 18715024
23404076 18776017
23404076 19413393
23404076 19414296
23404076 19519349
23404076 21195122
23404076 22679419
23404076 24585498
23404076 24742040
23404076 25952851
23404076 36198161
23404076 45784061
23404076 48485771
23404076 59414975
23404076 59804598
23404076 84043660
23404076 87764480
23404076 90964854
23404076 93905958
23404076 94454911
23404076 116952434
23404076 117187783
23404076 144040563
23404076 144723989
23404076 291468308
23457239 15913
23457239 1712051
23457239 5442012
23457239 15112961
23457239 15575251
23457239 15653423
23457239 17632072
23457239 20019469
23457239 20880546
23457239 23140494
23457239 24942585
23457239 25026165
23457239 25827166
23457239 41937748
23457239 45509346
23457239 48485771
23457239 48621884
23457239 59804598
23457239 61853583
23457239 67818595
23457239 72156360
23457239 84043660
23457239 117541123
23457239 121258930
23457239 131350078
23457239 144040563
23457239 146155608
23457239 155976326
23457239 196710000
23457239 259074185
23457239 299442187
23457239 306445007
23457239 308103112
23457239 365904984
23457239 370952365
23645599 12223
23645599 15913
23645599 3359851
23645599 9451052
23645599 13356642
23645599 13687132
23645599 14155052
23645599 14453798
23645599 14799177
23645599 15222083
23645599 15234657
23645599 15447248
23645599 15575251
23645599 15578992
23645599 15591032
23645599 15681129
23645599 15838599
23645599 16127088
23645599 16265412
23645599 17552077
23645599 18715024
23645599 19161407
23645599 19414296
23645599 22679419
23645599 22841103
23645599 33191389
23645599 45862504
23645599 48485771
23645599 90964854
23645599 121258930
24004172 15913
24004172 1065921
24004172 1134701
24004172 1183041
24004172 3359851
24004172 3443591
24004172 5442012
24004172 5650332
24004172 6547952
24004172 7194892
24004172 7377812
24004172 7702232
24004172 7860742
24004172 7861312
24004172 7872262
24004172 7875762
24004172 7925002
24004172 8001572
24004172 8470732
24004172 8541492
24004172 9835242
24004172 12681982
24004172 14179545
24004172 14180231
24004172 14269220
24004172 14416334
24004172 14471778
24004172 14498387
24004172 14500681
24004172 14506809
24004172 14515313
24004172 14573745
24004172 14589257
24004172 14609321
24004172 14688086
24004172 14692604
24004172 14935647
24004172 14994418
24004172 15112961
24004172 15488968
24004172 15575251
24004172 16079941
24004172 16097743
24004172 16098603
24004172 16134428
24004172 16265412
24004172 16453996
24004172 16660064
24004172 16799897
24004172 17728340
24004172 18021714
24004172 18301663
24004172 18628082
24004172 18666844
24004172 18776017
24004172 19370213
24004172 19774817
24004172 20880546
24004172 21195122
24004172 21678052
24004172 22679419
24004172 23235056
24004172 24081780
24004172 24560836
24004172 24641194
24004172 25026165
24004172 28719244
24004172 28933226
24004172 34068984
24004172 36993162
24004172 38542252
24004172 42361118
24004172 45416789
24004172 47161442
24004172 48485771
24004172 53459595
24004172 57986173
24004172 60968363
24004172 64488804
24004172 65913144
24004172 66791268
24004172 71268322
24004172 71383220
24004172 71606873
24004172 84043660
24004172 87764480
24004172 88501703
24004172 93905958
24004172 101633415
24004172 105310392
24004172 113025559
24004172 127178017
24004172 129279693
24004172 144040563
24004172 154708725
24004172 200212364
24004172 217932743
24004172 235216483
24004172 242024994
24081780 12223
24081780 15913
24081780 1045521
24081780 1065921
24081780 1072591
24081780 1134701
24081780 3062761
24081780 3299561
24081780 3359851
24081780 3443591
24081780 4068821
24081780 5442012
24081780 5443002
24081780 5650332
24081780 6080022
24081780 7157132
24081780 7194892
24081780 7565302
24081780 7702232
24081780 7852172
24081780 7860742
24081780 7861312
24081780 7861622
24081780 7872262
24081780 7875762
24081780 7875912
24081780 7925002
24081780 8005202
24081780 8470732
24081780 8541492
24081780 9451052
24081780 9500062
24081780 9835242
24081780 10824382
24081780 12127832
24081780 13687132
24081780 13894102
24081780 14038862
24081780 14155052
24081780 14180231
24081780 14270527
24081780 14416334
24081780 14453798
24081780 14471778
24081780 14498387
24081780 14500681
24081780 14506809
24081780 14515313
24081780 14517343
24081780 14536491
24081780 14609321
24081780 14629510
24081780 14681779
24081780 14688086
24081780 14922225
24081780 15222083
24081780 15234657
24081780 15555645
24081780 15575251
24081780 15578992
24081780 15707278
24081780 15734515
24081780 15739966
24081780 15838599
24081780 15853668
24081780 16097743
24081780 16098603
24081780 16453996
24081780 16507692
24081780 16513135
24081780 16660064
24081780 17092592
24081780 17552077
24081780 17759701
24081780 17794004
24081780 18021714
24081780 18068719
24081780 18581803
24081780 18666844
24081780 18712070
24081780 18776017
24081780 18859819
24081780 18941809
24081780 19193475
24081780 19370213
24081780 19413393
24081780 19622462
24081780 19732725
24081780 20273398
24081780 20274104
24081780 20490915
24081780 20880546
24081780 21195122
24081780 21369192
24081780 22335214
24081780 22679419
24081780 22705686
24081780 24004172
24081780 24585498
24081780 24641194
24081780 24742040
24081780 25026165
24081780 25952851
24081780 26173611
24081780 26256596
24081780 28302257
24081780 28719244
24081780 28933226
24081780 28960709
24081780 33191389
24081780 34068984
24081780 34360475
24081780 34378922
24081780 36198161
24081780 36993162
24081780 40753289
24081780 42361118
24081780 45416789
24081780 45862504
24081780 46147323
24081780 46241569
24081780 47161442
24081780 48370736
24081780 48485771
24081780 55655811
24081780 57986173
24081780 59414975
24081780 59804598
24081780 60968363
24081780 64488804
24081780 65913144
24081780 66791268
24081780 71268322
24081780 71383220
24081780 71606873
24081780 84043660
24081780 85388628
24081780 87764480
24081780 90964854
24081780 93905958
24081780 97551846
24081780 113025559
24081780 115444551
24081780 115717640
24081780 121258930
24081780 129279693
24081780 146155608
24081780 188035912
24081780 217932743
24081780 223247584
24081780 235216483
24081780 235818781
24081780 242024994
24081780 258218804
24081780 275608958
24081780 286118150
24125323 15070932
24125323 17564647
24125323 19311729
24125323 21504535
24125323 23215572
24125323 26176694
24125323 26800967
24125323 30267128
24125323 40329238
24125323 49781679
24125323 58245520
24125323 74325773
24125323 84672379
24125323 87044829
24125323 105895378
24125323 115313263
24125323 121472925
24125323 127935456
24125323 130917777
24125323 146350964
24125323 160008685
24125323 165795009
24125323 172161833
24125323 186745799
24125323 210731960
24125323 211614808
24125323 238308325
24125323 240063501
24125323 247031120
24125323 250441643
24125323 250708662
24125323 252887163
24125323 253893287
24125323 275550472
24125323 277675909
24125323 281159810
24125323 287411130
24125323 297683673
24125323 307642294
24125323 309325161
24125323 322822476
24125323 325106566
24125323 339943969
24125323 345569115
24125323 356447837
24125323 381296177
24125323 382360772
24125323 384621304
24125323 385621090
24125323 431983156
24125323 491431687
24125323 498542846
24125323 543373651
24125323 548631386
24125323 560482964
24125323 560929638
24542441 15913
24542441 1838691
24542441 9117202
24542441 17564647
24542441 19311729
24542441 25952851
24542441 26250517
24542441 26422087
24542441 41656802
24542441 74275571
24542441 84672379
24542441 87044829
24542441 134979402
24542441 186287415
24542441 234526497
24542441 254457417
24542441 258203336
24542441 275550472
24542441 275937498
24542441 284174632
24542441 296242468
24542441 299442187
24542441 307642294
24542441 309064372
24542441 309325161
24542441 339943969
24542441 341603426
24542441 345569115
24542441 374949999
24542441 384621304
24542441 387566789
24542441 529658284
24560836 15913
24560836 1183041
24560836 7861312
24560836 9275742
24560836 16098603
24560836 18301663
24560836 158558510
24585498 12223
24585498 15913
24585498 1183041
24585498 3359851
24585498 7194892
24585498 7861312
24585498 9451052
24585498 12298182
24585498 13356642
24585498 14155052
24585498 14179545
24585498 14224219
24585498 14269220
24585498 14363438
24585498 14453798
24585498 14498622
24585498 14589257
24585498 14922225
24585498 15154217
24585498 15222083
24585498 15259010
24585498 15520280
24585498 15575251
24585498 15578992
24585498 15591032
24585498 16265412
24585498 16458937
24585498 16799897
24585498 17140787
24585498 17552077
24585498 18755518
24585498 19414296
24585498 19732725
24585498 19993335
24585498 20880546
24585498 21339114
24585498 21358633
24585498 22679419
24585498 22841103
24585498 24742040
24585498 33191389
24585498 45784061
24585498 48485771
24585498 53789489
24585498 59804598
24585498 64488804
24585498 87620061
24585498 144040563
24636976 15913
24636976 6240732
24636976 9451052
24636976 14269220
24636976 14691709
24636976 15222083
24636976 15839551
24636976 16957273
24636976 17092592
24636976 17214479
24636976 18715024
24636976 19414296
24636976 22841103
24636976 24585498
24641194 7846
24641194 10350
24641194 15913
24641194 1045521
24641194 1065921
24641194 1072591
24641194 1134701
24641194 3062761
24641194 3299561
24641194 3359851
24641194 3443591
24641194 4068821
24641194 5442012
24641194 5650332
24641194 6080022
24641194 7157132
24641194 7702232
24641194 7860742
24641194 7861312
24641194 7861622
24641194 7872262
24641194 7875762
24641194 7875912
24641194 8005202
24641194 8470732
24641194 8541492
24641194 9451052
24641194 9500062
24641194 9835242
24641194 12127832
24641194 13894102
24641194 14179545
24641194 14180231
24641194 14269220
24641194 14270527
24641194 14416334
24641194 14471778
24641194 14498387
24641194 14500681
24641194 14506809
24641194 14515313
24641194 14517343
24641194 14536491
24641194 14573745
24641194 14589257
24641194 14609321
24641194 14629510
24641194 14688086
24641194 14691709
24641194 14692604
24641194 14922225
24641194 14935647
24641194 15234657
24641194 15555645
24641194 15575251
24641194 15707278
24641194 15734515
24641194 15853668
24641194 16079941
24641194 16097743
24641194 16098603
24641194 16453996
24641194 16549423
24641194 16626187
24641194 16660064
24641194 17092592
24641194 17526132
24641194 17552077
24641194 17663756
24641194 17759701
24641194 18021714
24641194 18068719
24641194 18581803
24641194 18666844
24641194 18712070
24641194 18776017
24641194 19193475
24641194 19370213
24641194 19413393
24641194 20274104
24641194 20490915
24641194 20880546
24641194 21195122
24641194 22273748
24641194 22335214
24641194 22679419
24641194 22705686
24641194 24004172
24641194 24081780
24641194 24742040
24641194 24942585
24641194 25026165
24641194 25827166
24641194 25952851
24641194 26256596
24641194 28302257
24641194 28719244
24641194 28933226
24641194 31037985
24641194 34068984
24641194 34360475
24641194 35569745
24641194 36198161
24641194 36993162
24641194 38542252
24641194 38685348
24641194 41172837
24641194 42361118
24641194 45416789
24641194 45862504
24641194 46147323
24641194 47161442
24641194 48370736
24641194 48485771
24641194 57986173
24641194 59414975
24641194 59804598
24641194 60968363
24641194 63787760
24641194 65913144
24641194 66791268
24641194 71268322
24641194 71383220
24641194 71606873
24641194 84043660
24641194 85215038
24641194 85343184
24641194 85388628
24641194 87764480
24641194 90964854
24641194 92357649
24641194 93905958
24641194 101633415
24641194 105310392
24641194 113025559
24641194 115444551
24641194 116952434
24641194 117187783
24641194 121258930
24641194 126444583
24641194 127178017
24641194 129279693
24641194 131350078
24641194 144040563
24641194 146155608
24641194 146350964
24641194 148148588
24641194 187744415
24641194 188035912
24641194 196710000
24641194 204089551
24641194 217932743
24641194 235216483
24641194 235818781
24641194 242024994
24641194 254457417
24641194 258218804
24641194 265732976
24641194 275608958
24641194 294198566
24641194 309366491
24641194 399404516
24724740 13348
24724740 15913
24724740 13324892
24724740 14575846
24724740 18715024
24741685 13348
24741685 15913
24741685 229523
24741685 253973
24741685 755165
24741685 1455911
24741685 2735591
24741685 5676102
24741685 9460682
24741685 14091509
24741685 14874480
24741685 15434432
24741685 15670515
24741685 15919138
24741685 16095572
24741685 16120265
24741685 16409781
24741685 16425197
24741685 16547411
24741685 16930986
24741685 17000457
24741685 17034634
24741685 19595287
24741685 24742040
24741685 49465463
24741685 55338862
24741685 74286565
24741685 91396874
24741685 164859947
24742040 13348
24742040 15913
24742040 3296721
24742040 3359851
24742040 3954801
24742040 4068821
24742040 5443002
24742040 5906322
24742040 7860742
24742040 8541492
24742040 9451052
24742040 11911082
24742040 12127832
24742040 14269220
24742040 14416334
24742040 14691709
24742040 14874480
24742040 14922225
24742040 15447248
24742040 15520280
24742040 15670515
24742040 16038438
24742040 16358416
24742040 16409781
24742040 17526132
24742040 18176640
24742040 18581803
24742040 18776017
24742040 18859819
24742040 18955305
24742040 19162933
24742040 19300461
24742040 19595287
24742040 21430043
24742040 22679419
24742040 23404076
24742040 24081780
24742040 24641194
24742040 30680870
24742040 34378922
24742040 38542252
24742040 48621884
24742040 55338862
24742040 59414975
24742040 59804598
24742040 74286565
24742040 93905958
24742040 94454911
24742040 116952434
24742040 123004655
24742040 146155608
24742040 198876913
24742040 290097288
24742040 343042051
24742040 411273721
24742040 422253889
24742040 548539370
24785621 15913
24785621 3253671
24785621 12298182
24785621 14155052
24785621 14269220
24785621 15430929
24785621 16831715
24785621 17140787
24785621 18666844
24785621 18755518
24785621 21339114
24785621 43880993
24911468 15913
24911468 2549701
24911468 2593511
24911468 2911091
24911468 3242491
24911468 3296721
24911468 5442012
24911468 6086752
24911468 7159422
24911468 7626162
24911468 8001572
24911468 8054392
24911468 11272122
24911468 14709855
24911468 18666844
24911468 19732725
24911468 20642115
24911468 27956824
24911468 55338862
24911468 59804598
24942585 15913
24942585 1712051
24942585 3096071
24942585 3359851
24942585 5442012
24942585 5445442
24942585 5452672
24942585 5906322
24942585 7157132
24942585 7860742
24942585 7861312
24942585 8001572
24942585 9275742
24942585 9451052
24942585 13687132
24942585 14038862
24942585 14155052
24942585 14269220
24942585 14270527
24942585 14424667
24942585 15112961
24942585 15575251
24942585 15653423
24942585 15853668
24942585 17028313
24942585 17526132
24942585 17552077
24942585 18666844
24942585 18701960
24942585 19162933
24942585 19413393
24942585 19603370
24942585 20019469
24942585 20274104
24942585 20323999
24942585 20880546
24942585 22679419
24942585 22705686
24942585 22831657
24942585 22841103
24942585 23140494
24942585 24585498
24942585 25538903
24942585 26000424
24942585 28281437
24942585 28719244
24942585 28933226
24942585 30680870
24942585 31037985
24942585 36198161
24942585 37444945
24942585 38724356
24942585 45705189
24942585 47495471
24942585 48485771
24942585 53685618
24942585 59414975
24942585 59804598
24942585 75914648
24942585 84043660
24942585 84052794
24942585 86852135
24942585 117541123
24942585 121258930
24942585 128968339
24942585 144040563
24942585 146071420
24942585 146155608
24942585 146320301
24942585 152435436
24942585 155976326
24942585 198876913
24942585 200212364
24942585 203261300
24942585 316264827
24942585 325106566
24942585 326659062
24942585 347508389
24942585 362626342
24942585 566753653
25026165 15913
25026165 1065921
25026165 1072591
25026165 7157132
25026165 7377812
25026165 7702232
25026165 7852172
25026165 7860742
25026165 7861312
25026165 7872262
25026165 9500062
25026165 14180231
25026165 14498387
25026165 14691709
25026165 14692604
25026165 15112961
25026165 15234657
25026165 15853668
25026165 16098603
25026165 16507692
25026165 16626187
25026165 18232304
25026165 18776017
25026165 20315513
25026165 20880546
25026165 21195122
25026165 22273748
25026165 22705686
25026165 24004172
25026165 24641194
25026165 25827166
25026165 25952851
25026165 28719244
25026165 28960709
25026165 31037985
25026165 31524543
25026165 36198161
25026165 42361118
25026165 45416789
25026165 47161442
25026165 48485771
25026165 48621884
25026165 58497291
25026165 59804598
25026165 61853583
25026165 71862367
25026165 84043660
25026165 86852135
25026165 87764480
25026165 101633415
25026165 113025559
25026165 116952434
25026165 117187783
25026165 121258930
25026165 127178017
25026165 131350078
25026165 144040563
25026165 146155608
25026165 151711230
25026165 184637153
25026165 187744415
25026165 198876913
25026165 238289569
25026165 265732976
25026165 309366491
25026165 365904984
25026165 416718047
25082762 15913
25082762 2024911
25082762 7194892
25082762 7852172
25082762 14922225
25082762 15222083
25082762 15234657
25082762 15578992
25082762 15838599
25082762 16127088
25082762 16513135
25082762 17092592
25082762 18900668
25082762 19003121
25082762 20273398
25082762 20274104
25082762 22841103
25082762 23645599
25082762 24742040
25082762 45862504
25082762 48485771
25082762 90964854
25082762 121258930
25538903 15913
25538903 3096071
25538903 15112961
25538903 19162933
25538903 20019469
25538903 24585498
25538903 24942585
25538903 31037985
25538903 48485771
25538903 144040563
25538903 146071420
25538903 146155608
25538903 155976326
25538903 179524189
25538903 203261300
25538903 293854513
25566593 15913
25566593 1045521
25566593 1183041
25566593 7702232
25566593 7861312
25566593 12298182
25566593 14180231
25566593 14269220
25566593 14471778
25566593 15582769
25566593 16098603
25566593 17140787
25566593 18581803
25566593 18628082
25566593 18666844
25566593 18890465
25566593 19732725
25566593 19993335
25566593 22831657
25566593 24585498
25566593 33191389
25566593 47161442
25566593 52934175
25566593 60642921
25566593 65913144
25566593 93905958
25566593 94454911
25566593 96869096
25566593 127178017
25566593 175181917
25566593 214618570
25569713 15913
25569713 2609891
25569713 3359851
25569713 7702232
25569713 15853668
25569713 18776017
25569713 22705686
25569713 25952851
25569713 26000424
25569713 26444473
25569713 31232539
25569713 33358162
25569713 36198161
25569713 38685348
25569713 48485771
25569713 55019615
25569713 58497291
25569713 59414975
25569713 66905823
25569713 94414805
25569713 116952434
25569713 128302994
25569713 196710000
25569713 212498957
25649234 15913
25649234 1183041
25649234 1247691
25649234 3253671
25649234 3296721
25649234 7384432
25649234 7860742
25649234 7861312
25649234 7861622
25649234 12284582
25649234 12298182
25649234 14155052
25649234 14269220
25649234 14337677
25649234 14448205
25649234 14506809
25649234 14575846
25649234 14609321
25649234 15394673
25649234 15430929
25649234 15582769
25649234 15914737
25649234 16134428
25649234 16393255
25649234 16831715
25649234 17016709
25649234 17140787
25649234 18666844
25649234 18755518
25649234 18890465
25649234 18941809
25649234 18946688
25649234 19774817
25649234 20327583
25649234 20880546
25649234 21339114
25649234 21517874
25649234 24785621
25649234 25566593
25649234 28192145
25649234 38517589
25649234 43880993
25649234 48485771
25649234 52934175
25649234 59804598
25649234 60642921
25649234 66499322
25649234 87620061
25649234 94454911
25649234 96869096
25649234 121258930
25649234 126042901
25649234 126048747
25649234 128968339
25649234 146155608
25649234 175181917
25649234 214618570
25827166 7702232
25827166 15853668
25827166 22273748
25827166 25026165
25827166 26000424
25827166 28719244
25827166 37444945
25827166 48485771
25827166 75914648
25827166 86852135
25827166 127178017
25827166 131350078
25827166 144723989
25827166 146155608
25827166 151711230
25827166 196710000
25827166 265732976
25827166 307642294
25827166 365904984
25827166 416718047
25952851 7846
25952851 15913
25952851 1838691
25952851 2609891
25952851 3359851
25952851 3443591
25952851 5442012
25952851 6080022
25952851 7377812
25952851 7702232
25952851 7860742
25952851 7872262
25952851 9275742
25952851 9451052
25952851 12127832
25952851 14180231
25952851 14269220
25952851 14471778
25952851 14536491
25952851 14935647
25952851 15222083
25952851 15447248
25952851 15757080
25952851 15838599
25952851 15853668
25952851 16098603
25952851 16453996
25952851 17092592
25952851 17526132
25952851 17632072
25952851 17722816
25952851 17759701
25952851 17794004
25952851 18021714
25952851 18232304
25952851 18532553
25952851 18581803
25952851 18776017
25952851 19413393
25952851 19519349
25952851 19732725
25952851 20315513
25952851 21195122
25952851 22273748
25952851 22679419
25952851 22705686
25952851 23404076
25952851 24004172
25952851 24081780
25952851 24641194
25952851 25026165
25952851 25569713
25952851 26000424
25952851 26250517
25952851 28302257
25952851 28719244
25952851 28933226
25952851 28960709
25952851 31232539
25952851 36198161
25952851 37444945
25952851 42361118
25952851 45416789
25952851 48485771
25952851 50499213
25952851 55655811
25952851 57986173
25952851 58497291
25952851 59414975
25952851 59804598
25952851 65913144
25952851 66905823
25952851 84043660
25952851 84672379
25952851 86852135
25952851 87764480
25952851 94414805
25952851 94454911
25952851 117187783
25952851 127178017
25952851 128302994
25952851 131350078
25952851 144040563
25952851 144723989
25952851 184637153
25952851 196710000
25952851 200212364
25952851 235216483
25952851 238289569
25952851 265732976
25952851 307642294
25952851 309366491
25952851 416718047
26000424 15913
26000424 2609891
26000424 3359851
26000424 5442012
26000424 7702232
26000424 15154217
26000424 15853668
26000424 16098603
26000424 18776017
26000424 24942585
26000424 25569713
26000424 26444473
26000424 28960709
26000424 31232539
26000424 34771668
26000424 38685348
26000424 48485771
26000424 50499213
26000424 58497291
26000424 59414975
26000424 66905823
26000424 116952434
26000424 128302994
26000424 144040563
26000424 212498957
26083291 15913
26083291 1064051
26083291 1317671
26083291 1702611
26083291 2158461
26083291 5436192
26083291 13687132
26083291 14575846
26083291 14691709
26083291 14804903
26083291 15006779
26083291 15009761
26083291 15018214
26083291 15582769
26083291 16425197
26083291 16458937
26083291 17092592
26083291 17977714
26083291 18301663
26083291 18445879
26083291 19413393
26083291 34711597
26083291 176412453
26173611 15913
26173611 1702611
26173611 7157132
26173611 7565302
26173611 7860742
26173611 8001572
26173611 9451052
26173611 13687132
26173611 14137885
26173611 14155052
26173611 14922225
26173611 15838599
26173611 19413393
26173611 20273398
26173611 21993653
26173611 22841103
26173611 24585498
26173611 47161442
26173611 51352986
26176694 17564647
26176694 19311729
26176694 20471349
26176694 23215572
26176694 24125323
26176694 26800967
26176694 34068984
26176694 40329238
26176694 58245520
26176694 74325773
26176694 87044829
26176694 105895378
26176694 115313263
26176694 121472925
26176694 127935456
26176694 130917777
26176694 160008685
26176694 165795009
26176694 186745799
26176694 211614808
26176694 238308325
26176694 240063501
26176694 250441643
26176694 252887163
26176694 253893287
26176694 262775327
26176694 277675909
26176694 281159810
26176694 287411130
26176694 288231953
26176694 297683673
26176694 307642294
26176694 309325161
26176694 322822476
26176694 325106566
26176694 337952973
26176694 339943969
26176694 345569115
26176694 356447837
26176694 382360772
26176694 384621304
26176694 385621090
26176694 422114084
26176694 431983156
26176694 446023451
26176694 491431687
26176694 498542846
26176694 543373651
26176694 548631386
26176694 560482964
26176694 560929638
26250517 15913
26250517 3359851
26250517 7702232
26250517 9117202
26250517 14180231
26250517 15853668
26250517 16098603
26250517 18581803
26250517 18776017
26250517 22705686
26250517 25952851
26250517 28719244
26250517 34068984
26250517 36198161
26250517 38685348
26250517 116952434
26250517 184637153
26250517 258203336
26250517 294198566
26256596 15913
26256596 3062761
26256596 5442012
26256596 7702232
26256596 7860742
26256596 7872262
26256596 8470732
26256596 14498387
26256596 14922225
26256596 15653423
26256596 16097743
26256596 16098603
26256596 16453996
26256596 17632072
26256596 17759701
26256596 18021714
26256596 18101470
26256596 18776017
26256596 21195122
26256596 22273748
26256596 24641194
26256596 28719244
26256596 36198161
26256596 36993162
26256596 45416789
26256596 47161442
26256596 48485771
26256596 55655811
26256596 57986173
26256596 65913144
26256596 71383220
26256596 83506209
26256596 144040563
26256596 217932743
26256596 235216483
26256596 265732976
26256596 401029555
26256596 416718047
26422087 3359851
26422087 9117202
26422087 18581803
26422087 20471349
26422087 22679419
26422087 22715267
26422087 24542441
26422087 34068984
26422087 204089551
26422087 234526497
26422087 275937498
26422087 284174632
26422087 296242468
26422087 297472992
26422087 303060652
26422087 307642294
26422087 309366491
26422087 345569115
26422087 374949999
26422087 387975746
26422087 529658284
26444473 15913
26444473 1072591
26444473 7702232
26444473 15853668
26444473 18776017
26444473 19720019
26444473 25026165
26444473 26000424
26444473 38685348
26444473 58497291
26444473 66905823
26444473 116952434
26800967 5442012
26800967 11648692
26800967 15070932
26800967 17564647
26800967 19311729
26800967 20471349
26800967 21075893
26800967 23215572
26800967 24125323
26800967 24742040
26800967 26176694
26800967 28478859
26800967 30267128
26800967 40329238
26800967 49781679
26800967 58245520
26800967 67818595
26800967 74325773
26800967 84043660
26800967 87044829
26800967 105150583
26800967 115313263
26800967 127935456
26800967 130917777
26800967 146155608
26800967 160008685
26800967 172161833
26800967 186745799
26800967 210731960
26800967 211614808
26800967 238308325
26800967 245394117
26800967 247031120
26800967 250831586
26800967 252887163
26800967 253893287
26800967 258203336
26800967 262775327
26800967 275550472
26800967 277675909
26800967 287411130
26800967 298757008
26800967 307642294
26800967 308103112
26800967 309064372
26800967 309325161
26800967 310233571
26800967 325106566
26800967 337952973
26800967 339943969
26800967 341840097
26800967 356447837
26800967 362626342
26800967 381296177
26800967 382360772
26800967 384621304
26800967 431983156
26800967 446023451
26800967 491431687
26800967 498542846
26800967 543373651
26800967 548631386
27677879 15913
27677879 6608332
27677879 9095652
27677879 9451052
27677879 14799177
27677879 15222083
27677879 15234657
27677879 15259010
27677879 15838599
27677879 17092592
27677879 18729547
27677879 18799041
27677879 19414296
27677879 19525652
27677879 22841103
27677879 24585498
27677879 36969785
27677879 87764480
27956824 15913
27956824 1045521
27956824 1247691
27956824 3042321
27956824 3359851
27956824 3443591
27956824 5650332
27956824 6086752
27956824 7446452
27956824 7861312
27956824 8001572
27956824 8541492
27956824 9670952
27956824 12681982
27956824 14269220
27956824 14559570
27956824 17140787
27956824 18101470
27956824 18285245
27956824 18666844
27956824 19595287
27956824 19732725
27956824 19774817
27956824 22831657
27956824 22900797
27956824 24742040
27956824 59804598
27956824 71862367
27956824 85343184
27956824 93905958
27956824 123004655
27956824 126979753
27956824 174541760
28037700 15913
28037700 1045521
28037700 1072591
28037700 1183041
28037700 3227431
28037700 3443591
28037700 5650332
28037700 7702232
28037700 7860742
28037700 7861312
28037700 7861622
28037700 8146732
28037700 9413072
28037700 14269220
28037700 14471778
28037700 14498387
28037700 14517343
28037700 14692604
28037700 15488968
28037700 15853668
28037700 16097743
28037700 16098603
28037700 16660064
28037700 17759701
28037700 18021714
28037700 18101470
28037700 18301663
28037700 18666844
28037700 19300461
28037700 19622462
28037700 24004172
28037700 28719244
28037700 42361118
28037700 45416789
28037700 46241569
28037700 47161442
28037700 48485771
28037700 57986173
28037700 60968363
28037700 65913144
28037700 90942642
28037700 105310392
28037700 127178017
28037700 131296459
28037700 131350078
28037700 196710000
28037700 200212364
28037700 235216483
28037700 242024994
28037700 309366491
28192145 15913
28192145 1183041
28192145 3462421
28192145 6608332
28192145 7384432
28192145 7861312
28192145 12681982
28192145 14448205
28192145 14575846
28192145 15234657
28192145 18666844
28192145 19088451
28192145 20880546
28192145 22679419
28192145 26173611
28192145 66499322
28192145 87620061
28192145 126042901
28202547 15913
28202547 756379
28202547 6068612
28202547 6206612
28202547 7860742
28202547 8207762
28202547 9451052
28202547 14589257
28202547 18755518
28202547 20273398
28202547 22841103
28202547 31808762
28202547 43662236
28202547 45784061
28202547 53789489
28281437 3359851
28281437 14038862
28281437 15234657
28281437 17552077
28281437 17586739
28281437 18581803
28281437 20880546
28281437 22679419
28281437 24742040
28281437 24942585
28281437 47495471
28281437 48485771
28281437 59804598
28281437 84043660
28281437 105150583
28281437 121258930
28281437 144040563
28281437 146155608
28281437 155976326
28281437 307642294
28302257 10350
28302257 15913
28302257 3096071
28302257 3359851
28302257 3462421
28302257 5442012
28302257 7194892
28302257 7860742
28302257 7872262
28302257 9451052
28302257 13356642
28302257 14180231
28302257 14471778
28302257 14536491
28302257 14691709
28302257 14922225
28302257 15098511
28302257 15112961
28302257 15222083
28302257 15234657
28302257 15259010
28302257 15447248
28302257 15838599
28302257 15853668
28302257 16098603
28302257 16212685
28302257 16651072
28302257 16715096
28302257 17092592
28302257 17214479
28302257 17759701
28302257 17794004
28302257 18257270
28302257 18581803
28302257 18666844
28302257 18941809
28302257 19161407
28302257 19413393
28302257 20274104
28302257 22705686
28302257 22841103
28302257 24081780
28302257 24641194
28302257 25026165
28302257 25952851
28302257 28960709
28302257 33191389
28302257 34244280
28302257 36198161
28302257 42070873
28302257 42361118
28302257 43626328
28302257 43920492
28302257 45416789
28302257 59804598
28302257 60968363
28302257 64488804
28302257 65913144
28302257 87764480
28302257 90385486
28302257 93905958
28302257 94414805
28302257 148148588
28302257 235216483
28302257 275608958
28302257 309366491
28478859 5442012
28478859 14180231
28478859 18581803
28478859 20471349
28478859 23215572
28478859 26800967
28478859 67818595
28478859 105895378
28478859 210731960
28478859 221636679
28478859 245394117
28478859 258203336
28478859 262775327
28478859 288231953
28478859 298757008
28478859 307642294
28478859 309325161
28478859 325106566
28478859 339943969
28478859 341840097
28478859 384621304
28478859 417927586
28478859 446023451
28478859 501724209
28478859 548631386
28719244 5442012
28719244 7860742
28719244 7872262
28719244 14270527
28719244 14498387
28719244 15112961
28719244 16453996
28719244 16626187
28719244 18628082
28719244 19162933
28719244 20880546
28719244 22273748
28719244 22679419
28719244 22705686
28719244 23140494
28719244 24004172
28719244 24081780
28719244 24641194
28719244 24942585
28719244 25026165
28719244 25827166
28719244 25952851
28719244 26256596
28719244 28037700
28719244 31037985
28719244 37444945
28719244 42361118
28719244 47161442
28719244 48485771
28719244 48621884
28719244 52559331
28719244 57986173
28719244 60968363
28719244 75914648
28719244 83506209
28719244 86852135
28719244 93905958
28719244 94414805
28719244 113025559
28719244 116952434
28719244 144040563
28719244 146155608
28719244 151711230
28719244 196710000
28719244 200212364
28719244 306445007
28719244 307642294
28719244 365904984
28719244 367443729
28719244 394475305
28719244 401029555
28719244 416718047
28755851 15913
28755851 3359851
28755851 6547952
28755851 9451052
28755851 13687132
28755851 14155052
28755851 14269220
28755851 14589257
28755851 14691709
28755851 15195755
28755851 15222083
28755851 15234657
28755851 15259010
28755851 15578992
28755851 15638249
28755851 15853668
28755851 18900668
28755851 18929680
28755851 19595287
28755851 20273398
28755851 20495756
28755851 23645599
28755851 33191389
28755851 39394932
28755851 45862504
28755851 48485771
28755851 87764480
28775296 15913
28775296 5442012
28775296 5906322
28775296 7565302
28775296 9451052
28775296 14038862
28775296 14269220
28775296 15112961
28775296 15853668
28775296 20274104
28775296 20880546
28775296 22273748
28775296 22679419
28775296 23140494
28775296 24742040
28775296 24942585
28775296 31037985
28775296 31524543
28775296 48485771
28775296 59804598
28775296 117541123
28775296 121258930
28775296 144040563
28775296 146071420
28775296 146155608
28775296 155976326
28775296 198876913
28775296 200212364
28775296 203261300
28775296 306445007
28775296 309366491
28775296 316264827
28775296 365904984
28775296 421848829
28933226 15913
28933226 1065921
28933226 1072591
28933226 1100661
28933226 3359851
28933226 3443591
28933226 4068821
28933226 5442012
28933226 5452672
28933226 6080022
28933226 6478202
28933226 7377812
28933226 7860742
28933226 7872262
28933226 8001572
28933226 8054392
28933226 8541492
28933226 9413072
28933226 12127832
28933226 12681982
28933226 12771872
28933226 13687132
28933226 14038862
28933226 14155052
28933226 14179545
28933226 14180231
28933226 14269220
28933226 14424667
28933226 14470019
28933226 14471778
28933226 14498387
28933226 14506809
28933226 14536491
28933226 14573745
28933226 14575846
28933226 14589257
28933226 14691709
28933226 14692604
28933226 14922225
28933226 14935647
28933226 14999606
28933226 15098511
28933226 15112961
28933226 15154217
28933226 15234657
28933226 15488968
28933226 16098603
28933226 16453996
28933226 16651072
28933226 17076095
28933226 17092592
28933226 17214479
28933226 17526132
28933226 17632072
28933226 17722816
28933226 17759701
28933226 17794004
28933226 18021714
28933226 18101470
28933226 18345193
28933226 18532553
28933226 18581803
28933226 18666844
28933226 18715024
28933226 18776017
28933226 18859819
28933226 19732725
28933226 19774817
28933226 20315513
28933226 20880546
28933226 21195122
28933226 21369192
28933226 22679419
28933226 22705686
28933226 24004172
28933226 24081780
28933226 24641194
28933226 24742040
28933226 24942585
28933226 25026165
28933226 25566593
28933226 25827166
28933226 25952851
28933226 26000424
28933226 26250517
28933226 28719244
28933226 34244280
28933226 34771668
28933226 36198161
28933226 36311369
28933226 37444945
28933226 45416789
28933226 47161442
28933226 48485771
28933226 55655811
28933226 57244828
28933226 59804598
28933226 65913144
28933226 69679166
28933226 71383220
28933226 71606873
28933226 71862367
28933226 84043660
28933226 87764480
28933226 90385486
28933226 94414805
28933226 94454911
28933226 101633415
28933226 105310392
28933226 116952434
28933226 117187783
28933226 127178017
28933226 131350078
28933226 144723989
28933226 146155608
28933226 200212364
28933226 222640532
28933226 223247584
28933226 229141679
28933226 235216483
28933226 235818781
28933226 265732976
28960709 15913
28960709 3096071
28960709 7157132
28960709 7702232
28960709 7852172
28960709 8146732
28960709 13356642
28960709 14573745
28960709 14575846
28960709 15447248
28960709 15757080
28960709 15838599
28960709 15853668
28960709 16098603
28960709 17092592
28960709 18581803
28960709 19161407
28960709 19413393
28960709 20273398
28960709 20315513
28960709 24742040
28960709 25026165
28960709 25952851
28960709 26000424
28960709 34378922
28960709 36198161
28960709 38389963
28960709 42361118
28960709 43626328
28960709 50499213
28960709 93905958
28960709 116952434
28960709 127178017
28960709 144723989
29785987 23215572
29785987 59804598
29785987 309325161
30023595 15913
30023595 1072591
30023595 5650332
30023595 7860742
30023595 7861312
30023595 8470732
30023595 12127832
30023595 14269220
30023595 14681779
30023595 16097743
30023595 16098603
30023595 17759701
30023595 20490915
30023595 47161442
30267128 17564647
30267128 21504535
30267128 23215572
30267128 24125323
30267128 26176694
30267128 26800967
30267128 115313263
30267128 127935456
30267128 160008685
30267128 186745799
30267128 252887163
30267128 281159810
30267128 287411130
30267128 307642294
30267128 309325161
30267128 382360772
30267128 498542846
30267128 543373651
30267128 560929638
30528575 15913
30528575 1045521
30528575 3443591
30528575 3550301
30528575 5650332
30528575 14269220
30528575 17140787
30528575 18285245
30528575 18666844
30528575 19595287
30528575 59804598
30587085 15913
30587085 16640481
30587085 17702627
30587085 18731347
30587085 19120785
30587085 32547856
30587085 91480304
30587085 177564924
30587085 250831586
30680870 15913
30680870 3096071
30680870 5442012
30680870 5452672
30680870 7565302
30680870 7860742
30680870 8001572
30680870 14038862
30680870 15112961
30680870 15575251
30680870 15653423
30680870 15853668
30680870 17552077
30680870 17586739
30680870 18776017
30680870 19162933
30680870 20274104
30680870 20880546
30680870 22273748
30680870 22679419
30680870 23140494
30680870 24004172
30680870 24742040
30680870 24942585
30680870 25827166
30680870 28719244
30680870 28775296
30680870 31037985
30680870 31524543
30680870 37444945
30680870 38517589
30680870 41937748
30680870 45509346
30680870 45862504
30680870 48485771
30680870 48621884
30680870 52559331
30680870 54514600
30680870 59005241
30680870 61853583
30680870 75914648
30680870 84043660
30680870 86852135
30680870 95109615
30680870 117541123
30680870 121258930
30680870 131350078
30680870 144040563
30680870 146071420
30680870 146155608
30680870 146320301
30680870 151711230
30680870 152435436
30680870 155976326
30680870 179524189
30680870 196710000
30680870 198876913
30680870 200212364
30680870 207752295
30680870 259074185
30680870 299442187
30680870 306445007
30680870 307642294
30680870 316264827
30680870 324061899
30680870 349358004
30680870 355637036
30680870 365904984
30680870 367443729
30680870 384388981
30680870 401029555
30680870 416718047
30680870 421848829
30680870 422950468
30680870 466645680
31037985 15913
31037985 1712051
31037985 14155052
31037985 15112961
31037985 17028313
31037985 19603370
31037985 20880546
31037985 24942585
31037985 48485771
31037985 84043660
31037985 87764480
31037985 121258930
31037985 144040563
31037985 146155608
31037985 155976326
31037985 203261300
31216266 15913
31216266 16640481
31216266 16886225
31216266 18783763
31216266 19120785
31216266 309366491
31232539 15913
31232539 2609891
31232539 7702232
31232539 15853668
31232539 25569713
31232539 25952851
31232539 26000424
31232539 33358162
31232539 38685348
31232539 48485771
31232539 59414975
31232539 66905823
31232539 128302994
31232850 15913
31232850 852301
31232850 1937751
31232850 3321441
31232850 6085372
31232850 7446452
31232850 8541492
31232850 14232363
31232850 14269220
31232850 17140787
31232850 20624600
31232850 22900797
31232850 282339563
31296704 12223
31296704 15913
31296704 1065921
31296704 1702611
31296704 3954801
31296704 4291741
31296704 5413042
31296704 5436192
31296704 5906322
31296704 6608332
31296704 7194892
31296704 7377812
31296704 7434902
31296704 7565302
31296704 10115042
31296704 12970892
31296704 13687132
31296704 14155052
31296704 14270527
31296704 14453798
31296704 14471778
31296704 14506809
31296704 14536491
31296704 14575846
31296704 14589257
31296704 14609321
31296704 14688086
31296704 14691709
31296704 14692604
31296704 14922225
31296704 15098511
31296704 15234657
31296704 15259010
31296704 15447248
31296704 15488968
31296704 15591032
31296704 16098603
31296704 16102815
31296704 16265412
31296704 16364644
31296704 16458937
31296704 16874875
31296704 17053354
31296704 17076095
31296704 17214479
31296704 18666844
31296704 18715024
31296704 18791343
31296704 18859819
31296704 18892183
31296704 18941809
31296704 19087813
31296704 19413393
31296704 19414296
31296704 19550535
31296704 19673424
31296704 20273398
31296704 22679419
31296704 24585498
31296704 36311369
31296704 38514229
31296704 41172837
31296704 43880993
31296704 48485771
31296704 64488804
31296704 64624131
31296704 69679166
31296704 87764480
31296704 90385486
31296704 90964854
31296704 93905958
31296704 97027664
31296704 101633415
31296704 102903198
31296704 105310392
31296704 130202887
31296704 160839015
31296704 275608958
31524543 15913
31524543 5442012
31524543 7860742
31524543 7861312
31524543 14444530
31524543 14536491
31524543 17663756
31524543 18176640
31524543 18581803
31524543 19519349
31524543 21678052
31524543 22273748
31524543 22715267
31524543 24942585
31524543 25026165
31524543 28719244
31524543 34068984
31524543 96605784
31524543 116952434
31524543 126444583
31524543 132253772
31524543 183663839
31524543 187744415
31524543 238289569
31524543 309366491
31808762 10350
31808762 15913
31808762 756379
31808762 1065921
31808762 3096071
31808762 3359851
31808762 7194892
31808762 7377812
31808762 7384432
31808762 7565302
31808762 7710472
31808762 7860742
31808762 7861312
31808762 8001572
31808762 8207762
31808762 9413072
31808762 10824382
31808762 14269093
31808762 14269220
31808762 14589257
31808762 14999606
31808762 15222083
31808762 15234657
31808762 15347317
31808762 15575251
31808762 15578992
31808762 16038438
31808762 16079941
31808762 16098603
31808762 16127088
31808762 16513135
31808762 16651072
31808762 16715096
31808762 16799897
31808762 16909832
31808762 17092592
31808762 17526132
31808762 18445879
31808762 18581803
31808762 18666844
31808762 18715024
31808762 18849313
31808762 18897157
31808762 18941809
31808762 19049747
31808762 19161407
31808762 19214250
31808762 19413393
31808762 20273398
31808762 20471349
31808762 21637624
31808762 22841103
31808762 28202547
31808762 33464639
31808762 42361118
31808762 43662236
31808762 43880993
31808762 51352986
31808762 58714972
31808762 59804598
31808762 64285972
31808762 65913144
31808762 75165115
31808762 85215038
31808762 87764480
31808762 96747353
31808762 223247584
31808762 296242468
31808762 384388981
31808762 548679814
32547856 15913
32547856 3359851
32547856 8146732
32547856 16640481
32547856 16886225
32547856 17179687
32547856 17702627
32547856 18731347
32547856 18783763
32547856 19010126
32547856 19120785
32547856 21686566
32547856 30587085
32547856 31216266
32547856 91480304
32547856 177564924
32547856 250831586
32547856 309366491
32591419 15913
32591419 2585151
32591419 18890465
32591419 19069709
32591419 21339114
32774989 7846
32774989 15913
32774989 7157132
32774989 7861312
32774989 14874480
32774989 14922225
32774989 15447248
32774989 15838599
32774989 15846407
32774989 16513135
32774989 17092592
32774989 17552077
32774989 19069709
32774989 19380829
32774989 20065936
32774989 20880546
32774989 24742040
32774989 34378922
32774989 59804598
32774989 74286565
32774989 250831586
33051095 7846
33051095 15913
33051095 1183041
33051095 7860742
33051095 7861312
33051095 7861622
33051095 15846407
33051095 20108560
33051095 20880546
33191389 12223
33191389 15913
33191389 1702611
33191389 3359851
33191389 3443591
33191389 3462421
33191389 4812381
33191389 6206612
33191389 9451052
33191389 13356642
33191389 14137885
33191389 14155052
33191389 14224219
33191389 14453798
33191389 14575846
33191389 14922225
33191389 15112961
33191389 15234657
33191389 15259010
33191389 15838599
33191389 16358416
33191389 16799897
33191389 18755518
33191389 19414296
33191389 22841103
33191389 24585498
33191389 28755851
33191389 31037985
33191389 45784061
33191389 48485771
33191389 53789489
33191389 64488804
33191389 87620061
33191389 87764480
33191389 268479669
33191389 548679814
33358162 15913
33358162 2609891
33358162 7702232
33358162 15234657
33358162 15757080
33358162 15853668
33358162 18776017
33358162 19720019
33358162 25569713
33358162 26000424
33358162 26444473
33358162 28960709
33358162 31232539
33358162 38685348
33358162 48485771
33358162 58497291
33358162 66905823
33439720 15913
33439720 90672134
33464639 15913
33464639 3359851
33464639 7565302
33464639 7710472
33464639 9451052
33464639 15222083
33464639 15234657
33464639 15347317
33464639 15926497
33464639 18838035
33464639 18897157
33464639 19214250
33464639 31808762
33464639 48485771
34068984 15913
34068984 2735591
34068984 9451052
34068984 12121162
34068984 22679419
34068984 22831657
34068984 63787760
34068984 93905958
34068984 116952434
34068984 126444583
34068984 187744415
34068984 290097288
34068984 294198566
34244280 15913
34244280 1100661
34244280 7377812
34244280 7565302
34244280 7860742
34244280 12127832
34244280 12681982
34244280 14038862
34244280 14155052
34244280 14180231
34244280 14424667
34244280 14573745
34244280 14688086
34244280 14691709
34244280 14922225
34244280 14999606
34244280 15098511
34244280 15222083
34244280 15234679
34244280 16715096
34244280 17092592
34244280 17552077
34244280 18345193
34244280 18581803
34244280 18666844
34244280 18715024
34244280 18941809
34244280 19413393
34244280 19550535
34244280 20273398
34244280 22679419
34244280 22841103
34244280 24742040
34244280 28302257
34244280 28933226
34244280 31296704
34244280 36969785
34244280 42070873
34244280 43920492
34244280 87764480
34244280 90964854
34244280 137577423
34244280 154708725
34244280 229141679
34356968 10350
34356968 15913
34356968 3359851
34356968 5442012
34356968 7860742
34356968 7861312
34356968 10668202
34356968 13687132
34356968 15234657
34356968 15853668
34356968 17663756
34356968 17759701
34356968 18232304
34356968 20273398
34356968 20315513
34356968 22679419
34356968 22705686
34356968 24742040
34356968 25026165
34356968 25952851
34356968 28719244
34356968 48485771
34356968 55338862
34356968 92357649
34356968 94414805
34360475 15913
34360475 1072591
34360475 7860742
34360475 7872262
34360475 8470732
34360475 14500681
34360475 14922225
34360475 16098603
34360475 18021714
34360475 24081780
34360475 24641194
34360475 25026165
34360475 36198161
34360475 47161442
34360475 57986173
34360475 59414975
34360475 60968363
34360475 65913144
34360475 66791268
34378922 10350
34378922 15913
34378922 1183041
34378922 3443591
34378922 5906322
34378922 7861312
34378922 13687132
34378922 14155052
34378922 14269220
34378922 14498622
34378922 14517343
34378922 14589257
34378922 14691709
34378922 15234657
34378922 15575251
34378922 17552077
34378922 22679419
34378922 24585498
34378922 24742040
34378922 128968339
34455805 15913
34455805 1065921
34455805 7377812
34455805 14536491
34455805 14575846
34455805 16079941
34455805 83506209
34455805 93905958
34455805 191548936
34711597 15913
34711597 65673
34711597 3359851
34711597 3443591
34711597 7194892
34711597 7565302
34711597 9451052
34711597 14609321
34711597 14691709
34711597 15222083
34711597 15259010
34711597 16463030
34711597 17092592
34711597 18715024
34711597 18900668
34711597 19413393
34711597 20471349
34711597 34985744
34711597 87764480
34711597 93905958
34771668 15913
34771668 1045521
34771668 1072591
34771668 2034901
34771668 3359851
34771668 3443591
34771668 5442012
34771668 7078732
34771668 7159422
34771668 7860742
34771668 7872262
34771668 8001572
34771668 12298182
34771668 14180231
34771668 14269220
34771668 14363438
34771668 14500681
34771668 14506809
34771668 14750463
34771668 14994418
34771668 15154217
34771668 15428643
34771668 15520280
34771668 16660064
34771668 17409832
34771668 17526132
34771668 18101470
34771668 18666844
34771668 19370213
34771668 19550535
34771668 19732725
34771668 19774817
34771668 20490915
34771668 26000424
34771668 35598550
34771668 41226089
34771668 45705189
34771668 46241569
34771668 51352986
34771668 59414975
34771668 59804598
34771668 64121269
34771668 114115460
34771668 221198749
34771668 222640532
34771668 264925735
34985744 12223
34985744 15913
34985744 2024911
34985744 12127832
34985744 13687132
34985744 15222083
34985744 15838599
34985744 16513135
34985744 17092592
34985744 18581803
34985744 19413393
34985744 20273398
34985744 20274104
34985744 22841103
34985744 34711597
35569745 15913
35569745 14691709
35569745 16098603
35569745 17526132
35569745 17632072
35569745 17759701
35569745 18581803
35569745 18666844
35569745 18776017
35569745 19413393
35569745 20273398
35569745 21195122
35569745 24641194
35569745 25026165
35569745 59804598
35569745 65913144
35569745 187744415
35569745 254457417
35569745 374936497
35598550 15913
35598550 1134701
35598550 14500681
35598550 14994418
35598550 34771668
35598550 41226089
35598550 46241569
35598550 59414975
35598550 90942642
35894617 12223
35894617 15913
35894617 3096071
35894617 7194892
35894617 9451052
35894617 13356642
35894617 13687132
35894617 14155052
35894617 14269093
35894617 14453798
35894617 15222083
35894617 15681129
35894617 18445879
35894617 18715024
35894617 19049747
35894617 19414296
35894617 20273398
35894617 24585498
35894617 33191389
35894617 36311369
35894617 38514229
35894617 39394932
35894617 43898124
35894617 64488804
35894617 87764480
36198161 10350
36198161 15913
36198161 1072591
36198161 1134701
36198161 3359851
36198161 3443591
36198161 5442012
36198161 6080022
36198161 6478202
36198161 7377812
36198161 7702232
36198161 7860742
36198161 7861312
36198161 7872262
36198161 7925002
36198161 8470732
36198161 9117202
36198161 11911082
36198161 12127832
36198161 14180231
36198161 14269220
36198161 14270527
36198161 14416334
36198161 14506809
36198161 14536491
36198161 14573745
36198161 14589257
36198161 14688086
36198161 14691709
36198161 14935647
36198161 15853668
36198161 16098603
36198161 16453996
36198161 16507692
36198161 17526132
36198161 17552077
36198161 17632072
36198161 17722816
36198161 17759701
36198161 17794004
36198161 18176640
36198161 18345193
36198161 18581803
36198161 18776017
36198161 19413393
36198161 19519349
36198161 19720019
36198161 20262322
36198161 20274104
36198161 20315513
36198161 20880546
36198161 21195122
36198161 21678052
36198161 22679419
36198161 22705686
36198161 22715267
36198161 23404076
36198161 24081780
36198161 24641194
36198161 24742040
36198161 24942585
36198161 25026165
36198161 25569713
36198161 25952851
36198161 26000424
36198161 26250517
36198161 26256596
36198161 28302257
36198161 28719244
36198161 28933226
36198161 28960709
36198161 31232539
36198161 34360475
36198161 38685348
36198161 41172837
36198161 42361118
36198161 45705189
36198161 47161442
36198161 48485771
36198161 58497291
36198161 59414975
36198161 59804598
36198161 61853583
36198161 65913144
36198161 69679166
36198161 75165115
36198161 85215038
36198161 85343184
36198161 87764480
36198161 93905958
36198161 94414805
36198161 94454911
36198161 96605784
36198161 111210694
36198161 113025559
36198161 116952434
36198161 117187783
36198161 126444583
36198161 127178017
36198161 128302994
36198161 132253772
36198161 144723989
36198161 146155608
36198161 148148588
36198161 155620461
36198161 183663839
36198161 184637153
36198161 187744415
36198161 196710000
36198161 198876913
36198161 200212364
36198161 217930063
36198161 238289569
36198161 270076706
36198161 294198566
36198161 306445007
36198161 309366491
36311369 12223
36311369 15913
36311369 1702611
36311369 3096071
36311369 3359851
36311369 3443591
36311369 5413042
36311369 7194892
36311369 7434902
36311369 9451052
36311369 12681982
36311369 14155052
36311369 14269093
36311369 14269220
36311369 14453798
36311369 14575846
36311369 14692604
36311369 15098511
36311369 15222083
36311369 15638249
36311369 15681129
36311369 16079941
36311369 16102815
36311369 16364644
36311369 16874875
36311369 17214479
36311369 18445879
36311369 18715024
36311369 18755518
36311369 18849368
36311369 18892183
36311369 19353331
36311369 19414296
36311369 19759597
36311369 20273398
36311369 24585498
36311369 31296704
36311369 34068984
36311369 35894617
36311369 39394932
36311369 43898124
36311369 48485771
36311369 64488804
36311369 69679166
36311369 87571114
36311369 87764480
36311369 93905958
36311369 97027664
36722068 15913
36722068 1183041
36722068 34378922
36836939 17564647
36836939 21075893
36836939 48939443
36836939 105895378
36836939 127935456
36836939 160008685
36836939 172161833
36836939 211614808
36836939 213032194
36836939 221636679
36836939 238308325
36836939 240063501
36836939 245394117
36836939 253893287
36836939 298757008
36836939 307206030
36836939 307642294
36836939 309325161
36836939 322822476
36836939 339943969
36836939 362626342
36836939 381788237
36836939 384621304
36836939 422253889
36836939 543373651
36850842 15234657
36850842 17552077
36850842 17564647
36850842 19311729
36850842 20471349
36850842 23215572
36850842 24125323
36850842 26176694
36850842 48939443
36850842 59804598
36850842 87044829
36850842 105895378
36850842 115313263
36850842 127935456
36850842 134979402
36850842 160008685
36850842 172161833
36850842 211614808
36850842 238308325
36850842 250708662
36850842 252887163
36850842 262775327
36850842 275550472
36850842 275608958
36850842 277675909
36850842 281159810
36850842 284174632
36850842 287411130
36850842 296242468
36850842 297683673
36850842 307642294
36850842 309064372
36850842 309325161
36850842 322822476
36850842 325106566
36850842 337952973
36850842 339943969
36850842 381296177
36850842 384621304
36850842 385621090
36850842 467903803
36850842 543373651
36969785 10350
36969785 15913
36969785 7157132
36969785 7194892
36969785 7565302
36969785 7860742
36969785 9095652
36969785 13687132
36969785 14691709
36969785 14799177
36969785 14922225
36969785 15222083
36969785 15259010
36969785 17092592
36969785 18799041
36969785 22679419
36969785 22841103
36969785 27677879
36969785 92357649
36993162 15913
36993162 1072591
36993162 1134701
36993162 3062761
36993162 3359851
36993162 7860742
36993162 7861312
36993162 7872262
36993162 7875762
36993162 7875912
36993162 7925002
36993162 8470732
36993162 8541492
36993162 9835242
36993162 14515313
36993162 14517343
36993162 14922225
36993162 16097743
36993162 16098603
36993162 16453996
36993162 16660064
36993162 17759701
36993162 18068719
36993162 18712070
36993162 18776017
36993162 19370213
36993162 19732725
36993162 20274104
36993162 21195122
36993162 24004172
36993162 24081780
36993162 24641194
36993162 26256596
36993162 28719244
36993162 42361118
36993162 45416789
36993162 46147323
36993162 47161442
36993162 48370736
36993162 57986173
36993162 60968363
36993162 65913144
36993162 66791268
36993162 71268322
36993162 71383220
36993162 71606873
36993162 84043660
36993162 129279693
36993162 258218804
37444945 15913
37444945 5442012
37444945 7702232
37444945 8146732
37444945 14180231
37444945 15653423
37444945 15853668
37444945 17632072
37444945 18776017
37444945 19162933
37444945 22273748
37444945 22705686
37444945 24942585
37444945 25827166
37444945 25952851
37444945 28719244
37444945 28933226
37444945 86852135
37444945 123004655
37444945 131350078
37444945 144040563
37444945 151711230
37444945 179524189
37444945 309366491
37444945 394475305
38389963 12223
38389963 15913
38389963 1065921
38389963 3096071
38389963 3359851
38389963 7194892
38389963 7377812
38389963 7860742
38389963 10115042
38389963 13356642
38389963 14179545
38389963 14424667
38389963 14453798
38389963 14471778
38389963 14506809
38389963 14609321
38389963 14692604
38389963 15222083
38389963 15447248
38389963 15838599
38389963 16098603
38389963 16265412
38389963 16626187
38389963 16799897
38389963 18875718
38389963 19049747
38389963 19414296
38389963 28960709
38389963 42070873
38389963 69679166
38389963 87764480
38389963 101633415
38389963 164024096
38389963 235216483
38514229 15913
38514229 1065921
38514229 3096071
38514229 3442781
38514229 7194892
38514229 7377812
38514229 7434902
38514229 9451052
38514229 10115042
38514229 10824382
38514229 12127832
38514229 12771872
38514229 12970892
38514229 13185852
38514229 14155052
38514229 14180231
38514229 14269093
38514229 14269220
38514229 14363438
38514229 14453798
38514229 14471778
38514229 14506809
38514229 14575846
38514229 14589257
38514229 14609321
38514229 14691709
38514229 15098511
38514229 15112961
38514229 15154217
38514229 15488968
38514229 15567576
38514229 15638249
38514229 15681129
38514229 16079941
38514229 16098603
38514229 16799897
38514229 17031260
38514229 17053354
38514229 17214479
38514229 17552077
38514229 17787399
38514229 18445879
38514229 18581803
38514229 18755518
38514229 18849368
38514229 18875718
38514229 19049747
38514229 19353331
38514229 19413393
38514229 19414296
38514229 19672395
38514229 19673424
38514229 20273398
38514229 22679419
38514229 24942585
38514229 31296704
38514229 35894617
38514229 39394932
38514229 41172837
38514229 43898124
38514229 43920492
38514229 48485771
38514229 64488804
38514229 69679166
38514229 87571114
38514229 90964854
38514229 97027664
38514229 137577423
38514229 164024096
38517589 15913
38517589 1937751
38517589 3096071
38517589 7194892
38517589 7565302
38517589 7860742
38517589 7861312
38517589 9451052
38517589 12284582
38517589 12298182
38517589 14155052
38517589 14180231
38517589 14269220
38517589 14498622
38517589 14575846
38517589 14609321
38517589 14688086
38517589 14691709
38517589 14922225
38517589 14935647
38517589 15222083
38517589 15234657
38517589 15430929
38517589 15582769
38517589 15653423
38517589 16393255
38517589 16513135
38517589 16831715
38517589 17140787
38517589 17552077
38517589 18581803
38517589 18666844
38517589 18715024
38517589 18946688
38517589 19525652
38517589 20273398
38517589 20880546
38517589 21339114
38517589 22679419
38517589 36969785
38517589 41172837
38517589 43880993
38517589 48485771
38517589 52934175
38517589 87620061
38517589 87764480
38517589 96869096
38542252 15913
38542252 3359851
38542252 3442781
38542252 3443591
38542252 7860742
38542252 7872262
38542252 12121162
38542252 14269220
38542252 14498387
38542252 16265412
38542252 18666844
38542252 24004172
38542252 24641194
38542252 24742040
38542252 34068984
38542252 42361118
38542252 45416789
38542252 45862504
38542252 57986173
38542252 59414975
38542252 59804598
38542252 63787760
38542252 65913144
38542252 85343184
38542252 93905958
38542252 111164068
38542252 111210694
38542252 152065057
38542252 154708725
38542252 187744415
38542252 222640532
38542252 254457417
38542252 290097288
38542252 294198566
38685348 15913
38685348 2609891
38685348 7702232
38685348 7860742
38685348 7872262
38685348 15853668
38685348 16098603
38685348 18776017
38685348 25026165
38685348 25569713
38685348 26000424
38685348 26444473
38685348 28960709
38685348 31232539
38685348 34771668
38685348 36198161
38685348 48485771
38685348 55019615
38685348 58497291
38685348 59414975
38685348 66905823
38685348 116952434
38685348 127178017
38685348 309366491
38724356 15913
38724356 5452672
38724356 15112961
38724356 15222083
38724356 17552077
38724356 20880546
38724356 22679419
38724356 22841103
38724356 23140494
38724356 24942585
38724356 31037985
38724356 45862504
38724356 48485771
38724356 64488804
38724356 87764480
38724356 144040563
39394932 10350
39394932 12223
39394932 15913
39394932 1702611
39394932 3359851
39394932 3954801
39394932 4291741
39394932 6608332
39394932 6773622
39394932 7194892
39394932 12298182
39394932 13185852
39394932 13356642
39394932 14155052
39394932 14224219
39394932 14269093
39394932 14269220
39394932 14363438
39394932 14453798
39394932 14575846
39394932 14609321
39394932 15154217
39394932 15582769
39394932 15638249
39394932 15681129
39394932 16458937
39394932 18666844
39394932 18715024
39394932 18811254
39394932 18849368
39394932 19414296
39394932 19550535
39394932 19595287
39394932 21637624
39394932 24585498
39394932 35894617
39394932 36311369
39394932 38514229
39394932 48485771
39394932 53789489
39394932 64488804
39394932 87571114
39394932 87764480
40329238 8470732
40329238 17564647
40329238 18776017
40329238 19311729
40329238 20471349
40329238 21504535
40329238 23215572
40329238 24125323
40329238 26176694
40329238 26800967
40329238 58245520
40329238 59804598
40329238 74325773
40329238 87044829
40329238 105895378
40329238 115313263
40329238 127935456
40329238 160008685
40329238 172161833
40329238 186745799
40329238 211614808
40329238 238308325
40329238 240063501
40329238 247031120
40329238 250708662
40329238 252887163
40329238 253893287
40329238 262775327
40329238 277675909
40329238 281159810
40329238 287411130
40329238 290097288
40329238 294198566
40329238 297683673
40329238 307642294
40329238 308103112
40329238 309064372
40329238 309325161
40329238 322822476
40329238 325106566
40329238 339943969
40329238 345569115
40329238 356447837
40329238 382360772
40329238 384621304
40329238 385621090
40329238 431983156
40329238 491431687
40329238 498542846
40329238 543373651
40329238 548631386
40329238 560482964
40625388 15913
40625388 7565302
40625388 9451052
40625388 13687132
40753289 15913
40753289 1134701
40753289 3299561
40753289 3359851
40753289 7860742
40753289 7861312
40753289 7875762
40753289 7875912
40753289 8005202
40753289 14155052
40753289 14515313
40753289 14922225
40753289 16098603
40753289 19193475
40753289 44121353
40753289 71606873
40753289 87764480
41172837 10350
41172837 12223
41172837 15913
41172837 65673
41172837 1183041
41172837 1317671
41172837 3096071
41172837 3359851
41172837 3442781
41172837 3443591
41172837 3462421
41172837 3733331
41172837 3954801
41172837 4068821
41172837 4291741
41172837 5442012
41172837 5443002
41172837 5906322
41172837 6240732
41172837 6608332
41172837 7157132
41172837 7194892
41172837 7565302
41172837 7860742
41172837 7872262
41172837 9275742
41172837 9451052
41172837 10824382
41172837 12121162
41172837 12127832
41172837 13185852
41172837 13687132
41172837 14038862
41172837 14179545
41172837 14269220
41172837 14453798
41172837 14498622
41172837 14506809
41172837 14536491
41172837 14573745
41172837 14589257
41172837 14688086
41172837 14691709
41172837 14750463
41172837 14922225
41172837 15112961
41172837 15222083
41172837 15234657
41172837 15234679
41172837 15259010
41172837 15332029
41172837 15447248
41172837 15567576
41172837 15575251
41172837 15838599
41172837 15853668
41172837 16127088
41172837 16335197
41172837 16513135
41172837 17092592
41172837 17195943
41172837 17552077
41172837 17610785
41172837 17632072
41172837 18021714
41172837 18445879
41172837 18581803
41172837 18701960
41172837 18715024
41172837 18776017
41172837 18791343
41172837 18849313
41172837 18875718
41172837 19003121
41172837 19087813
41172837 19413393
41172837 19525652
41172837 19603370
41172837 19672395
41172837 19673424
41172837 20273398
41172837 20274104
41172837 22679419
41172837 22841103
41172837 24004172
41172837 24641194
41172837 24742040
41172837 24942585
41172837 26173611
41172837 31296704
41172837 33191389
41172837 36198161
41172837 36969785
41172837 38514229
41172837 43920492
41172837 45705189
41172837 45862504
41172837 48370736
41172837 59414975
41172837 59804598
41172837 64285972
41172837 64488804
41172837 69679166
41172837 71268322
41172837 75165115
41172837 87620061
41172837 87764480
41172837 90964854
41172837 92357649
41172837 93905958
41172837 94414805
41172837 94454911
41172837 97027664
41172837 111210694
41172837 121258930
41172837 130202887
41172837 146155608
41172837 160839015
41172837 191548936
41172837 203261300
41209552 15913
41209552 9275742
41209552 14213856
41209552 15006539
41209552 16640481
41209552 16886225
41209552 18783763
41209552 19010126
41209552 19120785
41209552 24742040
41209552 31216266
41209552 42361118
41209552 48485771
41209552 59804598
41209552 87764480
41226089 15913
41226089 2929781
41226089 3359851
41226089 12298182
41226089 14500681
41226089 15154217
41226089 15520280
41226089 16079941
41226089 17140787
41226089 20490915
41226089 24742040
41226089 34771668
41226089 35598550
41226089 46241569
41226089 59414975
41226089 90942642
41226089 114115460
41226089 222640532
41226089 384388981
41226089 469024995
41656802 3359851
41656802 17564647
41656802 19311729
41656802 20471349
41656802 34068984
41656802 48939443
41656802 74275571
41656802 84672379
41656802 87044829
41656802 250708662
41656802 252887163
41656802 254457417
41656802 258203336
41656802 262775327
41656802 275550472
41656802 284174632
41656802 288231953
41656802 294198566
41656802 296242468
41656802 299442187
41656802 307642294
41656802 309325161
41656802 325106566
41656802 337952973
41656802 374949999
41656802 384621304
41656802 387566789
41937748 15913
41937748 1183041
41937748 5442012
41937748 9275742
41937748 12127832
41937748 15112961
41937748 15575251
41937748 15653423
41937748 17632072
41937748 20323999
41937748 20880546
41937748 22831657
41937748 23140494
41937748 23457239
41937748 24742040
41937748 24942585
41937748 28719244
41937748 31037985
41937748 45509346
41937748 48485771
41937748 53685618
41937748 59804598
41937748 61853583
41937748 63644892
41937748 72156360
41937748 117541123
41937748 121258930
41937748 144040563
41937748 146155608
41937748 152435436
41937748 155976326
41937748 179524189
41937748 196710000
41937748 198876913
41937748 203261300
41937748 270076706
41937748 307642294
41937748 324061899
41937748 384388981
42070873 10350
42070873 15913
42070873 1183041
42070873 5442012
42070873 6608332
42070873 7194892
42070873 7861312
42070873 14471778
42070873 14498387
42070873 14536491
42070873 14688086
42070873 14922225
42070873 15222083
42070873 15234657
42070873 15653423
42070873 15838599
42070873 16098603
42070873 16513135
42070873 17092592
42070873 17794004
42070873 18301663
42070873 18666844
42070873 19161407
42070873 19525652
42070873 22841103
42070873 28302257
42070873 36969785
42070873 41172837
42070873 45862504
42070873 58714972
42070873 64488804
42070873 65913144
42070873 87764480
42070873 90385486
42361118 15913
42361118 1065921
42361118 1072591
42361118 3062761
42361118 6608332
42361118 7377812
42361118 7565302
42361118 7702232
42361118 7852172
42361118 7860742
42361118 7872262
42361118 7875762
42361118 7875912
42361118 7925002
42361118 8005202
42361118 8146732
42361118 8470732
42361118 9835242
42361118 13687132
42361118 14180231
42361118 14269220
42361118 14270527
42361118 14416334
42361118 14471778
42361118 14498387
42361118 14506809
42361118 14515313
42361118 14573745
42361118 14589257
42361118 14609321
42361118 14688086
42361118 14691709
42361118 14692604
42361118 14922225
42361118 15222083
42361118 15447248
42361118 16079941
42361118 16097743
42361118 16098603
42361118 16453996
42361118 16660064
42361118 17092592
42361118 17526132
42361118 17759701
42361118 17794004
42361118 18021714
42361118 18301663
42361118 18581803
42361118 18715024
42361118 18776017
42361118 19049747
42361118 19088451
42361118 19300461
42361118 19370213
42361118 19505302
42361118 20205471
42361118 20273398
42361118 20274104
42361118 21195122
42361118 22679419
42361118 22841103
42361118 23645599
42361118 24004172
42361118 24081780
42361118 24641194
42361118 24742040
42361118 25026165
42361118 25952851
42361118 26173611
42361118 28719244
42361118 31808762
42361118 36198161
42361118 36993162
42361118 38542252
42361118 44121353
42361118 45416789
42361118 46147323
42361118 47161442
42361118 48370736
42361118 48485771
42361118 57986173
42361118 60968363
42361118 65913144
42361118 69679166
42361118 71268322
42361118 71383220
42361118 71606873
42361118 84043660
42361118 85343184
42361118 85388628
42361118 87764480
42361118 101633415
42361118 105310392
42361118 113025559
42361118 115444551
42361118 121258930
42361118 129279693
42361118 160839015
42361118 217932743
42361118 229141679
42361118 235216483
42361118 235818781
42361118 238289569
42361118 242024994
42361118 265732976
42361118 309366491
42943177 15913
42943177 3359851
42943177 6240732
42943177 7157132
42943177 19563357
42943177 21993653
42943177 26173611
42943177 33191389
42943177 51352986
42943177 87764480
43626328 15913
43626328 3096071
43626328 7565302
43626328 7702232
43626328 15222083
43626328 15757080
43626328 15838599
43626328 15853668
43626328 17092592
43626328 22679419
43626328 22705686
43626328 25827166
43626328 28960709
43626328 48485771
43626328 50499213
43626328 61853583
43626328 94414805
43626328 144040563
43626328 144723989
43626328 146155608
43626328 250831586
43626328 309366491
43626328 342279134
43662236 10350
43662236 15913
43662236 8207762
43662236 9451052
43662236 14589257
43662236 15575251
43662236 16038438
43662236 16909832
43662236 18666844
43662236 20273398
43662236 24585498
43662236 28202547
43662236 31808762
43662236 45784061
43662236 102903198
43880993 15913
43880993 1183041
43880993 6608332
43880993 7861312
43880993 12284582
43880993 12298182
43880993 12970892
43880993 14155052
43880993 14269220
43880993 14471778
43880993 14575846
43880993 14609321
43880993 14692604
43880993 15430929
43880993 15488968
43880993 15582769
43880993 16134428
43880993 16453996
43880993 16831715
43880993 16957273
43880993 17053354
43880993 17092592
43880993 17214479
43880993 17977714
43880993 18666844
43880993 18755518
43880993 18890465
43880993 19069709
43880993 19087813
43880993 19413393
43880993 19673424
43880993 21339114
43880993 24785621
43880993 31296704
43880993 31808762
43880993 38517589
43880993 39394932
43880993 48485771
43880993 52934175
43880993 58714972
43880993 60642921
43880993 64624131
43880993 87620061
43880993 96869096
43880993 105310392
43880993 108993961
43880993 128968339
43898124 12223
43898124 15913
43898124 3096071
43898124 7194892
43898124 9451052
43898124 13687132
43898124 14269093
43898124 14363438
43898124 14589257
43898124 15222083
43898124 15681129
43898124 18715024
43898124 19049747
43898124 19353331
43898124 19414296
43898124 20273398
43898124 24585498
43898124 35894617
43898124 36311369
43898124 38514229
43898124 64488804
43898124 87764480
43920492 10350
43920492 15913
43920492 3096071
43920492 3359851
43920492 4291741
43920492 5436192
43920492 5442012
43920492 6608332
43920492 7194892
43920492 7565302
43920492 14180231
43920492 14471778
43920492 14498387
43920492 14536491
43920492 14573745
43920492 14575846
43920492 14922225
43920492 15098511
43920492 15222083
43920492 15234657
43920492 15259010
43920492 16715096
43920492 17214479
43920492 17759701
43920492 18581803
43920492 18941809
43920492 19413393
43920492 19550535
43920492 19595287
43920492 20273398
43920492 20274104
43920492 22841103
43920492 24742040
43920492 28302257
43920492 31296704
43920492 38514229
43920492 45862504
43920492 64488804
43920492 71606873
43920492 87764480
43920492 90385486
44121353 15913
44121353 1072591
44121353 3299561
44121353 3359851
44121353 6547952
44121353 7565302
44121353 7860742
44121353 7872262
44121353 7874622
44121353 7875762
44121353 7875912
44121353 8005202
44121353 14155052
44121353 14416334
44121353 14498387
44121353 14515313
44121353 14589257
44121353 15575251
44121353 16098603
44121353 17759701
44121353 19300461
44121353 19370213
44121353 20273398
44121353 20880546
44121353 24004172
44121353 24641194
44121353 28719244
44121353 40753289
44121353 42361118
44121353 45416789
44121353 46147323
44121353 47161442
44121353 48485771
44121353 57986173
44121353 60968363
44121353 65913144
44121353 66791268
44121353 71606873
44121353 113025559
44121353 121258930
44121353 146155608
44121353 235818781
44121353 258218804
44234944 15913
44234944 5442012
44234944 20880546
44234944 24942585
44234944 48485771
44234944 59804598
44234944 121258930
44234944 144040563
44234944 146155608
44234944 155976326
44234944 411273721
44407802 15913
44407802 1265091
44407802 14269220
44407802 15094420
44407802 17140787
45416789 7846
45416789 10350
45416789 15913
45416789 1045521
45416789 1072591
45416789 1134701
45416789 3299561
45416789 3359851
45416789 3443591
45416789 5650332
45416789 6080022
45416789 7377812
45416789 7702232
45416789 7860742
45416789 7861312
45416789 7861622
45416789 7872262
45416789 7875762
45416789 7875912
45416789 7925002
45416789 8005202
45416789 8470732
45416789 8541492
45416789 9413072
45416789 9835242
45416789 10781842
45416789 11911082
45416789 13894102
45416789 14155052
45416789 14180231
45416789 14269220
45416789 14416334
45416789 14471778
45416789 14498387
45416789 14515313
45416789 14517343
45416789 14589257
45416789 14609321
45416789 14629510
45416789 14691709
45416789 14692604
45416789 14922225
45416789 14935647
45416789 15154217
45416789 15653423
45416789 15853668
45416789 16079941
45416789 16097743
45416789 16098603
45416789 16453996
45416789 16626187
45416789 16660064
45416789 17092592
45416789 17526132
45416789 17663756
45416789 17759701
45416789 18021714
45416789 18581803
45416789 18666844
45416789 18776017
45416789 19300461
45416789 19370213
45416789 20274104
45416789 20490915
45416789 20880546
45416789 21195122
45416789 22335214
45416789 22679419
45416789 22705686
45416789 24004172
45416789 24081780
45416789 24641194
45416789 24742040
45416789 25026165
45416789 25952851
45416789 26256596
45416789 28037700
45416789 28719244
45416789 36198161
45416789 36993162
45416789 38542252
45416789 42361118
45416789 44121353
45416789 46147323
45416789 47161442
45416789 48370736
45416789 48485771
45416789 57986173
45416789 60968363
45416789 65913144
45416789 66791268
45416789 71268322
45416789 71383220
45416789 71606873
45416789 73077189
45416789 84043660
45416789 85388628
45416789 87764480
45416789 94414805
45416789 101633415
45416789 113025559
45416789 115444551
45416789 115717640
45416789 116952434
45416789 121258930
45416789 127178017
45416789 129279693
45416789 165580617
45416789 200212364
45416789 217932743
45416789 235216483
45416789 242024994
45416789 258218804
45416789 265732976
45416789 275608958
45416789 286118150
45416789 308693201
45416789 309366491
45416789 319036126
45509346 15913
45509346 5442012
45509346 5452672
45509346 14038862
45509346 15112961
45509346 15575251
45509346 15653423
45509346 17140787
45509346 17586739
45509346 18776017
45509346 19162933
45509346 20273398
45509346 20323999
45509346 20880546
45509346 23140494
45509346 23457239
45509346 24742040
45509346 24942585
45509346 25026165
45509346 28719244
45509346 30680870
45509346 31037985
45509346 36198161
45509346 41937748
45509346 47495471
45509346 48485771
45509346 48621884
45509346 53685618
45509346 54514600
45509346 59804598
45509346 61853583
45509346 72156360
45509346 75914648
45509346 84043660
45509346 103661402
45509346 117187783
45509346 117541123
45509346 121258930
45509346 144040563
45509346 146155608
45509346 152435436
45509346 155976326
45509346 179524189
45509346 198876913
45509346 200212364
45509346 203261300
45509346 207752295
45509346 306445007
45509346 307642294
45509346 308103112
45509346 312604104
45509346 316264827
45509346 325106566
45509346 326659062
45509346 341840097
45509346 343042051
45509346 355637036
45509346 370952365
45509346 384388981
45509346 401029555
45509346 411273721
45509346 417927586
45509346 422253889
45705189 15913
45705189 3359851
45705189 3442781
45705189 3443591
45705189 5442012
45705189 5452672
45705189 5906322
45705189 7565302
45705189 7860742
45705189 8001572
45705189 10824382
45705189 12121162
45705189 12127832
45705189 14038862
45705189 14269220
45705189 14498387
45705189 14874480
45705189 14922225
45705189 15112961
45705189 15234657
45705189 15653423
45705189 16098603
45705189 16513135
45705189 17092592
45705189 17552077
45705189 18581803
45705189 18666844
45705189 18776017
45705189 18849313
45705189 19595287
45705189 20880546
45705189 21993653
45705189 22679419
45705189 22831657
45705189 23140494
45705189 24742040
45705189 24942585
45705189 27956824
45705189 31037985
45705189 31524543
45705189 34068984
45705189 34771668
45705189 36198161
45705189 38542252
45705189 41172837
45705189 48485771
45705189 51352986
45705189 57986173
45705189 59414975
45705189 59804598
45705189 64285972
45705189 74286565
45705189 85215038
45705189 85343184
45705189 90385486
45705189 93905958
45705189 94454911
45705189 111210694
45705189 121258930
45705189 144040563
45705189 146155608
45705189 155976326
45705189 187744415
45705189 191548936
45705189 235818781
45705189 254457417
45705189 275608958
45705189 290097288
45705189 294198566
45705189 299442187
45705189 374936497
45705189 548679814
45784061 12223
45784061 15913
45784061 6608332
45784061 6898832
45784061 9451052
45784061 12284582
45784061 14224219
45784061 14337677
45784061 14575846
45784061 15575251
45784061 15839551
45784061 16799897
45784061 18715024
45784061 18755518
45784061 19414296
45784061 24585498
45784061 28202547
45784061 33191389
45784061 43662236
45784061 48485771
45784061 154708725
45784061 268479669
45862504 12223
45862504 15913
45862504 1183041
45862504 1702611
45862504 3359851
45862504 3443591
45862504 5442012
45862504 5906322
45862504 7377812
45862504 7434902
45862504 7565302
45862504 7860742
45862504 7861312
45862504 9275742
45862504 9451052
45862504 13687132
45862504 14269220
45862504 14589257
45862504 14922225
45862504 15098511
45862504 15222083
45862504 15234657
45862504 15259010
45862504 15575251
45862504 15578992
45862504 15838599
45862504 17092592
45862504 17214479
45862504 17521796
45862504 17552077
45862504 18715024
45862504 18755518
45862504 18900668
45862504 19161407
45862504 19414296
45862504 19595287
45862504 20273398
45862504 21339114
45862504 22679419
45862504 22841103
45862504 23645599
45862504 24585498
45862504 31037985
45862504 33191389
45862504 48485771
45862504 59414975
45862504 64488804
45862504 87764480
45862504 90964854
45862504 92357649
45862504 144040563
46147323 15913
46147323 1134701
46147323 7860742
46147323 7872262
46147323 7875762
46147323 7925002
46147323 8470732
46147323 14515313
46147323 14922225
46147323 15707278
46147323 16098603
46147323 16549423
46147323 19193475
46147323 19370213
46147323 22335214
46147323 24004172
46147323 24081780
46147323 24641194
46147323 25026165
46147323 36993162
46147323 42361118
46147323 44121353
46147323 45416789
46147323 47161442
46147323 57986173
46147323 60968363
46147323 65913144
46147323 66791268
46147323 71606873
46147323 129279693
46147323 235818781
46241569 15913
46241569 1134701
46241569 2034901
46241569 7078732
46241569 8001572
46241569 14269220
46241569 14500681
46241569 14517343
46241569 14691709
46241569 14994418
46241569 15154217
46241569 15520280
46241569 18021714
46241569 18666844
46241569 24081780
46241569 34771668
46241569 35598550
46241569 41226089
46241569 59414975
46241569 59804598
46241569 90942642
46241569 221198749
46241569 222640532
46241569 235818781
46762510 14180231
46762510 18581803
46762510 67818595
46762510 105895378
46762510 210639349
46762510 281159810
46762510 298757008
46762510 307642294
46762510 310233571
46762510 341840097
46762510 384621304
46762510 417927586
47161442 10350
47161442 15913
47161442 1045521
47161442 1072591
47161442 1134701
47161442 3062761
47161442 3359851
47161442 3443591
47161442 5650332
47161442 7157132
47161442 7377812
47161442 7565302
47161442 7860742
47161442 7861312
47161442 7872262
47161442 7874622
47161442 7875762
47161442 7875912
47161442 7925002
47161442 8005202
47161442 8470732
47161442 8541492
47161442 14269220
47161442 14411683
47161442 14416334
47161442 14471778
47161442 14498387
47161442 14515313
47161442 14517343
47161442 14688086
47161442 14691709
47161442 14922225
47161442 14935647
47161442 15428643
47161442 15555645
47161442 16079941
47161442 16097743
47161442 16098603
47161442 16453996
47161442 16549423
47161442 16660064
47161442 17526132
47161442 17663756
47161442 17759701
47161442 18021714
47161442 18581803
47161442 18776017
47161442 19088451
47161442 19300461
47161442 19370213
47161442 19622462
47161442 20274104
47161442 20315513
47161442 20490915
47161442 21195122
47161442 22679419
47161442 24004172
47161442 24081780
47161442 24641194
47161442 24742040
47161442 25026165
47161442 26256596
47161442 28037700
47161442 28719244
47161442 30023595
47161442 34068984
47161442 36198161
47161442 36993162
47161442 42361118
47161442 44121353
47161442 45416789
47161442 46147323
47161442 48370736
47161442 57986173
47161442 60968363
47161442 65913144
47161442 66791268
47161442 71268322
47161442 71383220
47161442 71606873
47161442 84043660
47161442 85388628
47161442 94414805
47161442 101633415
47161442 113025559
47161442 117187783
47161442 129279693
47161442 131296459
47161442 146350964
47161442 196710000
47161442 217932743
47161442 235216483
47161442 242024994
47161442 258218804
47161442 275608958
47161442 309366491
47495471 15913
47495471 5442012
47495471 14038862
47495471 14180231
47495471 15112961
47495471 15234657
47495471 15653423
47495471 17586739
47495471 17632072
47495471 18581803
47495471 20323999
47495471 20471349
47495471 20880546
47495471 22679419
47495471 23140494
47495471 23215572
47495471 24742040
47495471 24942585
47495471 28281437
47495471 28719244
47495471 45509346
47495471 48485771
47495471 59804598
47495471 61853583
47495471 103661402
47495471 105150583
47495471 121258930
47495471 144040563
47495471 146155608
47495471 146320301
47495471 155976326
47495471 198876913
47495471 207752295
47495471 211614808
47495471 213504157
47495471 258203336
47495471 259074185
47495471 307642294
47495471 309325161
47495471 324061899
47495471 326659062
47495471 343042051
47495471 370952365
47495471 384388981
47495471 411273721
47495471 417927586
47495471 422253889
47495471 499839056
47495471 566753653
48370736 10350
48370736 15913
48370736 1065921
48370736 1134701
48370736 1183041
48370736 3442781
48370736 3443591
48370736 6068612
48370736 7157132
48370736 7194892
48370736 7565302
48370736 7852172
48370736 7860742
48370736 7861312
48370736 7872262
48370736 7925002
48370736 8470732
48370736 9451052
48370736 9835242
48370736 10824382
48370736 13185852
48370736 13687132
48370736 14038862
48370736 14270527
48370736 14471778
48370736 14589257
48370736 14609321
48370736 14688086
48370736 14691709
48370736 14922225
48370736 15234657
48370736 15575251
48370736 15739966
48370736 15838599
48370736 16038438
48370736 16079941
48370736 16098603
48370736 16453996
48370736 16626187
48370736 16660064
48370736 16799897
48370736 17092592
48370736 17759701
48370736 18445879
48370736 18712070
48370736 18776017
48370736 19413393
48370736 20273398
48370736 20274104
48370736 20880546
48370736 21195122
48370736 21637624
48370736 22679419
48370736 22841103
48370736 24081780
48370736 24585498
48370736 24641194
48370736 24742040
48370736 28202547
48370736 36993162
48370736 38514229
48370736 41172837
48370736 42361118
48370736 45416789
48370736 45862504
48370736 47161442
48370736 48485771
48370736 57986173
48370736 59414975
48370736 60968363
48370736 64488804
48370736 65913144
48370736 66791268
48370736 71268322
48370736 71383220
48370736 71606873
48370736 87764480
48370736 90964854
48370736 101633415
48370736 115444551
48370736 115717640
48370736 121258930
48370736 129279693
48370736 165580617
48370736 188035912
48370736 235216483
48370736 235818781
48370736 275608958
48485771 7846
48485771 10350
48485771 12223
48485771 15913
48485771 1712051
48485771 3096071
48485771 3443591
48485771 5442012
48485771 5452672
48485771 5848412
48485771 7194892
48485771 7710472
48485771 7861312
48485771 9275742
48485771 9451052
48485771 10115042
48485771 12284582
48485771 14155052
48485771 14589257
48485771 14691709
48485771 15112961
48485771 15154217
48485771 15222083
48485771 15234657
48485771 15520280
48485771 15575251
48485771 15638249
48485771 15681129
48485771 15839551
48485771 16079941
48485771 16098603
48485771 16102815
48485771 16438354
48485771 16799897
48485771 17140787
48485771 17552077
48485771 17728340
48485771 18445879
48485771 18755518
48485771 18776017
48485771 18897157
48485771 19162933
48485771 19414296
48485771 19595287
48485771 20019469
48485771 20065936
48485771 20108560
48485771 20273398
48485771 20880546
48485771 23140494
48485771 23645599
48485771 24585498
48485771 24942585
48485771 25538903
48485771 28202547
48485771 31037985
48485771 33191389
48485771 34068984
48485771 36311369
48485771 38724356
48485771 52934175
48485771 61853583
48485771 64488804
48485771 66499322
48485771 84043660
48485771 87620061
48485771 93905958
48485771 96869096
48485771 121258930
48485771 144040563
48485771 146071420
48485771 146155608
48485771 154708725
48485771 155976326
48485771 203261300
48485771 297472992
48621884 15913
48621884 5442012
48621884 7860742
48621884 9117202
48621884 15653423
48621884 17586739
48621884 18776017
48621884 19162933
48621884 20471349
48621884 20880546
48621884 22273748
48621884 24942585
48621884 25026165
48621884 28719244
48621884 30680870
48621884 48485771
48621884 52559331
48621884 59005241
48621884 75914648
48621884 86852135
48621884 95109615
48621884 121258930
48621884 131350078
48621884 151711230
48621884 184637153
48621884 198876913
48621884 200212364
48621884 207752295
48621884 265732976
48621884 306445007
48621884 355637036
48621884 401029555
48621884 416718047
48621884 422950468
48621884 466645680
48939443 3359851
48939443 7860742
48939443 15070932
48939443 17564647
48939443 17759701
48939443 19311729
48939443 20471349
48939443 21075893
48939443 36836939
48939443 36850842
48939443 41656802
48939443 77806232
48939443 87044829
48939443 105895378
48939443 115313263
48939443 121472925
48939443 123684709
48939443 127935456
48939443 131490551
48939443 134979402
48939443 146350964
48939443 160008685
48939443 163339795
48939443 165795009
48939443 172161833
48939443 183663839
48939443 211614808
48939443 213032194
48939443 238308325
48939443 240063501
48939443 245394117
48939443 250441643
48939443 250708662
48939443 252887163
48939443 253893287
48939443 258203336
48939443 262775327
48939443 275550472
48939443 275608958
48939443 277675909
48939443 281159810
48939443 284174632
48939443 288231953
48939443 296242468
48939443 307642294
48939443 309325161
48939443 322822476
48939443 325106566
48939443 339943969
48939443 356447837
48939443 362626342
48939443 374949999
48939443 381788237
48939443 384621304
48939443 422253889
48939443 431983156
48939443 543373651
49465463 15913
49465463 849131
49465463 1455911
49465463 5676102
49465463 11666142
49465463 14091509
49465463 15670515
49465463 16095572
49465463 16120265
49465463 16409781
49465463 16425197
49465463 16930986
49465463 17000457
49465463 24741685
49465463 91396874
49465463 164859947
49781679 23215572
49781679 24125323
49781679 26800967
49781679 58245520
49781679 59804598
49781679 87044829
49781679 115313263
49781679 172161833
49781679 186745799
49781679 247031120
49781679 250831586
49781679 307642294
49781679 309325161
49781679 322822476
49781679 325106566
49781679 339943969
49781679 385621090
50499213 15913
50499213 2609891
50499213 8146732
50499213 15757080
50499213 15838599
50499213 15853668
50499213 17092592
50499213 19720019
50499213 25026165
50499213 25952851
50499213 26000424
50499213 28960709
50499213 43626328
50499213 66905823
50499213 94414805
50499213 128302994
50499213 144723989
50499213 309366491
51140674 10350
51140674 15913
51140674 1183041
51140674 7861312
51140674 11666142
51140674 15447248
51140674 24742040
51352986 12223
51352986 15913
51352986 1702611
51352986 3443591
51352986 3733331
51352986 3954801
51352986 4291741
51352986 7194892
51352986 8001572
51352986 14269220
51352986 14453798
51352986 14536491
51352986 14575846
51352986 14609321
51352986 15154217
51352986 15332029
51352986 15447248
51352986 15582769
51352986 15837367
51352986 16098603
51352986 16660064
51352986 16957273
51352986 18715024
51352986 19414296
51352986 19563357
51352986 21993653
51352986 34771668
51352986 42943177
51352986 45705189
51352986 75165115
51352986 93905958
52559331 5442012
52559331 7860742
52559331 15653423
52559331 18776017
52559331 22273748
52559331 25827166
52559331 28719244
52559331 30680870
52559331 48485771
52559331 48621884
52559331 54514600
52559331 59005241
52559331 84052794
52559331 95109615
52559331 121258930
52559331 144040563
52559331 146155608
52559331 146320301
52559331 179524189
52559331 198876913
52559331 200212364
52559331 282733465
52559331 307642294
52559331 324061899
52559331 349358004
52559331 355637036
52559331 365904984
52559331 367443729
52559331 401029555
52559331 422950468
52559331 466645680
52934175 15913
52934175 1247691
52934175 12284582
52934175 14224219
52934175 14471778
52934175 14609321
52934175 15575251
52934175 17140787
52934175 18946688
52934175 20880546
52934175 25566593
52934175 48485771
52934175 60642921
52934175 96869096
52934175 175181917
53459595 15913
53459595 9413072
53459595 14609321
53459595 14692604
53459595 16098603
53459595 17214479
53459595 18666844
53459595 18776017
53459595 24004172
53459595 48485771
53459595 65913144
53459595 101633415
53459595 158558510
53685618 15913
53685618 5442012
53685618 15112961
53685618 15653423
53685618 16626187
53685618 17632072
53685618 20323999
53685618 20880546
53685618 23140494
53685618 24742040
53685618 24942585
53685618 25026165
53685618 28719244
53685618 31037985
53685618 41937748
53685618 44234944
53685618 45509346
53685618 45862504
53685618 47495471
53685618 48485771
53685618 59804598
53685618 63644892
53685618 64488804
53685618 82969251
53685618 97551846
53685618 103661402
53685618 121258930
53685618 144040563
53685618 146155608
53685618 146320301
53685618 152435436
53685618 155976326
53685618 213504157
53685618 270076706
53685618 307642294
53685618 324061899
53685618 343042051
53685618 370952365
53685618 411273721
53685618 566753653
53789489 12223
53789489 15913
53789489 4291741
53789489 6773622
53789489 12298182
53789489 13185852
53789489 13356642
53789489 14155052
53789489 14224219
53789489 14363438
53789489 14453798
53789489 14575846
53789489 15154217
53789489 15520280
53789489 15638249
53789489 18715024
53789489 18755518
53789489 18849368
53789489 19414296
53789489 19550535
53789489 24585498
53789489 28202547
53789489 33191389
53789489 39394932
53789489 64624131
53789489 87620061
53789489 114115460
54514600 15913
54514600 5442012
54514600 15653423
54514600 17586739
54514600 20880546
54514600 24942585
54514600 30680870
54514600 45509346
54514600 48485771
54514600 52559331
54514600 121258930
54514600 144040563
54514600 146155608
54514600 198876913
54514600 307642294
54514600 367443729
54514600 422950468
55019615 15913
55019615 2609891
55019615 7702232
55019615 7860742
55019615 14168488
55019615 15234657
55019615 15757080
55019615 15838599
55019615 15853668
55019615 18776017
55019615 19720019
55019615 25569713
55019615 26000424
55019615 26444473
55019615 28960709
55019615 31232539
55019615 33358162
55019615 36198161
55019615 38685348
55019615 43626328
55019615 48485771
55019615 50499213
55019615 58497291
55019615 59414975
55019615 66905823
55019615 116952434
55019615 127178017
55019615 128302994
55019615 144040563
55019615 212498957
55019615 309366491
55338862 13348
55338862 15913
55338862 72373
55338862 849131
55338862 992031
55338862 1065921
55338862 1183041
55338862 1249431
55338862 1937751
55338862 2549701
55338862 2593511
55338862 3824401
55338862 4068821
55338862 7626162
55338862 7861312
55338862 11272122
55338862 11461102
55338862 13687132
55338862 13894102
55338862 14114985
55338862 15670515
55338862 15853073
55338862 16120265
55338862 16409781
55338862 16425197
55338862 17092592
55338862 17526132
55338862 18666844
55338862 19558435
55338862 19732725
55338862 19774817
55338862 22970486
55338862 24742040
55338862 24911468
55338862 34356968
55338862 55655811
55338862 59804598
55338862 93905958
55338862 126536128
55338862 126979753
55338862 151223147
55655811 15913
55655811 1065921
55655811 4068821
55655811 5442012
55655811 6080022
55655811 7377812
55655811 7852172
55655811 8001572
55655811 9500062
55655811 10824382
55655811 14424667
55655811 14498387
55655811 14506809
55655811 14536491
55655811 14750463
55655811 15853668
55655811 17092592
55655811 17526132
55655811 17794004
55655811 18776017
55655811 18859819
55655811 20315513
55655811 21195122
55655811 22705686
55655811 24081780
55655811 25026165
55655811 25952851
55655811 26256596
55655811 28719244
55655811 28933226
55655811 48485771
55655811 55338862
55655811 58497291
55655811 75165115
55655811 128968339
55655811 144040563
55655811 144723989
55655811 146155608
57244828 15913
57244828 3242491
57244828 4068821
57244828 5442012
57244828 9500062
57244828 11461102
57244828 14038862
57244828 14470019
57244828 14506809
57244828 18532553
57244828 18859819
57244828 19595287
57244828 20262322
57244828 28933226
57244828 75165115
57986173 15913
57986173 1072591
57986173 1134701
57986173 5650332
57986173 7860742
57986173 7872262
57986173 7875762
57986173 7875912
57986173 7925002
57986173 8470732
57986173 9835242
57986173 14269220
57986173 14498387
57986173 14500681
57986173 14515313
57986173 14922225
57986173 16097743
57986173 16098603
57986173 16453996
57986173 16660064
57986173 17663756
57986173 18021714
57986173 18068719
57986173 19370213
57986173 21195122
57986173 22679419
57986173 24004172
57986173 24081780
57986173 24641194
57986173 24742040
57986173 28719244
57986173 34068984
57986173 34360475
57986173 36993162
57986173 42361118
57986173 45416789
57986173 46147323
57986173 47161442
57986173 60968363
57986173 63787760
57986173 65913144
57986173 66791268
57986173 71268322
57986173 71606873
57986173 113025559
57986173 115444551
57986173 129279693
57986173 187744415
57986173 217932743
57986173 235818781
57986173 242024994
57986173 258218804
57986173 275608958
57986173 290097288
57986173 309366491
58245520 15653423
58245520 17564647
58245520 23215572
58245520 24125323
58245520 26176694
58245520 26800967
58245520 40329238
58245520 49781679
58245520 59804598
58245520 67818595
58245520 105895378
58245520 115313263
58245520 127935456
58245520 160008685
58245520 186745799
58245520 211614808
58245520 247031120
58245520 253893287
58245520 287411130
58245520 307642294
58245520 308103112
58245520 309325161
58245520 325106566
58245520 339943969
58245520 382360772
58245520 431983156
58245520 498542846
58245520 548631386
58497291 15913
58497291 2609891
58497291 7702232
58497291 14573745
58497291 15853668
58497291 18776017
58497291 20315513
58497291 22705686
58497291 25026165
58497291 25569713
58497291 26000424
58497291 26444473
58497291 38685348
58497291 48485771
58497291 66905823
58497291 116952434
58497291 126444583
58497291 184637153
58497291 204089551
58497291 238289569
58714972 10350
58714972 15913
58714972 1461211
58714972 1702611
58714972 3096071
58714972 3462421
58714972 7194892
58714972 7565302
58714972 7710472
58714972 7861312
58714972 8207762
58714972 9451052
58714972 12970892
58714972 13356642
58714972 13687132
58714972 14453798
58714972 14573745
58714972 14575846
58714972 14609321
58714972 15112961
58714972 15234657
58714972 15234679
58714972 15488968
58714972 15567576
58714972 15575251
58714972 15591032
58714972 15681129
58714972 16038438
58714972 16079941
58714972 16098603
58714972 16909832
58714972 17214479
58714972 17526132
58714972 18445879
58714972 18776017
58714972 18849313
58714972 18897157
58714972 24585498
58714972 28202547
58714972 31808762
58714972 48485771
58714972 64488804
58714972 69679166
58714972 102903198
58714972 105310392
58714972 223247584
59005241 5442012
59005241 7860742
59005241 15853668
59005241 18776017
59005241 20880546
59005241 22273748
59005241 24004172
59005241 24942585
59005241 28719244
59005241 30680870
59005241 37444945
59005241 48485771
59005241 48621884
59005241 52559331
59005241 75914648
59005241 95109615
59005241 121258930
59005241 146155608
59005241 146320301
59005241 200212364
59005241 270076706
59005241 282733465
59005241 307642294
59005241 349358004
59005241 365904984
59005241 367443729
59005241 394475305
59005241 401029555
59005241 421848829
59005241 422950468
59005241 466645680
59414975 15913
59414975 3242491
59414975 3443591
59414975 6086752
59414975 7078732
59414975 7159422
59414975 8001572
59414975 12298182
59414975 14168488
59414975 14269220
59414975 14363438
59414975 14444530
59414975 14500681
59414975 14506809
59414975 15154217
59414975 15428643
59414975 15520280
59414975 15853668
59414975 16453996
59414975 16507692
59414975 17140787
59414975 17409832
59414975 18666844
59414975 19519349
59414975 20273398
59414975 20490915
59414975 22900797
59414975 24742040
59414975 34771668
59414975 35598550
59414975 41226089
59414975 45705189
59414975 46241569
59414975 59804598
59414975 94454911
59414975 96605784
59414975 114115460
59414975 214618570
59414975 221198749
59804598 7846
59804598 10350
59804598 12223
59804598 15913
59804598 729733
59804598 849131
59804598 1045521
59804598 1065921
59804598 1134701
59804598 1183041
59804598 1247691
59804598 1249431
59804598 1702611
59804598 1937751
59804598 2549701
59804598 2585151
59804598 2585721
59804598 2589661
59804598 2593511
59804598 2718241
59804598 2757281
59804598 2911091
59804598 3042321
59804598 3062761
59804598 3096071
59804598 3242491
59804598 3253671
59804598 3296721
59804598 3321441
59804598 3359851
59804598 3443591
59804598 3550301
59804598 3733331
59804598 3824401
59804598 4065921
59804598 4068821
59804598 4291741
59804598 4398351
59804598 5193261
59804598 5443002
59804598 5445442
59804598 5452672
59804598 5650332
59804598 6080022
59804598 6085372
59804598 6086752
59804598 6547952
59804598 6608332
59804598 6724092
59804598 6834572
59804598 6896262
59804598 7078732
59804598 7157132
59804598 7159422
59804598 7377812
59804598 7409232
59804598 7860742
59804598 7861312
59804598 8001572
59804598 8054392
59804598 8541492
59804598 9117202
59804598 9275742
59804598 9413072
59804598 9719882
59804598 10781842
59804598 11272122
59804598 11461102
59804598 11648692
59804598 11911082
59804598 12494542
59804598 12681982
59804598 12771872
59804598 13185852
59804598 13434622
59804598 13687132
59804598 13869742
59804598 14038862
59804598 14114985
59804598 14179545
59804598 14213856
59804598 14232363
59804598 14269220
59804598 14337677
59804598 14339261
59804598 14416334
59804598 14424667
59804598 14444530
59804598 14453798
59804598 14470019
59804598 14471778
59804598 14498387
59804598 14506809
59804598 14517343
59804598 14559570
59804598 14575846
59804598 14589257
59804598 14709855
59804598 14874480
59804598 14921836
59804598 14922225
59804598 14935647
59804598 15154217
59804598 15234657
59804598 15259010
59804598 15332029
59804598 15394673
59804598 15428643
59804598 15430929
59804598 15434432
59804598 15520280
59804598 15582769
59804598 15591032
59804598 15638249
59804598 15653423
59804598 15681129
59804598 15844409
59804598 16030324
59804598 16134428
59804598 16453996
59804598 16458937
59804598 16463030
59804598 16513135
59804598 16626187
59804598 16640481
59804598 16651072
59804598 16715096
59804598 16874875
59804598 16886225
59804598 16957273
59804598 17016709
59804598 17053354
59804598 17092592
59804598 17140787
59804598 17526132
59804598 17548445
59804598 17552077
59804598 17632072
59804598 17663756
59804598 17722816
59804598 17794004
59804598 17857716
59804598 18176640
59804598 18285245
59804598 18345193
59804598 18581803
59804598 18666844
59804598 18715024
59804598 18776017
59804598 18783763
59804598 18811254
59804598 18819691
59804598 18849368
59804598 18859819
59804598 18897157
59804598 18900668
59804598 18941809
59804598 19010126
59804598 19069709
59804598 19550535
59804598 19563357
59804598 19595287
59804598 19732725
59804598 19774817
59804598 19970426
59804598 20262322
59804598 20273398
59804598 20274104
59804598 20439140
59804598 20490915
59804598 20642115
59804598 21195122
59804598 21239763
59804598 21430043
59804598 21504535
59804598 21517874
59804598 21637624
59804598 22705686
59804598 22715267
59804598 22831657
59804598 22970486
59804598 23140494
59804598 23457239
59804598 23645599
59804598 24004172
59804598 24081780
59804598 24585498
59804598 24636976
59804598 24641194
59804598 24741685
59804598 24742040
59804598 24785621
59804598 24911468
59804598 24942585
59804598 25026165
59804598 25649234
59804598 25952851
59804598 26800967
59804598 27956824
59804598 28302257
59804598 28719244
59804598 28933226
59804598 29785987
59804598 30528575
59804598 31296704
59804598 34455805
59804598 34771668
59804598 35569745
59804598 36311369
59804598 36722068
59804598 36850842
59804598 38542252
59804598 40329238
59804598 41209552
59804598 41937748
59804598 42361118
59804598 43626328
59804598 44121353
59804598 45705189
59804598 46241569
59804598 47495471
59804598 48485771
59804598 53685618
59804598 55338862
59804598 57244828
59804598 58245520
59804598 59414975
59804598 60968363
59804598 63644892
59804598 63787760
59804598 64285972
59804598 65913144
59804598 66791268
59804598 71862367
59804598 74325773
59804598 79056710
59804598 83506209
59804598 84672379
59804598 85215038
59804598 85343184
59804598 90385486
59804598 93905958
59804598 94454911
59804598 111210694
59804598 115717640
59804598 116952434
59804598 117541123
59804598 121258930
59804598 123004655
59804598 123684709
59804598 126444583
59804598 126979753
59804598 132253772
59804598 144040563
59804598 146071420
59804598 151223147
59804598 152435436
59804598 160959034
59804598 174541760
59804598 183663839
59804598 184637153
59804598 188398607
59804598 191548936
59804598 204089551
59804598 210731960
59804598 214618570
59804598 217932743
59804598 235216483
59804598 238289569
59804598 238308325
59804598 252887163
59804598 253893287
59804598 262775327
59804598 265732976
59804598 270076706
59804598 299442187
59804598 307642294
59804598 309064372
59804598 309325161
59804598 316264827
59804598 322822476
59804598 339943969
59804598 356447837
59804598 381296177
59804598 384388981
59804598 430174478
60642052 3840
60642052 13348
60642052 15913
60642052 11666142
60642921 15913
60642921 1183041
60642921 1247691
60642921 7861312
60642921 12284582
60642921 14269220
60642921 14575846
60642921 14609321
60642921 15430929
60642921 15582769
60642921 16134428
60642921 17140787
60642921 18666844
60642921 18755518
60642921 18890465
60642921 18946688
60642921 19774817
60642921 21339114
60642921 21517874
60642921 25566593
60642921 38517589
60642921 43880993
60642921 48485771
60642921 52934175
60642921 87620061
60642921 96869096
60642921 128968339
60642921 175181917
60642921 214618570
60968363 7846
60968363 15913
60968363 1065921
60968363 1072591
60968363 1134701
60968363 3359851
60968363 3443591
60968363 6608332
60968363 7565302
60968363 7852172
60968363 7860742
60968363 7861312
60968363 7872262
60968363 7875762
60968363 7875912
60968363 7925002
60968363 8470732
60968363 8541492
60968363 9835242
60968363 14270527
60968363 14471778
60968363 14498387
60968363 14515313
60968363 14629510
60968363 14688086
60968363 14691709
60968363 14922225
60968363 15222083
60968363 15234657
60968363 15853668
60968363 16097743
60968363 16098603
60968363 16453996
60968363 16549423
60968363 17526132
60968363 17663756
60968363 17759701
60968363 18021714
60968363 18581803
60968363 18712070
60968363 18776017
60968363 19370213
60968363 20274104
60968363 21195122
60968363 22335214
60968363 22679419
60968363 24004172
60968363 24081780
60968363 24641194
60968363 24742040
60968363 28719244
60968363 36993162
60968363 42361118
60968363 44121353
60968363 45416789
60968363 46147323
60968363 47161442
60968363 48370736
60968363 48485771
60968363 57986173
60968363 65913144
60968363 66791268
60968363 71268322
60968363 71383220
60968363 71606873
60968363 113025559
60968363 129279693
60968363 235216483
60968363 235818781
60968363 242024994
60968363 258218804
60968363 275608958
60968363 308693201
60968363 309366491
61436635 15913
61436635 9451052
61436635 15234657
61853583 1712051
61853583 5442012
61853583 7702232
61853583 15112961
61853583 15853668
61853583 20323999
61853583 22273748
61853583 22705686
61853583 23140494
61853583 23457239
61853583 24942585
61853583 25026165
61853583 25827166
61853583 26000424
61853583 28719244
61853583 30680870
61853583 36198161
61853583 43626328
61853583 48485771
61853583 94414805
61853583 103661402
61853583 121258930
61853583 131350078
61853583 144040563
61853583 146155608
61853583 151711230
61853583 155976326
61853583 196710000
61853583 198876913
61853583 207752295
61853583 278062722
61853583 306445007
61853583 309366491
61853583 365904984
63644892 15913
63644892 849131
63644892 3359851
63644892 5442012
63644892 9275742
63644892 9451052
63644892 11272122
63644892 14269220
63644892 14444530
63644892 15112961
63644892 15575251
63644892 16409781
63644892 16626187
63644892 17613979
63644892 18859819
63644892 19595287
63644892 20880546
63644892 22679419
63644892 22831657
63644892 23140494
63644892 24560836
63644892 24742040
63644892 24942585
63644892 31037985
63644892 41937748
63644892 45705189
63644892 45862504
63644892 48485771
63644892 53685618
63644892 59804598
63644892 64488804
63644892 74286565
63644892 84043660
63644892 91396874
63644892 93905958
63644892 121258930
63644892 123004655
63644892 126979753
63644892 144040563
63644892 146155608
63644892 155976326
63644892 307642294
63644892 316264827
63787760 15913
63787760 65673
63787760 2260771
63787760 3359851
63787760 9451052
63787760 12121162
63787760 12127832
63787760 14339261
63787760 16098603
63787760 18176640
63787760 18811197
63787760 19215583
63787760 19563357
63787760 21195122
63787760 21239763
63787760 34068984
63787760 38542252
63787760 48485771
63787760 57986173
63787760 64285972
63787760 75165115
63787760 85215038
63787760 85343184
63787760 93905958
63787760 94454911
63787760 111210694
63787760 116952434
63787760 144064703
63787760 154708725
63787760 187744415
63787760 191548936
63787760 290097288
63787760 294198566
63787760 374936497
63787760 430174478
63796828 15913
63796828 1183041
63796828 7565302
63796828 7861312
63796828 9451052
63796828 14874480
63796828 14922225
63796828 15234657
63796828 15670515
63796828 15853668
63796828 23645599
63796828 24741685
63796828 24742040
63796828 26173611
63796828 34068984
63796828 59804598
63796828 90964854
63796828 92357649
63796828 250831586
63796828 308693201
64121269 15913
64121269 820281
64121269 1183041
64121269 8001572
64121269 13356642
64121269 14363438
64121269 15154217
64121269 15520280
64121269 16224299
64121269 16627086
64121269 17409832
64121269 19993335
64121269 24585498
64121269 31037985
64121269 33191389
64121269 34771668
64121269 48485771
64121269 59414975
64121269 87620061
64121269 469024995
64285972 15913
64285972 3359851
64285972 5442012
64285972 5443002
64285972 7565302
64285972 9451052
64285972 12121162
64285972 12127832
64285972 14038862
64285972 14536491
64285972 14691709
64285972 15575251
64285972 17552077
64285972 19129073
64285972 19215583
64285972 19413393
64285972 19563357
64285972 20471349
64285972 20567578
64285972 21195122
64285972 21239763
64285972 21369192
64285972 21678052
64285972 22679419
64285972 31808762
64285972 33191389
64285972 34068984
64285972 41172837
64285972 45705189
64285972 59804598
64285972 63787760
64285972 75165115
64285972 85215038
64285972 85343184
64285972 93905958
64285972 144064703
64285972 152065057
64285972 154708725
64285972 155620461
64285972 183663839
64285972 186287415
64285972 187744415
64285972 191548936
64285972 204089551
64285972 217932743
64285972 245394117
64285972 254457417
64285972 262775327
64285972 275550472
64285972 275608958
64285972 284174632
64285972 288231953
64285972 290097288
64285972 294198566
64285972 381788237
64488804 10350
64488804 12223
64488804 15913
64488804 1702611
64488804 6206612
64488804 9451052
64488804 10824382
64488804 12298182
64488804 13356642
64488804 13687132
64488804 14155052
64488804 14179545
64488804 14453798
64488804 14575846
64488804 15112961
64488804 15638249
64488804 15681129
64488804 16265412
64488804 16874875
64488804 18715024
64488804 18755518
64488804 18849368
64488804 19414296
64488804 19550535
64488804 20273398
64488804 22679419
64488804 24004172
64488804 24585498
64488804 33191389
64488804 36311369
64488804 39394932
64488804 45862504
64488804 48485771
64488804 144040563
64624131 15913
64624131 1045521
64624131 1065921
64624131 1247691
64624131 1937751
64624131 3096071
64624131 3296721
64624131 3359851
64624131 3443591
64624131 5193261
64624131 5650332
64624131 6085372
64624131 6086752
64624131 6608332
64624131 6834572
64624131 7194892
64624131 7377812
64624131 8001572
64624131 9413072
64624131 9670952
64624131 11272122
64624131 11461102
64624131 12298182
64624131 12681982
64624131 13894102
64624131 14224219
64624131 14269220
64624131 14355610
64624131 14424667
64624131 14444530
64624131 14471778
64624131 14506809
64624131 14609321
64624131 14692604
64624131 14935647
64624131 15394673
64624131 15488968
64624131 16098603
64624131 16547411
64624131 16626187
64624131 16660064
64624131 17053354
64624131 17140787
64624131 17214479
64624131 17526132
64624131 18101470
64624131 18285245
64624131 18666844
64624131 18715024
64624131 18859819
64624131 18890465
64624131 18941809
64624131 19595287
64624131 19732725
64624131 19774817
64624131 24004172
64624131 24585498
64624131 25649234
64624131 27956824
64624131 31296704
64624131 43880993
64624131 53789489
64624131 69679166
64624131 71862367
64624131 87764480
64624131 101633415
64624131 105310392
64624131 123004655
65913144 7846
65913144 10350
65913144 15913
65913144 1045521
65913144 1065921
65913144 1072591
65913144 1134701
65913144 1183041
65913144 3062761
65913144 3299561
65913144 3359851
65913144 3443591
65913144 5650332
65913144 6080022
65913144 7377812
65913144 7702232
65913144 7852172
65913144 7860742
65913144 7861312
65913144 7861622
65913144 7872262
65913144 7875762
65913144 7875912
65913144 7925002
65913144 8005202
65913144 8146732
65913144 8470732
65913144 8541492
65913144 9413072
65913144 9835242
65913144 11911082
65913144 12681982
65913144 13894102
65913144 14180231
65913144 14270527
65913144 14416334
65913144 14453798
65913144 14471778
65913144 14498387
65913144 14500681
65913144 14506809
65913144 14515313
65913144 14517343
65913144 14536491
65913144 14589257
65913144 14609321
65913144 14629510
65913144 14688086
65913144 14692604
65913144 14922225
65913144 14935647
65913144 15112961
65913144 15154217
65913144 15575251
65913144 15653423
65913144 15853668
65913144 16079941
65913144 16097743
65913144 16098603
65913144 16453996
65913144 16549423
65913144 16660064
65913144 17526132
65913144 17759701
65913144 17794004
65913144 18021714
65913144 18068719
65913144 18666844
65913144 18712070
65913144 18776017
65913144 19161407
65913144 19300461
65913144 19370213
65913144 19595287
65913144 19732725
65913144 19774817
65913144 20274104
65913144 20490915
65913144 20880546
65913144 21195122
65913144 22335214
65913144 24004172
65913144 24081780
65913144 24641194
65913144 24942585
65913144 25952851
65913144 26256596
65913144 34068984
65913144 36993162
65913144 38514229
65913144 42361118
65913144 45416789
65913144 46147323
65913144 47161442
65913144 48370736
65913144 48485771
65913144 53459595
65913144 57986173
65913144 60968363
65913144 66791268
65913144 71268322
65913144 71383220
65913144 71606873
65913144 71862367
65913144 84043660
65913144 87764480
65913144 94414805
65913144 101633415
65913144 113025559
65913144 115444551
65913144 116952434
65913144 121258930
65913144 129279693
65913144 184637153
65913144 187744415
65913144 196710000
65913144 217932743
65913144 235216483
65913144 235818781
65913144 238289569
65913144 242024994
65913144 258218804
65913144 275608958
66499322 15913
66499322 7384432
66499322 7861312
66499322 14155052
66499322 14448205
66499322 18666844
66499322 18755518
66499322 18890465
66499322 20880546
66499322 28192145
66499322 48485771
66499322 121258930
66499322 126042901
66791268 15913
66791268 1134701
66791268 3359851
66791268 7860742
66791268 7861312
66791268 7872262
66791268 7875762
66791268 7925002
66791268 8005202
66791268 8470732
66791268 9835242
66791268 10824382
66791268 14446419
66791268 14471778
66791268 14498387
66791268 14515313
66791268 14589257
66791268 14691709
66791268 14922225
66791268 15707278
66791268 15734515
66791268 16097743
66791268 16098603
66791268 16453996
66791268 16507692
66791268 16549423
66791268 17092592
66791268 17526132
66791268 18666844
66791268 18712070
66791268 19413393
66791268 20273398
66791268 20274104
66791268 21195122
66791268 22679419
66791268 24004172
66791268 24081780
66791268 24641194
66791268 24742040
66791268 26173611
66791268 36993162
66791268 44121353
66791268 45416789
66791268 46147323
66791268 47161442
66791268 48370736
66791268 57986173
66791268 60968363
66791268 65913144
66791268 71383220
66791268 90964854
66791268 115444551
66791268 115717640
66791268 129279693
66791268 165580617
66791268 188035912
66791268 217932743
66791268 235216483
66791268 258218804
66791268 286118150
66791268 308693201
66791268 319036126
66791268 353216771
66791268 399404516
66905823 15913
66905823 1072591
66905823 2609891
66905823 7702232
66905823 7860742
66905823 15853668
66905823 18776017
66905823 19720019
66905823 25569713
66905823 25952851
66905823 26000424
66905823 26444473
66905823 28960709
66905823 31232539
66905823 33358162
66905823 38685348
66905823 48485771
66905823 50499213
66905823 58497291
66905823 59414975
66905823 116952434
66905823 127178017
66905823 128302994
66905823 309366491
67818595 15913
67818595 3359851
67818595 5442012
67818595 9451052
67818595 11648692
67818595 14180231
67818595 15070932
67818595 15653423
67818595 17564647
67818595 17632072
67818595 18581803
67818595 19311729
67818595 20323999
67818595 20471349
67818595 23215572
67818595 23457239
67818595 24942585
67818595 25026165
67818595 26176694
67818595 26800967
67818595 28478859
67818595 46762510
67818595 48485771
67818595 58245520
67818595 61853583
67818595 74325773
67818595 87044829
67818595 105150583
67818595 105895378
67818595 115313263
67818595 121258930
67818595 127935456
67818595 144040563
67818595 146155608
67818595 155976326
67818595 172161833
67818595 186745799
67818595 198876913
67818595 210731960
67818595 211614808
67818595 221636679
67818595 238308325
67818595 245394117
67818595 250831586
67818595 252887163
67818595 258203336
67818595 262775327
67818595 275550472
67818595 277139373
67818595 281159810
67818595 288231953
67818595 294198566
67818595 298757008
67818595 307642294
67818595 308103112
67818595 309325161
67818595 310233571
67818595 325106566
67818595 337952973
67818595 339943969
67818595 341840097
67818595 356447837
67818595 362626342
67818595 384621304
67818595 385621090
67818595 417927586
67818595 446023451
67818595 498542846
67818595 543373651
69679166 15913
69679166 1065921
69679166 5442012
69679166 7194892
69679166 7377812
69679166 9451052
69679166 9500062
69679166 12681982
69679166 14155052
69679166 14424667
69679166 14471778
69679166 14506809
69679166 14536491
69679166 14573745
69679166 14575846
69679166 14609321
69679166 14688086
69679166 14692604
69679166 14922225
69679166 14999606
69679166 15098511
69679166 15222083
69679166 15447248
69679166 15838599
69679166 16098603
69679166 16957273
69679166 17053354
69679166 17092592
69679166 17214479
69679166 17526132
69679166 17632072
69679166 18345193
69679166 18581803
69679166 18666844
69679166 18715024
69679166 18859819
69679166 19003121
69679166 19087813
69679166 19413393
69679166 19505302
69679166 19672395
69679166 19673424
69679166 20273398
69679166 22679419
69679166 22841103
69679166 23645599
69679166 24742040
69679166 28933226
69679166 31296704
69679166 36311369
69679166 36969785
69679166 38389963
69679166 38514229
69679166 41172837
69679166 42361118
69679166 45862504
69679166 48485771
69679166 58714972
69679166 64488804
69679166 87764480
69679166 90964854
69679166 97027664
69679166 101633415
69679166 121258930
69679166 141328659
71268322 15913
71268322 1134701
71268322 7157132
71268322 7852172
71268322 7860742
71268322 7861622
71268322 7872262
71268322 7875762
71268322 7925002
71268322 8470732
71268322 14498387
71268322 14500681
71268322 14609321
71268322 14922225
71268322 15853668
71268322 16098603
71268322 16453996
71268322 17663756
71268322 17759701
71268322 22679419
71268322 22841103
71268322 24081780
71268322 24641194
71268322 24742040
71268322 25026165
71268322 42361118
71268322 45416789
71268322 45862504
71268322 48370736
71268322 57986173
71268322 59414975
71268322 59804598
71268322 60968363
71268322 65913144
71268322 121258930
71268322 235818781
71268322 242024994
71268322 258218804
71383220 7846
71383220 15913
71383220 1045521
71383220 1072591
71383220 1134701
71383220 3062761
71383220 3299561
71383220 3359851
71383220 5650332
71383220 7860742
71383220 7861312
71383220 7861622
71383220 7872262
71383220 7875762
71383220 7875912
71383220 7925002
71383220 8005202
71383220 8470732
71383220 8541492
71383220 9451052
71383220 9500062
71383220 9835242
71383220 14038862
71383220 14180231
71383220 14270527
71383220 14411683
71383220 14471778
71383220 14498387
71383220 14500681
71383220 14515313
71383220 14517343
71383220 14609321
71383220 14691709
71383220 14922225
71383220 15555645
71383220 15575251
71383220 15578992
71383220 16079941
71383220 16097743
71383220 16098603
71383220 16453996
71383220 16549423
71383220 16660064
71383220 17092592
71383220 17552077
71383220 17759701
71383220 18021714
71383220 18581803
71383220 18666844
71383220 18712070
71383220 18776017
71383220 19370213
71383220 19413393
71383220 20273398
71383220 20274104
71383220 20880546
71383220 21195122
71383220 22679419
71383220 24004172
71383220 24081780
71383220 24641194
71383220 24742040
71383220 25026165
71383220 26256596
71383220 28719244
71383220 31037985
71383220 36993162
71383220 42361118
71383220 45416789
71383220 47161442
71383220 48370736
71383220 48485771
71383220 57986173
71383220 59414975
71383220 59804598
71383220 60968363
71383220 64488804
71383220 65913144
71383220 66791268
71383220 71268322
71383220 71606873
71383220 84043660
71383220 94414805
71383220 101633415
71383220 105310392
71383220 115444551
71383220 121258930
71383220 129279693
71383220 131296459
71383220 146155608
71383220 217932743
71383220 235216483
71383220 235818781
71383220 242024994
71383220 258218804
71383220 275608958
71438267 10350
71438267 15913
71438267 1065921
71438267 1183041
71438267 7194892
71438267 7861312
71438267 14179545
71438267 14922225
71438267 15222083
71438267 15234657
71438267 15838599
71438267 16513135
71438267 17092592
71438267 18581803
71438267 18776017
71438267 19088451
71438267 19413393
71438267 20273398
71438267 22679419
71438267 22841103
71438267 24742040
71438267 45862504
71438267 48485771
71438267 64488804
71438267 121258930
71606873 8470732
71606873 12681982
71606873 14180231
71606873 14471778
71606873 14498387
71606873 14609321
71606873 14692604
71606873 15653423
71606873 16079941
71606873 16098603
71606873 16453996
71606873 17759701
71606873 19300461
71606873 19370213
71606873 24004172
71606873 24641194
71606873 28933226
71606873 42361118
71606873 45416789
71606873 47161442
71606873 53459595
71606873 57986173
71606873 60968363
71606873 65913144
71606873 71383220
71606873 84043660
71606873 158558510
71606873 235216483
71606873 235818781
71606873 309325161
71862367 15913
71862367 1045521
71862367 1072591
71862367 1247691
71862367 3062761
71862367 3277381
71862367 3296721
71862367 3359851
71862367 3443591
71862367 4065921
71862367 4398351
71862367 5442012
71862367 5650332
71862367 6080022
71862367 6086752
71862367 6478202
71862367 6834572
71862367 7159422
71862367 7377812
71862367 7446452
71862367 7860742
71862367 8001572
71862367 8470732
71862367 8541492
71862367 9500062
71862367 9670952
71862367 11272122
71862367 11461102
71862367 12298182
71862367 12681982
71862367 13894102
71862367 14269220
71862367 14355610
71862367 14536491
71862367 14559570
71862367 14750463
71862367 16097743
71862367 16098603
71862367 16547411
71862367 16660064
71862367 17140787
71862367 17526132
71862367 18101470
71862367 18666844
71862367 19595287
71862367 19732725
71862367 19774817
71862367 20624600
71862367 22831657
71862367 22900797
71862367 25026165
71862367 27956824
71862367 47161442
71862367 57986173
71862367 59804598
71862367 64624131
71862367 65913144
71862367 174541760
71862367 235216483
71862367 235818781
72156360 15913
72156360 5442012
72156360 20323999
72156360 20471349
72156360 20880546
72156360 23457239
72156360 24742040
72156360 41937748
72156360 45509346
72156360 48485771
72156360 103661402
72156360 117541123
72156360 121258930
72156360 144040563
72156360 146155608
72156360 258203336
72156360 259074185
72156360 307642294
72156360 325106566
72156360 326659062
72156360 341840097
72156360 362626342
72156360 370952365
72156360 411273721
72156360 417927586
73077189 15913
73077189 5443002
73077189 5906322
73077189 7157132
73077189 7860742
73077189 9451052
73077189 13687132
73077189 14471778
73077189 14498387
73077189 14922225
73077189 19413393
73077189 45416789
73077189 115444551
73077189 115717640
73077189 128968339
73077189 165580617
73077189 308693201
73077189 319036126
73930990 15913
73930990 7860742
73930990 15853668
73930990 18776017
73930990 25026165
73930990 26444473
73930990 38685348
73930990 42361118
74275571 41656802
74275571 258203336
74275571 307642294
74275571 339943969
74275571 341603426
74275571 529658284
74286565 10350
74286565 15913
74286565 229523
74286565 849131
74286565 5443002
74286565 11666142
74286565 13434092
74286565 13687132
74286565 14114985
74286565 14269220
74286565 14589257
74286565 14874480
74286565 15416485
74286565 15434432
74286565 15647839
74286565 15670515
74286565 16120265
74286565 16409781
74286565 16425197
74286565 17034634
74286565 17548445
74286565 18285245
74286565 19413393
74286565 19595287
74286565 20439140
74286565 24741685
74286565 24742040
74286565 48485771
74286565 59414975
74286565 91396874
74286565 151222531
74286565 290097288
74325773 17564647
74325773 23215572
74325773 24125323
74325773 26176694
74325773 26800967
74325773 40329238
74325773 59804598
74325773 115313263
74325773 211614808
74325773 238308325
74325773 287411130
74325773 307642294
74325773 309325161
74325773 325106566
74325773 339943969
74325773 356447837
74325773 384621304
74325773 385621090
74325773 498542846
75095976 15913
75095976 5906322
75095976 14922225
75095976 15234657
75095976 17552077
75165115 15913
75165115 756379
75165115 1065921
75165115 1072591
75165115 3359851
75165115 3443591
75165115 3733331
75165115 4068821
75165115 5442012
75165115 5443002
75165115 5906322
75165115 6240732
75165115 6478202
75165115 6608332
75165115 7157132
75165115 7377812
75165115 7565302
75165115 7710472
75165115 7860742
75165115 8001572
75165115 9451052
75165115 9500062
75165115 10824382
75165115 12121162
75165115 12681982
75165115 13687132
75165115 14179545
75165115 14180231
75165115 14269220
75165115 14270527
75165115 14424667
75165115 14506809
75165115 14573745
75165115 14575846
75165115 14589257
75165115 14691709
75165115 14750463
75165115 14922225
75165115 15222083
75165115 15234657
75165115 15575251
75165115 15838599
75165115 16098603
75165115 16127088
75165115 16513135
75165115 16957273
75165115 17526132
75165115 17552077
75165115 18176640
75165115 18445879
75165115 18581803
75165115 18776017
75165115 18791343
75165115 18838035
75165115 18849313
75165115 18897157
75165115 19214250
75165115 19413393
75165115 19563357
75165115 20273398
75165115 20274104
75165115 21195122
75165115 21239763
75165115 21637624
75165115 22679419
75165115 24004172
75165115 24081780
75165115 24742040
75165115 26173611
75165115 31037985
75165115 31524543
75165115 31808762
75165115 33464639
75165115 34068984
75165115 36198161
75165115 41172837
75165115 42943177
75165115 48485771
75165115 51352986
75165115 55655811
75165115 57244828
75165115 57986173
75165115 63787760
75165115 64285972
75165115 65913144
75165115 85215038
75165115 85343184
75165115 93905958
75165115 121258930
75165115 144040563
75165115 146155608
75165115 154708725
75165115 155976326
75165115 187744415
75165115 191548936
75165115 548679814
75914648 15913
75914648 5442012
75914648 7702232
75914648 15853668
75914648 20880546
75914648 22273748
75914648 24942585
75914648 25827166
75914648 28719244
75914648 30680870
75914648 37444945
75914648 45509346
75914648 48485771
75914648 48621884
75914648 59005241
75914648 86852135
75914648 95109615
75914648 117541123
75914648 121258930
75914648 144040563
75914648 146155608
75914648 146320301
75914648 146350964
75914648 151711230
75914648 195795250
75914648 200212364
75914648 211614808
75914648 258203336
75914648 270076706
75914648 282733465
75914648 307642294
75914648 324061899
75914648 325106566
75914648 347508389
75914648 355637036
75914648 362626342
75914648 365904984
75914648 367443729
75914648 394475305
75914648 401029555
75914648 416718047
75914648 422253889
75914648 466645680
77806232 3359851
77806232 15070932
77806232 17564647
77806232 21075893
77806232 21913907
77806232 48939443
77806232 87044829
77806232 105895378
77806232 115313263
77806232 146350964
77806232 160008685
77806232 165795009
77806232 172161833
77806232 211614808
77806232 238308325
77806232 240063501
77806232 250441643
77806232 252887163
77806232 258203336
77806232 281159810
77806232 298757008
77806232 307206030
77806232 307642294
77806232 309325161
77806232 325106566
77806232 339943969
77806232 356447837
77806232 362626342
77806232 384621304
77806232 422253889
79056710 17564647
79056710 23215572
79056710 59804598
79056710 172161833
79056710 250831586
79056710 307642294
79056710 337952973
81229871 15913
81229871 65673
81229871 3359851
81229871 14573745
81229871 16955141
81229871 17526132
81229871 18666844
81229871 18897157
81229871 19214250
81229871 19563357
81229871 24742040
81229871 31037985
81229871 65913144
81229871 85215038
81229871 93905958
81229871 111164068
81229871 126444583
81229871 137577423
81229871 187744415
81886393 15913
81886393 1317671
81886393 3359851
81886393 9451052
81886393 15234657
81886393 22841103
81886393 24742040
82969251 15913
82969251 5442012
82969251 15112961
82969251 15653423
82969251 17632072
82969251 20880546
82969251 23140494
82969251 24742040
82969251 24942585
82969251 25026165
82969251 28719244
82969251 31037985
82969251 47495471
82969251 48485771
82969251 59804598
82969251 121258930
82969251 144040563
82969251 146155608
82969251 146320301
82969251 155976326
82969251 307642294
82969251 370952365
83506209 15913
83506209 7860742
83506209 14269220
83506209 15520280
83506209 15853668
83506209 19413393
83506209 20880546
83506209 22679419
83506209 24742040
83506209 26256596
83506209 28719244
83506209 31524543
83506209 34455805
83506209 34771668
83506209 46241569
83506209 48485771
83506209 59414975
83506209 90964854
83506209 222640532
83506209 265732976
84043660 15913
84043660 1712051
84043660 4068821
84043660 5906322
84043660 7194892
84043660 7860742
84043660 7861312
84043660 7872262
84043660 8541492
84043660 9275742
84043660 9451052
84043660 13687132
84043660 14179545
84043660 14270527
84043660 14424667
84043660 14506809
84043660 14573745
84043660 14609321
84043660 14922225
84043660 14935647
84043660 15112961
84043660 15234657
84043660 16098603
84043660 16134428
84043660 16265412
84043660 16453996
84043660 16799897
84043660 18021714
84043660 18581803
84043660 19414296
84043660 19595287
84043660 20880546
84043660 21195122
84043660 22679419
84043660 23140494
84043660 24004172
84043660 24641194
84043660 24942585
84043660 25026165
84043660 28933226
84043660 31037985
84043660 42361118
84043660 45416789
84043660 47161442
84043660 48370736
84043660 48485771
84043660 65913144
84043660 71606873
84043660 101633415
84043660 117187783
84043660 121258930
84043660 129279693
84043660 131350078
84043660 144040563
84043660 146155608
84052794 15913
84052794 5442012
84052794 8001572
84052794 14038862
84052794 15575251
84052794 15853668
84052794 18776017
84052794 24942585
84052794 48485771
84052794 48621884
84052794 52559331
84052794 59005241
84052794 75914648
84052794 121258930
84052794 144040563
84052794 146155608
84052794 146320301
84052794 200212364
84052794 307642294
84052794 401029555
84052794 422950468
84052794 466645680
84672379 3359851
84672379 9117202
84672379 14498387
84672379 17632072
84672379 19311729
84672379 20471349
84672379 24125323
84672379 24542441
84672379 25952851
84672379 59804598
84672379 60968363
84672379 87044829
84672379 134979402
84672379 146350964
84672379 160008685
84672379 186287415
84672379 234526497
84672379 248861233
84672379 252887163
84672379 254457417
84672379 258203336
84672379 265732976
84672379 275937498
84672379 277675909
84672379 284174632
84672379 296242468
84672379 307642294
84672379 309325161
84672379 322822476
84672379 325106566
84672379 339943969
84672379 341603426
84672379 345569115
85215038 10350
85215038 15913
85215038 1937751
85215038 2260771
85215038 3359851
85215038 3442781
85215038 3443591
85215038 7860742
85215038 9451052
85215038 9500062
85215038 10824382
85215038 12121162
85215038 13687132
85215038 14573745
85215038 14691709
85215038 14922225
85215038 15222083
85215038 15447248
85215038 16098603
85215038 16265412
85215038 16513135
85215038 17140787
85215038 17526132
85215038 17552077
85215038 17663756
85215038 18176640
85215038 18666844
85215038 18776017
85215038 18811197
85215038 18849313
85215038 19215583
85215038 19413393
85215038 19563357
85215038 19732725
85215038 21195122
85215038 21239763
85215038 21342557
85215038 22831657
85215038 23645599
85215038 31808762
85215038 34068984
85215038 35569745
85215038 36198161
85215038 38542252
85215038 57986173
85215038 59804598
85215038 60968363
85215038 63787760
85215038 64285972
85215038 65913144
85215038 75165115
85215038 85343184
85215038 87764480
85215038 93905958
85215038 94454911
85215038 111210694
85215038 144040563
85215038 152065057
85215038 154708725
85215038 187744415
85215038 191548936
85215038 204089551
85215038 275608958
85215038 290097288
85215038 294198566
85215038 299442187
85215038 374936497
85343184 7846
85343184 10350
85343184 15913
85343184 2260771
85343184 3359851
85343184 3443591
85343184 5442012
85343184 5443002
85343184 7860742
85343184 7872262
85343184 7925002
85343184 8001572
85343184 9451052
85343184 12121162
85343184 14180231
85343184 14269220
85343184 14416334
85343184 14498387
85343184 14506809
85343184 14573745
85343184 14589257
85343184 14609321
85343184 14691709
85343184 14922225
85343184 15575251
85343184 15853668
85343184 16098603
85343184 16453996
85343184 17140787
85343184 17526132
85343184 17663756
85343184 17759701
85343184 18176640
85343184 18581803
85343184 18666844
85343184 18776017
85343184 19215583
85343184 19413393
85343184 19732725
85343184 21195122
85343184 21342557
85343184 21369192
85343184 22679419
85343184 22831657
85343184 24641194
85343184 25026165
85343184 25952851
85343184 27956824
85343184 34068984
85343184 36198161
85343184 38542252
85343184 42361118
85343184 45416789
85343184 45705189
85343184 47161442
85343184 57986173
85343184 59804598
85343184 60968363
85343184 63787760
85343184 64285972
85343184 65913144
85343184 85215038
85343184 87764480
85343184 93905958
85343184 94454911
85343184 111210694
85343184 116952434
85343184 126444583
85343184 152065057
85343184 154708725
85343184 187744415
85343184 191548936
85343184 204089551
85343184 238289569
85343184 290097288
85343184 294198566
85343184 299442187
85343184 374936497
85388628 15913
85388628 1072591
85388628 1134701
85388628 7860742
85388628 7861312
85388628 7872262
85388628 7925002
85388628 8470732
85388628 9835242
85388628 14498387
85388628 14922225
85388628 15853668
85388628 16097743
85388628 16453996
85388628 17759701
85388628 18021714
85388628 18581803
85388628 18776017
85388628 21195122
85388628 22679419
85388628 24004172
85388628 24081780
85388628 24641194
85388628 25026165
85388628 28719244
85388628 36993162
85388628 42361118
85388628 45416789
85388628 47161442
85388628 57986173
85388628 60968363
85388628 65913144
85388628 71268322
85388628 71383220
85388628 71606873
85388628 129279693
85388628 214618570
85388628 235216483
85388628 242024994
85388628 275608958
86852135 15913
86852135 5442012
86852135 7702232
86852135 15853668
86852135 18776017
86852135 20315513
86852135 22273748
86852135 22705686
86852135 24942585
86852135 25026165
86852135 25827166
86852135 25952851
86852135 28719244
86852135 37444945
86852135 42361118
86852135 48485771
86852135 48621884
86852135 75914648
86852135 94414805
86852135 121258930
86852135 131350078
86852135 144040563
86852135 146155608
86852135 151711230
86852135 265732976
86852135 270076706
86852135 282733465
86852135 307642294
86852135 365904984
86852135 367443729
86852135 394475305
86852135 416718047
87044829 3359851
87044829 15070932
87044829 17564647
87044829 19311729
87044829 20471349
87044829 21075893
87044829 21504535
87044829 21913907
87044829 23215572
87044829 24125323
87044829 24542441
87044829 26176694
87044829 26800967
87044829 34068984
87044829 36850842
87044829 40329238
87044829 41656802
87044829 48939443
87044829 49781679
87044829 67818595
87044829 77806232
87044829 84672379
87044829 97551846
87044829 105895378
87044829 115313263
87044829 123684709
87044829 127935456
87044829 134979402
87044829 146350964
87044829 160008685
87044829 165795009
87044829 172161833
87044829 183663839
87044829 186287415
87044829 211614808
87044829 213032194
87044829 221636679
87044829 234526497
87044829 238308325
87044829 240063501
87044829 245394117
87044829 247031120
87044829 250441643
87044829 250708662
87044829 252887163
87044829 258203336
87044829 262775327
87044829 275550472
87044829 277675909
87044829 281159810
87044829 284174632
87044829 287411130
87044829 288231953
87044829 294198566
87044829 296242468
87044829 297683673
87044829 298757008
87044829 307206030
87044829 307642294
87044829 309064372
87044829 309325161
87044829 322822476
87044829 325106566
87044829 337952973
87044829 339943969
87044829 341603426
87044829 345569115
87044829 356447837
87044829 362626342
87044829 374949999
87044829 381788237
87044829 382360772
87044829 384621304
87044829 385621090
87044829 387566789
87044829 422253889
87044829 431983156
87044829 491431687
87044829 498542846
87044829 543373651
87044829 548631386
87044829 560482964
87571114 15913
87571114 3096071
87571114 7434902
87571114 9451052
87571114 13687132
87571114 14269093
87571114 14363438
87571114 14453798
87571114 14589257
87571114 15681129
87571114 18301663
87571114 18755518
87571114 18849368
87571114 19414296
87571114 24585498
87571114 33191389
87571114 36311369
87571114 38514229
87571114 39394932
87571114 64488804
87571114 87764480
87571114 97027664
87620061 15913
87620061 820281
87620061 1045521
87620061 1183041
87620061 7565302
87620061 7861312
87620061 8001572
87620061 9451052
87620061 12284582
87620061 13356642
87620061 14155052
87620061 14269220
87620061 14337677
87620061 14471778
87620061 14575846
87620061 14589257
87620061 14609321
87620061 14691709
87620061 16127088
87620061 17140787
87620061 18666844
87620061 18755518
87620061 18890465
87620061 19550535
87620061 19993335
87620061 21339114
87620061 24585498
87620061 31037985
87620061 31296704
87620061 33191389
87620061 38517589
87620061 43880993
87620061 48485771
87620061 53789489
87620061 59804598
87620061 60642921
87620061 64488804
87620061 94454911
87620061 96869096
87764480 10350
87764480 15913
87764480 1183041
87764480 4068821
87764480 7157132
87764480 7194892
87764480 7377812
87764480 7565302
87764480 7860742
87764480 7861312
87764480 7925002
87764480 9275742
87764480 9451052
87764480 12101862
87764480 13434622
87764480 13687132
87764480 14471778
87764480 14536491
87764480 14589257
87764480 14688086
87764480 15234657
87764480 15234679
87764480 15575251
87764480 15681129
87764480 16626187
87764480 16715096
87764480 16799897
87764480 16886225
87764480 17092592
87764480 17610785
87764480 17663756
87764480 17794004
87764480 18257270
87764480 18715024
87764480 18799041
87764480 18941809
87764480 19161407
87764480 19413393
87764480 19525652
87764480 20273398
87764480 21195122
87764480 22679419
87764480 22705686
87764480 22841103
87764480 24004172
87764480 24585498
87764480 25026165
87764480 27677879
87764480 28933226
87764480 31037985
87764480 34378922
87764480 34711597
87764480 36969785
87764480 38517589
87764480 38724356
87764480 41172837
87764480 42361118
87764480 45862504
87764480 48485771
87764480 90385486
87764480 92357649
87764480 93905958
87764480 105310392
87764480 116952434
87764480 130202887
88501703 10350
88501703 15913
88501703 1183041
88501703 3096071
88501703 3462421
88501703 7377812
88501703 7861312
88501703 14179545
88501703 14424667
88501703 14573745
88501703 14575846
88501703 14589257
88501703 14692604
88501703 15575251
88501703 16038438
88501703 16079941
88501703 16626187
88501703 16799897
88501703 17076095
88501703 18445879
88501703 18666844
88501703 18715024
88501703 19049747
88501703 19161407
88501703 22841103
88501703 24004172
88501703 28933226
88501703 58714972
88501703 127569781
88501703 128968339
90385486 15913
90385486 1065921
90385486 5436192
90385486 5442012
90385486 6608332
90385486 9451052
90385486 10668202
90385486 12127832
90385486 14038862
90385486 14180231
90385486 14536491
90385486 14692604
90385486 14922225
90385486 15222083
90385486 15234657
90385486 15259010
90385486 15653423
90385486 15838599
90385486 15853668
90385486 16453996
90385486 16715096
90385486 17092592
90385486 17610785
90385486 18257270
90385486 18581803
90385486 18941809
90385486 19413393
90385486 19550535
90385486 20274104
90385486 22841103
90385486 24742040
90385486 28302257
90385486 28933226
90385486 31296704
90385486 42070873
90385486 43920492
90385486 45705189
90385486 59804598
90385486 75165115
90385486 87764480
90385486 94414805
90385486 94454911
90385486 121258930
90385486 146155608
90385486 160839015
90385486 275608958
90385486 291468308
90672134 15913
90672134 1183041
90672134 7861312
90672134 14269220
90672134 33439720
90678206 15913
90678206 3227431
90778457 15913
90942642 15913
90942642 1134701
90942642 3062761
90942642 5650332
90942642 7702232
90942642 7860742
90942642 7861312
90942642 14038862
90942642 14922225
90942642 15853668
90942642 16097743
90942642 16098603
90942642 16507692
90942642 16660064
90942642 17759701
90942642 18021714
90942642 18581803
90942642 18666844
90942642 18776017
90942642 19774817
90942642 20490915
90942642 22679419
90942642 24742040
90942642 28037700
90942642 30023595
90942642 34771668
90942642 35598550
90942642 41226089
90942642 46241569
90942642 47161442
90942642 59414975
90942642 97551846
90942642 221198749
90942642 222640532
90942642 235818781
90942642 242024994
90942642 275608958
90964854 15913
90964854 7157132
90964854 12771872
90964854 17092592
90964854 17728340
90964854 18900668
90964854 20273398
90964854 24742040
90964854 45862504
90964854 64488804
91396874 13348
91396874 15913
91396874 253973
91396874 849131
91396874 1455911
91396874 8978672
91396874 14269220
91396874 14874480
91396874 15647839
91396874 15670515
91396874 16095572
91396874 16120265
91396874 16409781
91396874 16425197
91396874 16547411
91396874 16930986
91396874 17000457
91396874 17034634
91396874 20439140
91396874 24741685
91396874 24742040
91396874 49465463
91396874 55338862
91396874 74286565
91396874 164859947
91480304 15913
91480304 13434622
91480304 14589257
91480304 14691709
91480304 14692604
91480304 15222083
91480304 15234657
91480304 16640481
91480304 16886225
91480304 17179687
91480304 17214479
91480304 18783763
91480304 18912434
91480304 19120785
91480304 21686566
91480304 24742040
91480304 30587085
91480304 31216266
91480304 32547856
91480304 36969785
91480304 87764480
91480304 250831586
91480304 309366491
92357649 15913
92357649 7194892
92357649 9451052
92357649 14155052
92357649 14575846
92357649 14688086
92357649 14691709
92357649 14692604
92357649 15154217
92357649 15222083
92357649 15234657
92357649 15447248
92357649 17195943
92357649 17214479
92357649 17552077
92357649 18715024
92357649 22841103
92357649 23645599
92357649 41172837
92357649 45862504
92357649 48485771
93905958 10350
93905958 15913
93905958 65673
93905958 1065921
93905958 1937751
93905958 3359851
93905958 3442781
93905958 3443591
93905958 3462421
93905958 4068821
93905958 5413042
93905958 5442012
93905958 5443002
93905958 5906322
93905958 6206612
93905958 6240732
93905958 6608332
93905958 7194892
93905958 7434902
93905958 8001572
93905958 9451052
93905958 12121162
93905958 13687132
93905958 14155052
93905958 14179545
93905958 14269220
93905958 14453798
93905958 14498622
93905958 14506809
93905958 14573745
93905958 14575846
93905958 15222083
93905958 15234657
93905958 15567576
93905958 15578992
93905958 15670515
93905958 15681129
93905958 16098603
93905958 16102815
93905958 16265412
93905958 16335197
93905958 16513135
93905958 17031260
93905958 17140787
93905958 17214479
93905958 17526132
93905958 17663756
93905958 17794004
93905958 18176640
93905958 18345193
93905958 18666844
93905958 18715024
93905958 18776017
93905958 19413393
93905958 19414296
93905958 19550535
93905958 19563357
93905958 19595287
93905958 19732725
93905958 20274104
93905958 20880546
93905958 22679419
93905958 22831657
93905958 23645599
93905958 24742040
93905958 27956824
93905958 28719244
93905958 28960709
93905958 31296704
93905958 33191389
93905958 34068984
93905958 34378922
93905958 34455805
93905958 38542252
93905958 41172837
93905958 45705189
93905958 48485771
93905958 51352986
93905958 59804598
93905958 63787760
93905958 64285972
93905958 64488804
93905958 85215038
93905958 85343184
93905958 111210694
93905958 130202887
93905958 144040563
93905958 144064703
93905958 152065057
93905958 154708725
93905958 183663839
93905958 187744415
93905958 191548936
93905958 290097288
93905958 294198566
93905958 374936497
94414805 7846
94414805 10350
94414805 15913
94414805 1065921
94414805 1072591
94414805 2609891
94414805 3096071
94414805 3359851
94414805 5442012
94414805 5452672
94414805 5906322
94414805 7157132
94414805 7194892
94414805 7377812
94414805 7702232
94414805 7852172
94414805 7860742
94414805 7861312
94414805 7861622
94414805 7872262
94414805 7925002
94414805 8146732
94414805 11911082
94414805 12127832
94414805 14038862
94414805 14180231
94414805 14269220
94414805 14270527
94414805 14424667
94414805 14536491
94414805 14589257
94414805 14691709
94414805 14922225
94414805 14935647
94414805 15154217
94414805 15234657
94414805 15653423
94414805 15757080
94414805 15838599
94414805 15853668
94414805 16097743
94414805 16098603
94414805 16453996
94414805 16507692
94414805 16660064
94414805 17092592
94414805 17526132
94414805 17663756
94414805 17759701
94414805 18021714
94414805 18101470
94414805 18532553
94414805 18581803
94414805 18666844
94414805 18776017
94414805 18900668
94414805 18941809
94414805 19003121
94414805 19413393
94414805 19595287
94414805 20273398
94414805 20274104
94414805 20315513
94414805 20880546
94414805 22273748
94414805 22679419
94414805 22705686
94414805 24004172
94414805 24081780
94414805 24641194
94414805 24742040
94414805 24942585
94414805 25026165
94414805 25569713
94414805 25827166
94414805 25952851
94414805 26000424
94414805 26250517
94414805 26256596
94414805 28302257
94414805 28719244
94414805 28933226
94414805 28960709
94414805 33358162
94414805 34068984
94414805 34356968
94414805 34771668
94414805 36198161
94414805 41172837
94414805 42361118
94414805 43626328
94414805 45416789
94414805 47161442
94414805 48485771
94414805 57986173
94414805 58497291
94414805 59414975
94414805 59804598
94414805 60968363
94414805 61853583
94414805 65913144
94414805 71268322
94414805 71383220
94414805 71606873
94414805 84043660
94414805 86852135
94414805 87764480
94414805 90964854
94414805 93905958
94414805 94454911
94414805 113025559
94414805 116952434
94414805 126444583
94414805 127178017
94414805 129279693
94414805 131350078
94414805 144040563
94414805 144723989
94414805 146155608
94414805 155976326
94414805 184637153
94414805 196710000
94414805 238289569
94414805 258218804
94414805 275608958
94414805 309366491
94441197 181668778
94441197 307642294
94441197 322641198
94441197 450692479
94454911 15913
94454911 1065921
94454911 1183041
94454911 3253671
94454911 3359851
94454911 3443591
94454911 5442012
94454911 5650332
94454911 5906322
94454911 6080022
94454911 6086752
94454911 7159422
94454911 7409232
94454911 7852172
94454911 7860742
94454911 7861312
94454911 7872262
94454911 8001572
94454911 8541492
94454911 9451052
94454911 11272122
94454911 11461102
94454911 12127832
94454911 12298182
94454911 12771872
94454911 13687132
94454911 13894102
94454911 14038862
94454911 14180231
94454911 14269220
94454911 14270527
94454911 14498387
94454911 14506809
94454911 14536491
94454911 14709855
94454911 14922225
94454911 14935647
94454911 15222083
94454911 15234657
94454911 15394673
94454911 15653423
94454911 15838599
94454911 16097743
94454911 16098603
94454911 16134428
94454911 16831715
94454911 17016709
94454911 17092592
94454911 17140787
94454911 17526132
94454911 17722816
94454911 17759701
94454911 17794004
94454911 18345193
94454911 18581803
94454911 18776017
94454911 18890465
94454911 18941809
94454911 18946688
94454911 19003121
94454911 19563357
94454911 19732725
94454911 19774817
94454911 20273398
94454911 20642115
94454911 21195122
94454911 21339114
94454911 21993653
94454911 22841103
94454911 23404076
94454911 23645599
94454911 24742040
94454911 25566593
94454911 25952851
94454911 27956824
94454911 28933226
94454911 36198161
94454911 38517589
94454911 41172837
94454911 43880993
94454911 45416789
94454911 45705189
94454911 48485771
94454911 52934175
94454911 57986173
94454911 59414975
94454911 59804598
94454911 60642921
94454911 65913144
94454911 84043660
94454911 85215038
94454911 85343184
94454911 87620061
94454911 90385486
94454911 90964854
94454911 93905958
94454911 96869096
94454911 116952434
94454911 117187783
94454911 121258930
94454911 126048747
94454911 144040563
94454911 144723989
94454911 146155608
94454911 175181917
94454911 187744415
94454911 191548936
94454911 214618570
94454911 275608958
94454911 297472992
94748946 15913
94748946 1183041
94748946 2718241
94748946 15094420
94748946 17140787
94748946 59804598
95109615 15913
95109615 5442012
95109615 7860742
95109615 15112961
95109615 15853668
95109615 18776017
95109615 19162933
95109615 22273748
95109615 24004172
95109615 24942585
95109615 25827166
95109615 28719244
95109615 30680870
95109615 37444945
95109615 48485771
95109615 48621884
95109615 52559331
95109615 59005241
95109615 75914648
95109615 84052794
95109615 86852135
95109615 121258930
95109615 146155608
95109615 146320301
95109615 195795250
95109615 198876913
95109615 282733465
95109615 307642294
95109615 324061899
95109615 347508389
95109615 349358004
95109615 355637036
95109615 365904984
95109615 367443729
95109615 394475305
95109615 401029555
95109615 416718047
95109615 422950468
95109615 466645680
96605784 15913
96605784 65673
96605784 3359851
96605784 59414975
96605784 290097288
96747353 10350
96747353 15913
96747353 1065921
96747353 1183041
96747353 7861312
96747353 16038438
96747353 16799897
96747353 17759701
96747353 20273398
96747353 48370736
96747353 58714972
96869096 15913
96869096 1183041
96869096 1247691
96869096 3296721
96869096 7434902
96869096 7860742
96869096 7861312
96869096 9275742
96869096 12284582
96869096 12298182
96869096 14155052
96869096 14269220
96869096 14337677
96869096 14506809
96869096 14575846
96869096 14609321
96869096 15520280
96869096 15582769
96869096 16134428
96869096 16393255
96869096 17140787
96869096 18301663
96869096 18666844
96869096 18755518
96869096 18890465
96869096 18941809
96869096 18946688
96869096 19413393
96869096 20880546
96869096 21339114
96869096 25566593
96869096 28202547
96869096 38517589
96869096 45784061
96869096 48485771
96869096 52934175
96869096 60642921
96869096 87620061
96869096 94454911
96869096 114115460
96869096 121258930
96869096 175181917
96869096 214618570
97027664 10350
97027664 15913
97027664 1072591
97027664 3096071
97027664 5452672
97027664 5650332
97027664 6206612
97027664 7194892
97027664 7565302
97027664 14269093
97027664 14589257
97027664 14750463
97027664 14922225
97027664 15222083
97027664 15234657
97027664 16079941
97027664 16513135
97027664 18345193
97027664 18581803
97027664 18666844
97027664 18776017
97027664 19414296
97027664 22841103
97027664 24742040
97027664 31296704
97027664 36311369
97027664 45862504
97027664 48370736
97027664 48485771
97027664 64488804
97027664 87571114
97027664 87764480
97173422 15913
97173422 18532553
97173422 20262322
97173422 57244828
97551846 15913
97551846 1134701
97551846 5442012
97551846 7860742
97551846 7861622
97551846 14691709
97551846 16507692
97551846 17632072
97551846 17759701
97551846 20471349
97551846 24081780
97551846 24742040
97551846 45862504
97551846 90942642
97551846 105895378
97551846 144040563
97551846 146155608
97551846 146350964
97551846 165795009
97551846 183663839
97551846 258203336
97551846 275608958
97551846 277675909
97551846 284174632
97551846 288231953
97551846 370952365
101633415 10350
101633415 15913
101633415 1065921
101633415 3096071
101633415 5906322
101633415 7377812
101633415 7565302
101633415 7852172
101633415 7860742
101633415 7861312
101633415 7872262
101633415 8541492
101633415 9413072
101633415 9451052
101633415 13687132
101633415 14038862
101633415 14270527
101633415 14471778
101633415 14498387
101633415 14506809
101633415 14536491
101633415 14589257
101633415 14609321
101633415 14691709
101633415 14692604
101633415 14922225
101633415 14935647
101633415 15234657
101633415 15575251
101633415 15853668
101633415 16097743
101633415 16098603
101633415 16513135
101633415 16626187
101633415 17092592
101633415 17214479
101633415 17552077
101633415 17759701
101633415 18301663
101633415 18581803
101633415 18776017
101633415 18859819
101633415 19413393
101633415 20273398
101633415 20880546
101633415 21195122
101633415 22679419
101633415 24004172
101633415 24585498
101633415 24641194
101633415 25026165
101633415 28933226
101633415 31296704
101633415 38389963
101633415 42361118
101633415 45416789
101633415 47161442
101633415 48370736
101633415 48485771
101633415 53459595
101633415 55338862
101633415 59804598
101633415 60968363
101633415 64488804
101633415 65913144
101633415 69679166
101633415 84043660
101633415 90964854
101633415 116952434
101633415 117187783
101633415 121258930
101633415 144040563
101633415 309366491
102903198 10350
102903198 15913
102903198 756379
102903198 1065921
102903198 1183041
102903198 3462421
102903198 4893411
102903198 6068612
102903198 7377812
102903198 7384432
102903198 7860742
102903198 7861312
102903198 8207762
102903198 14424667
102903198 14589257
102903198 15575251
102903198 16038438
102903198 16079941
102903198 16098603
102903198 16626187
102903198 16799897
102903198 16909832
102903198 17092862
102903198 17759701
102903198 18445879
102903198 18666844
102903198 18849313
102903198 19049747
102903198 20273398
102903198 28202547
102903198 31808762
102903198 34455805
102903198 43662236
102903198 48370736
102903198 58714972
102903198 88501703
102903198 96747353
102903198 114563370
102903198 126042901
102903198 127569781
102903198 223247584
102903198 280725732
103661402 15913
103661402 3359851
103661402 5442012
103661402 14180231
103661402 15112961
103661402 15853668
103661402 17564647
103661402 18021714
103661402 18776017
103661402 20471349
103661402 23140494
103661402 24742040
103661402 24942585
103661402 25026165
103661402 25827166
103661402 45509346
103661402 47495471
103661402 48485771
103661402 59804598
103661402 61853583
103661402 72156360
103661402 82969251
103661402 84043660
103661402 94414805
103661402 121258930
103661402 131350078
103661402 144040563
103661402 146155608
103661402 155976326
103661402 198876913
103661402 211614808
103661402 282733465
103661402 306445007
103661402 307206030
103661402 307642294
103661402 324061899
103661402 325106566
103661402 343042051
103661402 362626342
103661402 365904984
103661402 367443729
103661402 370952365
103661402 394475305
103661402 401029555
103661402 416718047
103661402 417927586
103661402 422253889
103661402 422950468
103661402 446023451
103661402 452342492
103661402 548539370
105150583 3359851
105150583 5442012
105150583 14180231
105150583 15070932
105150583 15154217
105150583 15520280
105150583 15653423
105150583 17140787
105150583 17564647
105150583 17586739
105150583 18581803
105150583 20274104
105150583 20323999
105150583 20471349
105150583 20880546
105150583 21075893
105150583 23215572
105150583 24742040
105150583 24942585
105150583 26800967
105150583 28281437
105150583 28478859
105150583 34771668
105150583 41226089
105150583 45509346
105150583 46241569
105150583 46762510
105150583 47495471
105150583 59414975
105150583 61853583
105150583 63787760
105150583 67818595
105150583 71606873
105150583 72156360
105150583 84043660
105150583 93905958
105150583 103661402
105150583 105895378
105150583 114115460
105150583 115313263
105150583 121258930
105150583 127935456
105150583 146155608
105150583 155976326
105150583 172161833
105150583 187744415
105150583 198876913
105150583 207752295
105150583 210639349
105150583 210731960
105150583 211614808
105150583 221636679
105150583 222640532
105150583 238308325
105150583 245394117
105150583 247031120
105150583 256974037
105150583 258203336
105150583 259074185
105150583 262775327
105150583 277139373
105150583 278062722
105150583 281159810
105150583 288231953
105150583 290097288
105150583 294198566
105150583 298757008
105150583 306445007
105150583 307206030
105150583 307642294
105150583 309064372
105150583 309325161
105150583 310233571
105150583 312604104
105150583 325106566
105150583 326659062
105150583 337952973
105150583 339943969
105150583 341840097
105150583 356447837
105150583 362626342
105150583 384388981
105150583 384621304
105150583 399404516
105150583 411273721
105150583 417927586
105150583 422253889
105150583 446023451
105150583 452342492
105150583 469024995
105150583 496262970
105150583 499839056
105150583 501724209
105150583 548539370
105150583 548631386
105310392 15913
105310392 1065921
105310392 10115042
105310392 14471778
105310392 14498387
105310392 14589257
105310392 15154217
105310392 16079941
105310392 16453996
105310392 16626187
105310392 16799897
105310392 16957273
105310392 17526132
105310392 18301663
105310392 18666844
105310392 19087813
105310392 20273398
105310392 24004172
105310392 42361118
105310392 45862504
105310392 48485771
105310392 58714972
105310392 64488804
105310392 73077189
105310392 87764480
105310392 235216483
105310392 250831586
105895378 65673
105895378 3359851
105895378 7860742
105895378 9117202
105895378 14270527
105895378 15070932
105895378 15653423
105895378 17140787
105895378 17564647
105895378 17586739
105895378 19311729
105895378 20471349
105895378 21075893
105895378 21913907
105895378 23215572
105895378 24125323
105895378 26176694
105895378 26800967
105895378 28478859
105895378 29785987
105895378 36836939
105895378 36850842
105895378 40329238
105895378 46762510
105895378 48939443
105895378 58245520
105895378 59414975
105895378 67818595
105895378 77806232
105895378 84672379
105895378 87044829
105895378 97551846
105895378 105150583
105895378 115313263
105895378 121472925
105895378 123684709
105895378 127935456
105895378 131490551
105895378 146350964
105895378 160008685
105895378 163339795
105895378 165795009
105895378 172161833
105895378 183663839
105895378 186745799
105895378 210639349
105895378 210731960
105895378 211614808
105895378 213032194
105895378 221636679
105895378 238308325
105895378 240063501
105895378 245394117
105895378 248861233
105895378 250441643
105895378 250708662
105895378 252887163
105895378 253893287
105895378 256974037
105895378 258203336
105895378 262775327
105895378 275550472
105895378 275937498
105895378 277139373
105895378 277675909
105895378 281159810
105895378 284174632
105895378 287411130
105895378 288231953
105895378 294198566
105895378 296242468
105895378 297683673
105895378 298757008
105895378 307206030
105895378 307642294
105895378 309064372
105895378 309325161
105895378 310233571
105895378 322822476
105895378 325106566
105895378 337952973
105895378 339943969
105895378 341840097
105895378 345569115
105895378 356447837
105895378 362626342
105895378 381788237
105895378 382360772
105895378 384621304
105895378 385621090
105895378 417927586
105895378 422114084
105895378 431983156
105895378 446023451
105895378 467903803
105895378 501705927
105895378 543373651
105895378 548631386
107347772 15913
107347772 34378922
108989831 15913
108989831 1247691
108989831 13687132
108989831 20273398
108989831 175181917
108989831 177564924
108993961 15913
108993961 13434092
108993961 16831715
108993961 18890465
108993961 19069709
111164068 15913
111164068 65673
111164068 9117202
111164068 9451052
111164068 14573745
111164068 14691709
111164068 16265412
111164068 16955141
111164068 20274104
111164068 21678052
111164068 22715267
111164068 24742040
111164068 34068984
111164068 38542252
111164068 57986173
111164068 59804598
111164068 81229871
111164068 111210694
111164068 116952434
111164068 126444583
111164068 132253772
111164068 137577423
111164068 154708725
111164068 160959034
111164068 184637153
111164068 187744415
111164068 204089551
111164068 238289569
111164068 294198566
111210694 15913
111210694 65673
111210694 2260771
111210694 3359851
111210694 3442781
111210694 3443591
111210694 7157132
111210694 7860742
111210694 8001572
111210694 12121162
111210694 14269220
111210694 14691709
111210694 15575251
111210694 16098603
111210694 16955141
111210694 17552077
111210694 18176640
111210694 18666844
111210694 18776017
111210694 19413393
111210694 21993653
111210694 22679419
111210694 22715267
111210694 24742040
111210694 24942585
111210694 31524543
111210694 34068984
111210694 36198161
111210694 38542252
111210694 45705189
111210694 51352986
111210694 57986173
111210694 59804598
111210694 63787760
111210694 81229871
111210694 85215038
111210694 85343184
111210694 93905958
111210694 111164068
111210694 126444583
111210694 144064703
111210694 146155608
111210694 152065057
111210694 154708725
111210694 187744415
111210694 191548936
111210694 222640532
111210694 290097288
111210694 294198566
111210694 299442187
113025559 15913
113025559 1065921
113025559 7702232
113025559 7860742
113025559 7872262
113025559 8470732
113025559 14416334
113025559 14471778
113025559 14498387
113025559 14688086
113025559 14922225
113025559 15853668
113025559 16079941
113025559 16453996
113025559 18776017
113025559 24004172
113025559 24081780
113025559 24641194
113025559 25026165
113025559 28719244
113025559 36198161
113025559 42361118
113025559 44121353
113025559 45416789
113025559 47161442
113025559 48370736
113025559 48485771
113025559 57986173
113025559 60968363
113025559 65913144
113025559 94414805
113025559 127178017
113025559 196710000
113025559 258218804
114115460 15913
114115460 820281
114115460 1045521
114115460 8001572
114115460 12298182
114115460 14363438
114115460 15154217
114115460 15520280
114115460 16224299
114115460 16265412
114115460 16627086
114115460 17409832
114115460 18666844
114115460 18849368
114115460 19550535
114115460 19993335
114115460 20567578
114115460 21358633
114115460 24585498
114115460 25566593
114115460 34771668
114115460 48485771
114115460 53789489
114115460 59414975
114115460 64121269
114115460 87620061
114115460 222640532
114115460 268479669
114115460 469024995
114563370 15913
114563370 1065921
114563370 1183041
114563370 5442012
114563370 6068612
114563370 7565302
114563370 7861312
114563370 8207762
114563370 9451052
114563370 14269220
114563370 15575251
114563370 15653423
114563370 16038438
114563370 16799897
114563370 16909832
114563370 18666844
114563370 19049747
114563370 19595287
114563370 22679419
114563370 23140494
114563370 24742040
114563370 28202547
114563370 31037985
114563370 40625388
114563370 43662236
114563370 45862504
114563370 48370736
114563370 48485771
114563370 58714972
114563370 121258930
114563370 144040563
114563370 155976326
114563370 223247584
115313263 3359851
115313263 11648692
115313263 15070932
115313263 17564647
115313263 19311729
115313263 20471349
115313263 21075893
115313263 21504535
115313263 21913907
115313263 23215572
115313263 24125323
115313263 24742040
115313263 26176694
115313263 26800967
115313263 29785987
115313263 30267128
115313263 36850842
115313263 40329238
115313263 48939443
115313263 49781679
115313263 58245520
115313263 67818595
115313263 74325773
115313263 77806232
115313263 87044829
115313263 105150583
115313263 105895378
115313263 121472925
115313263 123684709
115313263 127935456
115313263 130917777
115313263 146350964
115313263 160008685
115313263 165795009
115313263 172161833
115313263 186745799
115313263 210731960
115313263 211614808
115313263 213032194
115313263 221636679
115313263 238308325
115313263 240063501
115313263 245394117
115313263 247031120
115313263 250441643
115313263 250708662
115313263 252887163
115313263 253893287
115313263 256974037
115313263 258203336
115313263 262775327
115313263 275550472
115313263 277139373
115313263 277675909
115313263 281159810
115313263 287411130
115313263 288231953
115313263 294198566
115313263 296242468
115313263 297683673
115313263 298757008
115313263 307206030
115313263 307642294
115313263 308103112
115313263 309064372
115313263 309325161
115313263 310233571
115313263 322822476
115313263 325106566
115313263 337952973
115313263 339943969
115313263 341840097
115313263 345569115
115313263 356447837
115313263 362626342
115313263 381296177
115313263 381788237
115313263 382360772
115313263 384621304
115313263 385621090
115313263 417927586
115313263 422253889
115313263 431983156
115313263 446023451
115313263 464413911
115313263 496262970
115313263 498542846
115313263 501705927
115313263 543373651
115313263 548539370
115444551 15913
115444551 1134701
115444551 2585151
115444551 7157132
115444551 7860742
115444551 7872262
115444551 7875762
115444551 8470732
115444551 14446419
115444551 14498387
115444551 14922225
115444551 15838599
115444551 16098603
115444551 16453996
115444551 16507692
115444551 17552077
115444551 17759701
115444551 18021714
115444551 18859819
115444551 19413393
115444551 20274104
115444551 20601792
115444551 21195122
115444551 22841103
115444551 24004172
115444551 24081780
115444551 24641194
115444551 36993162
115444551 42361118
115444551 45416789
115444551 48370736
115444551 57986173
115444551 59804598
115444551 60968363
115444551 65913144
115444551 66791268
115444551 71383220
115444551 73077189
115444551 87764480
115444551 115717640
115444551 129279693
115444551 165580617
115444551 188035912
115444551 217932743
115444551 258218804
115444551 286118150
115444551 308693201
115444551 319036126
115444551 399404516
115717640 15913
115717640 7157132
115717640 7860742
115717640 14922225
115717640 15575251
115717640 19413393
115717640 20274104
115717640 48370736
115717640 59804598
115717640 60968363
115717640 65913144
115717640 66791268
115717640 115444551
115717640 165580617
115717640 308693201
115717640 319036126
115717640 399404516
116952434 7846
116952434 15913
116952434 65673
116952434 2609891
116952434 3359851
116952434 6478202
116952434 7702232
116952434 7860742
116952434 7872262
116952434 7925002
116952434 9451052
116952434 12121162
116952434 14180231
116952434 14416334
116952434 14589257
116952434 15853668
116952434 16097743
116952434 16098603
116952434 16265412
116952434 16453996
116952434 18581803
116952434 18666844
116952434 18776017
116952434 19413393
116952434 19519349
116952434 19720019
116952434 20315513
116952434 21195122
116952434 21678052
116952434 22273748
116952434 22679419
116952434 22705686
116952434 22715267
116952434 24641194
116952434 24742040
116952434 25026165
116952434 25569713
116952434 26000424
116952434 26250517
116952434 26444473
116952434 28719244
116952434 28960709
116952434 34068984
116952434 36198161
116952434 38685348
116952434 45416789
116952434 48485771
116952434 57986173
116952434 58497291
116952434 59804598
116952434 63787760
116952434 65913144
116952434 66905823
116952434 85343184
116952434 87764480
116952434 93905958
116952434 94414805
116952434 101633415
116952434 111164068
116952434 117187783
116952434 126444583
116952434 127178017
116952434 128302994
116952434 132253772
116952434 144723989
116952434 184637153
116952434 187744415
116952434 204089551
116952434 212498957
116952434 238289569
116952434 265732976
116952434 290097288
116952434 294198566
116952434 309366491
116952434 374936497
117187783 15913
117187783 3359851
117187783 3443591
117187783 3954801
117187783 4068821
117187783 5442012
117187783 6080022
117187783 6478202
117187783 7157132
117187783 7377812
117187783 7565302
117187783 7702232
117187783 8001572
117187783 9500062
117187783 12127832
117187783 12771872
117187783 13687132
117187783 14180231
117187783 14269220
117187783 14416334
117187783 14424667
117187783 14471778
117187783 14506809
117187783 14536491
117187783 14609321
117187783 14935647
117187783 15653423
117187783 16079941
117187783 16097743
117187783 17526132
117187783 17632072
117187783 17722816
117187783 18101470
117187783 18176640
117187783 18581803
117187783 18666844
117187783 18776017
117187783 19519349
117187783 20624600
117187783 20880546
117187783 21195122
117187783 22679419
117187783 23404076
117187783 24641194
117187783 24942585
117187783 25026165
117187783 25952851
117187783 28719244
117187783 28933226
117187783 28960709
117187783 31037985
117187783 36198161
117187783 45509346
117187783 47161442
117187783 48485771
117187783 52934175
117187783 84043660
117187783 90964854
117187783 94454911
117187783 101633415
117187783 116952434
117187783 121258930
117187783 144040563
117187783 144723989
117187783 200212364
117187783 238289569
117187783 265732976
117187783 291468308
117541123 15913
117541123 3096071
117541123 5442012
117541123 5452672
117541123 5906322
117541123 7565302
117541123 7860742
117541123 9275742
117541123 14573745
117541123 15112961
117541123 15575251
117541123 15653423
117541123 15853668
117541123 17552077
117541123 17586739
117541123 18581803
117541123 19162933
117541123 19413393
117541123 20880546
117541123 22273748
117541123 22679419
117541123 23140494
117541123 23457239
117541123 24742040
117541123 24942585
117541123 25026165
117541123 28719244
117541123 28775296
117541123 30680870
117541123 41937748
117541123 45509346
117541123 48485771
117541123 48621884
117541123 54514600
117541123 59804598
117541123 61853583
117541123 72156360
117541123 75914648
117541123 84043660
117541123 94414805
117541123 111210694
117541123 121258930
117541123 128968339
117541123 144040563
117541123 146155608
117541123 146320301
117541123 152435436
117541123 155976326
117541123 198876913
117541123 200212364
117541123 203261300
117541123 207752295
117541123 259074185
117541123 306445007
117541123 307642294
117541123 309366491
117541123 316264827
117541123 324061899
117541123 355637036
117541123 365904984
117541123 367443729
117541123 370952365
117541123 384388981
117541123 401029555
117541123 416718047
117541123 421848829
117541123 422950468
117541123 499839056
121258930 5442012
121258930 7861312
121258930 15112961
121258930 19603370
121258930 23140494
121258930 24942585
121258930 31037985
121258930 48485771
121258930 144040563
121258930 146155608
121258930 155976326
121258930 203261300
121472925 3359851
121472925 48939443
121472925 105895378
121472925 160008685
121472925 211614808
121472925 245394117
121472925 250441643
121472925 250708662
121472925 252887163
121472925 258203336
121472925 277675909
121472925 281159810
121472925 288231953
121472925 309325161
121472925 322822476
121472925 339943969
121472925 543373651
123004655 15913
123004655 1045521
123004655 1065921
123004655 1247691
123004655 1937751
123004655 2570021
123004655 3062761
123004655 3253671
123004655 3277381
123004655 3296721
123004655 3321441
123004655 3359851
123004655 3443591
123004655 3550301
123004655 4065921
123004655 4398351
123004655 5193261
123004655 5442012
123004655 5443002
123004655 5650332
123004655 6085372
123004655 6086752
123004655 6834572
123004655 7159422
123004655 7446452
123004655 7860742
123004655 8001572
123004655 8541492
123004655 9670952
123004655 11272122
123004655 11461102
123004655 12298182
123004655 12681982
123004655 13894102
123004655 14038862
123004655 14114985
123004655 14168488
123004655 14269220
123004655 14355610
123004655 14444530
123004655 14456200
123004655 14709855
123004655 14874480
123004655 14921836
123004655 15112961
123004655 15575251
123004655 15670515
123004655 16030324
123004655 16098603
123004655 16134428
123004655 16425197
123004655 16547411
123004655 16660064
123004655 16831715
123004655 16834674
123004655 17016709
123004655 17034634
123004655 17140787
123004655 17526132
123004655 17613979
123004655 18101470
123004655 18285245
123004655 18666844
123004655 18776017
123004655 18819691
123004655 18838035
123004655 18859819
123004655 18890465
123004655 19413393
123004655 19595287
123004655 19732725
123004655 19774817
123004655 19970426
123004655 20439140
123004655 20642115
123004655 20880546
123004655 21430043
123004655 22679419
123004655 22831657
123004655 22900797
123004655 24004172
123004655 24741685
123004655 24742040
123004655 24942585
123004655 25566593
123004655 27956824
123004655 31037985
123004655 37444945
123004655 45705189
123004655 48485771
123004655 59804598
123004655 63644892
123004655 64624131
123004655 71862367
123004655 74286565
123004655 91396874
123004655 93905958
123004655 121258930
123004655 126048747
123004655 144040563
123004655 146155608
123004655 155976326
123004655 282339563
123684709 3359851
123684709 15070932
123684709 17564647
123684709 19311729
123684709 21075893
123684709 21913907
123684709 34068984
123684709 36836939
123684709 48939443
123684709 75914648
123684709 77806232
123684709 87044829
123684709 105895378
123684709 115313263
123684709 121472925
123684709 127935456
123684709 131490551
123684709 146350964
123684709 160008685
123684709 163339795
123684709 165795009
123684709 170487428
123684709 172161833
123684709 187744415
123684709 211614808
123684709 213032194
123684709 221636679
123684709 238308325
123684709 240063501
123684709 245394117
123684709 250441643
123684709 250708662
123684709 252887163
123684709 253893287
123684709 258203336
123684709 262775327
123684709 277675909
123684709 281159810
123684709 294198566
123684709 298757008
123684709 307206030
123684709 307642294
123684709 309325161
123684709 322822476
123684709 325106566
123684709 339943969
123684709 356447837
123684709 362626342
123684709 381788237
123684709 384621304
123684709 422253889
123684709 431983156
123684709 464413911
123684709 501705927
123684709 543373651
124944912 15913
124944912 1045521
124944912 3443591
124944912 7861312
124944912 11272122
124944912 12298182
124944912 14269220
124944912 15154217
124944912 16660064
124944912 17140787
124944912 17526132
124944912 18666844
124944912 19774817
124944912 126536128
126042901 10350
126042901 15913
126042901 1183041
126042901 7384432
126042901 7861312
126042901 8207762
126042901 12284582
126042901 14448205
126042901 14692604
126042901 16038438
126042901 18666844
126042901 28192145
126048747 15913
126048747 1065921
126048747 1183041
126048747 3062761
126048747 3253671
126048747 3277381
126048747 3443591
126048747 5650332
126048747 6086752
126048747 7159422
126048747 7861312
126048747 8541492
126048747 11272122
126048747 11461102
126048747 14269220
126048747 14456200
126048747 14559570
126048747 14709855
126048747 16030324
126048747 16134428
126048747 16834674
126048747 17016709
126048747 17140787
126048747 18890465
126048747 19732725
126048747 19774817
126048747 22831657
126048747 22900797
126048747 25649234
126048747 94454911
126048747 123004655
126048747 174541760
126444583 7846
126444583 15913
126444583 65673
126444583 3359851
126444583 14573745
126444583 16098603
126444583 16955141
126444583 18776017
126444583 21678052
126444583 22715267
126444583 31524543
126444583 34068984
126444583 57986173
126444583 58497291
126444583 81229871
126444583 111164068
126444583 116952434
126444583 132253772
126444583 184637153
126444583 187744415
126444583 188398607
126444583 204089551
126444583 238289569
126536128 15913
126536128 1045521
126536128 1183041
126536128 3443591
126536128 11272122
126536128 14269220
126536128 14750463
126536128 16079941
126536128 16660064
126536128 17140787
126536128 17526132
126536128 18666844
126536128 19774817
126536128 124944912
126979753 15913
126979753 1937751
126979753 2589661
126979753 5650332
126979753 6086752
126979753 7159422
126979753 7626162
126979753 11272122
126979753 11461102
126979753 13894102
126979753 14269220
126979753 19732725
126979753 27956824
126979753 48485771
126979753 55338862
126979753 59804598
126979753 198876913
127178017 15913
127178017 2609891
127178017 7702232
127178017 7860742
127178017 12127832
127178017 14498387
127178017 14589257
127178017 15853668
127178017 16097743
127178017 16098603
127178017 16453996
127178017 18776017
127178017 20315513
127178017 22679419
127178017 22705686
127178017 24004172
127178017 24641194
127178017 25026165
127178017 25566593
127178017 28037700
127178017 28960709
127178017 38685348
127178017 45416789
127178017 55019615
127178017 66905823
127178017 113025559
127178017 116952434
127178017 131350078
127178017 309366491
127569781 10350
127569781 15913
127569781 1065921
127569781 1183041
127569781 5848412
127569781 7861312
127569781 7861622
127569781 8914942
127569781 14424667
127569781 14589257
127569781 15300838
127569781 15575251
127569781 15583454
127569781 16038438
127569781 16799897
127569781 20273398
127569781 88501703
127569781 223247584
127935456 15070932
127935456 17564647
127935456 19311729
127935456 20471349
127935456 21075893
127935456 21504535
127935456 21913907
127935456 23215572
127935456 24125323
127935456 26176694
127935456 26800967
127935456 30267128
127935456 36836939
127935456 36850842
127935456 40329238
127935456 41656802
127935456 48939443
127935456 58245520
127935456 59804598
127935456 67818595
127935456 74325773
127935456 87044829
127935456 105150583
127935456 105895378
127935456 115313263
127935456 123684709
127935456 131490551
127935456 146350964
127935456 160008685
127935456 172161833
127935456 186745799
127935456 210639349
127935456 210731960
127935456 211614808
127935456 213032194
127935456 221636679
127935456 238308325
127935456 240063501
127935456 245394117
127935456 247031120
127935456 248861233
127935456 250441643
127935456 250708662
127935456 252887163
127935456 253893287
127935456 262775327
127935456 275550472
127935456 277139373
127935456 277675909
127935456 281159810
127935456 287411130
127935456 288231953
127935456 297683673
127935456 298757008
127935456 307206030
127935456 307642294
127935456 308103112
127935456 309325161
127935456 310233571
127935456 322822476
127935456 325106566
127935456 339943969
127935456 341840097
127935456 356447837
127935456 362626342
127935456 374949999
127935456 381296177
127935456 381788237
127935456 382360772
127935456 384621304
127935456 385621090
127935456 417927586
127935456 422253889
127935456 431983156
127935456 467903803
127935456 491431687
127935456 498542846
127935456 501705927
127935456 543373651
127935456 548539370
127935456 548631386
127935456 560929638
128302994 15913
128302994 2609891
128302994 7702232
128302994 15853668
128302994 18776017
128302994 19720019
128302994 22705686
128302994 25026165
128302994 25569713
128302994 25952851
128302994 26000424
128302994 26444473
128302994 28960709
128302994 31232539
128302994 33358162
128302994 34068984
128302994 36198161
128302994 38685348
128302994 58497291
128302994 66905823
128302994 116952434
128302994 184637153
128302994 212498957
128302994 309366491
128968339 15913
128968339 1065921
128968339 1072591
128968339 1183041
128968339 1247691
128968339 3096071
128968339 3296721
128968339 3359851
128968339 4068821
128968339 5413042
128968339 5442012
128968339 5443002
128968339 5906322
128968339 6080022
128968339 7377812
128968339 7702232
128968339 7860742
128968339 8001572
128968339 8054392
128968339 9451052
128968339 9500062
128968339 12284582
128968339 12298182
128968339 12681982
128968339 13185852
128968339 13356642
128968339 14038862
128968339 14155052
128968339 14179545
128968339 14180231
128968339 14269220
128968339 14337677
128968339 14424667
128968339 14498387
128968339 14506809
128968339 14536491
128968339 14573745
128968339 14575846
128968339 14609321
128968339 14692604
128968339 14750463
128968339 14922225
128968339 15394673
128968339 15430929
128968339 15575251
128968339 15582769
128968339 15591032
128968339 15681129
128968339 16098603
128968339 16134428
128968339 16831715
128968339 17076095
128968339 17140787
128968339 17526132
128968339 17552077
128968339 17794004
128968339 18666844
128968339 18755518
128968339 18859819
128968339 18890465
128968339 18941809
128968339 18946688
128968339 19413393
128968339 19774817
128968339 20880546
128968339 21339114
128968339 21430043
128968339 22679419
128968339 23140494
128968339 24004172
128968339 24081780
128968339 24742040
128968339 24942585
128968339 25026165
128968339 25566593
128968339 28719244
128968339 28933226
128968339 31037985
128968339 34068984
128968339 34378922
128968339 43626328
128968339 43880993
128968339 45862504
128968339 48485771
128968339 52934175
128968339 55655811
128968339 59804598
128968339 60642921
128968339 69679166
128968339 71862367
128968339 73077189
128968339 84043660
128968339 87620061
128968339 88501703
128968339 90385486
128968339 90964854
128968339 94454911
128968339 96869096
128968339 101633415
128968339 114563370
128968339 121258930
128968339 127178017
128968339 144040563
128968339 175181917
128968339 200212364
128968339 214618570
129279693 15913
129279693 1134701
129279693 3062761
129279693 3299561
129279693 7852172
129279693 7860742
129279693 7861312
129279693 7861622
129279693 7872262
129279693 7875762
129279693 7875912
129279693 7925002
129279693 8470732
129279693 8541492
129279693 9835242
129279693 12127832
129279693 14180231
129279693 14416334
129279693 14515313
129279693 14922225
129279693 15234657
129279693 15707278
129279693 16097743
129279693 16098603
129279693 16453996
129279693 16507692
129279693 16660064
129279693 17759701
129279693 18021714
129279693 18581803
129279693 18712070
129279693 18776017
129279693 20274104
129279693 20490915
129279693 21195122
129279693 22679419
129279693 24004172
129279693 24081780
129279693 24641194
129279693 36993162
129279693 42361118
129279693 45416789
129279693 46147323
129279693 47161442
129279693 48370736
129279693 57986173
129279693 60968363
129279693 65913144
129279693 66791268
129279693 71383220
129279693 71606873
129279693 84043660
129279693 94414805
129279693 97551846
129279693 115444551
129279693 217932743
130202887 7846
130202887 12223
130202887 15913
130202887 1702611
130202887 3359851
130202887 3954801
130202887 4291741
130202887 5442012
130202887 6608332
130202887 7194892
130202887 7860742
130202887 13185852
130202887 13356642
130202887 14155052
130202887 14575846
130202887 14589257
130202887 14691709
130202887 14692604
130202887 15112961
130202887 15222083
130202887 15234679
130202887 15575251
130202887 16458937
130202887 16874875
130202887 18666844
130202887 18715024
130202887 18776017
130202887 19414296
130202887 19595287
130202887 20273398
130202887 24742040
130202887 31296704
130202887 41172837
130202887 45862504
130202887 48370736
130202887 64488804
130202887 87764480
130202887 93905958
130202887 94414805
130202887 160839015
130202887 290097288
130917777 17564647
130917777 26800967
130917777 115313263
130917777 238308325
130917777 252887163
130917777 308103112
130917777 309325161
130917777 325106566
130917777 337952973
130917777 339943969
130917777 382360772
131296459 15913
131296459 1045521
131296459 1072591
131296459 3062761
131296459 5650332
131296459 7860742
131296459 7872262
131296459 7925002
131296459 8470732
131296459 14270527
131296459 15555645
131296459 16097743
131296459 16660064
131296459 17759701
131296459 21195122
131296459 24081780
131296459 28037700
131296459 30023595
131296459 47161442
131296459 59414975
131296459 65913144
131296459 71383220
131296459 242024994
131350078 15913
131350078 5442012
131350078 7702232
131350078 7852172
131350078 14180231
131350078 14416334
131350078 15653423
131350078 15853668
131350078 16097743
131350078 16098603
131350078 17632072
131350078 18101470
131350078 18532553
131350078 18581803
131350078 18776017
131350078 20315513
131350078 20880546
131350078 22273748
131350078 22705686
131350078 23457239
131350078 24742040
131350078 24942585
131350078 25026165
131350078 25827166
131350078 25952851
131350078 26000424
131350078 28037700
131350078 28719244
131350078 28933226
131350078 31037985
131350078 31524543
131350078 37444945
131350078 47161442
131350078 48485771
131350078 48621884
131350078 61853583
131350078 65913144
131350078 84043660
131350078 86852135
131350078 94414805
131350078 121258930
131350078 127178017
131350078 144040563
131350078 146155608
131350078 151711230
131350078 196710000
131350078 198876913
131350078 200212364
131350078 207752295
131350078 265732976
131350078 282733465
131350078 309366491
131350078 347508389
131350078 365904984
131350078 367443729
131350078 394475305
131490551 19311729
131490551 48939443
131490551 105895378
131490551 127935456
131490551 160008685
131490551 163339795
131490551 221636679
131490551 238308325
131490551 258203336
131490551 262775327
131490551 298757008
131490551 307642294
131490551 325106566
131490551 422253889
131490551 501705927
132253772 15913
132253772 65673
132253772 3359851
132253772 3443591
132253772 5442012
132253772 12121162
132253772 15234657
132253772 16098603
132253772 18666844
132253772 18776017
132253772 19563357
132253772 21678052
132253772 22679419
132253772 22715267
132253772 31524543
132253772 34068984
132253772 36198161
132253772 85215038
132253772 93905958
132253772 111164068
132253772 152065057
132253772 154708725
132253772 160959034
132253772 187744415
132253772 191548936
132253772 238289569
132253772 290097288
132253772 294198566
134979402 15913
134979402 3359851
134979402 9117202
134979402 36850842
134979402 48939443
134979402 84672379
134979402 87044829
134979402 252887163
134979402 258203336
134979402 307642294
134979402 309325161
134979402 325106566
134979402 339943969
134979402 341603426
137577423 7846
137577423 15913
137577423 9451052
137577423 14573745
137577423 15222083
137577423 15838599
137577423 20273398
137577423 38514229
137577423 41172837
137577423 81229871
137577423 90964854
137577423 154708725
141328659 15913
141328659 14922225
141328659 15222083
141328659 15838599
141328659 16453996
141328659 18900668
141328659 19413393
141328659 22841103
141328659 69679166
141328659 121258930
144040563 15913
144040563 1712051
144040563 3096071
144040563 3359851
144040563 5442012
144040563 5452672
144040563 5906322
144040563 6240732
144040563 7157132
144040563 7861312
144040563 8001572
144040563 9275742
144040563 9451052
144040563 13687132
144040563 14424667
144040563 14589257
144040563 14750463
144040563 15112961
144040563 15520280
144040563 15575251
144040563 15853668
144040563 16079941
144040563 16438354
144040563 17028313
144040563 17552077
144040563 18445879
144040563 18581803
144040563 19162933
144040563 19413393
144040563 19603370
144040563 20019469
144040563 20273398
144040563 22679419
144040563 22831657
144040563 22841103
144040563 23140494
144040563 24585498
144040563 24942585
144040563 25026165
144040563 25538903
144040563 31037985
144040563 38724356
144040563 48485771
144040563 61853583
144040563 64488804
144040563 84043660
144040563 121258930
144040563 146071420
144040563 146155608
144040563 155976326
144040563 179524189
144040563 203261300
144040563 293854513
144064703 7846
144064703 15913
144064703 3359851
144064703 9451052
144064703 12121162
144064703 16265412
144064703 18811197
144064703 19414296
144064703 34068984
144064703 48485771
144064703 64285972
144064703 93905958
144064703 152065057
144064703 154708725
144064703 191548936
144064703 294198566
144064703 374936497
144723989 7157132
144723989 7852172
144723989 14922225
144723989 15234657
144723989 15838599
144723989 15853668
144723989 18581803
144723989 24742040
144723989 28960709
144723989 36198161
144723989 43626328
144723989 50499213
144723989 121258930
144723989 309366491
146071420 15913
146071420 3359851
146071420 5442012
146071420 5452672
146071420 5906322
146071420 9451052
146071420 15112961
146071420 15222083
146071420 15839551
146071420 19162933
146071420 19603370
146071420 20019469
146071420 22679419
146071420 22841103
146071420 23140494
146071420 24585498
146071420 24942585
146071420 25538903
146071420 28202547
146071420 31037985
146071420 45862504
146071420 48485771
146071420 64488804
146071420 121258930
146071420 144040563
146071420 146155608
146071420 155976326
146071420 203261300
146155608 15913
146155608 1712051
146155608 5442012
146155608 5452672
146155608 13687132
146155608 15112961
146155608 17028313
146155608 17552077
146155608 20880546
146155608 23140494
146155608 24742040
146155608 24942585
146155608 31037985
146155608 38724356
146155608 48485771
146155608 84043660
146155608 121258930
146155608 144040563
146155608 146071420
146155608 155976326
146320301 5442012
146320301 7157132
146320301 7860742
146320301 14038862
146320301 15575251
146320301 17586739
146320301 18776017
146320301 20273398
146320301 20880546
146320301 22273748
146320301 23140494
146320301 24742040
146320301 24942585
146320301 25827166
146320301 28719244
146320301 30680870
146320301 31037985
146320301 37444945
146320301 45862504
146320301 47495471
146320301 48485771
146320301 52559331
146320301 59005241
146320301 64488804
146320301 75914648
146320301 82969251
146320301 84052794
146320301 95109615
146320301 117541123
146320301 121258930
146320301 144040563
146320301 146155608
146320301 151711230
146320301 203261300
146320301 250831586
146320301 270076706
146320301 282733465
146320301 307642294
146320301 324061899
146320301 355637036
146320301 367443729
146320301 384388981
146320301 394475305
146320301 401029555
146320301 416718047
146320301 466645680
146350964 15913
146350964 5442012
146350964 7860742
146350964 14498387
146350964 15234657
146350964 17564647
146350964 18581803
146350964 18776017
146350964 19311729
146350964 20471349
146350964 21075893
146350964 22679419
146350964 24125323
146350964 24641194
146350964 24742040
146350964 47161442
146350964 48485771
146350964 48939443
146350964 65913144
146350964 75914648
146350964 77806232
146350964 84672379
146350964 87044829
146350964 97551846
146350964 105895378
146350964 115313263
146350964 121258930
146350964 123684709
146350964 127935456
146350964 146155608
146350964 160008685
146350964 163339795
146350964 172161833
146350964 183663839
146350964 211614808
146350964 213032194
146350964 221636679
146350964 238308325
146350964 240063501
146350964 245394117
146350964 250441643
146350964 250708662
146350964 252887163
146350964 253893287
146350964 258203336
146350964 262775327
146350964 275608958
146350964 277675909
146350964 281159810
146350964 284174632
146350964 288231953
146350964 294198566
146350964 296242468
146350964 298757008
146350964 307206030
146350964 307642294
146350964 309325161
146350964 322822476
146350964 339943969
146350964 356447837
146350964 362626342
146350964 381788237
146350964 384621304
146350964 422253889
146350964 501705927
146350964 543373651
148148588 7846
148148588 10350
148148588 15913
148148588 1065921
148148588 6547952
148148588 7157132
148148588 7565302
148148588 7860742
148148588 7861312
148148588 7861622
148148588 14270527
148148588 14471778
148148588 14688086
148148588 14691709
148148588 14922225
148148588 15234657
148148588 15575251
148148588 15853668
148148588 17092592
148148588 17552077
148148588 20273398
148148588 21195122
148148588 22679419
148148588 24641194
148148588 28302257
148148588 28719244
148148588 36198161
148148588 45416789
148148588 47161442
148148588 48370736
148148588 59804598
148148588 60968363
148148588 65913144
148148588 90964854
148148588 258218804
148148588 309366491
151222531 15913
151222531 5443002
151222531 5906322
151222531 24742040
151223147 15913
151223147 2757281
151223147 3359851
151223147 5443002
151223147 14269220
151223147 17140787
151223147 18666844
151223147 21430043
151223147 22841103
151223147 24742040
151711230 15913
151711230 5442012
151711230 7702232
151711230 15853668
151711230 18776017
151711230 20880546
151711230 22273748
151711230 22705686
151711230 24942585
151711230 25026165
151711230 25827166
151711230 28719244
151711230 31524543
151711230 37444945
151711230 48485771
151711230 61853583
151711230 75914648
151711230 86852135
151711230 116952434
151711230 131350078
151711230 144040563
151711230 146320301
151711230 155976326
151711230 184637153
151711230 198876913
151711230 200212364
151711230 203261300
151711230 250831586
151711230 270076706
151711230 307642294
151711230 309366491
151711230 365904984
151711230 367443729
151711230 394475305
151711230 401029555
151711230 416718047
152065057 15913
152065057 3359851
152065057 3443591
152065057 7157132
152065057 7860742
152065057 9451052
152065057 12121162
152065057 14506809
152065057 14691709
152065057 14743923
152065057 15575251
152065057 16098603
152065057 16265412
152065057 18666844
152065057 18811197
152065057 18849313
152065057 18900668
152065057 19563357
152065057 19732725
152065057 21239763
152065057 24742040
152065057 34068984
152065057 45784061
152065057 57986173
152065057 59804598
152065057 63787760
152065057 64285972
152065057 85215038
152065057 85343184
152065057 87764480
152065057 93905958
152065057 114115460
152065057 154708725
152065057 187744415
152065057 191548936
152065057 254457417
152065057 290097288
152065057 294198566
152065057 374936497
152435436 15913
152435436 3096071
152435436 5442012
152435436 5445442
152435436 5452672
152435436 8254252
152435436 14103331
152435436 15112961
152435436 15222083
152435436 15653423
152435436 17028313
152435436 17552077
152435436 18581803
152435436 19162933
152435436 19603370
152435436 20019469
152435436 20274104
152435436 22841103
152435436 23140494
152435436 24942585
152435436 31037985
152435436 38724356
152435436 45862504
152435436 48485771
152435436 59804598
152435436 64488804
152435436 87764480
152435436 121258930
152435436 144040563
152435436 146071420
152435436 146155608
152435436 155976326
152435436 179524189
152435436 198876913
152435436 203261300
152435436 207752295
152435436 250831586
152435436 384388981
154708725 15913
154708725 3359851
154708725 7157132
154708725 7565302
154708725 9451052
154708725 13687132
154708725 14691709
154708725 15234657
154708725 15447248
154708725 17526132
154708725 22679419
154708725 24742040
154708725 34068984
154708725 41172837
154708725 48485771
154708725 63787760
154708725 75095976
154708725 92357649
154708725 93905958
154708725 290097288
155620461 15913
155620461 65673
155620461 3359851
155620461 5443002
155620461 7157132
155620461 7565302
155620461 9451052
155620461 17663756
155620461 18776017
155620461 19413393
155620461 20274104
155620461 22679419
155620461 31524543
155620461 34068984
155620461 36198161
155620461 63787760
155620461 64285972
155620461 75095976
155620461 87764480
155620461 93905958
155620461 154708725
155620461 160959034
155620461 187744415
155620461 191548936
155620461 290097288
155620461 294198566
155620461 548679814
155976326 15913
155976326 1712051
155976326 3096071
155976326 3359851
155976326 5445442
155976326 5452672
155976326 15112961
155976326 15520280
155976326 15653423
155976326 16246524
155976326 16438354
155976326 17140787
155976326 19162933
155976326 19603370
155976326 19993335
155976326 20019469
155976326 23140494
155976326 24942585
155976326 25538903
155976326 28202547
155976326 31037985
155976326 48485771
155976326 121258930
155976326 144040563
155976326 146071420
155976326 146155608
155976326 152435436
155976326 179524189
155976326 203261300
155976326 293854513
158558510 10350
158558510 15913
158558510 9451052
158558510 14536491
158558510 14573745
158558510 14589257
158558510 14922225
158558510 15575251
158558510 16626187
158558510 17214479
158558510 24560836
158558510 48485771
158558510 53459595
158558510 71606873
158558510 90964854
158558510 235216483
160008685 3359851
160008685 7860742
160008685 11648692
160008685 14180231
160008685 15070932
160008685 17564647
160008685 17632072
160008685 19311729
160008685 20471349
160008685 21075893
160008685 21504535
160008685 21913907
160008685 23215572
160008685 24125323
160008685 26176694
160008685 26800967
160008685 30267128
160008685 34068984
160008685 36836939
160008685 36850842
160008685 40329238
160008685 48939443
160008685 58245520
160008685 77806232
160008685 84672379
160008685 87044829
160008685 105895378
160008685 115313263
160008685 121472925
160008685 123684709
160008685 127935456
160008685 130917777
160008685 131490551
160008685 146350964
160008685 163339795
160008685 165795009
160008685 172161833
160008685 183663839
160008685 186745799
160008685 211614808
160008685 213032194
160008685 221636679
160008685 238308325
160008685 240063501
160008685 245394117
160008685 247031120
160008685 250441643
160008685 250708662
160008685 252887163
160008685 253893287
160008685 258203336
160008685 262775327
160008685 275550472
160008685 275937498
160008685 277675909
160008685 281159810
160008685 284174632
160008685 287411130
160008685 288231953
160008685 296242468
160008685 297683673
160008685 298757008
160008685 307206030
160008685 307642294
160008685 309325161
160008685 322822476
160008685 325106566
160008685 339943969
160008685 345569115
160008685 356447837
160008685 362626342
160008685 381788237
160008685 382360772
160008685 384621304
160008685 385621090
160008685 446023451
160008685 491431687
160008685 498542846
160008685 501705927
160008685 543373651
160008685 548631386
160008685 560929638
160839015 15913
160839015 3359851
160839015 7157132
160839015 13687132
160839015 14506809
160839015 15332029
160839015 17552077
160839015 18859819
160839015 21993653
160839015 22679419
160839015 26173611
160839015 41172837
160839015 42943177
160839015 51352986
160839015 59804598
160959034 7846
160959034 15913
160959034 65673
160959034 3359851
160959034 5443002
160959034 7157132
160959034 7565302
160959034 13687132
160959034 15234657
160959034 17663756
160959034 18776017
160959034 22679419
160959034 22715267
160959034 24742040
160959034 31524543
160959034 34068984
160959034 93905958
160959034 96605784
160959034 111164068
160959034 116952434
160959034 132253772
160959034 155620461
160959034 187744415
160959034 204089551
160959034 234526497
160959034 290097288
160959034 294198566
160959034 303060652
163339795 19311729
163339795 48939443
163339795 105895378
163339795 131490551
163339795 146350964
163339795 160008685
163339795 238308325
163339795 245394117
163339795 298757008
163339795 307642294
163339795 325106566
164024096 15913
164024096 6773622
164024096 7377812
164024096 7434902
164024096 10115042
164024096 14471778
164024096 14609321
164024096 14692604
164024096 15234657
164024096 15838599
164024096 16098603
164024096 16134428
164024096 16626187
164024096 18875718
164024096 19672395
164024096 19673424
164024096 38389963
164024096 38514229
164024096 48485771
164859947 15913
164859947 849131
164859947 1455911
164859947 5676102
164859947 14874480
164859947 15416485
164859947 15670515
164859947 16095572
164859947 16120265
164859947 16409781
164859947 16425197
164859947 16930986
164859947 24741685
164859947 49465463
164859947 55338862
164859947 91396874
165580617 15913
165580617 5443002
165580617 7194892
165580617 7860742
165580617 14922225
165580617 18712070
165580617 36969785
165580617 48370736
165580617 115444551
165580617 115717640
165580617 188035912
165580617 235216483
165580617 319036126
165795009 3359851
165795009 17564647
165795009 19311729
165795009 20471349
165795009 24125323
165795009 26176694
165795009 48939443
165795009 77806232
165795009 87044829
165795009 97551846
165795009 105895378
165795009 115313263
165795009 121472925
165795009 123684709
165795009 160008685
165795009 172161833
165795009 183663839
165795009 211614808
165795009 213032194
165795009 238308325
165795009 240063501
165795009 245394117
165795009 250441643
165795009 250708662
165795009 252887163
165795009 258203336
165795009 277675909
165795009 281159810
165795009 284174632
165795009 288231953
165795009 294198566
165795009 298757008
165795009 307206030
165795009 307642294
165795009 309325161
165795009 322822476
165795009 325106566
165795009 339943969
165795009 384621304
165795009 543373651
170487428 294198566
170487428 307642294
172161833 3359851
172161833 11648692
172161833 15070932
172161833 17564647
172161833 17586739
172161833 19311729
172161833 20274104
172161833 21075893
172161833 21504535
172161833 21913907
172161833 23215572
172161833 24125323
172161833 24742040
172161833 26800967
172161833 34068984
172161833 36836939
172161833 36850842
172161833 40329238
172161833 48939443
172161833 49781679
172161833 67818595
172161833 77806232
172161833 79056710
172161833 87044829
172161833 105150583
172161833 105895378
172161833 115313263
172161833 121472925
172161833 123684709
172161833 127935456
172161833 146350964
172161833 160008685
172161833 165795009
172161833 186745799
172161833 210639349
172161833 210731960
172161833 211614808
172161833 213032194
172161833 221636679
172161833 238308325
172161833 240063501
172161833 245394117
172161833 247031120
172161833 250708662
172161833 252887163
172161833 253893287
172161833 258203336
172161833 262775327
172161833 277139373
172161833 277675909
172161833 278062722
172161833 287411130
172161833 288231953
172161833 290097288
172161833 294198566
172161833 296242468
172161833 297683673
172161833 298757008
172161833 307206030
172161833 307642294
172161833 308103112
172161833 309064372
172161833 309325161
172161833 310233571
172161833 325106566
172161833 337952973
172161833 339943969
172161833 341840097
172161833 356447837
172161833 362626342
172161833 384621304
172161833 385621090
172161833 417927586
172161833 422253889
172161833 431983156
172161833 446023451
172161833 491431687
172161833 496262970
172161833 498542846
172161833 501705927
172161833 501724209
172161833 543373651
172161833 548539370
172161833 548631386
172768360 15913
172768360 2752851
172768360 14789563
174541760 15913
174541760 1045521
174541760 1183041
174541760 2718241
174541760 3062761
174541760 3253671
174541760 3443591
174541760 4398351
174541760 5650332
174541760 6086752
174541760 7861312
174541760 8914942
174541760 9500062
174541760 11461102
174541760 12298182
174541760 14269220
174541760 14355610
174541760 14559570
174541760 16660064
174541760 17140787
174541760 18666844
174541760 19732725
174541760 19774817
174541760 22831657
174541760 22900797
174541760 27956824
174541760 59804598
174541760 71862367
174541760 126048747
175181917 15913
175181917 1247691
175181917 7157132
175181917 12284582
175181917 13687132
175181917 14155052
175181917 15394673
175181917 16134428
175181917 18666844
175181917 18890465
175181917 20273398
175181917 24742040
175181917 31037985
175181917 52934175
175181917 60642921
175181917 96869096
175181917 108989831
175181917 128968339
175181917 177564924
175181917 214618570
176412453 15913
176412453 1064051
176412453 13687132
176412453 14804903
176412453 15006779
176412453 15009761
176412453 15018214
176412453 15582769
176412453 16458937
176412453 26083291
177564924 10350
177564924 15913
177564924 3359851
177564924 18731347
177564924 20273398
177564924 21383585
177564924 108989831
177564924 175181917
179524189 15913
179524189 1712051
179524189 3096071
179524189 5442012
179524189 7860742
179524189 9451052
179524189 14038862
179524189 14573745
179524189 15112961
179524189 15575251
179524189 15653423
179524189 17028313
179524189 17552077
179524189 19162933
179524189 19603370
179524189 20019469
179524189 20274104
179524189 20880546
179524189 21339114
179524189 23140494
179524189 24585498
179524189 24942585
179524189 25538903
179524189 28202547
179524189 28719244
179524189 30680870
179524189 31037985
179524189 37444945
179524189 41937748
179524189 45509346
179524189 48485771
179524189 52559331
179524189 87764480
179524189 121258930
179524189 144040563
179524189 146071420
179524189 146155608
179524189 152435436
179524189 155976326
179524189 198876913
179524189 200212364
179524189 203261300
179524189 207752295
179524189 293854513
179524189 324061899
179524189 421848829
181668778 20273398
181668778 20471349
181668778 22679419
181668778 94441197
181668778 307642294
181668778 322641198
181668778 450692479
183663839 15913
183663839 1065921
183663839 3359851
183663839 3443591
183663839 5442012
183663839 5906322
183663839 7852172
183663839 7860742
183663839 7861312
183663839 12121162
183663839 14269220
183663839 14270527
183663839 14498387
183663839 14743923
183663839 15070932
183663839 16098603
183663839 17526132
183663839 17759701
183663839 18666844
183663839 18776017
183663839 19311729
183663839 19563357
183663839 20471349
183663839 21195122
183663839 21339114
183663839 22841103
183663839 24641194
183663839 25026165
183663839 31524543
183663839 34068984
183663839 35569745
183663839 36198161
183663839 38542252
183663839 48939443
183663839 57986173
183663839 59414975
183663839 59804598
183663839 63787760
183663839 64285972
183663839 65913144
183663839 84672379
183663839 85215038
183663839 85343184
183663839 87044829
183663839 93905958
183663839 94454911
183663839 97551846
183663839 105895378
183663839 111164068
183663839 111210694
183663839 116952434
183663839 126444583
183663839 146350964
183663839 152065057
183663839 154708725
183663839 160008685
183663839 165795009
183663839 184637153
183663839 187744415
183663839 191548936
183663839 211614808
183663839 217932743
183663839 245394117
183663839 248861233
183663839 250441643
183663839 252887163
183663839 254457417
183663839 258203336
183663839 277675909
183663839 281159810
183663839 284174632
183663839 288231953
183663839 290097288
183663839 294198566
183663839 309325161
183663839 322822476
183663839 325106566
183663839 339943969
184637153 7846
184637153 15913
184637153 3359851
184637153 7702232
184637153 9117202
184637153 15853668
184637153 16098603
184637153 17759701
184637153 18666844
184637153 18776017
184637153 20273398
184637153 21678052
184637153 22679419
184637153 22705686
184637153 22715267
184637153 24742040
184637153 25026165
184637153 25952851
184637153 26000424
184637153 26250517
184637153 28960709
184637153 31524543
184637153 34068984
184637153 36198161
184637153 38685348
184637153 48485771
184637153 58497291
184637153 59804598
184637153 65913144
184637153 85343184
184637153 93905958
184637153 94414805
184637153 111164068
184637153 116952434
184637153 126444583
184637153 127178017
184637153 128302994
184637153 144723989
184637153 151711230
184637153 154708725
184637153 183663839
184637153 187744415
184637153 191548936
184637153 196710000
184637153 204089551
184637153 238289569
184637153 250831586
184637153 290097288
184637153 294198566
184637153 309366491
185694262 15913
185694262 15853668
185694262 17759701
185694262 18776017
185694262 22679419
185694262 25026165
185694262 26444473
185694262 28719244
185694262 34771668
185694262 38685348
185694262 59414975
186287415 19311729
186287415 20471349
186287415 34068984
186287415 64285972
186287415 84672379
186287415 87044829
186287415 252887163
186287415 277675909
186287415 284174632
186287415 288231953
186287415 307642294
186287415 309325161
186287415 325106566
186287415 339943969
186745799 11648692
186745799 17564647
186745799 21504535
186745799 23215572
186745799 24125323
186745799 26176694
186745799 26800967
186745799 40329238
186745799 49781679
186745799 58245520
186745799 67818595
186745799 105895378
186745799 115313263
186745799 127935456
186745799 160008685
186745799 172161833
186745799 211614808
186745799 238308325
186745799 240063501
186745799 247031120
186745799 287411130
186745799 307642294
186745799 308103112
186745799 309325161
186745799 322822476
186745799 325106566
186745799 339943969
186745799 356447837
186745799 385621090
186745799 431983156
186745799 498542846
186745799 543373651
186745799 548631386
186745799 560929638
187744415 15913
187744415 65673
187744415 1937751
187744415 3359851
187744415 3443591
187744415 7860742
187744415 9500062
187744415 12121162
187744415 14416334
187744415 14498387
187744415 14506809
187744415 14536491
187744415 14609321
187744415 14743923
187744415 16098603
187744415 16265412
187744415 16955141
187744415 18176640
187744415 18581803
187744415 18666844
187744415 18776017
187744415 19563357
187744415 21195122
187744415 21678052
187744415 22715267
187744415 24004172
187744415 24641194
187744415 25026165
187744415 31524543
187744415 34068984
187744415 35569745
187744415 36198161
187744415 38542252
187744415 57986173
187744415 63787760
187744415 64285972
187744415 65913144
187744415 81229871
187744415 85215038
187744415 85343184
187744415 93905958
187744415 111164068
187744415 111210694
187744415 116952434
187744415 126444583
187744415 132253772
187744415 144064703
187744415 152065057
187744415 154708725
187744415 183663839
187744415 184637153
187744415 191548936
187744415 204089551
187744415 217932743
187744415 238289569
187744415 254457417
187744415 290097288
187744415 294198566
187744415 374936497
188035912 15913
188035912 1317671
188035912 7157132
188035912 7565302
188035912 7860742
188035912 14446419
188035912 14498387
188035912 14922225
188035912 15575251
188035912 15739966
188035912 17552077
188035912 18712070
188035912 20274104
188035912 22679419
188035912 24641194
188035912 42361118
188035912 48370736
188035912 57986173
188035912 66791268
188035912 115444551
188035912 121258930
188035912 165580617
188035912 235216483
188035912 286118150
188035912 308693201
188035912 399404516
188398607 15913
188398607 3359851
188398607 18776017
188398607 20471349
188398607 24742040
188398607 34068984
188398607 111164068
188398607 126444583
191548936 15913
191548936 1937751
191548936 3359851
191548936 8001572
191548936 12121162
191548936 14180231
191548936 14506809
191548936 14573745
191548936 16453996
191548936 17526132
191548936 17552077
191548936 18176640
191548936 18345193
191548936 18581803
191548936 18776017
191548936 19215583
191548936 20273398
191548936 21369192
191548936 21678052
191548936 34068984
191548936 34455805
191548936 41172837
191548936 45705189
191548936 59804598
191548936 63787760
191548936 64285972
191548936 75165115
191548936 85215038
191548936 85343184
191548936 93905958
191548936 94454911
191548936 111210694
191548936 144064703
191548936 152065057
191548936 154708725
191548936 183663839
191548936 187744415
191548936 204089551
191548936 254457417
191548936 290097288
191548936 294198566
191548936 299442187
191548936 430174478
195795250 15913
195795250 5442012
195795250 7702232
195795250 14038862
195795250 15112961
195795250 15853668
195795250 18776017
195795250 20880546
195795250 22273748
195795250 24942585
195795250 25827166
195795250 28719244
195795250 31037985
195795250 48485771
195795250 48621884
195795250 75914648
195795250 86852135
195795250 95109615
195795250 121258930
195795250 144040563
195795250 146155608
195795250 151711230
195795250 198876913
195795250 200212364
195795250 270076706
195795250 355637036
195795250 365904984
195795250 367443729
195795250 394475305
195795250 416718047
195795250 466645680
196710000 15913
196710000 1065921
196710000 3359851
196710000 5442012
196710000 7702232
196710000 7860742
196710000 7872262
196710000 11911082
196710000 14180231
196710000 14416334
196710000 14446419
196710000 14471778
196710000 14922225
196710000 15112961
196710000 15653423
196710000 15853668
196710000 16097743
196710000 16098603
196710000 16453996
196710000 17092592
196710000 17552077
196710000 17759701
196710000 18021714
196710000 18101470
196710000 18581803
196710000 18666844
196710000 18776017
196710000 19413393
196710000 19720019
196710000 20274104
196710000 20880546
196710000 22273748
196710000 22679419
196710000 22705686
196710000 22841103
196710000 23457239
196710000 24004172
196710000 24641194
196710000 24742040
196710000 24942585
196710000 25026165
196710000 25569713
196710000 25827166
196710000 25952851
196710000 28037700
196710000 28719244
196710000 28933226
196710000 30680870
196710000 31037985
196710000 31524543
196710000 34068984
196710000 36198161
196710000 37444945
196710000 41937748
196710000 42361118
196710000 43626328
196710000 45416789
196710000 45705189
196710000 47161442
196710000 48485771
196710000 48621884
196710000 59804598
196710000 61853583
196710000 65913144
196710000 84043660
196710000 87764480
196710000 94414805
196710000 113025559
196710000 116952434
196710000 121258930
196710000 131350078
196710000 144040563
196710000 146155608
196710000 151711230
196710000 155976326
196710000 184637153
196710000 198876913
196710000 200212364
196710000 259074185
196710000 265732976
196710000 306445007
196710000 309366491
196710000 365904984
196710000 399404516
198876913 15913
198876913 3096071
198876913 5442012
198876913 5445442
198876913 5452672
198876913 8001572
198876913 9451052
198876913 14038862
198876913 14922225
198876913 15112961
198876913 15653423
198876913 15853668
198876913 17028313
198876913 17586739
198876913 17632072
198876913 18581803
198876913 18776017
198876913 19162933
198876913 19603370
198876913 20019469
198876913 20880546
198876913 22273748
198876913 22679419
198876913 23140494
198876913 24004172
198876913 24742040
198876913 24942585
198876913 25026165
198876913 28719244
198876913 28775296
198876913 30680870
198876913 31037985
198876913 36198161
198876913 37444945
198876913 45509346
198876913 48485771
198876913 48621884
198876913 52559331
198876913 54514600
198876913 59414975
198876913 59804598
198876913 61853583
198876913 64488804
198876913 86852135
198876913 94414805
198876913 117541123
198876913 121258930
198876913 131350078
198876913 144040563
198876913 146071420
198876913 146155608
198876913 151711230
198876913 152435436
198876913 155976326
198876913 179524189
198876913 195795250
198876913 200212364
198876913 203261300
198876913 207752295
198876913 306445007
198876913 308103112
198876913 316264827
198876913 324061899
198876913 365904984
198876913 367443729
198876913 370952365
198876913 411273721
198876913 416718047
198876913 421848829
198876913 422950468
198876913 466645680
198876913 499839056
200212364 7846
200212364 15913
200212364 1712051
200212364 3096071
200212364 5442012
200212364 5452672
200212364 7157132
200212364 7565302
200212364 7702232
200212364 7860742
200212364 7861312
200212364 8001572
200212364 9313312
200212364 9451052
200212364 12771872
200212364 14180231
200212364 14269220
200212364 14416334
200212364 14424667
200212364 14471778
200212364 14573745
200212364 14609321
200212364 14691709
200212364 14750463
200212364 15112961
200212364 15488968
200212364 15575251
200212364 15653423
200212364 15853668
200212364 16098603
200212364 16799897
200212364 17526132
200212364 17552077
200212364 17632072
200212364 18581803
200212364 18628082
200212364 18666844
200212364 18776017
200212364 19162933
200212364 19413393
200212364 20273398
200212364 20880546
200212364 22273748
200212364 22679419
200212364 22705686
200212364 22831657
200212364 23140494
200212364 24004172
200212364 24742040
200212364 24942585
200212364 25026165
200212364 25952851
200212364 28037700
200212364 28719244
200212364 28933226
200212364 30680870
200212364 31037985
200212364 34771668
200212364 36198161
200212364 38724356
200212364 43626328
200212364 45416789
200212364 45862504
200212364 48485771
200212364 48621884
200212364 52559331
200212364 59804598
200212364 65913144
200212364 75914648
200212364 84043660
200212364 86852135
200212364 90964854
200212364 93905958
200212364 94414805
200212364 101633415
200212364 105310392
200212364 117187783
200212364 121258930
200212364 131350078
200212364 144040563
200212364 146071420
200212364 146155608
200212364 151711230
200212364 152435436
200212364 155976326
200212364 179524189
200212364 196710000
200212364 198876913
200212364 203261300
200212364 207752295
200212364 235216483
200212364 270076706
200212364 306445007
200212364 309366491
200212364 365904984
200212364 422950468
203261300 15913
203261300 1317671
203261300 5442012
203261300 7157132
203261300 9451052
203261300 14589257
203261300 15112961
203261300 17552077
203261300 19603370
203261300 24942585
203261300 31037985
203261300 38724356
203261300 48485771
203261300 121258930
204089551 7846
204089551 15913
204089551 65673
204089551 3359851
204089551 14573745
204089551 14589257
204089551 15234657
204089551 16955141
204089551 18776017
204089551 21678052
204089551 22715267
204089551 24560836
204089551 34068984
204089551 58497291
204089551 59804598
204089551 64285972
204089551 85215038
204089551 93905958
204089551 111164068
204089551 116952434
204089551 126444583
204089551 160959034
204089551 187744415
204089551 191548936
204089551 238289569
204089551 290097288
204089551 294198566
207752295 15913
207752295 5442012
207752295 5445442
207752295 6478202
207752295 7157132
207752295 7860742
207752295 9313312
207752295 12127832
207752295 14180231
207752295 14498387
207752295 14922225
207752295 15222083
207752295 15653423
207752295 15853668
207752295 17092592
207752295 17552077
207752295 17663756
207752295 18581803
207752295 19162933
207752295 19413393
207752295 19519349
207752295 20019469
207752295 20471349
207752295 20880546
207752295 22273748
207752295 22679419
207752295 23140494
207752295 24742040
207752295 24942585
207752295 28719244
207752295 30680870
207752295 31524543
207752295 34771668
207752295 45509346
207752295 47495471
207752295 48485771
207752295 48621884
207752295 59804598
207752295 61853583
207752295 71606873
207752295 84043660
207752295 87764480
207752295 121258930
207752295 131350078
207752295 144040563
207752295 146155608
207752295 151711230
207752295 152435436
207752295 155976326
207752295 179524189
207752295 198876913
207752295 200212364
207752295 259074185
207752295 299442187
207752295 307642294
207752295 309366491
207752295 325106566
207752295 384388981
207752295 411273721
207752295 452342492
210639349 46762510
210639349 105895378
210639349 127935456
210639349 172161833
210639349 238308325
210639349 262775327
210639349 288231953
210639349 307642294
210639349 312604104
210639349 341840097
210639349 417927586
210639349 422253889
210639349 446023451
210639349 501724209
210731960 11648692
210731960 15070932
210731960 17564647
210731960 20471349
210731960 21075893
210731960 23215572
210731960 24125323
210731960 24742040
210731960 26800967
210731960 28478859
210731960 59804598
210731960 67818595
210731960 105150583
210731960 105895378
210731960 115313263
210731960 127935456
210731960 172161833
210731960 211614808
210731960 221636679
210731960 238308325
210731960 277139373
210731960 287411130
210731960 307642294
210731960 308103112
210731960 309325161
210731960 325106566
210731960 337952973
210731960 339943969
210731960 345569115
210731960 356447837
210731960 382360772
210731960 431983156
211614808 3359851
211614808 5442012
211614808 7860742
211614808 11648692
211614808 14180231
211614808 14270527
211614808 15070932
211614808 15653423
211614808 15846407
211614808 17564647
211614808 19311729
211614808 20471349
211614808 21075893
211614808 21504535
211614808 21913907
211614808 23215572
211614808 24125323
211614808 24742040
211614808 26176694
211614808 26800967
211614808 28478859
211614808 29785987
211614808 36836939
211614808 36850842
211614808 40329238
211614808 47495471
211614808 48939443
211614808 58245520
211614808 59804598
211614808 67818595
211614808 71606873
211614808 74325773
211614808 75914648
211614808 77806232
211614808 87044829
211614808 103661402
211614808 105150583
211614808 105895378
211614808 115313263
211614808 116952434
211614808 121472925
211614808 123684709
211614808 127935456
211614808 130917777
211614808 146155608
211614808 146350964
211614808 160008685
211614808 165795009
211614808 172161833
211614808 183663839
211614808 186745799
211614808 210731960
211614808 213032194
211614808 221636679
211614808 238308325
211614808 240063501
211614808 245394117
211614808 247031120
211614808 250441643
211614808 250708662
211614808 250831586
211614808 252887163
211614808 253893287
211614808 256974037
211614808 258203336
211614808 262775327
211614808 275550472
211614808 277139373
211614808 277675909
211614808 281159810
211614808 284174632
211614808 287411130
211614808 288231953
211614808 290097288
211614808 294198566
211614808 296242468
211614808 297683673
211614808 298757008
211614808 307206030
211614808 307642294
211614808 308103112
211614808 309064372
211614808 309325161
211614808 310233571
211614808 322822476
211614808 325106566
211614808 326659062
211614808 337952973
211614808 339943969
211614808 341840097
211614808 345569115
211614808 356447837
211614808 362626342
211614808 381296177
211614808 381788237
211614808 382360772
211614808 384621304
211614808 385621090
211614808 411273721
211614808 417927586
211614808 422114084
211614808 422253889
211614808 431983156
211614808 446023451
211614808 448774841
211614808 491431687
211614808 498542846
211614808 501705927
211614808 543373651
211614808 548539370
211614808 548631386
211614808 560482964
211614808 560929638
212498957 15913
212498957 2609891
212498957 7702232
212498957 7860742
212498957 15234657
212498957 15853668
212498957 18776017
212498957 19720019
212498957 26000424
212498957 38685348
212498957 58497291
212498957 116952434
212498957 128302994
213032194 3359851
213032194 15070932
213032194 17564647
213032194 19311729
213032194 21075893
213032194 21913907
213032194 34068984
213032194 36836939
213032194 48939443
213032194 87044829
213032194 105895378
213032194 115313263
213032194 121472925
213032194 127935456
213032194 146350964
213032194 160008685
213032194 165795009
213032194 172161833
213032194 187744415
213032194 211614808
213032194 221636679
213032194 238308325
213032194 240063501
213032194 245394117
213032194 250441643
213032194 250708662
213032194 252887163
213032194 262775327
213032194 277675909
213032194 281159810
213032194 294198566
213032194 298757008
213032194 307206030
213032194 309325161
213032194 322822476
213032194 325106566
213032194 339943969
213032194 356447837
213032194 362626342
213032194 381788237
213032194 384621304
213032194 422253889
213032194 431983156
213032194 501705927
213032194 543373651
213504157 47495471
213504157 270076706
213504157 307642294
214618570 15913
214618570 1072591
214618570 1247691
214618570 3296721
214618570 12298182
214618570 14155052
214618570 14269220
214618570 16513135
214618570 16831715
214618570 17140787
214618570 18890465
214618570 18946688
214618570 21339114
214618570 22679419
214618570 25566593
214618570 34771668
214618570 52934175
214618570 60642921
214618570 87620061
214618570 96869096
214618570 121258930
214618570 128968339
214618570 175181917
217930063 15913
217930063 1065921
217930063 5906322
217930063 7157132
217930063 7852172
217930063 7860742
217930063 7861312
217930063 14038862
217930063 14922225
217930063 15838599
217930063 17092592
217930063 17552077
217930063 17759701
217930063 18581803
217930063 18776017
217930063 20315513
217930063 20880546
217930063 24742040
217930063 25026165
217930063 25952851
217930063 36198161
217930063 50499213
217930063 57986173
217930063 74286565
217930063 94414805
217932743 7846
217932743 15913
217932743 65673
217932743 1134701
217932743 1937751
217932743 3359851
217932743 7860742
217932743 7861312
217932743 7872262
217932743 7875762
217932743 7875912
217932743 7925002
217932743 8470732
217932743 8541492
217932743 9835242
217932743 12121162
217932743 12127832
217932743 14180231
217932743 14416334
217932743 14471778
217932743 14498387
217932743 14515313
217932743 14517343
217932743 14573745
217932743 14691709
217932743 14743923
217932743 14922225
217932743 15653423
217932743 16079941
217932743 16097743
217932743 16098603
217932743 16453996
217932743 16507692
217932743 16955141
217932743 17526132
217932743 18021714
217932743 18068719
217932743 18176640
217932743 18581803
217932743 18666844
217932743 18776017
217932743 19370213
217932743 20274104
217932743 21195122
217932743 22679419
217932743 24004172
217932743 24081780
217932743 24641194
217932743 24742040
217932743 25026165
217932743 26173611
217932743 26256596
217932743 31524543
217932743 34068984
217932743 36198161
217932743 36993162
217932743 38542252
217932743 42361118
217932743 45416789
217932743 47161442
217932743 48370736
217932743 48485771
217932743 57986173
217932743 60968363
217932743 63787760
217932743 64285972
217932743 65913144
217932743 66791268
217932743 71268322
217932743 71383220
217932743 71606873
217932743 81229871
217932743 84043660
217932743 85215038
217932743 85343184
217932743 93905958
217932743 94414805
217932743 101633415
217932743 105310392
217932743 111164068
217932743 111210694
217932743 115444551
217932743 116952434
217932743 121258930
217932743 129279693
217932743 132253772
217932743 144064703
217932743 146155608
217932743 152065057
217932743 184637153
217932743 187744415
217932743 191548936
217932743 222640532
217932743 235216483
217932743 235818781
217932743 238289569
217932743 242024994
217932743 254457417
217932743 258218804
217932743 275608958
217932743 290097288
217932743 294198566
217932743 309366491
217932743 374936497
221198749 15913
221198749 2929781
221198749 16079941
221198749 16507692
221198749 17759701
221198749 20490915
221198749 21195122
221198749 24742040
221198749 34771668
221198749 46241569
221198749 59414975
221198749 90942642
221198749 242024994
221636679 5442012
221636679 17564647
221636679 21075893
221636679 23215572
221636679 24742040
221636679 28478859
221636679 36836939
221636679 67818595
221636679 87044829
221636679 105895378
221636679 115313263
221636679 127935456
221636679 131490551
221636679 146350964
221636679 160008685
221636679 172161833
221636679 210731960
221636679 211614808
221636679 213032194
221636679 238308325
221636679 247031120
221636679 250441643
221636679 253893287
221636679 258203336
221636679 262775327
221636679 277675909
221636679 281159810
221636679 288231953
221636679 298757008
221636679 325106566
221636679 337952973
221636679 341840097
221636679 356447837
221636679 362626342
221636679 381788237
221636679 384621304
221636679 417927586
221636679 422253889
221636679 446023451
221636679 501724209
221636679 548539370
222640532 15913
222640532 1045521
222640532 3359851
222640532 3443591
222640532 6080022
222640532 8001572
222640532 12298182
222640532 13894102
222640532 14038862
222640532 14363438
222640532 14471778
222640532 14498387
222640532 14922225
222640532 15154217
222640532 15520280
222640532 16079941
222640532 16224299
222640532 16627086
222640532 17092592
222640532 17409832
222640532 17759701
222640532 18628082
222640532 18666844
222640532 18776017
222640532 19550535
222640532 20273398
222640532 20274104
222640532 20490915
222640532 24004172
222640532 24585498
222640532 24742040
222640532 28933226
222640532 34771668
222640532 38542252
222640532 41226089
222640532 46241569
222640532 48485771
222640532 59414975
222640532 64121269
222640532 65913144
222640532 83506209
222640532 87764480
222640532 90942642
222640532 111210694
222640532 114115460
222640532 203261300
222640532 242024994
222640532 290097288
222640532 294198566
222640532 399404516
223247584 15913
223247584 1065921
223247584 3462421
223247584 7377812
223247584 7872262
223247584 8207762
223247584 11461102
223247584 14179545
223247584 14575846
223247584 15234657
223247584 15428643
223247584 16038438
223247584 16513135
223247584 16626187
223247584 16909832
223247584 18715024
223247584 19732725
223247584 24004172
223247584 24081780
223247584 24585498
223247584 28202547
223247584 28933226
223247584 47161442
223247584 57986173
223247584 58714972
223247584 60968363
223247584 69679166
223247584 71862367
223247584 114563370
223247584 127569781
229141679 15913
229141679 1065921
229141679 1100661
229141679 3443591
229141679 6608332
229141679 7860742
229141679 7861312
229141679 8005202
229141679 12681982
229141679 14038862
229141679 14180231
229141679 14270527
229141679 14424667
229141679 14688086
229141679 14691709
229141679 14922225
229141679 14999606
229141679 15098511
229141679 15234657
229141679 17552077
229141679 18581803
229141679 20273398
229141679 22679419
229141679 24641194
229141679 24742040
229141679 25026165
229141679 28933226
229141679 34244280
229141679 36311369
229141679 42361118
229141679 45416789
229141679 65913144
229141679 71438267
229141679 87764480
229141679 235818781
234526497 7846
234526497 15913
234526497 3359851
234526497 9117202
234526497 17663756
234526497 18581803
234526497 20471349
234526497 24542441
234526497 26422087
234526497 34068984
234526497 84672379
234526497 111164068
234526497 126444583
234526497 204089551
234526497 275937498
234526497 290097288
234526497 294198566
234526497 303060652
234526497 309366491
234526497 344966590
235216483 7846
235216483 10350
235216483 15913
235216483 1045521
235216483 1072591
235216483 4068821
235216483 7702232
235216483 7860742
235216483 7861312
235216483 7872262
235216483 7925002
235216483 9451052
235216483 12681982
235216483 13687132
235216483 13894102
235216483 14269220
235216483 14471778
235216483 14498387
235216483 14498622
235216483 14517343
235216483 14536491
235216483 14609321
235216483 14692604
235216483 14922225
235216483 15394673
235216483 16079941
235216483 16097743
235216483 16098603
235216483 16134428
235216483 16453996
235216483 17092592
235216483 17526132
235216483 18021714
235216483 18929680
235216483 19370213
235216483 19595287
235216483 20327583
235216483 21195122
235216483 22679419
235216483 24004172
235216483 24081780
235216483 24641194
235216483 24742040
235216483 25952851
235216483 26256596
235216483 38389963
235216483 42361118
235216483 45416789
235216483 47161442
235216483 48370736
235216483 57986173
235216483 59804598
235216483 60968363
235216483 65913144
235216483 66791268
235216483 71383220
235216483 71606873
235216483 84043660
235216483 158558510
235216483 235818781
235216483 309366491
235818781 10350
235818781 15913
235818781 1134701
235818781 3443591
235818781 7157132
235818781 7860742
235818781 7861312
235818781 7872262
235818781 8470732
235818781 13687132
235818781 14269220
235818781 14691709
235818781 14922225
235818781 16549423
235818781 17092592
235818781 17759701
235818781 18666844
235818781 18776017
235818781 19370213
235818781 22679419
235818781 22841103
235818781 24742040
235818781 48370736
235818781 59804598
235818781 65913144
235818781 71606873
238289569 7846
238289569 15913
238289569 65673
238289569 3359851
238289569 5442012
238289569 7157132
238289569 7702232
238289569 7860742
238289569 8146732
238289569 9413072
238289569 12121162
238289569 14498387
238289569 14506809
238289569 15853668
238289569 16097743
238289569 16098603
238289569 16955141
238289569 18021714
238289569 18776017
238289569 20273398
238289569 20471349
238289569 21678052
238289569 22273748
238289569 22705686
238289569 22715267
238289569 24560836
238289569 25026165
238289569 25952851
238289569 31524543
238289569 34068984
238289569 36198161
238289569 42361118
238289569 47161442
238289569 48485771
238289569 50499213
238289569 57986173
238289569 58497291
238289569 59414975
238289569 59804598
238289569 63787760
238289569 65913144
238289569 81229871
238289569 93905958
238289569 111164068
238289569 116952434
238289569 126444583
238289569 127178017
238289569 132253772
238289569 146155608
238289569 154708725
238289569 160959034
238289569 184637153
238289569 187744415
238289569 191548936
238289569 204089551
238289569 290097288
238289569 294198566
238289569 297472992
238289569 309366491
238308325 5442012
238308325 11648692
238308325 14180231
238308325 15070932
238308325 15112961
238308325 17564647
238308325 17586739
238308325 17632072
238308325 19311729
238308325 21075893
238308325 21913907
238308325 23215572
238308325 24125323
238308325 26176694
238308325 26800967
238308325 34068984
238308325 36836939
238308325 36850842
238308325 40329238
238308325 48621884
238308325 48939443
238308325 59804598
238308325 61853583
238308325 63787760
238308325 67818595
238308325 74325773
238308325 77806232
238308325 87044829
238308325 93905958
238308325 105150583
238308325 105895378
238308325 115313263
238308325 123684709
238308325 127935456
238308325 130917777
238308325 131490551
238308325 146350964
238308325 160008685
238308325 163339795
238308325 165795009
238308325 172161833
238308325 186745799
238308325 187744415
238308325 210639349
238308325 210731960
238308325 211614808
238308325 213032194
238308325 240063501
238308325 245394117
238308325 250441643
238308325 250708662
238308325 252887163
238308325 258203336
238308325 262775327
238308325 277139373
238308325 277675909
238308325 281159810
238308325 287411130
238308325 288231953
238308325 296242468
238308325 298757008
238308325 307642294
238308325 308103112
238308325 309064372
238308325 309325161
238308325 310233571
238308325 322822476
238308325 325106566
238308325 326659062
238308325 337952973
238308325 339943969
238308325 341840097
238308325 345569115
238308325 356447837
238308325 362626342
238308325 381788237
238308325 382360772
238308325 384621304
238308325 385621090
238308325 417927586
238308325 422253889
238308325 431983156
238308325 446023451
238308325 501705927
238308325 543373651
238308325 548539370
238308325 560929638
240063501 3359851
240063501 7860742
240063501 11648692
240063501 15070932
240063501 17564647
240063501 17759701
240063501 20471349
240063501 21075893
240063501 23215572
240063501 24125323
240063501 26176694
240063501 34068984
240063501 36836939
240063501 40329238
240063501 48939443
240063501 58245520
240063501 59804598
240063501 77806232
240063501 87044829
240063501 94414805
240063501 105895378
240063501 115313263
240063501 123684709
240063501 127935456
240063501 130917777
240063501 146350964
240063501 160008685
240063501 165795009
240063501 172161833
240063501 186745799
240063501 211614808
240063501 213032194
240063501 238308325
240063501 245394117
240063501 250441643
240063501 250708662
240063501 252887163
240063501 262775327
240063501 287411130
240063501 297683673
240063501 298757008
240063501 307642294
240063501 308103112
240063501 309325161
240063501 362626342
240063501 384621304
240063501 422253889
240063501 431983156
240063501 498542846
240063501 543373651
240063501 560482964
242024994 15913
242024994 1072591
242024994 1134701
242024994 6080022
242024994 7860742
242024994 7861312
242024994 7872262
242024994 7925002
242024994 8470732
242024994 9835242
242024994 14498387
242024994 14573745
242024994 14922225
242024994 15853668
242024994 16097743
242024994 16098603
242024994 16453996
242024994 17759701
242024994 18021714
242024994 18628082
242024994 18776017
242024994 19370213
242024994 19622462
242024994 20490915
242024994 21195122
242024994 22679419
242024994 24004172
242024994 24641194
242024994 25026165
242024994 26444473
242024994 28037700
242024994 28719244
242024994 34771668
242024994 36993162
242024994 38685348
242024994 42361118
242024994 45416789
242024994 47161442
242024994 57986173
242024994 59414975
242024994 60968363
242024994 65913144
242024994 71268322
242024994 71383220
242024994 71606873
242024994 73930990
242024994 85388628
242024994 115444551
242024994 129279693
242024994 185694262
242024994 214618570
242024994 222640532
242024994 235216483
242024994 483704316
245394117 3359851
245394117 5442012
245394117 15070932
245394117 17564647
245394117 19311729
245394117 20471349
245394117 21075893
245394117 21913907
245394117 23215572
245394117 26800967
245394117 28478859
245394117 34068984
245394117 36836939
245394117 48939443
245394117 64285972
245394117 67818595
245394117 87044829
245394117 105895378
245394117 115313263
245394117 121258930
245394117 121472925
245394117 127935456
245394117 146155608
245394117 146350964
245394117 160008685
245394117 163339795
245394117 165795009
245394117 172161833
245394117 183663839
245394117 187744415
245394117 211614808
245394117 213032194
245394117 221636679
245394117 238308325
245394117 240063501
245394117 250441643
245394117 250708662
245394117 252887163
245394117 253893287
245394117 258203336
245394117 262775327
245394117 277139373
245394117 277675909
245394117 281159810
245394117 288231953
245394117 294198566
245394117 298757008
245394117 307206030
245394117 307642294
245394117 309325161
245394117 310233571
245394117 322822476
245394117 325106566
245394117 337952973
245394117 339943969
245394117 341840097
245394117 356447837
245394117 362626342
245394117 381788237
245394117 384621304
245394117 422253889
245394117 431983156
245394117 501705927
245394117 543373651
245394117 548539370
247031120 15070932
247031120 17564647
247031120 19311729
247031120 21504535
247031120 24125323
247031120 24742040
247031120 26176694
247031120 26800967
247031120 40329238
247031120 49781679
247031120 58245520
247031120 87044829
247031120 105150583
247031120 115313263
247031120 127935456
247031120 130917777
247031120 146155608
247031120 160008685
247031120 172161833
247031120 186745799
247031120 211614808
247031120 221636679
247031120 253893287
247031120 281159810
247031120 288231953
247031120 307642294
247031120 308103112
247031120 309325161
247031120 325106566
247031120 339943969
247031120 362626342
247031120 382360772
247031120 385621090
247031120 422253889
247031120 446023451
247031120 491431687
247031120 498542846
248861233 15070932
248861233 17632072
248861233 20471349
248861233 23215572
248861233 24542441
248861233 84672379
248861233 127935456
248861233 183663839
248861233 252887163
248861233 284174632
248861233 294198566
248861233 310233571
248861233 322822476
248861233 325106566
248861233 345569115
250441643 9117202
250441643 19311729
250441643 20471349
250441643 21075893
250441643 24125323
250441643 26176694
250441643 48939443
250441643 87044829
250441643 105895378
250441643 115313263
250441643 121472925
250441643 123684709
250441643 160008685
250441643 165795009
250441643 211614808
250441643 213032194
250441643 221636679
250441643 252887163
250441643 258203336
250441643 277675909
250441643 281159810
250441643 288231953
250441643 294198566
250441643 307642294
250441643 309325161
250441643 339943969
250441643 362626342
250441643 543373651
250708662 3359851
250708662 15070932
250708662 17564647
250708662 19311729
250708662 20471349
250708662 21075893
250708662 21504535
250708662 23215572
250708662 24125323
250708662 26176694
250708662 36850842
250708662 40329238
250708662 41656802
250708662 48939443
250708662 87044829
250708662 105895378
250708662 115313263
250708662 121472925
250708662 123684709
250708662 127935456
250708662 146350964
250708662 160008685
250708662 165795009
250708662 211614808
250708662 213032194
250708662 238308325
250708662 245394117
250708662 252887163
250708662 253893287
250708662 262775327
250708662 275937498
250708662 277675909
250708662 281159810
250708662 287411130
250708662 294198566
250708662 296242468
250708662 297683673
250708662 298757008
250708662 307642294
250708662 309325161
250708662 322822476
250708662 325106566
250708662 339943969
250708662 362626342
250708662 384621304
250708662 385621090
250708662 422253889
250708662 467903803
250708662 491431687
250708662 543373651
252887163 3359851
252887163 14922225
252887163 15234657
252887163 17552077
252887163 17564647
252887163 20471349
252887163 21075893
252887163 21913907
252887163 22841103
252887163 23215572
252887163 24125323
252887163 26176694
252887163 26800967
252887163 34068984
252887163 36850842
252887163 40329238
252887163 41656802
252887163 48939443
252887163 77806232
252887163 84672379
252887163 87044829
252887163 105895378
252887163 115313263
252887163 121258930
252887163 121472925
252887163 123684709
252887163 134979402
252887163 146350964
252887163 160008685
252887163 165795009
252887163 172161833
252887163 183663839
252887163 186287415
252887163 211614808
252887163 213032194
252887163 238308325
252887163 245394117
252887163 248861233
252887163 250441643
252887163 250708662
252887163 258203336
252887163 262775327
252887163 275550472
252887163 277675909
252887163 281159810
252887163 284174632
252887163 287411130
252887163 288231953
252887163 297683673
252887163 298757008
252887163 307206030
252887163 307642294
252887163 309325161
252887163 322822476
252887163 325106566
252887163 337952973
252887163 339943969
252887163 341603426
252887163 345569115
252887163 384621304
252887163 385621090
252887163 417927586
252887163 431983156
252887163 548631386
253893287 15070932
253893287 17564647
253893287 20471349
253893287 21504535
253893287 23215572
253893287 24125323
253893287 26176694
253893287 26800967
253893287 36836939
253893287 40329238
253893287 48939443
253893287 58245520
253893287 59804598
253893287 105895378
253893287 115313263
253893287 123684709
253893287 127935456
253893287 146350964
253893287 160008685
253893287 172161833
253893287 187744415
253893287 211614808
253893287 221636679
253893287 238308325
253893287 245394117
253893287 250708662
253893287 258203336
253893287 287411130
253893287 298757008
253893287 307642294
253893287 309325161
253893287 339943969
253893287 362626342
253893287 381788237
253893287 384621304
253893287 385621090
253893287 422253889
253893287 446023451
253893287 498542846
253893287 543373651
253893287 548631386
254457417 15913
254457417 3359851
254457417 5442012
254457417 7860742
254457417 16098603
254457417 17526132
254457417 17564647
254457417 17632072
254457417 17759701
254457417 18176640
254457417 18581803
254457417 18666844
254457417 18776017
254457417 19413393
254457417 22679419
254457417 24641194
254457417 24742040
254457417 31524543
254457417 34068984
254457417 35569745
254457417 38542252
254457417 41656802
254457417 45705189
254457417 57986173
254457417 59414975
254457417 59804598
254457417 63787760
254457417 64285972
254457417 65913144
254457417 84672379
254457417 85215038
254457417 85343184
254457417 93905958
254457417 126444583
254457417 152065057
254457417 183663839
254457417 187744415
254457417 191548936
254457417 217932743
254457417 290097288
254457417 294198566
254457417 296242468
254457417 299442187
256974037 3359851
256974037 21075893
256974037 245394117
256974037 288231953
256974037 290097288
256974037 294198566
256974037 307206030
256974037 307642294
256974037 309325161
256974037 339943969
256974037 384621304
258203336 14180231
258203336 15853668
258203336 17564647
258203336 17586739
258203336 17632072
258203336 18581803
258203336 20471349
258203336 23215572
258203336 24542441
258203336 26250517
258203336 26800967
258203336 28478859
258203336 41656802
258203336 47495471
258203336 48939443
258203336 67818595
258203336 72156360
258203336 74275571
258203336 75914648
258203336 84672379
258203336 87044829
258203336 97551846
258203336 105895378
258203336 115313263
258203336 121472925
258203336 123684709
258203336 131490551
258203336 134979402
258203336 146350964
258203336 160008685
258203336 165795009
258203336 172161833
258203336 183663839
258203336 211614808
258203336 221636679
258203336 245394117
258203336 250441643
258203336 250831586
258203336 252887163
258203336 253893287
258203336 262775327
258203336 275550472
258203336 275937498
258203336 277675909
258203336 281159810
258203336 284174632
258203336 288231953
258203336 298757008
258203336 307206030
258203336 307642294
258203336 308103112
258203336 309325161
258203336 310233571
258203336 322822476
258203336 325106566
258203336 326659062
258203336 337952973
258203336 339943969
258203336 341603426
258203336 341840097
258203336 362626342
258203336 374949999
258203336 381788237
258203336 384621304
258203336 387566789
258203336 417927586
258203336 446023451
258203336 501705927
258203336 501724209
258203336 543373651
258218804 10350
258218804 15913
258218804 3359851
258218804 7157132
258218804 7860742
258218804 7861312
258218804 7872262
258218804 7875762
258218804 8470732
258218804 14498387
258218804 14922225
258218804 16098603
258218804 19370213
258218804 20274104
258218804 24004172
258218804 24641194
258218804 24742040
258218804 45416789
258218804 46147323
258218804 47161442
258218804 48370736
258218804 57986173
258218804 60968363
258218804 65913144
258218804 235216483
258218804 399404516
259074185 3096071
259074185 5442012
259074185 5452672
259074185 15112961
259074185 15653423
259074185 17586739
259074185 17632072
259074185 20323999
259074185 20880546
259074185 23140494
259074185 23457239
259074185 24742040
259074185 24942585
259074185 30680870
259074185 31037985
259074185 47495471
259074185 48485771
259074185 61853583
259074185 72156360
259074185 84043660
259074185 117541123
259074185 121258930
259074185 144040563
259074185 146155608
259074185 152435436
259074185 155976326
259074185 196710000
259074185 203261300
259074185 207752295
259074185 278062722
259074185 307642294
259074185 309366491
259074185 384388981
259074185 411273721
259074185 499839056
262775327 14180231
262775327 15070932
262775327 17564647
262775327 18581803
262775327 19311729
262775327 20471349
262775327 21913907
262775327 23215572
262775327 24125323
262775327 24742040
262775327 26176694
262775327 26800967
262775327 28478859
262775327 36850842
262775327 40329238
262775327 41656802
262775327 48939443
262775327 59804598
262775327 64285972
262775327 67818595
262775327 87044829
262775327 105150583
262775327 105895378
262775327 115313263
262775327 121472925
262775327 123684709
262775327 127935456
262775327 131490551
262775327 146350964
262775327 160008685
262775327 172161833
262775327 210639349
262775327 211614808
262775327 213032194
262775327 221636679
262775327 238308325
262775327 245394117
262775327 250441643
262775327 250708662
262775327 252887163
262775327 258203336
262775327 277139373
262775327 277675909
262775327 281159810
262775327 284174632
262775327 287411130
262775327 288231953
262775327 298757008
262775327 307206030
262775327 307642294
262775327 308103112
262775327 309325161
262775327 310233571
262775327 322822476
262775327 325106566
262775327 337952973
262775327 339943969
262775327 341840097
262775327 356447837
262775327 362626342
262775327 381788237
262775327 384621304
262775327 385621090
262775327 417927586
262775327 422253889
262775327 431983156
262775327 498542846
262775327 501705927
264925735 15913
264925735 2034901
264925735 3443591
264925735 14269220
264925735 24585498
264925735 34771668
265732976 15913
265732976 3359851
265732976 5442012
265732976 7377812
265732976 7702232
265732976 7860742
265732976 7861312
265732976 14424667
265732976 14498387
265732976 15112961
265732976 15234657
265732976 15853668
265732976 18581803
265732976 18776017
265732976 20880546
265732976 22273748
265732976 22679419
265732976 22705686
265732976 23140494
265732976 24004172
265732976 24641194
265732976 24942585
265732976 25026165
265732976 25827166
265732976 25952851
265732976 26000424
265732976 26256596
265732976 28933226
265732976 31524543
265732976 34068984
265732976 42361118
265732976 45416789
265732976 48485771
265732976 48621884
265732976 59804598
265732976 61853583
265732976 83506209
265732976 84043660
265732976 84672379
265732976 86852135
265732976 87764480
265732976 93905958
265732976 94414805
265732976 101633415
265732976 102903198
265732976 116952434
265732976 117187783
265732976 121258930
265732976 127178017
265732976 131350078
265732976 144040563
265732976 146155608
265732976 196710000
265732976 250831586
265732976 347508389
265732976 365904984
265732976 367443729
265732976 384388981
265732976 416718047
268479669 15913
268479669 3359851
268479669 9451052
268479669 13687132
268479669 15222083
268479669 15234657
268479669 16265412
268479669 17409832
268479669 20567578
268479669 21358633
268479669 24585498
268479669 33191389
268479669 114115460
270076706 5442012
270076706 7702232
270076706 15112961
270076706 15853668
270076706 18776017
270076706 20880546
270076706 22273748
270076706 24742040
270076706 24942585
270076706 25827166
270076706 28719244
270076706 31037985
270076706 36198161
270076706 41937748
270076706 48485771
270076706 59005241
270076706 59804598
270076706 75914648
270076706 86852135
270076706 94414805
270076706 121258930
270076706 144040563
270076706 146320301
270076706 151711230
270076706 155976326
270076706 200212364
270076706 213504157
270076706 306445007
270076706 307642294
270076706 324061899
270076706 367443729
270076706 394475305
275550472 3359851
275550472 7860742
275550472 14270527
275550472 15234657
275550472 17448921
275550472 17552077
275550472 17759701
275550472 19311729
275550472 20471349
275550472 21504535
275550472 24125323
275550472 24542441
275550472 26176694
275550472 26800967
275550472 36850842
275550472 41656802
275550472 48939443
275550472 59804598
275550472 64285972
275550472 84672379
275550472 87044829
275550472 105895378
275550472 127935456
275550472 160008685
275550472 211614808
275550472 252887163
275550472 258203336
275550472 275608958
275550472 277675909
275550472 281159810
275550472 284174632
275550472 307642294
275550472 309325161
275550472 339943969
275550472 341603426
275550472 385621090
275550472 387566789
275550472 543373651
275608958 15913
275608958 1134701
275608958 3359851
275608958 5436192
275608958 6608332
275608958 7377812
275608958 7852172
275608958 7860742
275608958 7872262
275608958 7875762
275608958 7925002
275608958 12127832
275608958 13687132
275608958 14180231
275608958 14270527
275608958 14471778
275608958 14498387
275608958 14536491
275608958 14609321
275608958 14691709
275608958 14922225
275608958 15154217
275608958 15222083
275608958 15234657
275608958 15653423
275608958 15838599
275608958 16097743
275608958 16098603
275608958 16513135
275608958 17092592
275608958 17552077
275608958 17759701
275608958 18021714
275608958 18581803
275608958 18666844
275608958 18776017
275608958 19413393
275608958 19720019
275608958 19993335
275608958 20273398
275608958 20274104
275608958 21195122
275608958 22841103
275608958 24004172
275608958 24081780
275608958 24641194
275608958 24742040
275608958 26173611
275608958 28302257
275608958 31296704
275608958 34771668
275608958 45416789
275608958 45705189
275608958 47161442
275608958 48370736
275608958 48485771
275608958 48939443
275608958 57986173
275608958 59414975
275608958 59804598
275608958 60968363
275608958 64285972
275608958 65913144
275608958 66791268
275608958 71606873
275608958 75165115
275608958 84043660
275608958 85215038
275608958 87620061
275608958 90385486
275608958 94414805
275608958 94454911
275608958 97551846
275608958 111210694
275608958 121258930
275608958 146155608
275608958 214618570
275608958 217932743
275608958 235818781
275608958 258218804
275608958 294198566
275608958 309366491
275937498 15913
275937498 3359851
275937498 14922225
275937498 15234657
275937498 15447248
275937498 22715267
275937498 23645599
275937498 24542441
275937498 26422087
275937498 59804598
275937498 126444583
275937498 234526497
275937498 250831586
275937498 258203336
275937498 345569115
277139373 17564647
277139373 20471349
277139373 21075893
277139373 23215572
277139373 26800967
277139373 67818595
277139373 105895378
277139373 115313263
277139373 127935456
277139373 172161833
277139373 210731960
277139373 211614808
277139373 238308325
277139373 245394117
277139373 262775327
277139373 281159810
277139373 288231953
277139373 294198566
277139373 298757008
277139373 307642294
277139373 309325161
277139373 325106566
277139373 337952973
277139373 339943969
277139373 341840097
277139373 356447837
277139373 362626342
277139373 384621304
277139373 417927586
277139373 548539370
277675909 15070932
277675909 17564647
277675909 19311729
277675909 20471349
277675909 21075893
277675909 21913907
277675909 24125323
277675909 26176694
277675909 26800967
277675909 36850842
277675909 48939443
277675909 84672379
277675909 87044829
277675909 97551846
277675909 105895378
277675909 115313263
277675909 121472925
277675909 123684709
277675909 127935456
277675909 146350964
277675909 160008685
277675909 165795009
277675909 172161833
277675909 183663839
277675909 186287415
277675909 211614808
277675909 213032194
277675909 221636679
277675909 238308325
277675909 245394117
277675909 250441643
277675909 252887163
277675909 258203336
277675909 262775327
277675909 275550472
277675909 281159810
277675909 284174632
277675909 288231953
277675909 294198566
277675909 298757008
277675909 307642294
277675909 309064372
277675909 309325161
277675909 339943969
277675909 356447837
277675909 362626342
277675909 381788237
277675909 385621090
277727866 15913
277727866 1265091
277727866 2718241
277727866 3253671
277727866 3443591
277727866 10985532
277727866 14269220
277727866 15094420
277727866 17140787
277727866 18285245
277727866 24741685
277727866 44407802
277727866 59804598
278062722 5442012
278062722 15653423
278062722 17564647
278062722 17586739
278062722 20323999
278062722 20880546
278062722 24942585
278062722 47495471
278062722 61853583
278062722 84043660
278062722 121258930
278062722 146155608
278062722 155976326
278062722 172161833
278062722 198876913
278062722 259074185
278062722 307642294
278062722 309325161
278062722 362626342
278062722 411273721
278062722 499839056
278062722 548539370
280725732 10350
280725732 15913
280725732 1065921
280725732 1072591
280725732 1702611
280725732 3462421
280725732 3824401
280725732 7860742
280725732 7861312
280725732 13687132
280725732 14270527
280725732 14589257
280725732 14688086
280725732 15447248
280725732 15575251
280725732 16038438
280725732 16458937
280725732 16799897
280725732 16874875
280725732 17759701
280725732 19049747
280725732 20273398
280725732 23645599
280725732 24585498
280725732 24742040
280725732 58714972
280725732 102903198
280725732 121258930
280725732 126042901
280725732 146155608
281159810 3359851
281159810 11648692
281159810 15070932
281159810 17564647
281159810 17759701
281159810 19311729
281159810 20471349
281159810 21075893
281159810 23215572
281159810 24125323
281159810 26176694
281159810 26800967
281159810 30267128
281159810 34068984
281159810 36850842
281159810 40329238
281159810 46762510
281159810 48939443
281159810 59804598
281159810 63787760
281159810 77806232
281159810 87044829
281159810 105150583
281159810 105895378
281159810 115313263
281159810 116952434
281159810 121472925
281159810 123684709
281159810 127935456
281159810 130917777
281159810 146350964
281159810 160008685
281159810 165795009
281159810 183663839
281159810 211614808
281159810 213032194
281159810 221636679
281159810 238308325
281159810 245394117
281159810 247031120
281159810 250441643
281159810 250708662
281159810 252887163
281159810 258203336
281159810 262775327
281159810 275550472
281159810 277139373
281159810 277675909
281159810 284174632
281159810 288231953
281159810 297683673
281159810 298757008
281159810 303060652
281159810 307206030
281159810 307642294
281159810 308103112
281159810 309064372
281159810 309325161
281159810 310233571
281159810 322822476
281159810 325106566
281159810 337952973
281159810 339943969
281159810 345569115
281159810 362626342
281159810 382360772
281159810 384621304
281159810 385621090
281159810 431983156
281159810 491431687
281159810 543373651
281159810 548539370
281159810 560482964
281159810 560929638
282339563 15913
282339563 1937751
282339563 3296721
282339563 3321441
282339563 3550301
282339563 4398351
282339563 5193261
282339563 5650332
282339563 6085372
282339563 6834572
282339563 7446452
282339563 8001572
282339563 8541492
282339563 9670952
282339563 11272122
282339563 14232363
282339563 14269220
282339563 14444530
282339563 16547411
282339563 18101470
282339563 18666844
282339563 19519349
282339563 19595287
282339563 20624600
282339563 22900797
282339563 31232850
282339563 123004655
282733465 15913
282733465 5442012
282733465 7702232
282733465 7860742
282733465 15112961
282733465 15575251
282733465 15853668
282733465 18776017
282733465 20880546
282733465 22273748
282733465 22705686
282733465 24942585
282733465 25026165
282733465 25827166
282733465 28719244
282733465 31037985
282733465 37444945
282733465 48485771
282733465 52559331
282733465 59005241
282733465 75914648
282733465 86852135
282733465 94414805
282733465 95109615
282733465 103661402
282733465 121258930
282733465 131350078
282733465 144040563
282733465 146155608
282733465 146320301
282733465 151711230
282733465 155976326
282733465 195795250
282733465 307642294
282733465 324061899
282733465 325106566
282733465 347508389
282733465 355637036
282733465 365904984
282733465 367443729
282733465 394475305
282733465 401029555
282733465 416718047
282733465 422950468
282733465 466645680
284174632 17564647
284174632 17759701
284174632 19311729
284174632 20274104
284174632 20471349
284174632 22841103
284174632 23215572
284174632 26422087
284174632 34068984
284174632 36850842
284174632 36969785
284174632 41656802
284174632 48939443
284174632 64285972
284174632 84672379
284174632 87044829
284174632 97551846
284174632 105895378
284174632 146350964
284174632 160008685
284174632 165795009
284174632 183663839
284174632 186287415
284174632 204089551
284174632 211614808
284174632 248861233
284174632 252887163
284174632 258203336
284174632 262775327
284174632 275550472
284174632 275608958
284174632 277675909
284174632 281159810
284174632 288231953
284174632 296242468
284174632 307642294
284174632 308103112
284174632 309064372
284174632 309325161
284174632 309366491
284174632 310233571
284174632 322822476
284174632 325106566
284174632 339943969
284174632 374949999
284174632 384621304
284174632 387566789
284174632 417927586
286118150 15913
286118150 2585151
286118150 5443002
286118150 7860742
286118150 7872262
286118150 14446419
286118150 14922225
286118150 15234657
286118150 15838599
286118150 20274104
286118150 20601792
286118150 24081780
286118150 24585498
286118150 36969785
286118150 45416789
286118150 48370736
286118150 66791268
286118150 115717640
286118150 188035912
286118150 235216483
286118150 308693201
286118150 319036126
287411130 17564647
287411130 21504535
287411130 23215572
287411130 24125323
287411130 26176694
287411130 26800967
287411130 30267128
287411130 36850842
287411130 40329238
287411130 58245520
287411130 59804598
287411130 74325773
287411130 87044829
287411130 105895378
287411130 115313263
287411130 127935456
287411130 130917777
287411130 160008685
287411130 172161833
287411130 186745799
287411130 210731960
287411130 211614808
287411130 238308325
287411130 240063501
287411130 250708662
287411130 252887163
287411130 253893287
287411130 262775327
287411130 281159810
287411130 307642294
287411130 309325161
287411130 322822476
287411130 325106566
287411130 339943969
287411130 345569115
287411130 356447837
287411130 382360772
287411130 384621304
287411130 385621090
287411130 431983156
287411130 448774841
287411130 498542846
287411130 543373651
287411130 560929638
288231953 14180231
288231953 17564647
288231953 18581803
288231953 19311729
288231953 20471349
288231953 21075893
288231953 23215572
288231953 26176694
288231953 28478859
288231953 41656802
288231953 48939443
288231953 64285972
288231953 67818595
288231953 87044829
288231953 97551846
288231953 105895378
288231953 115313263
288231953 121472925
288231953 127935456
288231953 146350964
288231953 160008685
288231953 165795009
288231953 172161833
288231953 183663839
288231953 186287415
288231953 210639349
288231953 211614808
288231953 221636679
288231953 238308325
288231953 245394117
288231953 247031120
288231953 250441643
288231953 252887163
288231953 256974037
288231953 258203336
288231953 262775327
288231953 277139373
288231953 277675909
288231953 281159810
288231953 284174632
288231953 296242468
288231953 298757008
288231953 303060652
288231953 307642294
288231953 308103112
288231953 309064372
288231953 309325161
288231953 310233571
288231953 322822476
288231953 325106566
288231953 337952973
288231953 339943969
288231953 341840097
288231953 356447837
288231953 362626342
288231953 384621304
288231953 385621090
288231953 417927586
288231953 422253889
288231953 431983156
288231953 446023451
288231953 548539370
290097288 7846
290097288 15913
290097288 3359851
290097288 5906322
290097288 7157132
290097288 7860742
290097288 15853668
290097288 18776017
290097288 20274104
290097288 21075893
290097288 21678052
290097288 24742040
290097288 34068984
290097288 38542252
290097288 59804598
290097288 64285972
290097288 85215038
290097288 93905958
290097288 121258930
290097288 126444583
290097288 155620461
290097288 184637153
290097288 187744415
290097288 191548936
290097288 204089551
290097288 238289569
290097288 294198566
290097288 309325161
290097288 381788237
290097288 384388981
291468308 15913
291468308 729733
291468308 1065921
291468308 3359851
291468308 3443591
291468308 4068821
291468308 5442012
291468308 6080022
291468308 6478202
291468308 7157132
291468308 7377812
291468308 7860742
291468308 8054392
291468308 8541492
291468308 12127832
291468308 13687132
291468308 14179545
291468308 14269220
291468308 14536491
291468308 14573745
291468308 14692604
291468308 14750463
291468308 14935647
291468308 15234657
291468308 16097743
291468308 17092592
291468308 17526132
291468308 17722816
291468308 17759701
291468308 18176640
291468308 18666844
291468308 18776017
291468308 18819691
291468308 19519349
291468308 21195122
291468308 22679419
291468308 23404076
291468308 24004172
291468308 25026165
291468308 25952851
291468308 36198161
291468308 48485771
291468308 59414975
291468308 59804598
291468308 84043660
291468308 87764480
291468308 88501703
291468308 90385486
291468308 90964854
291468308 116952434
291468308 117187783
291468308 144040563
291468308 144723989
293854513 15913
293854513 3096071
293854513 15112961
293854513 19162933
293854513 19603370
293854513 20019469
293854513 24942585
293854513 25538903
293854513 48485771
293854513 121258930
293854513 144040563
293854513 146155608
293854513 203261300
294198566 15913
294198566 65673
294198566 3359851
294198566 5443002
294198566 9451052
294198566 12121162
294198566 13687132
294198566 14589257
294198566 20273398
294198566 21678052
294198566 22679419
294198566 24742040
294198566 34068984
294198566 36198161
294198566 38542252
294198566 41172837
294198566 64285972
294198566 85215038
294198566 85343184
294198566 93905958
294198566 111210694
294198566 116952434
294198566 154708725
294198566 187744415
294198566 191548936
294198566 290097288
296242468 15913
296242468 3359851
296242468 7860742
296242468 7872262
296242468 15070932
296242468 15846407
296242468 17564647
296242468 17759701
296242468 18776017
296242468 19311729
296242468 20471349
296242468 23215572
296242468 26422087
296242468 26800967
296242468 31808762
296242468 34068984
296242468 36850842
296242468 41656802
296242468 48939443
296242468 59804598
296242468 65913144
296242468 84672379
296242468 87044829
296242468 94414805
296242468 105895378
296242468 111164068
296242468 115313263
296242468 116952434
296242468 126444583
296242468 146350964
296242468 172161833
296242468 187744415
296242468 211614808
296242468 234526497
296242468 238308325
296242468 248861233
296242468 250441643
296242468 250708662
296242468 254457417
296242468 275937498
296242468 281159810
296242468 284174632
296242468 288231953
296242468 294198566
296242468 307642294
296242468 309325161
296242468 325106566
296242468 337952973
296242468 339943969
296242468 345569115
296242468 381788237
296242468 467903803
296242468 543373651
297472992 15913
297472992 3443591
297472992 5906322
297472992 9117202
297472992 9610142
297472992 12681982
297472992 13687132
297472992 14038862
297472992 14691709
297472992 18776017
297472992 19413393
297472992 20273398
297472992 22679419
297472992 24742040
297472992 48485771
297472992 59804598
297472992 94454911
297683673 19311729
297683673 20471349
297683673 23215572
297683673 24125323
297683673 26176694
297683673 36850842
297683673 40329238
297683673 87044829
297683673 105895378
297683673 115313263
297683673 127935456
297683673 160008685
297683673 172161833
297683673 211614808
297683673 240063501
297683673 250708662
297683673 252887163
297683673 281159810
297683673 307642294
297683673 309064372
297683673 309325161
297683673 325106566
297683673 337952973
297683673 339943969
297683673 345569115
297683673 385621090
297683673 431983156
297683673 498542846
298757008 17564647
298757008 17586739
298757008 20471349
298757008 21075893
298757008 23215572
298757008 26800967
298757008 28478859
298757008 36836939
298757008 46762510
298757008 67818595
298757008 77806232
298757008 87044829
298757008 105895378
298757008 115313263
298757008 127935456
298757008 131490551
298757008 146350964
298757008 160008685
298757008 163339795
298757008 165795009
298757008 172161833
298757008 211614808
298757008 213032194
298757008 221636679
298757008 238308325
298757008 240063501
298757008 245394117
298757008 250708662
298757008 252887163
298757008 253893287
298757008 258203336
298757008 262775327
298757008 277139373
298757008 277675909
298757008 281159810
298757008 288231953
298757008 307642294
298757008 309064372
298757008 309325161
298757008 310233571
298757008 322822476
298757008 325106566
298757008 326659062
298757008 339943969
298757008 341840097
298757008 356447837
298757008 362626342
298757008 381788237
298757008 384621304
298757008 417927586
298757008 422253889
298757008 431983156
298757008 446023451
298757008 548539370
299442187 15913
299442187 3442781
299442187 5452672
299442187 7860742
299442187 14180231
299442187 14339261
299442187 14498387
299442187 14922225
299442187 15112961
299442187 15575251
299442187 15653423
299442187 16626187
299442187 17632072
299442187 18176640
299442187 18581803
299442187 18666844
299442187 18776017
299442187 19519349
299442187 19563357
299442187 20880546
299442187 24542441
299442187 24742040
299442187 24942585
299442187 28719244
299442187 31524543
299442187 34068984
299442187 41656802
299442187 45705189
299442187 45862504
299442187 48485771
299442187 59804598
299442187 84043660
299442187 85215038
299442187 85343184
299442187 93905958
299442187 111210694
299442187 121258930
299442187 146155608
299442187 191548936
299442187 203261300
299442187 207752295
299442187 235818781
299442187 254457417
299442187 290097288
299442187 294198566
299442187 309366491
303060652 15913
303060652 3359851
303060652 18581803
303060652 20471349
303060652 22679419
303060652 26422087
303060652 34068984
303060652 48485771
303060652 59804598
303060652 90964854
303060652 111164068
303060652 234526497
303060652 297472992
303060652 309366491
306445007 15913
306445007 5442012
306445007 7702232
306445007 7860742
306445007 8001572
306445007 14038862
306445007 14573745
306445007 15112961
306445007 15575251
306445007 15653423
306445007 15853668
306445007 16453996
306445007 17586739
306445007 18776017
306445007 19162933
306445007 20880546
306445007 22273748
306445007 24004172
306445007 24942585
306445007 25827166
306445007 28719244
306445007 28775296
306445007 30680870
306445007 31037985
306445007 37444945
306445007 45509346
306445007 48485771
306445007 48621884
306445007 52559331
306445007 54514600
306445007 59005241
306445007 71606873
306445007 75914648
306445007 84052794
306445007 86852135
306445007 95109615
306445007 117541123
306445007 121258930
306445007 123004655
306445007 144040563
306445007 146155608
306445007 146320301
306445007 151711230
306445007 155976326
306445007 179524189
306445007 195795250
306445007 198876913
306445007 200212364
306445007 235216483
306445007 270076706
306445007 282733465
306445007 307642294
306445007 316264827
306445007 324061899
306445007 347508389
306445007 349358004
306445007 355637036
306445007 365904984
306445007 367443729
306445007 394475305
306445007 401029555
306445007 416718047
306445007 421848829
306445007 422950468
306445007 466645680
307206030 3359851
307206030 21075893
307206030 23215572
307206030 34068984
307206030 36836939
307206030 67818595
307206030 77806232
307206030 87044829
307206030 103661402
307206030 105895378
307206030 115313263
307206030 146350964
307206030 160008685
307206030 165795009
307206030 172161833
307206030 211614808
307206030 213032194
307206030 238308325
307206030 245394117
307206030 250441643
307206030 252887163
307206030 256974037
307206030 258203336
307206030 262775327
307206030 277139373
307206030 281159810
307206030 290097288
307206030 294198566
307206030 298757008
307206030 307642294
307206030 309325161
307206030 322822476
307206030 325106566
307206030 337952973
307206030 339943969
307206030 356447837
307206030 384621304
307642294 15913
307642294 11648692
307642294 14038862
307642294 14180231
307642294 15070932
307642294 15853668
307642294 17448921
307642294 17564647
307642294 17586739
307642294 17632072
307642294 18581803
307642294 19311729
307642294 20323999
307642294 20471349
307642294 21075893
307642294 21504535
307642294 21913907
307642294 22273748
307642294 22679419
307642294 23215572
307642294 24125323
307642294 25827166
307642294 25952851
307642294 26176694
307642294 26422087
307642294 26800967
307642294 28281437
307642294 28478859
307642294 28719244
307642294 28775296
307642294 28960709
307642294 29785987
307642294 30267128
307642294 30680870
307642294 36836939
307642294 36850842
307642294 40329238
307642294 41656802
307642294 41937748
307642294 44234944
307642294 45509346
307642294 46762510
307642294 47495471
307642294 48485771
307642294 48939443
307642294 49781679
307642294 52559331
307642294 54514600
307642294 58245520
307642294 59005241
307642294 59804598
307642294 61853583
307642294 63644892
307642294 67818595
307642294 71606873
307642294 72156360
307642294 74275571
307642294 74325773
307642294 75914648
307642294 77806232
307642294 79056710
307642294 82969251
307642294 84052794
307642294 84672379
307642294 86852135
307642294 87044829
307642294 94441197
307642294 95109615
307642294 103661402
307642294 105150583
307642294 105895378
307642294 115313263
307642294 117541123
307642294 121258930
307642294 121472925
307642294 123684709
307642294 127935456
307642294 130917777
307642294 131490551
307642294 134979402
307642294 144723989
307642294 146155608
307642294 146320301
307642294 146350964
307642294 151711230
307642294 152435436
307642294 160008685
307642294 163339795
307642294 165795009
307642294 170487428
307642294 172161833
307642294 179524189
307642294 181668778
307642294 186287415
307642294 186745799
307642294 195795250
307642294 198876913
307642294 200212364
307642294 207752295
307642294 210639349
307642294 210731960
307642294 211614808
307642294 213032194
307642294 213504157
307642294 221636679
307642294 238308325
307642294 240063501
307642294 245394117
307642294 247031120
307642294 248861233
307642294 250441643
307642294 250708662
307642294 250831586
307642294 252887163
307642294 253893287
307642294 256974037
307642294 258203336
307642294 259074185
307642294 262775327
307642294 270076706
307642294 275550472
307642294 277139373
307642294 277675909
307642294 278062722
307642294 281159810
307642294 282733465
307642294 284174632
307642294 287411130
307642294 288231953
307642294 296242468
307642294 297683673
307642294 298757008
307642294 306445007
307642294 307206030
307642294 308103112
307642294 309064372
307642294 309325161
307642294 309366491
307642294 310233571
307642294 312604104
307642294 316264827
307642294 322641198
307642294 322822476
307642294 324061899
307642294 325106566
307642294 326659062
307642294 337952973
307642294 339943969
307642294 341603426
307642294 341840097
307642294 342279134
307642294 343042051
307642294 345569115
307642294 347508389
307642294 349358004
307642294 355602073
307642294 355637036
307642294 356447837
307642294 362626342
307642294 365904984
307642294 370952365
307642294 374949999
307642294 381296177
307642294 381788237
307642294 382360772
307642294 384621304
307642294 385621090
307642294 387566789
307642294 387975746
307642294 394475305
307642294 401029555
307642294 411273721
307642294 416718047
307642294 417927586
307642294 421848829
307642294 422114084
307642294 422253889
307642294 422950468
307642294 431983156
307642294 446023451
307642294 448774841
307642294 450692479
307642294 452342492
307642294 464413911
307642294 466645680
307642294 467903803
307642294 491431687
307642294 496262970
307642294 498542846
307642294 499839056
307642294 501705927
307642294 501724209
307642294 529658284
307642294 543373651
307642294 548539370
307642294 548631386
307642294 560482964
307642294 560929638
307642294 566753653
308103112 15913
308103112 5442012
308103112 9275742
308103112 14038862
308103112 14589257
308103112 15112961
308103112 15575251
308103112 15653423
308103112 17564647
308103112 17632072
308103112 20471349
308103112 20880546
308103112 23140494
308103112 23215572
308103112 23457239
308103112 24125323
308103112 24742040
308103112 24942585
308103112 26176694
308103112 26800967
308103112 40329238
308103112 45509346
308103112 48485771
308103112 48621884
308103112 58245520
308103112 59804598
308103112 67818595
308103112 74325773
308103112 115313263
308103112 121258930
308103112 130917777
308103112 144040563
308103112 155976326
308103112 172161833
308103112 186745799
308103112 198876913
308103112 210731960
308103112 211614808
308103112 238308325
308103112 240063501
308103112 247031120
308103112 250831586
308103112 252887163
308103112 258203336
308103112 262775327
308103112 281159810
308103112 284174632
308103112 288231953
308103112 296242468
308103112 307642294
308103112 309325161
308103112 309366491
308103112 310233571
308103112 325106566
308103112 337952973
308103112 339943969
308103112 356447837
308103112 382360772
308103112 384388981
308103112 384621304
308103112 385621090
308103112 446023451
308103112 548631386
308693201 15913
308693201 7565302
308693201 7860742
308693201 13687132
308693201 14498387
308693201 14589257
308693201 14922225
308693201 18712070
308693201 18776017
308693201 19413393
308693201 20274104
308693201 24004172
308693201 42361118
308693201 45416789
308693201 47161442
308693201 48370736
308693201 57986173
308693201 60968363
308693201 66791268
308693201 115444551
308693201 115717640
308693201 165580617
308693201 188035912
308693201 258218804
308693201 309366491
308693201 399404516
309064372 15913
309064372 3359851
309064372 5442012
309064372 15070932
309064372 17564647
309064372 19311729
309064372 23215572
309064372 24125323
309064372 26176694
309064372 26800967
309064372 36850842
309064372 40329238
309064372 59804598
309064372 87044829
309064372 105150583
309064372 105895378
309064372 115313263
309064372 121258930
309064372 146155608
309064372 172161833
309064372 211614808
309064372 234526497
309064372 238308325
309064372 250831586
309064372 252887163
309064372 258203336
309064372 275550472
309064372 277675909
309064372 281159810
309064372 284174632
309064372 288231953
309064372 290097288
309064372 294198566
309064372 297683673
309064372 298757008
309064372 307642294
309064372 309325161
309064372 310233571
309064372 325106566
309064372 339943969
309064372 341603426
309064372 345569115
309064372 384621304
309064372 422114084
309064372 431983156
309325161 11648692
309325161 15070932
309325161 17564647
309325161 17586739
309325161 19311729
309325161 20471349
309325161 21075893
309325161 21504535
309325161 21913907
309325161 23215572
309325161 24125323
309325161 24542441
309325161 24742040
309325161 26176694
309325161 26800967
309325161 28478859
309325161 29785987
309325161 30267128
309325161 36836939
309325161 36850842
309325161 40329238
309325161 41656802
309325161 47495471
309325161 48939443
309325161 49781679
309325161 58245520
309325161 67818595
309325161 71606873
309325161 77806232
309325161 84672379
309325161 87044829
309325161 105150583
309325161 105895378
309325161 115313263
309325161 121472925
309325161 123684709
309325161 127935456
309325161 130917777
309325161 134979402
309325161 146350964
309325161 160008685
309325161 165795009
309325161 172161833
309325161 183663839
309325161 186287415
309325161 186745799
309325161 210731960
309325161 211614808
309325161 213032194
309325161 238308325
309325161 240063501
309325161 245394117
309325161 247031120
309325161 250441643
309325161 250708662
309325161 252887163
309325161 253893287
309325161 256974037
309325161 258203336
309325161 262775327
309325161 275550472
309325161 277139373
309325161 277675909
309325161 278062722
309325161 281159810
309325161 284174632
309325161 287411130
309325161 288231953
309325161 290097288
309325161 294198566
309325161 296242468
309325161 297683673
309325161 298757008
309325161 307642294
309325161 308103112
309325161 309064372
309325161 310233571
309325161 322822476
309325161 325106566
309325161 337952973
309325161 339943969
309325161 341603426
309325161 341840097
309325161 345569115
309325161 356447837
309325161 362626342
309325161 381296177
309325161 381788237
309325161 382360772
309325161 384621304
309325161 385621090
309325161 411273721
309325161 417927586
309325161 422114084
309325161 422253889
309325161 431983156
309325161 446023451
309325161 448774841
309325161 491431687
309325161 498542846
309325161 499839056
309325161 501705927
309325161 501724209
309325161 543373651
309325161 548539370
309325161 548631386
309325161 560482964
309325161 560929638
309366491 7702232
309366491 7860742
309366491 7861312
309366491 8146732
309366491 15234657
309366491 15757080
309366491 15838599
309366491 15853668
309366491 16097743
309366491 17663756
309366491 18776017
309366491 19519349
309366491 20315513
309366491 21993653
309366491 22679419
309366491 22705686
309366491 25026165
309366491 28960709
309366491 38685348
309366491 43626328
309366491 50499213
309366491 66905823
309366491 116952434
309366491 144723989
309366491 177564924
309366491 196710000
310233571 15913
310233571 3359851
310233571 3443591
310233571 5442012
310233571 5906322
310233571 13687132
310233571 17564647
310233571 18900668
310233571 20471349
310233571 23215572
310233571 24742040
310233571 26800967
310233571 34068984
310233571 46762510
310233571 59804598
310233571 64488804
310233571 67818595
310233571 105895378
310233571 115313263
310233571 121258930
310233571 127935456
310233571 146155608
310233571 172161833
310233571 187744415
310233571 211614808
310233571 238308325
310233571 245394117
310233571 248861233
310233571 258203336
310233571 262775327
310233571 281159810
310233571 284174632
310233571 288231953
310233571 298757008
310233571 307642294
310233571 308103112
310233571 309064372
310233571 309325161
310233571 309366491
310233571 322822476
310233571 325106566
310233571 337952973
310233571 339943969
310233571 341603426
310233571 341840097
310233571 356447837
310233571 384621304
310233571 417927586
312604104 5442012
312604104 20323999
312604104 24942585
312604104 45509346
312604104 47495471
312604104 59414975
312604104 84043660
312604104 146155608
312604104 155976326
312604104 210639349
312604104 307642294
312604104 325106566
312604104 411273721
316264827 5442012
316264827 14038862
316264827 15112961
316264827 15575251
316264827 15653423
316264827 20019469
316264827 23140494
316264827 24942585
316264827 28775296
316264827 30680870
316264827 41937748
316264827 63644892
316264827 117541123
316264827 144040563
316264827 146071420
316264827 155976326
316264827 198876913
316264827 306445007
316264827 307642294
316264827 324061899
316264827 421848829
316264827 499839056
319036126 15913
319036126 7860742
319036126 7872262
319036126 14922225
319036126 15234657
319036126 18712070
319036126 24641194
319036126 36969785
319036126 48370736
319036126 65913144
319036126 66791268
319036126 73077189
319036126 115444551
319036126 115717640
319036126 165580617
319036126 188035912
319036126 235216483
319036126 286118150
319036126 308693201
322641198 18581803
322641198 20273398
322641198 20471349
322641198 22679419
322641198 28960709
322641198 43626328
322641198 94441197
322641198 181668778
322641198 307642294
322641198 450692479
322822476 17564647
322822476 17632072
322822476 20471349
322822476 23215572
322822476 24125323
322822476 26176694
322822476 36836939
322822476 36850842
322822476 48939443
322822476 49781679
322822476 84672379
322822476 94414805
322822476 121472925
322822476 123684709
322822476 127935456
322822476 146350964
322822476 160008685
322822476 165795009
322822476 211614808
322822476 245394117
322822476 248861233
322822476 252887163
322822476 258203336
322822476 262775327
322822476 275550472
322822476 281159810
322822476 284174632
322822476 288231953
322822476 298757008
322822476 307206030
322822476 309325161
322822476 309366491
322822476 310233571
322822476 337952973
322822476 339943969
322822476 385621090
322822476 464413911
324061899 15913
324061899 5442012
324061899 15112961
324061899 15653423
324061899 15853668
324061899 17632072
324061899 18776017
324061899 19162933
324061899 20880546
324061899 22273748
324061899 23140494
324061899 24004172
324061899 24742040
324061899 24942585
324061899 25026165
324061899 25827166
324061899 28719244
324061899 28775296
324061899 30680870
324061899 36198161
324061899 37444945
324061899 41937748
324061899 47495471
324061899 48485771
324061899 48621884
324061899 52559331
324061899 59005241
324061899 59414975
324061899 59804598
324061899 75914648
324061899 86852135
324061899 94414805
324061899 95109615
324061899 103661402
324061899 117541123
324061899 121258930
324061899 144040563
324061899 146155608
324061899 151711230
324061899 155976326
324061899 179524189
324061899 195795250
324061899 198876913
324061899 200212364
324061899 203261300
324061899 270076706
324061899 282733465
324061899 306445007
324061899 307642294
324061899 316264827
324061899 347508389
324061899 355637036
324061899 365904984
324061899 367443729
324061899 394475305
324061899 401029555
324061899 411273721
324061899 416718047
324061899 421848829
324061899 422950468
324061899 466645680
325106566 5442012
325106566 11648692
325106566 14180231
325106566 15070932
325106566 17564647
325106566 18776017
325106566 19311729
325106566 20323999
325106566 20471349
325106566 22705686
325106566 23215572
325106566 24125323
325106566 24942585
325106566 25827166
325106566 26176694
325106566 26800967
325106566 28478859
325106566 28719244
325106566 34068984
325106566 36850842
325106566 40329238
325106566 41656802
325106566 45509346
325106566 48485771
325106566 48939443
325106566 58245520
325106566 67818595
325106566 72156360
325106566 74325773
325106566 75914648
325106566 77806232
325106566 84672379
325106566 86852135
325106566 87044829
325106566 94414805
325106566 103661402
325106566 105150583
325106566 105895378
325106566 115313263
325106566 121472925
325106566 123684709
325106566 126444583
325106566 127935456
325106566 130917777
325106566 131350078
325106566 131490551
325106566 134979402
325106566 146155608
325106566 160008685
325106566 163339795
325106566 165795009
325106566 172161833
325106566 183663839
325106566 186287415
325106566 186745799
325106566 207752295
325106566 211614808
325106566 213032194
325106566 221636679
325106566 238308325
325106566 245394117
325106566 247031120
325106566 248861233
325106566 250708662
325106566 252887163
325106566 258203336
325106566 262775327
325106566 265732976
325106566 277139373
325106566 281159810
325106566 282733465
325106566 284174632
325106566 287411130
325106566 288231953
325106566 296242468
325106566 297683673
325106566 298757008
325106566 303060652
325106566 307206030
325106566 307642294
325106566 308103112
325106566 309064372
325106566 309325161
325106566 310233571
325106566 312604104
325106566 337952973
325106566 339943969
325106566 341840097
325106566 347508389
325106566 356447837
325106566 362626342
325106566 365904984
325106566 382360772
325106566 384621304
325106566 385621090
325106566 401029555
325106566 416718047
325106566 417927586
325106566 422253889
325106566 431983156
325106566 446023451
325106566 452342492
325106566 548631386
326659062 5442012
326659062 17586739
326659062 20274104
326659062 20323999
326659062 20471349
326659062 20880546
326659062 24742040
326659062 24942585
326659062 45509346
326659062 47495471
326659062 59414975
326659062 61853583
326659062 72156360
326659062 84043660
326659062 121258930
326659062 146155608
326659062 155976326
326659062 198876913
326659062 211614808
326659062 238308325
326659062 258203336
326659062 290097288
326659062 298757008
326659062 307642294
326659062 341840097
326659062 384388981
326659062 384621304
326659062 417927586
337952973 3359851
337952973 15070932
337952973 17564647
337952973 19311729
337952973 20471349
337952973 20880546
337952973 21075893
337952973 23215572
337952973 24125323
337952973 24742040
337952973 26800967
337952973 34068984
337952973 41656802
337952973 59804598
337952973 67818595
337952973 79056710
337952973 87044829
337952973 105150583
337952973 105895378
337952973 115313263
337952973 123684709
337952973 130917777
337952973 172161833
337952973 210731960
337952973 211614808
337952973 221636679
337952973 238308325
337952973 245394117
337952973 252887163
337952973 258203336
337952973 262775327
337952973 277139373
337952973 281159810
337952973 288231953
337952973 290097288
337952973 294198566
337952973 296242468
337952973 307206030
337952973 307642294
337952973 308103112
337952973 309325161
337952973 310233571
337952973 322822476
337952973 325106566
337952973 339943969
337952973 356447837
337952973 382360772
337952973 384621304
337952973 385621090
337952973 417927586
337952973 422253889
337952973 446023451
337952973 467903803
339943969 11648692
339943969 15070932
339943969 17564647
339943969 19311729
339943969 21075893
339943969 21504535
339943969 21913907
339943969 23215572
339943969 24125323
339943969 24542441
339943969 26176694
339943969 26800967
339943969 28478859
339943969 36836939
339943969 36850842
339943969 40329238
339943969 48939443
339943969 49781679
339943969 58245520
339943969 67818595
339943969 71606873
339943969 74275571
339943969 74325773
339943969 77806232
339943969 84672379
339943969 87044829
339943969 93905958
339943969 105150583
339943969 105895378
339943969 115313263
339943969 121472925
339943969 127935456
339943969 130917777
339943969 134979402
339943969 146350964
339943969 160008685
339943969 165795009
339943969 172161833
339943969 183663839
339943969 186287415
339943969 186745799
339943969 210731960
339943969 211614808
339943969 213032194
339943969 238308325
339943969 245394117
339943969 250441643
339943969 250708662
339943969 252887163
339943969 253893287
339943969 258203336
339943969 262775327
339943969 275550472
339943969 277139373
339943969 277675909
339943969 281159810
339943969 284174632
339943969 287411130
339943969 288231953
339943969 296242468
339943969 297683673
339943969 298757008
339943969 307642294
339943969 308103112
339943969 309064372
339943969 309325161
339943969 310233571
339943969 322822476
339943969 325106566
339943969 337952973
339943969 341603426
339943969 345569115
339943969 356447837
339943969 362626342
339943969 381788237
339943969 382360772
339943969 384621304
339943969 385621090
339943969 417927586
339943969 422253889
339943969 431983156
339943969 446023451
339943969 491431687
339943969 498542846
339943969 501705927
339943969 543373651
339943969 548539370
339943969 548631386
339943969 560929638
341603426 17564647
341603426 23215572
341603426 74275571
341603426 84672379
341603426 87044829
341603426 134979402
341603426 252887163
341603426 258203336
341603426 307642294
341603426 309325161
341603426 339943969
341603426 417927586
341840097 3359851
341840097 5442012
341840097 14180231
341840097 15070932
341840097 17140787
341840097 17564647
341840097 18581803
341840097 20274104
341840097 20323999
341840097 20471349
341840097 20880546
341840097 23215572
341840097 24742040
341840097 24942585
341840097 26800967
341840097 28478859
341840097 45509346
341840097 46762510
341840097 47495471
341840097 59414975
341840097 61853583
341840097 67818595
341840097 71606873
341840097 105895378
341840097 115313263
341840097 121258930
341840097 127935456
341840097 146155608
341840097 155976326
341840097 198876913
341840097 210639349
341840097 211614808
341840097 221636679
341840097 238308325
341840097 245394117
341840097 258203336
341840097 262775327
341840097 277139373
341840097 281159810
341840097 290097288
341840097 294198566
341840097 298757008
341840097 307642294
341840097 309325161
341840097 310233571
341840097 325106566
341840097 326659062
341840097 337952973
341840097 339943969
341840097 356447837
341840097 384388981
341840097 384621304
341840097 417927586
341840097 452342492
342279134 28960709
342279134 43626328
342279134 307642294
343042051 15913
343042051 5442012
343042051 15112961
343042051 15653423
343042051 20323999
343042051 20880546
343042051 23140494
343042051 24742040
343042051 24942585
343042051 28719244
343042051 45509346
343042051 45862504
343042051 47495471
343042051 48485771
343042051 59804598
343042051 121258930
343042051 144040563
343042051 146155608
343042051 152435436
343042051 155976326
343042051 307642294
343042051 411273721
344966590 5442012
344966590 15222083
344966590 18581803
344966590 20273398
344966590 20471349
344966590 22679419
344966590 26422087
344966590 28960709
344966590 43626328
344966590 48485771
344966590 90964854
344966590 94441197
344966590 144723989
344966590 181668778
344966590 234526497
344966590 303060652
344966590 307642294
344966590 309366491
344966590 322641198
344966590 342279134
344966590 387975746
344966590 450692479
344966590 529658284
345569115 15070932
345569115 17564647
345569115 19311729
345569115 24125323
345569115 24542441
345569115 26422087
345569115 84672379
345569115 87044829
345569115 105895378
345569115 115313263
345569115 146350964
345569115 248861233
345569115 252887163
345569115 275937498
345569115 309325161
345569115 339943969
347508389 5442012
347508389 15853668
347508389 18776017
347508389 20880546
347508389 22273748
347508389 22705686
347508389 24942585
347508389 25026165
347508389 25827166
347508389 28719244
347508389 48485771
347508389 48621884
347508389 75914648
347508389 86852135
347508389 94414805
347508389 95109615
347508389 121258930
347508389 131350078
347508389 144040563
347508389 146155608
347508389 151711230
347508389 265732976
347508389 282733465
347508389 307642294
347508389 324061899
347508389 325106566
347508389 365904984
347508389 367443729
347508389 394475305
347508389 416718047
349358004 15913
349358004 5442012
349358004 22273748
349358004 24942585
349358004 30680870
349358004 48485771
349358004 48621884
349358004 52559331
349358004 59005241
349358004 95109615
349358004 144040563
349358004 146155608
349358004 198876913
349358004 324061899
349358004 355637036
349358004 401029555
349358004 416718047
349358004 422950468
349358004 466645680
353216771 15913
353216771 1072591
353216771 1134701
353216771 3359851
353216771 7860742
353216771 7861312
353216771 7872262
353216771 7875762
353216771 7875912
353216771 7925002
353216771 8005202
353216771 8470732
353216771 8541492
353216771 14500681
353216771 14515313
353216771 14589257
353216771 14629510
353216771 14922225
353216771 15234657
353216771 15578992
353216771 15734515
353216771 16098603
353216771 18776017
353216771 19193475
353216771 22335214
353216771 65913144
353216771 66791268
353216771 87764480
353216771 235216483
355602073 307642294
355637036 19162933
355637036 20880546
355637036 28719244
355637036 48621884
355637036 52559331
355637036 75914648
355637036 86852135
355637036 146155608
355637036 146320301
355637036 198876913
355637036 200212364
355637036 282733465
355637036 307642294
355637036 365904984
355637036 367443729
355637036 394475305
355637036 401029555
355637036 466645680
356447837 3359851
356447837 5442012
356447837 11648692
356447837 15070932
356447837 17564647
356447837 18581803
356447837 19311729
356447837 20471349
356447837 20880546
356447837 21075893
356447837 21504535
356447837 23215572
356447837 24125323
356447837 24742040
356447837 24942585
356447837 26176694
356447837 26800967
356447837 40329238
356447837 48939443
356447837 59804598
356447837 67818595
356447837 74325773
356447837 77806232
356447837 84043660
356447837 105150583
356447837 105895378
356447837 115313263
356447837 121258930
356447837 121472925
356447837 123684709
356447837 130917777
356447837 146155608
356447837 146350964
356447837 160008685
356447837 172161833
356447837 186745799
356447837 210731960
356447837 211614808
356447837 213032194
356447837 238308325
356447837 245394117
356447837 248861233
356447837 250441643
356447837 250708662
356447837 252887163
356447837 262775327
356447837 277139373
356447837 277675909
356447837 287411130
356447837 288231953
356447837 294198566
356447837 298757008
356447837 307206030
356447837 307642294
356447837 309064372
356447837 309325161
356447837 310233571
356447837 322822476
356447837 325106566
356447837 337952973
356447837 339943969
356447837 362626342
356447837 382360772
356447837 384388981
356447837 384621304
356447837 385621090
356447837 446023451
356447837 543373651
360895400 15913
360895400 1065921
360895400 3359851
360895400 5443002
360895400 13185852
360895400 15575251
360895400 18666844
360895400 18929680
360895400 24742040
362626342 3359851
362626342 5442012
362626342 15070932
362626342 15653423
362626342 17564647
362626342 17586739
362626342 19311729
362626342 20471349
362626342 20880546
362626342 21075893
362626342 21913907
362626342 23215572
362626342 24742040
362626342 24942585
362626342 26800967
362626342 28478859
362626342 34068984
362626342 36836939
362626342 45509346
362626342 47495471
362626342 48939443
362626342 59414975
362626342 61853583
362626342 67818595
362626342 71606873
362626342 72156360
362626342 75914648
362626342 77806232
362626342 87044829
362626342 103661402
362626342 105895378
362626342 114115460
362626342 115313263
362626342 121258930
362626342 121472925
362626342 127935456
362626342 146155608
362626342 146350964
362626342 155976326
362626342 160008685
362626342 165795009
362626342 172161833
362626342 198876913
362626342 210731960
362626342 211614808
362626342 213032194
362626342 221636679
362626342 238308325
362626342 240063501
362626342 245394117
362626342 247031120
362626342 250441643
362626342 250708662
362626342 252887163
362626342 253893287
362626342 256974037
362626342 258203336
362626342 262775327
362626342 277139373
362626342 277675909
362626342 278062722
362626342 281159810
362626342 288231953
362626342 290097288
362626342 294198566
362626342 298757008
362626342 306445007
362626342 307206030
362626342 307642294
362626342 309064372
362626342 309325161
362626342 310233571
362626342 322822476
362626342 325106566
362626342 337952973
362626342 339943969
362626342 341840097
362626342 356447837
362626342 381788237
362626342 384388981
362626342 384621304
362626342 411273721
362626342 417927586
362626342 422253889
362626342 431983156
362626342 446023451
362626342 452342492
362626342 499839056
362626342 501705927
362626342 501724209
362626342 543373651
362626342 548539370
362626342 548631386
365904984 28719244
365904984 48485771
365904984 94414805
365904984 131350078
367443729 15913
367443729 5442012
367443729 7702232
367443729 7860742
367443729 15112961
367443729 15653423
367443729 15853668
367443729 18776017
367443729 22273748
367443729 22705686
367443729 24942585
367443729 25026165
367443729 25827166
367443729 28719244
367443729 28775296
367443729 30680870
367443729 37444945
367443729 48485771
367443729 48621884
367443729 52559331
367443729 54514600
367443729 59005241
367443729 75914648
367443729 86852135
367443729 94414805
367443729 95109615
367443729 103661402
367443729 117541123
367443729 121258930
367443729 131350078
367443729 144040563
367443729 144723989
367443729 146155608
367443729 146320301
367443729 151711230
367443729 155976326
367443729 195795250
367443729 198876913
367443729 200212364
367443729 265732976
367443729 270076706
367443729 282733465
367443729 307642294
367443729 324061899
367443729 325106566
367443729 347508389
367443729 355637036
367443729 365904984
367443729 394475305
367443729 401029555
367443729 416718047
367443729 422950468
367443729 466645680
370952365 15913
370952365 1183041
370952365 5442012
370952365 7157132
370952365 9451052
370952365 14270527
370952365 15575251
370952365 15653423
370952365 20273398
370952365 20323999
370952365 20880546
370952365 23140494
370952365 23457239
370952365 24742040
370952365 24942585
370952365 25026165
370952365 28719244
370952365 41937748
370952365 45509346
370952365 47495471
370952365 48485771
370952365 48621884
370952365 53685618
370952365 59804598
370952365 61853583
370952365 72156360
370952365 82969251
370952365 84043660
370952365 97551846
370952365 103661402
370952365 117541123
370952365 121258930
370952365 144040563
370952365 146155608
370952365 152435436
370952365 155976326
370952365 198876913
370952365 200212364
370952365 203261300
370952365 307642294
370952365 384388981
370952365 411273721
374936497 15913
374936497 2260771
374936497 3359851
374936497 3442781
374936497 9451052
374936497 12121162
374936497 18811197
374936497 34068984
374936497 45705189
374936497 65913144
374936497 93905958
374936497 116952434
374936497 144064703
374936497 152065057
374936497 154708725
374936497 187744415
374936497 217932743
374936497 290097288
374936497 294198566
374949999 9117202
374949999 17564647
374949999 24542441
374949999 26422087
374949999 41656802
374949999 48939443
374949999 84672379
374949999 87044829
374949999 127935456
374949999 258203336
374949999 284174632
374949999 307642294
374949999 341603426
374949999 345569115
374949999 387566789
374949999 529658284
381296177 19311729
381296177 23215572
381296177 24125323
381296177 26176694
381296177 115313263
381296177 127935456
381296177 250831586
381296177 307642294
381296177 309325161
381296177 498542846
381788237 17564647
381788237 19311729
381788237 20471349
381788237 21075893
381788237 36836939
381788237 48939443
381788237 64285972
381788237 87044829
381788237 105895378
381788237 115313263
381788237 127935456
381788237 146350964
381788237 160008685
381788237 211614808
381788237 213032194
381788237 221636679
381788237 238308325
381788237 245394117
381788237 250708662
381788237 253893287
381788237 258203336
381788237 262775327
381788237 277675909
381788237 290097288
381788237 294198566
381788237 296242468
381788237 298757008
381788237 307206030
381788237 307642294
381788237 309325161
381788237 322822476
381788237 325106566
381788237 339943969
381788237 356447837
381788237 362626342
381788237 384621304
381788237 431983156
381788237 543373651
382360772 24125323
382360772 26800967
382360772 87044829
382360772 115313263
382360772 130917777
382360772 211614808
382360772 307642294
382360772 308103112
382360772 309325161
382360772 325106566
382360772 337952973
382360772 339943969
382360772 385621090
382360772 498542846
382360772 548631386
384388981 15913
384388981 3443591
384388981 5443002
384388981 14874480
384388981 14922225
384388981 15234657
384388981 19413393
384388981 19595287
384388981 24742040
384388981 55338862
384388981 59414975
384388981 59804598
384388981 74286565
384388981 146155608
384388981 151223147
384388981 290097288
384388981 294198566
384621304 11648692
384621304 15070932
384621304 17564647
384621304 21075893
384621304 21504535
384621304 23215572
384621304 24125323
384621304 26176694
384621304 26800967
384621304 28478859
384621304 36836939
384621304 36850842
384621304 40329238
384621304 41656802
384621304 46762510
384621304 48939443
384621304 67818595
384621304 74325773
384621304 77806232
384621304 84672379
384621304 87044829
384621304 105150583
384621304 105895378
384621304 115313263
384621304 121472925
384621304 123684709
384621304 127935456
384621304 130917777
384621304 146350964
384621304 160008685
384621304 165795009
384621304 172161833
384621304 211614808
384621304 221636679
384621304 238308325
384621304 240063501
384621304 245394117
384621304 250441643
384621304 250708662
384621304 252887163
384621304 253893287
384621304 256974037
384621304 258203336
384621304 262775327
384621304 277139373
384621304 277675909
384621304 281159810
384621304 284174632
384621304 287411130
384621304 288231953
384621304 298757008
384621304 307206030
384621304 307642294
384621304 308103112
384621304 309064372
384621304 309325161
384621304 310233571
384621304 322822476
384621304 325106566
384621304 326659062
384621304 337952973
384621304 339943969
384621304 341840097
384621304 356447837
384621304 362626342
384621304 381788237
384621304 382360772
384621304 385621090
384621304 417927586
384621304 422253889
384621304 431983156
384621304 446023451
384621304 498542846
384621304 501705927
384621304 543373651
384621304 548631386
384621304 560929638
385621090 11648692
385621090 17564647
385621090 19311729
385621090 21504535
385621090 23215572
385621090 24125323
385621090 26176694
385621090 36850842
385621090 40329238
385621090 49781679
385621090 67818595
385621090 74325773
385621090 87044829
385621090 105895378
385621090 115313263
385621090 127935456
385621090 160008685
385621090 172161833
385621090 186745799
385621090 211614808
385621090 238308325
385621090 247031120
385621090 252887163
385621090 253893287
385621090 262775327
385621090 275550472
385621090 277675909
385621090 281159810
385621090 287411130
385621090 297683673
385621090 307642294
385621090 308103112
385621090 309325161
385621090 322822476
385621090 325106566
385621090 337952973
385621090 339943969
385621090 356447837
385621090 382360772
385621090 384621304
385621090 431983156
385621090 498542846
385621090 543373651
387566789 41656802
387566789 87044829
387566789 258203336
387566789 275550472
387566789 284174632
387566789 307642294
387566789 374949999
387975746 5442012
387975746 20471349
387975746 22679419
387975746 26422087
387975746 48485771
387975746 234526497
387975746 303060652
387975746 307642294
387975746 529658284
394475305 7702232
394475305 15853668
394475305 18776017
394475305 20880546
394475305 22273748
394475305 22705686
394475305 25026165
394475305 25827166
394475305 28719244
394475305 37444945
394475305 48485771
394475305 48621884
394475305 59005241
394475305 75914648
394475305 86852135
394475305 94414805
394475305 131350078
394475305 144040563
394475305 151711230
394475305 195795250
394475305 307642294
394475305 355637036
394475305 365904984
394475305 367443729
394475305 401029555
394475305 416718047
399404516 15913
399404516 3359851
399404516 7157132
399404516 7565302
399404516 7860742
399404516 9451052
399404516 10824382
399404516 13687132
399404516 14446419
399404516 14922225
399404516 17552077
399404516 20274104
399404516 20601792
399404516 22679419
399404516 24742040
399404516 48370736
399404516 48485771
399404516 66791268
399404516 115444551
399404516 115717640
399404516 165580617
399404516 188035912
399404516 235216483
399404516 258218804
399404516 286118150
399404516 308693201
399404516 319036126
401029555 5442012
401029555 15653423
401029555 15853668
401029555 18776017
401029555 26256596
401029555 28719244
401029555 30680870
401029555 45509346
401029555 48621884
401029555 52559331
401029555 59005241
401029555 75914648
401029555 94414805
401029555 95109615
401029555 103661402
401029555 121258930
401029555 146155608
401029555 146320301
401029555 151711230
401029555 282733465
401029555 307642294
401029555 324061899
401029555 325106566
401029555 349358004
401029555 355637036
401029555 365904984
401029555 367443729
401029555 394475305
401029555 416718047
401029555 466645680
411273721 15913
411273721 5442012
411273721 15653423
411273721 20323999
411273721 20880546
411273721 23140494
411273721 24742040
411273721 24942585
411273721 31037985
411273721 44234944
411273721 45509346
411273721 47495471
411273721 48485771
411273721 61853583
411273721 72156360
411273721 121258930
411273721 144040563
411273721 146155608
411273721 152435436
411273721 155976326
411273721 198876913
411273721 207752295
411273721 211614808
411273721 259074185
411273721 278062722
411273721 306445007
411273721 307642294
411273721 309325161
411273721 312604104
411273721 343042051
411273721 362626342
411273721 499839056
416718047 15913
416718047 5442012
416718047 7702232
416718047 15853668
416718047 17586739
416718047 19162933
416718047 20880546
416718047 24004172
416718047 25026165
416718047 25827166
416718047 25952851
416718047 26256596
416718047 28719244
416718047 30680870
416718047 48621884
416718047 75914648
416718047 86852135
416718047 95109615
416718047 103661402
416718047 117541123
416718047 121258930
416718047 146155608
416718047 146320301
416718047 151711230
416718047 195795250
416718047 198876913
416718047 265732976
416718047 282733465
416718047 307642294
416718047 324061899
416718047 325106566
416718047 347508389
416718047 349358004
416718047 365904984
416718047 367443729
416718047 394475305
416718047 401029555
416718047 422950468
416718047 466645680
417927586 1065921
417927586 17564647
417927586 23215572
417927586 28478859
417927586 45509346
417927586 46762510
417927586 47495471
417927586 67818595
417927586 72156360
417927586 101633415
417927586 103661402
417927586 105895378
417927586 115313263
417927586 127935456
417927586 172161833
417927586 210639349
417927586 211614808
417927586 221636679
417927586 238308325
417927586 252887163
417927586 258203336
417927586 262775327
417927586 277139373
417927586 284174632
417927586 288231953
417927586 298757008
417927586 307642294
417927586 309325161
417927586 310233571
417927586 325106566
417927586 326659062
417927586 337952973
417927586 339943969
417927586 341603426
417927586 341840097
417927586 362626342
417927586 384621304
417927586 422253889
421848829 5442012
421848829 15112961
421848829 15653423
421848829 23140494
421848829 24942585
421848829 28775296
421848829 30680870
421848829 31037985
421848829 61853583
421848829 117541123
421848829 121258930
421848829 144040563
421848829 155976326
421848829 198876913
421848829 306445007
421848829 307642294
421848829 316264827
421848829 499839056
422114084 19311729
422114084 20471349
422114084 307642294
422114084 309325161
422253889 17564647
422253889 17586739
422253889 19311729
422253889 20471349
422253889 23215572
422253889 24742040
422253889 36836939
422253889 45509346
422253889 47495471
422253889 48939443
422253889 75914648
422253889 77806232
422253889 87044829
422253889 103661402
422253889 115313263
422253889 127935456
422253889 131490551
422253889 146350964
422253889 172161833
422253889 210639349
422253889 211614808
422253889 213032194
422253889 221636679
422253889 238308325
422253889 240063501
422253889 245394117
422253889 247031120
422253889 250708662
422253889 253893287
422253889 262775327
422253889 288231953
422253889 290097288
422253889 298757008
422253889 307642294
422253889 309325161
422253889 325106566
422253889 337952973
422253889 339943969
422253889 362626342
422253889 384621304
422253889 417927586
422253889 431983156
422253889 446023451
422253889 501724209
422253889 543373651
422950468 5442012
422950468 15653423
422950468 25827166
422950468 30680870
422950468 52559331
422950468 54514600
422950468 146155608
422950468 198876913
422950468 200212364
422950468 270076706
422950468 282733465
422950468 306445007
422950468 307642294
422950468 324061899
422950468 349358004
422950468 367443729
430174478 15913
430174478 5906322
430174478 13185852
430174478 14269220
430174478 48485771
430174478 59804598
431983156 15070932
431983156 17564647
431983156 21075893
431983156 21504535
431983156 21913907
431983156 23215572
431983156 24125323
431983156 26176694
431983156 26800967
431983156 36969785
431983156 40329238
431983156 48939443
431983156 58245520
431983156 87044829
431983156 105895378
431983156 115313263
431983156 121472925
431983156 123684709
431983156 165795009
431983156 172161833
431983156 186745799
431983156 210731960
431983156 211614808
431983156 213032194
431983156 240063501
431983156 245394117
431983156 250441643
431983156 252887163
431983156 262775327
431983156 281159810
431983156 287411130
431983156 288231953
431983156 297683673
431983156 298757008
431983156 307642294
431983156 309064372
431983156 309325161
431983156 325106566
431983156 339943969
431983156 345569115
431983156 384621304
431983156 385621090
431983156 422253889
431983156 498542846
431983156 543373651
431983156 560929638
446023451 5442012
446023451 15070932
446023451 17448921
446023451 17564647
446023451 20471349
446023451 21075893
446023451 23215572
446023451 24742040
446023451 26176694
446023451 26800967
446023451 28478859
446023451 59804598
446023451 67818595
446023451 103661402
446023451 105150583
446023451 105895378
446023451 115313263
446023451 146155608
446023451 160008685
446023451 172161833
446023451 210639349
446023451 211614808
446023451 221636679
446023451 238308325
446023451 247031120
446023451 253893287
446023451 258203336
446023451 288231953
446023451 298757008
446023451 307642294
446023451 308103112
446023451 309325161
446023451 325106566
446023451 337952973
446023451 339943969
446023451 356447837
446023451 362626342
446023451 384621304
446023451 422253889
446023451 501724209
446023451 548631386
448774841 17564647
448774841 23215572
448774841 211614808
448774841 287411130
448774841 307642294
448774841 309325161
450692479 18581803
450692479 20471349
450692479 22679419
450692479 28960709
450692479 43626328
450692479 48485771
450692479 94441197
450692479 181668778
450692479 307642294
450692479 309366491
450692479 322641198
452342492 5442012
452342492 24942585
452342492 47495471
452342492 61853583
452342492 103661402
452342492 121258930
452342492 146155608
452342492 155976326
452342492 198876913
452342492 207752295
452342492 306445007
452342492 307642294
452342492 325106566
452342492 341840097
452342492 362626342
464413911 87044829
464413911 115313263
464413911 307642294
464413911 322822476
464413911 356447837
466645680 15913
466645680 5442012
466645680 7702232
466645680 15653423
466645680 15853668
466645680 18776017
466645680 19162933
466645680 22273748
466645680 24942585
466645680 25827166
466645680 28719244
466645680 30680870
466645680 37444945
466645680 48485771
466645680 48621884
466645680 52559331
466645680 59005241
466645680 75914648
466645680 84052794
466645680 86852135
466645680 95109615
466645680 121258930
466645680 144040563
466645680 146155608
466645680 146320301
466645680 151711230
466645680 195795250
466645680 198876913
466645680 200212364
466645680 270076706
466645680 282733465
466645680 307642294
466645680 324061899
466645680 349358004
466645680 355637036
466645680 365904984
466645680 367443729
466645680 394475305
466645680 401029555
466645680 416718047
466645680 422950468
469024995 15913
469024995 820281
469024995 12298182
469024995 14363438
469024995 15154217
469024995 15520280
469024995 16224299
469024995 16627086
469024995 17409832
469024995 24585498
469024995 24742040
469024995 34771668
469024995 48485771
469024995 59414975
469024995 64121269
469024995 114115460
483704316 15913
483704316 1072591
483704316 6080022
483704316 7860742
483704316 7861312
483704316 7872262
483704316 7925002
483704316 8470732
483704316 14498387
483704316 15853668
483704316 16097743
483704316 16098603
483704316 16453996
483704316 17759701
483704316 18021714
483704316 18776017
483704316 19622462
483704316 21195122
483704316 22679419
483704316 24641194
483704316 25026165
483704316 28037700
483704316 28719244
483704316 36993162
483704316 45416789
483704316 47161442
483704316 57986173
483704316 65913144
483704316 71383220
483704316 115444551
483704316 235216483
491431687 17564647
491431687 19311729
491431687 21504535
491431687 23215572
491431687 24125323
491431687 26176694
491431687 26800967
491431687 40329238
491431687 74325773
491431687 87044829
491431687 127935456
491431687 160008685
491431687 172161833
491431687 211614808
491431687 247031120
491431687 250708662
491431687 281159810
491431687 307642294
491431687 309325161
491431687 339943969
491431687 385621090
491431687 543373651
491431687 560929638
496262970 115313263
496262970 172161833
496262970 307642294
498542846 17564647
498542846 19311729
498542846 21504535
498542846 23215572
498542846 24125323
498542846 26176694
498542846 26800967
498542846 30267128
498542846 40329238
498542846 58245520
498542846 67818595
498542846 74325773
498542846 87044829
498542846 115313263
498542846 127935456
498542846 130917777
498542846 160008685
498542846 172161833
498542846 186745799
498542846 211614808
498542846 240063501
498542846 247031120
498542846 253893287
498542846 262775327
498542846 287411130
498542846 296242468
498542846 297683673
498542846 307642294
498542846 309325161
498542846 325106566
498542846 339943969
498542846 381296177
498542846 382360772
498542846 384621304
498542846 385621090
498542846 422114084
498542846 431983156
498542846 543373651
498542846 560929638
499839056 5442012
499839056 23140494
499839056 24942585
499839056 31037985
499839056 48485771
499839056 121258930
499839056 144040563
499839056 155976326
499839056 411273721
501705927 3359851
501705927 17564647
501705927 34068984
501705927 105895378
501705927 115313263
501705927 121472925
501705927 127935456
501705927 131490551
501705927 146350964
501705927 160008685
501705927 172161833
501705927 211614808
501705927 238308325
501705927 245394117
501705927 250708662
501705927 258203336
501705927 262775327
501705927 277675909
501705927 281159810
501705927 298757008
501705927 307642294
501705927 309325161
501705927 322822476
501705927 325106566
501705927 339943969
501705927 356447837
501705927 384621304
501724209 24742040
501724209 28478859
501724209 72156360
501724209 172161833
501724209 210639349
501724209 221636679
501724209 258203336
501724209 307642294
501724209 309325161
501724209 362626342
501724209 384388981
501724209 422253889
501724209 446023451
529658284 15913
529658284 9117202
529658284 20471349
529658284 22679419
529658284 24542441
529658284 26422087
529658284 48485771
529658284 74275571
529658284 134979402
529658284 234526497
529658284 303060652
529658284 307642294
529658284 345569115
529658284 374949999
543373651 15070932
543373651 17564647
543373651 19311729
543373651 21075893
543373651 21504535
543373651 21913907
543373651 23215572
543373651 24125323
543373651 26176694
543373651 26800967
543373651 30267128
543373651 36836939
543373651 36850842
543373651 40329238
543373651 48939443
543373651 58245520
543373651 67818595
543373651 77806232
543373651 87044829
543373651 105895378
543373651 115313263
543373651 121472925
543373651 123684709
543373651 127935456
543373651 146350964
543373651 160008685
543373651 165795009
543373651 172161833
543373651 186745799
543373651 211614808
543373651 213032194
543373651 238308325
543373651 240063501
543373651 245394117
543373651 250441643
543373651 250708662
543373651 252887163
543373651 253893287
543373651 258203336
543373651 262775327
543373651 275550472
543373651 277675909
543373651 281159810
543373651 287411130
543373651 294198566
543373651 296242468
543373651 307642294
543373651 309325161
543373651 322822476
543373651 325106566
543373651 339943969
543373651 356447837
543373651 362626342
543373651 381788237
543373651 382360772
543373651 384621304
543373651 385621090
543373651 422253889
543373651 431983156
543373651 491431687
543373651 498542846
543373651 560929638
548539370 17564647
548539370 21075893
548539370 23215572
548539370 24742040
548539370 26800967
548539370 67818595
548539370 71606873
548539370 103661402
548539370 105895378
548539370 115313263
548539370 127935456
548539370 172161833
548539370 210731960
548539370 211614808
548539370 221636679
548539370 238308325
548539370 245394117
548539370 262775327
548539370 277139373
548539370 278062722
548539370 281159810
548539370 288231953
548539370 290097288
548539370 294198566
548539370 298757008
548539370 307206030
548539370 307642294
548539370 309064372
548539370 309325161
548539370 325106566
548539370 339943969
548539370 341840097
548539370 356447837
548539370 362626342
548539370 384621304
548539370 417927586
548539370 548631386
548631386 15070932
548631386 17564647
548631386 24125323
548631386 26176694
548631386 26800967
548631386 28478859
548631386 40329238
548631386 47495471
548631386 58245520
548631386 87044829
548631386 105895378
548631386 127935456
548631386 160008685
548631386 172161833
548631386 186745799
548631386 211614808
548631386 252887163
548631386 253893287
548631386 307642294
548631386 308103112
548631386 309325161
548631386 325106566
548631386 339943969
548631386 362626342
548631386 382360772
548631386 384621304
548631386 446023451
548679814 15913
548679814 3359851
548679814 6608332
548679814 9275742
548679814 9451052
548679814 14269220
548679814 15222083
548679814 15234657
548679814 15838599
548679814 16127088
548679814 16265412
548679814 18445879
548679814 18666844
548679814 19413393
548679814 20273398
548679814 23645599
548679814 33191389
548679814 42943177
548679814 45862504
548679814 48485771
548679814 64488804
548679814 121258930
548679814 268479669
560482964 17564647
560482964 24125323
560482964 26176694
560482964 40329238
560482964 87044829
560482964 211614808
560482964 240063501
560482964 281159810
560482964 307642294
560482964 309325161
560929638 17564647
560929638 23215572
560929638 26176694
560929638 127935456
560929638 160008685
560929638 309325161
560929638 543373651
566753653 15653423
566753653 23140494
566753653 24942585
566753653 28719244
566753653 47495471
566753653 121258930
566753653 146155608
566753653 307642294
