# subgrafo induzido pelos 1000 primeiros vértices de um BFS sem sentido
# dataset: data/raw/twitter_combined.txt
# semente-rng: 2026
# semente: 144319796
# N: 1000
# arestas: 22048
801547 2367911
801547 4034721
801547 13228072
801547 14287830
801547 17503591
801547 17644044
801547 17868918
801547 18174804
801547 18886119
801547 18996905
801547 19773780
801547 21447363
801547 22170235
801547 24429991
801547 40981798
801547 43003845
801547 100220864
1679071 15186688
1679071 17503591
1679071 26604704
1679071 36767299
2363991 14230524
2363991 40981798
2363991 43003845
2367911 8163442
2367911 8735592
2367911 14222518
2367911 14230524
2367911 14287830
2367911 14389658
2367911 14426892
2367911 14451605
2367911 14607172
2367911 15023872
2367911 15212604
2367911 15827434
2367911 15846407
2367911 15891115
2367911 16197726
2367911 16264006
2367911 16452939
2367911 16807528
2367911 16870853
2367911 17166447
2367911 17243213
2367911 17581754
2367911 17627996
2367911 17868918
2367911 17919972
2367911 18236230
2367911 18996905
2367911 19063323
2367911 19705747
2367911 21362105
2367911 21447363
2367911 22542097
2367911 23235056
2367911 23375688
2367911 24282101
2367911 24374481
2367911 24429991
2367911 26090319
2367911 26604704
2367911 28207101
2367911 28838048
2367911 31331740
2367911 31457243
2367911 33494125
2367911 36767299
2367911 38561904
2367911 40076725
2367911 40981798
2367911 41110545
2367911 42533748
2367911 43003845
2367911 44473103
2367911 46754170
2367911 50794628
2367911 54228724
2367911 62591415
2367911 64496469
2367911 65894526
2367911 69592091
2367911 74580436
2367911 77618627
2367911 80461949
2367911 83943787
2367911 86980896
2367911 93419379
2367911 93998005
2367911 94875848
2367911 100220864
2367911 103598216
2367911 104249727
2367911 106837463
2367911 118891136
2367911 132543607
2367911 156004026
2367911 158129463
2367911 158419434
2367911 163436784
2367911 173732041
2367911 186212304
2367911 195475105
2367911 204140367
2367911 217796457
2367911 224160357
2367911 230424016
2367911 241363871
2367911 259842341
2367911 261853955
2367911 264093459
2367911 270449528
2367911 278652553
2367911 291295571
2367911 291378807
2367911 298246727
2367911 302847930
2367911 305294261
2367911 314316607
2367911 317076339
2367911 333021748
2367911 333815274
2367911 347509724
2367911 356190582
2367911 363249171
2367911 376946114
2367911 380580781
2367911 389742937
2367911 393543834
2367911 422224303
2367911 430182387
2367911 430313102
2367911 442400135
2367911 455186682
2367911 522013186
3359851 15331855
3359851 15693493
3359851 15846407
3359851 16685316
3359851 18581803
3359851 23235056
3359851 23375688
3359851 24004172
3359851 40981798
3359851 43003845
3359851 106837463
4034721 801547
4034721 13228072
4034721 14389658
4034721 15827434
4034721 16264006
4034721 17503591
4034721 17868918
4034721 17919972
4034721 18111446
4034721 18799635
4034721 18886119
4034721 18996905
4034721 19358562
4034721 19773780
4034721 20855746
4034721 22797371
4034721 24429991
4034721 26604704
4034721 28444033
4034721 40981798
4034721 44394333
4034721 49824572
4034721 249471003
4532891 14230524
4532891 15846407
4532891 18092238
4532891 21447363
4532891 23375688
4532891 24852465
4532891 27260086
4532891 40981798
4532891 56773228
4532891 184910040
6153232 14230524
6153232 17316367
6153232 17919972
6153232 18996905
6153232 22462180
6153232 34428380
6153232 36008570
6153232 40981798
6153232 43003845
6153232 69592091
6153232 83943787
6153232 114110739
6153232 116036694
6153232 147179367
6153232 151338729
6153232 168152689
6153232 181561712
6153232 204317520
6153232 206004138
6153232 238260874
6153232 263838766
6153232 280935165
6559462 14333437
6559462 17759158
6559462 17868918
6559462 17919972
6559462 18149078
6559462 19493072
6559462 20855746
6559462 22462180
6559462 26604704
6559462 31331740
6559462 34428380
6559462 42576711
6559462 43003845
6559462 121533789
6559462 138884497
6559462 249471003
6581292 14230524
6581292 14333437
6581292 14486007
6581292 14929280
6581292 15843910
6581292 15846407
6581292 16452939
6581292 16573745
6581292 17759158
6581292 17919972
6581292 19493072
6581292 22462180
6581292 22641532
6581292 27633075
6581292 31331740
6581292 31545838
6581292 34428380
6581292 37699718
6581292 40981798
6581292 42576711
6581292 43003845
6581292 103598216
6581292 133055665
6581292 144631425
6581292 151338729
6581292 170460311
6581292 195475105
6581292 196680777
6581292 307458983
6581292 314316607
6581292 359811125
7867072 15186688
7867072 17968886
7867072 18996905
7867072 21295636
7867072 24766630
7867072 40981798
7867072 43003845
8088112 14333437
8088112 14486007
8088112 15186688
8088112 16414371
8088112 17759158
8088112 17868918
8088112 17919972
8088112 18172093
8088112 19149447
8088112 20855746
8088112 21362105
8088112 22181067
8088112 22462180
8088112 24444592
8088112 24788654
8088112 27520150
8088112 27633075
8088112 31331740
8088112 31545838
8088112 34428380
8088112 39056518
8088112 40981798
8088112 42054468
8088112 42576711
8088112 43003845
8088112 45203505
8088112 52325324
8088112 54403183
8088112 88723349
8088112 117674417
8088112 122794139
8088112 129679987
8088112 133055665
8088112 228979300
8088112 302191488
8088112 388556323
8163442 2367911
8163442 8367972
8163442 9938852
8163442 16503181
8163442 16807528
8163442 17434613
8163442 21068395
8163442 21447363
8163442 23375688
8163442 23894637
8163442 26090319
8163442 36008570
8163442 39164092
8163442 43003845
8163442 49315012
8163442 54228724
8163442 93998005
8163442 95260836
8163442 158419434
8163442 167449308
8163442 214968599
8163442 226629405
8163442 278695868
8163442 307458983
8163442 345543734
8163442 439788025
8163442 459737164
8367972 2367911
8367972 8163442
8367972 11866022
8367972 40981798
8367972 43003845
8367972 54228724
8367972 95260836
8735592 2367911
8735592 14230524
8735592 14389658
8735592 14426892
8735592 15023872
8735592 16452939
8735592 16807528
8735592 17243213
8735592 17503591
8735592 17627996
8735592 17919972
8735592 18996905
8735592 19063323
8735592 19493072
8735592 19705747
8735592 21362105
8735592 21548772
8735592 22462180
8735592 26604704
8735592 30732862
8735592 30734523
8735592 31331740
8735592 36767299
8735592 37699718
8735592 40076725
8735592 40981798
8735592 42533748
8735592 43003845
8735592 44394333
8735592 46209291
8735592 49588164
8735592 62591415
8735592 64496469
8735592 83943787
8735592 103598216
8735592 230880104
8735592 302847930
8735592 314316607
8735592 317076339
8735592 430182387
8735592 440963134
8735592 442400135
9317502 38690166
9317502 69127992
9629222 40981798
9976102 20219337
9976102 40981798
11866022 2367911
11866022 8163442
11866022 9938852
11866022 15150609
11866022 17243213
11866022 23375688
11866022 23894637
11866022 28445357
11866022 28838048
11866022 28845997
11866022 32385762
11866022 40981798
11866022 43003845
11866022 104249727
11866022 205710774
12459972 2367911
12459972 43666594
13228072 801547
13228072 4034721
13228072 17500796
13228072 17503591
13228072 17644044
13228072 17868918
13228072 17909305
13228072 18886119
13228072 20855746
13228072 24429991
13228072 34428380
13228072 40981798
13228072 49824572
13228072 249471003
14192900 9317502
14192900 19836737
14192900 38690166
14192900 69127992
14192900 83955939
14192900 99741379
14192900 109930226
14192900 115505999
14192900 149578245
14192900 235382801
14222518 14607172
14222518 21447363
14222518 40981798
14230524 4532891
14230524 18236230
14230524 22542097
14230524 24374481
14230524 29300489
14230524 37201612
14230524 39164092
14230524 40076725
14230524 46209291
14230524 56423330
14230524 60448763
14230524 119226871
14287830 16264006
14287830 17503591
14287830 17919972
14287830 21447363
14287830 24429991
14287830 26090319
14287830 36767299
14287830 40981798
14287830 43003845
14287830 89003506
14287830 100220864
14333437 6559462
14333437 14426892
14333437 14486007
14333437 15843910
14333437 17654192
14333437 17868918
14333437 17919972
14333437 18172093
14333437 18314308
14333437 18996905
14333437 19493072
14333437 20855746
14333437 21362105
14333437 22462180
14333437 24444592
14333437 24788654
14333437 27633075
14333437 31331740
14333437 34428380
14333437 37699718
14333437 39056518
14333437 40981798
14333437 42576711
14333437 43003845
14333437 117674417
14333437 122794139
14333437 219723179
14333437 249471003
14333437 526316060
14389658 4034721
14389658 15827434
14389658 16197726
14389658 16499399
14389658 16540829
14389658 17166447
14389658 17644044
14389658 17868918
14389658 17919972
14389658 18111446
14389658 18314308
14389658 18799635
14389658 18886119
14389658 18996905
14389658 19773780
14389658 19974427
14389658 21447363
14389658 31331740
14389658 33329113
14389658 40981798
14389658 44394333
14389658 49824572
14389658 73908891
14389658 82730256
14389658 249471003
14425825 15460081
14425825 22440364
14425825 22592948
14425825 25970331
14425825 27772095
14425825 37008705
14426892 14389658
14426892 14496470
14426892 14607172
14426892 15840846
14426892 16008212
14426892 16102927
14426892 16264006
14426892 16470419
14426892 16540829
14426892 16674308
14426892 16729508
14426892 16736400
14426892 16971389
14426892 17014435
14426892 17071337
14426892 17166447
14426892 17448545
14426892 17503591
14426892 17868918
14426892 17879241
14426892 17968886
14426892 18107941
14426892 18202441
14426892 18314308
14426892 18323672
14426892 18637695
14426892 18734884
14426892 18886119
14426892 19832580
14426892 20793655
14426892 22092117
14426892 22108185
14426892 23913056
14426892 24766630
14426892 25475900
14426892 26385463
14426892 26604704
14426892 29391321
14426892 31331740
14426892 32910351
14426892 33329113
14426892 33549103
14426892 35324363
14426892 36767299
14426892 37138014
14426892 37687221
14426892 39560403
14426892 40981798
14426892 47490207
14426892 47752725
14426892 49737738
14426892 50835495
14426892 54106670
14426892 57845803
14426892 65974071
14426892 66300747
14426892 67478582
14426892 71174380
14426892 82730256
14426892 89003506
14426892 103755670
14426892 111728171
14426892 111966597
14426892 113484845
14426892 118899807
14426892 122794139
14426892 140644567
14426892 281854037
14426892 358346423
14426892 414569910
14451605 17868918
14451605 18996905
14451605 22462180
14451605 31331740
14451605 34428380
14451605 40981798
14451605 43003845
14451605 238260874
14486007 8088112
14486007 15186688
14486007 16414371
14486007 17919972
14486007 18314308
14486007 19149447
14486007 22462180
14486007 22641532
14486007 27633075
14486007 31331740
14486007 34428380
14486007 36767299
14486007 39056518
14486007 40981798
14486007 43003845
14486007 117674417
14486007 133055665
14486007 261447035
14496470 16729508
14496470 17166447
14496470 17448545
14496470 17503591
14496470 17868918
14496470 18886119
14496470 26604704
14496470 40981798
14496470 89003506
14496470 111728171
14496470 122794139
14515948 22462180
14515948 34428380
14515948 40981798
14515948 43003845
14515948 43184343
14515948 58501132
14515948 103046546
14515948 193285218
14607172 2367911
14607172 14222518
14607172 14230524
14607172 14389658
14607172 14426892
14607172 16264006
14607172 16540829
14607172 16736400
14607172 17014435
14607172 17503591
14607172 18314308
14607172 18734884
14607172 18999599
14607172 19705747
14607172 19832580
14607172 21447363
14607172 24766630
14607172 26604704
14607172 28207101
14607172 33329113
14607172 35324363
14607172 40981798
14607172 42533748
14607172 43003845
14607172 67478582
14607172 83943787
14607172 89003506
14790966 15846407
14921836 3359851
14921836 15331855
14921836 36773273
14921836 40981798
14921836 43003845
14929280 6581292
14929280 15186688
14929280 15843910
14929280 17919972
14929280 22462180
14929280 31331740
14929280 34428380
14929280 40981798
14929280 43003845
14929280 47083979
14929280 56002807
14929280 60361873
14929280 62985251
14929280 90888992
14929280 163381338
14929280 169554488
14929280 211277445
14929280 214968599
14929280 217488200
14929280 442494754
15023872 2367911
15023872 8735592
15023872 17503591
15023872 18996905
15023872 19705747
15023872 40076725
15023872 40981798
15023872 42533748
15023872 43003845
15023872 44394333
15023872 276308596
15023872 314316607
15023872 317076339
15030816 17644044
15030816 17868918
15030816 18799635
15030816 18996905
15030816 19773780
15030816 22170235
15030816 40981798
15107131 40981798
15150609 8163442
15150609 9317502
15150609 11866022
15150609 16503181
15150609 17434613
15150609 17919972
15150609 19832580
15150609 23102417
15150609 23894637
15150609 28838048
15150609 31331740
15150609 31547933
15150609 33792219
15150609 40981798
15150609 47833138
15150609 205710774
15186688 1679071
15186688 8088112
15186688 14486007
15186688 14929280
15186688 15843910
15186688 16414371
15186688 17759158
15186688 17919972
15186688 18314308
15186688 19149447
15186688 19349053
15186688 21466374
15186688 22462180
15186688 24444592
15186688 27633075
15186688 31331740
15186688 34428380
15186688 39056518
15186688 40981798
15186688 42054468
15186688 42576711
15186688 43003845
15186688 65974071
15186688 115224382
15186688 117674417
15186688 133055665
15186688 170460311
15186688 177345928
15186688 408275277
15212604 2367911
15212604 8735592
15212604 14230524
15212604 17919972
15212604 21447363
15212604 40076725
15212604 40981798
15212604 43003845
15212604 62591415
15280689 2367911
15280689 8163442
15280689 9938852
15280689 11866022
15280689 12459972
15280689 21323673
15280689 23375688
15280689 23894637
15280689 31547933
15280689 36049916
15280689 40981798
15280689 43003845
15280689 49315012
15280689 54228724
15280689 95260836
15280689 104249727
15280689 186212304
15331855 3359851
15331855 14921836
15331855 16067038
15331855 27743318
15331855 36773273
15331855 40981798
15331855 43003845
15393649 19836737
15393649 32144146
15393649 38690166
15393649 69127992
15393649 83955939
15393649 99741379
15393649 109930226
15393649 115505999
15393649 124592955
15393649 149578245
15393649 235382801
15447115 22462180
15447115 28465635
15447115 34428380
15447115 40981798
15447115 43003845
15447115 88323281
15460081 14425825
15460081 22440364
15460081 22592948
15460081 25970331
15460081 34507480
15683336 15693493
15683336 24444592
15683336 40981798
15693493 14230524
15693493 15846407
15693493 17174309
15693493 17919972
15693493 25970331
15693493 31080039
15693493 40981798
15693493 158848407
15693493 184910040
15693493 252192024
15693493 526316060
15827434 14389658
15827434 17919972
15827434 18111446
15827434 18886119
15827434 18996905
15827434 30734523
15827434 40981798
15827434 44394333
15827434 49824572
15827434 73908891
15827434 82730256
15840846 16729508
15840846 18734884
15840846 32910351
15840846 35324363
15840846 40981798
15843910 16452939
15843910 16870853
15843910 17644044
15843910 17759158
15843910 17868918
15843910 17919972
15843910 18314308
15843910 21362105
15843910 21466374
15843910 22462180
15843910 24922570
15843910 25156416
15843910 25165216
15843910 28444033
15843910 31331740
15843910 36767299
15843910 40981798
15843910 42576711
15843910 65974071
15843910 106837463
15843910 122794139
15843910 129679987
15843910 177345928
15843910 249471003
15843910 252192024
15843910 526316060
15846407 2367911
15846407 3359851
15846407 4532891
15846407 6581292
15846407 14222518
15846407 14230524
15846407 14607172
15846407 14790966
15846407 15693493
15846407 15843910
15846407 16452939
15846407 16573745
15846407 16870853
15846407 17071337
15846407 17174309
15846407 17503591
15846407 17759158
15846407 17868918
15846407 17919972
15846407 18236230
15846407 18734884
15846407 18755564
15846407 18996905
15846407 19493072
15846407 19705747
15846407 21362105
15846407 21447363
15846407 21466374
15846407 22462180
15846407 23375688
15846407 23798922
15846407 24374481
15846407 24444592
15846407 24852465
15846407 25165216
15846407 25440850
15846407 26604704
15846407 26784273
15846407 27260086
15846407 28207101
15846407 28444033
15846407 29391321
15846407 31331740
15846407 31545838
15846407 32774989
15846407 32910351
15846407 34428380
15846407 36008570
15846407 39056518
15846407 40076725
15846407 40858764
15846407 40981798
15846407 41110545
15846407 42576711
15846407 43003845
15846407 44473103
15846407 52376868
15846407 71174380
15846407 74580436
15846407 90850337
15846407 132543607
15846407 158848407
15846407 184910040
15891115 14287830
15891115 16264006
15891115 17243213
15891115 17968886
15891115 18996905
15891115 21362105
15891115 21447363
15891115 24429991
15891115 40981798
15891115 43003845
15891115 44394333
15891115 100220864
16008212 14389658
16008212 14607172
16008212 15840846
16008212 16102927
16008212 16264006
16008212 16540829
16008212 16674308
16008212 16729508
16008212 17014435
16008212 17071337
16008212 17166447
16008212 17448545
16008212 17503591
16008212 17868918
16008212 17968886
16008212 18107941
16008212 18314308
16008212 18323672
16008212 18734884
16008212 19832580
16008212 20793655
16008212 22108185
16008212 24766630
16008212 25475900
16008212 26385463
16008212 26604704
16008212 29391321
16008212 31331740
16008212 32910351
16008212 33329113
16008212 33549103
16008212 35324363
16008212 36767299
16008212 37687221
16008212 40981798
16008212 47490207
16008212 47752725
16008212 49737738
16008212 50835495
16008212 65974071
16008212 67478582
16008212 89003506
16008212 103755670
16008212 111728171
16008212 111966597
16008212 113484845
16008212 118899807
16008212 122794139
16008212 281854037
16016135 17919972
16016135 21425125
16016135 40981798
16016135 188186842
16067038 3359851
16067038 27743318
16067038 40981798
16102927 15840846
16102927 16008212
16102927 16264006
16102927 16540829
16102927 16729508
16102927 17071337
16102927 17503591
16102927 17968886
16102927 18202441
16102927 18323672
16102927 20793655
16102927 22092117
16102927 23913056
16102927 29391321
16102927 31331740
16102927 35324363
16102927 40981798
16102927 47490207
16102927 47752725
16102927 49737738
16102927 50835495
16102927 65974071
16102927 67478582
16102927 89003506
16102927 103755670
16102927 118899807
16102927 122794139
16102927 358346423
16125588 2367911
16125588 14230524
16125588 19555067
16125588 40981798
16125588 43003845
16197726 2367911
16197726 14389658
16197726 16264006
16197726 17166447
16197726 21447363
16197726 30734523
16197726 33329113
16197726 34428380
16197726 40981798
16202136 8088112
16202136 15846407
16202136 18734884
16202136 19493072
16202136 19832580
16202136 21362105
16202136 21466374
16202136 22462180
16202136 26929220
16202136 27633075
16202136 30732862
16202136 30734523
16202136 31331740
16202136 31545838
16202136 34428380
16202136 36008570
16202136 39056518
16202136 40981798
16202136 42533748
16202136 42576711
16202136 43003845
16202136 69548480
16202136 83943787
16202136 133055665
16202136 151338729
16202136 238260874
16202136 263838766
16264006 16729508
16264006 17166447
16264006 17448545
16264006 17868918
16264006 17919972
16264006 18734884
16264006 18886119
16264006 19832580
16264006 31331740
16264006 33329113
16264006 40981798
16264006 47490207
16264006 47752725
16264006 49737738
16264006 89003506
16358473 16264006
16358473 17166447
16358473 40981798
16414371 8088112
16414371 14486007
16414371 15186688
16414371 17654192
16414371 17759158
16414371 17919972
16414371 18314308
16414371 21447363
16414371 22462180
16414371 31331740
16414371 34428380
16414371 40981798
16414371 43003845
16414371 45203505
16414371 49588164
16414371 117674417
16414371 133055665
16414371 263838766
16422843 17503591
16422843 18149078
16422843 18996905
16422843 22462180
16422843 29911100
16422843 34428380
16422843 40981798
16422843 43003845
16422843 43381257
16422843 375317198
16452939 2367911
16452939 14287830
16452939 14426892
16452939 15843910
16452939 16264006
16452939 16870853
16452939 17166447
16452939 17503591
16452939 17644044
16452939 17868918
16452939 17919972
16452939 18111446
16452939 18172093
16452939 18818941
16452939 18824766
16452939 18886119
16452939 18951737
16452939 18996905
16452939 19327589
16452939 19358562
16452939 19705747
16452939 19773780
16452939 20026740
16452939 20855746
16452939 21053050
16452939 21295636
16452939 21466374
16452939 22462180
16452939 23408265
16452939 24429991
16452939 24444592
16452939 24766630
16452939 26604704
16452939 28444033
16452939 30734523
16452939 31545838
16452939 32910351
16452939 34428380
16452939 36767299
16452939 40858764
16452939 40981798
16452939 41110545
16452939 42576711
16452939 43003845
16452939 64496469
16452939 74580436
16452939 89003506
16452939 122794139
16452939 128041640
16452939 177345928
16452939 207831555
16452939 219723179
16452939 249471003
16470419 16008212
16470419 16264006
16470419 17968886
16470419 18314308
16470419 18637695
16470419 40981798
16493466 14389658
16493466 15827434
16493466 16264006
16493466 16499399
16493466 17166447
16493466 17644044
16493466 17868918
16493466 17909305
16493466 17919972
16493466 18111446
16493466 18996905
16493466 22797371
16493466 24429991
16493466 26604704
16493466 28444033
16493466 33329113
16493466 34428380
16493466 40981798
16493466 89003506
16493466 100220864
16493466 122794139
16499399 14389658
16499399 16197726
16499399 16493466
16499399 17166447
16499399 17503591
16499399 18886119
16499399 23235056
16499399 40981798
16499399 44394333
16499399 73908891
16503181 15150609
16503181 17434613
16503181 28465635
16503181 40981798
16503181 44483734
16503181 49315012
16503181 57496410
16503181 100318079
16503181 238260874
16503181 241159821
16503181 263838766
16503181 546135380
16540829 14389658
16540829 14426892
16540829 14607172
16540829 16264006
16540829 16736400
16540829 17166447
16540829 17448545
16540829 18314308
16540829 18734884
16540829 18886119
16540829 18999599
16540829 19832580
16540829 26604704
16540829 33329113
16540829 39560403
16540829 40981798
16540829 41063534
16540829 67478582
16540829 71174380
16540829 89003506
16573745 17919972
16573745 22462180
16573745 40981798
16573745 117674417
16573745 184910040
16674308 16729508
16674308 18107941
16674308 25475900
16674308 31331740
16674308 32910351
16674308 40981798
16685316 15683336
16685316 15693493
16685316 16870853
16685316 17174309
16685316 17968886
16685316 19063323
16685316 21362105
16685316 22797371
16685316 24444592
16685316 30584327
16685316 40981798
16729508 14496470
16729508 16264006
16729508 16674308
16729508 16736400
16729508 17166447
16729508 17448545
16729508 17868918
16729508 17879241
16729508 17968886
16729508 18107941
16729508 18202441
16729508 18314308
16729508 18323672
16729508 18734884
16729508 18886119
16729508 20793655
16729508 22108185
16729508 24766630
16729508 25475900
16729508 26604704
16729508 29391321
16729508 31331740
16729508 33329113
16729508 33549103
16729508 35324363
16729508 36767299
16729508 37138014
16729508 37687221
16729508 39560403
16729508 40981798
16729508 49737738
16729508 50835495
16729508 65974071
16729508 66300747
16729508 67478582
16729508 82730256
16729508 89003506
16729508 103755670
16729508 111728171
16729508 111966597
16729508 118899807
16729508 122794139
16729508 140644567
16729508 281854037
16729508 358346423
16729508 414569910
16736400 14607172
16736400 40981798
16807528 2367911
16807528 8163442
16807528 8735592
16807528 14230524
16807528 14451605
16807528 15891115
16807528 17243213
16807528 17919972
16807528 18996905
16807528 19063323
16807528 19705747
16807528 22462180
16807528 34428380
16807528 40076725
16807528 40981798
16807528 43003845
16807528 46209291
16807528 56423330
16807528 69592091
16807528 83943787
16807528 103598216
16807528 132543607
16807528 163436784
16807528 173732041
16807528 263838766
16807528 270449528
16807528 276308596
16807528 302847930
16807528 314316607
16807528 317076339
16807528 345543734
16807528 364917755
16807528 430313102
16807528 440963134
16807528 455186682
16854388 21572976
16854388 22465184
16854388 25689832
16854388 28628582
16854388 30478394
16854388 31294167
16854388 35065277
16854388 37060481
16854388 39000244
16854388 39622856
16854388 39793140
16854388 39805814
16854388 40355959
16854388 41469982
16854388 42253232
16854388 43186460
16854388 45435999
16854388 46750407
16854388 50884531
16854388 51543792
16854388 51613496
16854388 51828073
16854388 52473265
16854388 59630220
16854388 65096005
16854388 65370547
16854388 66409671
16854388 68207378
16854388 70458047
16854388 74548256
16854388 77607254
16854388 84903965
16854388 85687328
16854388 93051876
16854388 98809160
16854388 99387429
16854388 99631222
16854388 110253180
16854388 115436566
16854388 116099511
16854388 116245256
16854388 117793928
16854388 117948376
16854388 119217419
16854388 120208344
16854388 120627547
16854388 123121569
16854388 127618089
16854388 127684106
16854388 129631184
16854388 140203448
16854388 144319796
16854388 150273801
16854388 151222208
16854388 155989324
16854388 157137446
16854388 164804966
16854388 166724912
16854388 185331750
16854388 186182395
16854388 207601901
16854388 212329156
16854388 214202608
16854388 221413264
16854388 222248052
16854388 241957644
16854388 281222130
16854388 357331432
16870853 2367911
16870853 14230524
16870853 16452939
16870853 17174309
16870853 17503591
16870853 17581754
16870853 17919972
16870853 17968886
16870853 18996905
16870853 19063323
16870853 19493072
16870853 21362105
16870853 21447363
16870853 24444592
16870853 26604704
16870853 26929220
16870853 28207101
16870853 40981798
16870853 43003845
16870853 70492333
16971389 14426892
16971389 16264006
16971389 16729508
16971389 17014435
16971389 17503591
16971389 17968886
16971389 22092117
16971389 32910351
16971389 33549103
16971389 35324363
16971389 40981798
17014435 14607172
17014435 16264006
17014435 16674308
17014435 16729508
17014435 16971389
17014435 17071337
17014435 17166447
17014435 17503591
17014435 17868918
17014435 17968886
17014435 18314308
17014435 18637695
17014435 18734884
17014435 19832580
17014435 20793655
17014435 24766630
17014435 25475900
17014435 26385463
17014435 26604704
17014435 31331740
17014435 32910351
17014435 33549103
17014435 35324363
17014435 36767299
17014435 37687221
17014435 40981798
17014435 47490207
17014435 47752725
17014435 89003506
17014435 111728171
17014435 113484845
17014435 118899807
17014435 140644567
17071337 26385463
17071337 40981798
17130127 39000244
17130127 127545984
17130127 203893499
17166447 14389658
17166447 14496470
17166447 14607172
17166447 15827434
17166447 16197726
17166447 16264006
17166447 16540829
17166447 16674308
17166447 16729508
17166447 17014435
17166447 17316367
17166447 17448545
17166447 17868918
17166447 17879241
17166447 17919972
17166447 18111446
17166447 18799635
17166447 18824766
17166447 18886119
17166447 23235056
17166447 30734523
17166447 33329113
17166447 40981798
17166447 52081613
17166447 64496469
17166447 82730256
17166447 89003506
17166447 104249727
17166447 122794139
17174309 15693493
17174309 15846407
17174309 16870853
17174309 19063323
17174309 40981798
17181844 16197726
17181844 17919972
17181844 18996905
17181844 40981798
17181844 43003845
17204717 17919972
17204717 21447363
17204717 29357507
17204717 40981798
17243213 2367911
17243213 8735592
17243213 15891115
17243213 16807528
17243213 16870853
17243213 17503591
17243213 21362105
17243213 21447363
17243213 23375688
17243213 40076725
17243213 40981798
17243213 43003845
17243213 74580436
17243213 117674417
17316367 17166447
17316367 17919972
17316367 19832580
17316367 27260086
17316367 30734523
17316367 40858764
17316367 40981798
17316367 41110545
17316367 119226871
17434613 8163442
17434613 15150609
17434613 16503181
17434613 21068395
17434613 22462180
17434613 30734523
17434613 31331740
17434613 34428380
17434613 40981798
17434613 43003845
17434613 54228724
17434613 100318079
17434613 158419434
17434613 195475105
17434613 307458983
17448545 14496470
17448545 16264006
17448545 16540829
17448545 16729508
17448545 17166447
17448545 17503591
17448545 17868918
17448545 18107941
17448545 18323672
17448545 18734884
17448545 18886119
17448545 31331740
17448545 32910351
17448545 33329113
17448545 40981798
17448545 49737738
17448545 50835495
17448545 54106670
17448545 65974071
17448545 89003506
17448545 111728171
17448545 122794139
17448545 140644567
17467682 21447363
17467682 40981798
17500796 13228072
17500796 16197726
17500796 17503591
17500796 17868918
17500796 17919972
17500796 19974427
17500796 30734523
17500796 40981798
17503591 7867072
17503591 14287830
17503591 14426892
17503591 15840846
17503591 16971389
17503591 17968886
17503591 18085476
17503591 18637695
17503591 18996905
17503591 21295636
17503591 26385463
17503591 32910351
17503591 36767299
17503591 117129683
17503591 188796377
17581754 16870853
17581754 17759158
17581754 22462180
17581754 26604704
17581754 34428380
17581754 36008570
17581754 43003845
17627996 9629222
17627996 18738363
17627996 40981798
17627996 41063534
17627996 117129683
17644044 801547
17644044 4034721
17644044 13228072
17644044 14389658
17644044 15030816
17644044 15827434
17644044 15843910
17644044 16264006
17644044 16452939
17644044 17166447
17644044 17868918
17644044 18111446
17644044 18799635
17644044 18818941
17644044 18824766
17644044 18886119
17644044 18951737
17644044 18996905
17644044 19358562
17644044 19773780
17644044 20855746
17644044 22170235
17644044 22462180
17644044 22797371
17644044 26604704
17644044 28444033
17644044 30732862
17644044 30734523
17644044 31331740
17644044 32910351
17644044 40981798
17644044 43003845
17644044 49824572
17644044 52081613
17644044 73908891
17644044 82730256
17644044 122794139
17644044 128041640
17644044 249471003
17654192 21362105
17654192 40981798
17711130 21447363
17711130 22462180
17711130 34428380
17711130 36475508
17711130 40981798
17711130 43003845
17711130 66398898
17711130 99712896
17711130 107512718
17711130 126391227
17711130 149680650
17711130 224688614
17723880 23375688
17723880 25970331
17723880 34507480
17723880 40981798
17723880 146222700
17723880 199681053
17723880 384057286
17759158 8088112
17759158 15186688
17759158 15843910
17759158 16452939
17759158 16870853
17759158 17581754
17759158 17868918
17759158 19001775
17759158 19063323
17759158 19149447
17759158 19192238
17759158 20031977
17759158 21362105
17759158 21425125
17759158 22462180
17759158 24804973
17759158 25584713
17759158 26604704
17759158 27633075
17759158 31331740
17759158 34428380
17759158 34534461
17759158 39056518
17759158 40981798
17759158 42576711
17759158 43003845
17759158 54403183
17759158 65974071
17759158 117674417
17759158 128041640
17759158 133055665
17759158 170460311
17759158 249471003
17759158 414569910
17868918 801547
17868918 4034721
17868918 6559462
17868918 8088112
17868918 13228072
17868918 14333437
17868918 14389658
17868918 14486007
17868918 14496470
17868918 15030816
17868918 15186688
17868918 15827434
17868918 15843910
17868918 16197726
17868918 16264006
17868918 16493466
17868918 16499399
17868918 16729508
17868918 17166447
17868918 17448545
17868918 17500796
17868918 17644044
17868918 17759158
17868918 18111446
17868918 18149078
17868918 18172093
17868918 18174804
17868918 18236230
17868918 18314308
17868918 18619424
17868918 18734884
17868918 18799635
17868918 18818941
17868918 18824766
17868918 18886119
17868918 18999599
17868918 19327589
17868918 19349053
17868918 19773780
17868918 19832580
17868918 19974427
17868918 20031977
17868918 20793655
17868918 20855746
17868918 21466374
17868918 22462180
17868918 22797371
17868918 23408265
17868918 25475900
17868918 25623722
17868918 27633075
17868918 28444033
17868918 30732862
17868918 30734523
17868918 31331740
17868918 32910351
17868918 33329113
17868918 34428380
17868918 34534461
17868918 39056518
17868918 40981798
17868918 42576711
17868918 47490207
17868918 47752725
17868918 49737738
17868918 49824572
17868918 50835495
17868918 73908891
17868918 82730256
17868918 89003506
17868918 111728171
17868918 117674417
17868918 122794139
17868918 128041640
17868918 133055665
17868918 164582509
17868918 188796377
17868918 249471003
17868918 263838766
17868918 414569910
17879241 16674308
17879241 16729508
17879241 17166447
17879241 18107941
17879241 19001775
17879241 19192238
17879241 20031977
17879241 24766630
17879241 25475900
17879241 25584713
17879241 26604704
17879241 29391321
17879241 32910351
17879241 34534461
17879241 37687221
17879241 40981798
17879241 47490207
17879241 47752725
17879241 89003506
17879241 111728171
17879241 122794139
17879241 249471003
17879241 414569910
17909305 2367911
17909305 13228072
17909305 14287830
17909305 14389658
17909305 15030816
17909305 15827434
17909305 15891115
17909305 16197726
17909305 16264006
17909305 16493466
17909305 16499399
17909305 17166447
17909305 17503591
17909305 17644044
17909305 17868918
17909305 18111446
17909305 18619424
17909305 18818941
17909305 18886119
17909305 18996905
17909305 22797371
17909305 24429991
17909305 26604704
17909305 40981798
17909305 42533748
17909305 44394333
17919972 15846407
17919972 17581754
17919972 19555067
17919972 21447363
17919972 22641532
17919972 23375688
17919972 27260086
17919972 31331740
17919972 40981798
17919972 100220864
17919972 252192024
17968886 7867072
17968886 14426892
17968886 16008212
17968886 16102927
17968886 16264006
17968886 16452939
17968886 16470419
17968886 16674308
17968886 16729508
17968886 16870853
17968886 17014435
17968886 17448545
17968886 17503591
17968886 17879241
17968886 17919972
17968886 18085476
17968886 18323672
17968886 18637695
17968886 18734884
17968886 18818941
17968886 18824766
17968886 18886119
17968886 19063323
17968886 19705747
17968886 19974427
17968886 20793655
17968886 21295636
17968886 21447363
17968886 21773872
17968886 22108185
17968886 22797371
17968886 23408265
17968886 23913056
17968886 30584327
17968886 31331740
17968886 33329113
17968886 35324363
17968886 36767299
17968886 40981798
17968886 42533748
17968886 49737738
17968886 50835495
17968886 57845803
17968886 65974071
17968886 82730256
17968886 103755670
17968886 122794139
17968886 151338729
18085476 14426892
18085476 16452939
18085476 17503591
18085476 17868918
18085476 24766630
18085476 26385463
18085476 31331740
18085476 36767299
18085476 40981798
18085476 44394333
18092238 21447363
18092238 40981798
18107941 16674308
18107941 16729508
18107941 17448545
18107941 17879241
18107941 20793655
18107941 24766630
18107941 26604704
18107941 29391321
18107941 31331740
18107941 40981798
18107941 49737738
18107941 50835495
18107941 89003506
18107941 111728171
18107941 118899807
18107941 122794139
18107941 414569910
18111446 14389658
18111446 15827434
18111446 16264006
18111446 16452939
18111446 17644044
18111446 17868918
18111446 17919972
18111446 18818941
18111446 18824766
18111446 18886119
18111446 18996905
18111446 18999599
18111446 20855746
18111446 23408265
18111446 26784273
18111446 28444033
18111446 30732862
18111446 30734523
18111446 33329113
18111446 40981798
18111446 64496469
18111446 122794139
18149078 6559462
18149078 14230524
18149078 17868918
18149078 18172093
18149078 18314308
18149078 30732862
18149078 30734523
18149078 40981798
18149078 249471003
18172093 8088112
18172093 15843910
18172093 17868918
18172093 18314308
18172093 20855746
18172093 22462180
18172093 24444592
18172093 24788654
18172093 34428380
18172093 40981798
18172093 42576711
18172093 43003845
18172093 128041640
18172093 133055665
18174804 801547
18174804 2367911
18174804 15891115
18174804 16264006
18174804 16452939
18174804 17644044
18174804 17868918
18174804 18996905
18174804 19773780
18174804 22170235
18174804 24429991
18174804 26604704
18174804 28444033
18174804 30732862
18174804 31331740
18174804 40981798
18174804 100220864
18202441 16102927
18202441 17071337
18202441 17503591
18202441 40981798
18236230 2367911
18236230 14230524
18236230 28207101
18236230 40981798
18236230 184910040
18314308 14389658
18314308 15186688
18314308 15843910
18314308 16264006
18314308 16540829
18314308 17919972
18314308 18149078
18314308 18734884
18314308 19349053
18314308 21447363
18314308 22462180
18314308 22641532
18314308 29391321
18314308 30734523
18314308 31331740
18314308 33329113
18314308 34428380
18314308 40981798
18314308 115224382
18314308 133055665
18314308 140644567
18323672 16264006
18323672 16674308
18323672 16729508
18323672 16971389
18323672 17448545
18323672 17968886
18323672 18314308
18323672 18734884
18323672 31331740
18323672 32910351
18323672 33549103
18323672 35324363
18323672 40981798
18323672 47490207
18323672 47752725
18323672 49737738
18323672 54106670
18323672 65974071
18323672 111728171
18323672 122794139
18323672 358346423
18504495 21572976
18504495 23277227
18504495 28628582
18504495 31294167
18504495 39000244
18504495 39793140
18504495 41469982
18504495 43429151
18504495 46904723
18504495 64532921
18504495 66661590
18504495 70458047
18504495 80096702
18504495 94111672
18504495 117948376
18504495 142391105
18504495 164804966
18504495 188045721
18504495 215980492
18581803 3359851
18581803 22229252
18581803 23179034
18581803 24004172
18581803 25007887
18581803 27724827
18581803 30719123
18581803 31477674
18581803 40981798
18581803 42047882
18581803 42164376
18581803 58930815
18581803 102608859
18581803 113241406
18581803 271188987
18619424 14389658
18619424 16264006
18619424 17868918
18619424 18111446
18619424 18799635
18619424 18824766
18619424 18886119
18619424 18996905
18619424 19773780
18619424 21447363
18619424 40981798
18637695 7867072
18637695 14287830
18637695 14426892
18637695 14607172
18637695 16264006
18637695 16729508
18637695 17014435
18637695 17503591
18637695 17968886
18637695 18085476
18637695 18323672
18637695 18886119
18637695 18996905
18637695 23913056
18637695 32910351
18637695 40981798
18734884 14230524
18734884 16264006
18734884 16540829
18734884 17448545
18734884 17919972
18734884 18314308
18734884 19832580
18734884 29300489
18734884 30734523
18734884 33329113
18734884 33830368
18734884 40981798
18734884 67478582
18738363 40981798
18755564 18996905
18755564 22462180
18755564 31331740
18755564 34428380
18755564 36767299
18755564 40981798
18799635 4034721
18799635 15023872
18799635 15030816
18799635 16452939
18799635 17166447
18799635 17644044
18799635 17868918
18799635 18619424
18799635 18818941
18799635 18886119
18799635 18951737
18799635 18996905
18799635 19358562
18799635 19773780
18799635 20031977
18799635 22170235
18799635 22797371
18799635 25623722
18799635 26604704
18799635 40981798
18799635 43003845
18799635 89003506
18799635 249471003
18818941 4034721
18818941 17166447
18818941 17644044
18818941 17868918
18818941 18111446
18818941 18799635
18818941 18824766
18818941 18886119
18818941 18996905
18818941 20855746
18818941 22462180
18818941 22797371
18818941 23235056
18818941 23408265
18818941 28444033
18818941 31331740
18818941 34428380
18818941 40981798
18818941 52081613
18818941 64496469
18824766 4034721
18824766 14389658
18824766 15827434
18824766 16264006
18824766 16452939
18824766 17166447
18824766 17644044
18824766 17868918
18824766 17919972
18824766 18111446
18824766 18619424
18824766 18818941
18824766 18886119
18824766 18996905
18824766 20855746
18824766 21447363
18824766 22170235
18824766 22462180
18824766 22797371
18824766 23235056
18824766 23408265
18824766 31545838
18824766 34428380
18824766 40981798
18824766 43003845
18824766 52081613
18824766 64496469
18824766 73908891
18824766 122794139
18824766 128041640
18886119 801547
18886119 4034721
18886119 13228072
18886119 14389658
18886119 14496470
18886119 15827434
18886119 16197726
18886119 16264006
18886119 16452939
18886119 16499399
18886119 16540829
18886119 16729508
18886119 17014435
18886119 17166447
18886119 17448545
18886119 17644044
18886119 17868918
18886119 17919972
18886119 17968886
18886119 18111446
18886119 18314308
18886119 18734884
18886119 18799635
18886119 18818941
18886119 18824766
18886119 18951737
18886119 18996905
18886119 19358562
18886119 19773780
18886119 19832580
18886119 20026740
18886119 20031977
18886119 20855746
18886119 22170235
18886119 22462180
18886119 22797371
18886119 23235056
18886119 23408265
18886119 24429991
18886119 25623722
18886119 26604704
18886119 28444033
18886119 30732862
18886119 30734523
18886119 31331740
18886119 33549103
18886119 36767299
18886119 37687221
18886119 40981798
18886119 42533748
18886119 43003845
18886119 44394333
18886119 49824572
18886119 52081613
18886119 64496469
18886119 73908891
18886119 82730256
18886119 89003506
18886119 111728171
18886119 113484845
18886119 118899807
18886119 122794139
18886119 128041640
18886119 249471003
18951737 801547
18951737 2367911
18951737 4034721
18951737 13228072
18951737 14287830
18951737 14389658
18951737 15030816
18951737 15827434
18951737 15891115
18951737 16197726
18951737 16264006
18951737 16358473
18951737 16452939
18951737 16493466
18951737 16499399
18951737 17166447
18951737 17181844
18951737 17500796
18951737 17503591
18951737 17644044
18951737 17868918
18951737 17909305
18951737 17919972
18951737 17968886
18951737 18111446
18951737 18174804
18951737 18619424
18951737 18799635
18951737 18818941
18951737 18824766
18951737 18886119
18951737 18996905
18951737 19195599
18951737 19358562
18951737 19773780
18951737 19974427
18951737 20026740
18951737 20855746
18951737 21447363
18951737 21773872
18951737 22170235
18951737 22462180
18951737 22797371
18951737 23235056
18951737 23408265
18951737 24429991
18951737 26090319
18951737 26604704
18951737 28444033
18951737 30732862
18951737 30734523
18951737 31331740
18951737 31545838
18951737 32910351
18951737 33329113
18951737 34428380
18951737 40981798
18951737 42533748
18951737 43003845
18951737 44394333
18951737 49824572
18951737 52081613
18951737 64496469
18951737 73908891
18951737 89003506
18951737 100220864
18951737 122794139
18951737 128041640
18951737 151338729
18951737 156223392
18951737 164582509
18951737 249471003
18996905 8735592
18996905 14389658
18996905 14426892
18996905 15023872
18996905 15827434
18996905 17503591
18996905 17868918
18996905 18799635
18996905 18886119
18996905 18951737
18996905 19358562
18996905 19773780
18996905 20031977
18996905 22462180
18996905 25623722
18996905 26604704
18996905 30732862
18996905 30734523
18996905 34428380
18996905 40981798
18996905 42533748
18996905 43003845
18996905 44394333
18996905 49824572
18996905 52081613
18996905 74580436
18996905 188796377
18996905 249471003
18996905 414569910
18999599 15827434
18999599 16540829
18999599 18111446
18999599 19832580
18999599 30734523
18999599 33329113
18999599 40981798
19001775 14426892
19001775 17759158
19001775 17879241
19001775 19192238
19001775 20031977
19001775 21019021
19001775 21362105
19001775 22462180
19001775 24766630
19001775 24804973
19001775 25156416
19001775 25584713
19001775 26604704
19001775 31331740
19001775 32774989
19001775 34534461
19001775 40981798
19001775 414569910
19063323 14230524
19063323 15891115
19063323 16807528
19063323 17243213
19063323 17503591
19063323 17968886
19063323 18996905
19063323 21295636
19063323 21362105
19063323 24444592
19063323 28445357
19063323 28838048
19063323 28845997
19063323 32385762
19063323 40981798
19063323 43003845
19063323 44473103
19063323 261853955
19063323 302847930
19063323 314316607
19063323 455186682
19149447 8088112
19149447 17759158
19149447 22462180
19149447 27520150
19149447 27633075
19149447 31331740
19149447 34428380
19149447 39056518
19149447 40981798
19149447 42576711
19149447 45203505
19149447 88723349
19149447 133055665
19192238 17759158
19192238 17879241
19192238 19001775
19192238 20031977
19192238 21019021
19192238 21362105
19192238 24766630
19192238 25584713
19192238 34534461
19192238 40981798
19192238 414569910
19195599 17166447
19195599 17868918
19195599 17919972
19195599 22462180
19195599 31545838
19195599 34428380
19195599 40981798
19195599 43003845
19327589 16452939
19327589 17868918
19327589 24766630
19327589 24788654
19327589 31331740
19327589 36767299
19327589 122794139
19327589 128041640
19327589 177345928
19349053 14929280
19349053 15186688
19349053 17919972
19349053 18314308
19349053 22462180
19349053 22641532
19349053 31331740
19349053 34428380
19349053 40981798
19358562 8735592
19358562 14389658
19358562 15023872
19358562 15827434
19358562 16264006
19358562 16452939
19358562 17166447
19358562 17503591
19358562 17627996
19358562 17644044
19358562 17868918
19358562 18111446
19358562 18149078
19358562 18799635
19358562 18818941
19358562 18886119
19358562 18951737
19358562 18996905
19358562 19493072
19358562 19773780
19358562 20031977
19358562 22170235
19358562 22462180
19358562 25623722
19358562 26604704
19358562 27633075
19358562 28444033
19358562 30732862
19358562 30734523
19358562 31545838
19358562 33329113
19358562 34428380
19358562 40981798
19358562 42533748
19358562 43003845
19358562 44394333
19358562 46209291
19358562 49824572
19358562 52081613
19358562 52325324
19358562 64496469
19358562 83943787
19358562 92336981
19358562 100318079
19358562 103598216
19358562 107830991
19358562 122794139
19358562 128041640
19358562 133055665
19358562 144631425
19358562 149538028
19358562 151338729
19358562 156223392
19358562 158419434
19358562 168152689
19358562 173732041
19358562 187773078
19358562 188102842
19358562 188186842
19358562 188796377
19358562 204140367
19358562 204317520
19358562 217796457
19358562 229039814
19358562 230880104
19358562 249471003
19358562 259842341
19358562 264093459
19358562 270449528
19358562 276308596
19358562 278695868
19358562 291378807
19358562 302847930
19358562 307458983
19358562 314316607
19358562 317076339
19358562 333021748
19358562 333815274
19358562 356190582
19358562 359811125
19358562 364917755
19358562 376946114
19358562 380580781
19358562 389742937
19358562 414569910
19358562 422224303
19358562 430182387
19358562 430313102
19358562 439788025
19358562 440963134
19358562 442400135
19358562 455186682
19358562 459737164
19358562 522013186
19493072 2367911
19493072 6559462
19493072 6581292
19493072 15846407
19493072 16202136
19493072 16870853
19493072 17627996
19493072 17654192
19493072 18996905
19493072 19358562
19493072 22462180
19493072 25440850
19493072 25842688
19493072 26929220
19493072 28465635
19493072 29911100
19493072 31414569
19493072 33494125
19493072 34428380
19493072 40076725
19493072 40981798
19493072 43003845
19493072 46754170
19493072 50794628
19493072 54825109
19493072 59588845
19493072 63600411
19493072 69548480
19493072 69592091
19493072 74860418
19493072 75873304
19493072 77618627
19493072 83943787
19493072 92336981
19493072 93419379
19493072 100318079
19493072 103598216
19493072 107830991
19493072 115221382
19493072 116036694
19493072 116498875
19493072 123371682
19493072 132543607
19493072 151338729
19493072 158419434
19493072 168152689
19493072 204140367
19493072 204317520
19493072 214968599
19493072 229039814
19493072 230880104
19493072 259842341
19493072 261853955
19493072 270449528
19493072 276308596
19493072 302847930
19493072 314316607
19493072 317076339
19493072 333815274
19493072 380580781
19493072 430182387
19493072 430313102
19493072 442400135
19555067 14230524
19555067 17919972
19555067 40981798
19555067 184910040
19705747 14451605
19705747 16452939
19705747 19063323
19705747 22462180
19705747 24444592
19705747 27463738
19705747 30734523
19705747 31331740
19705747 34428380
19705747 40981798
19705747 41110545
19705747 43003845
19705747 44473103
19705747 238260874
19705747 241159821
19773780 801547
19773780 4034721
19773780 14389658
19773780 15030816
19773780 15827434
19773780 16452939
19773780 16499399
19773780 17644044
19773780 17868918
19773780 17968886
19773780 18174804
19773780 18619424
19773780 18799635
19773780 18886119
19773780 18951737
19773780 18996905
19773780 19358562
19773780 20026740
19773780 20031977
19773780 20855746
19773780 22797371
19773780 23235056
19773780 26604704
19773780 28444033
19773780 31331740
19773780 40981798
19773780 42533748
19773780 43003845
19773780 73908891
19773780 100220864
19773780 122794139
19773780 128041640
19773780 249471003
19832580 16264006
19832580 16540829
19832580 17316367
19832580 17919972
19832580 18734884
19832580 29300489
19832580 30734523
19832580 33329113
19832580 40981798
19832580 47490207
19832580 67478582
19832580 89003506
19836737 14192900
19836737 15393649
19836737 32144146
19836737 38690166
19836737 49315012
19836737 83955939
19836737 98928134
19836737 99741379
19836737 109930226
19836737 115505999
19836737 149578245
19836737 235382801
19974427 14389658
19974427 16264006
19974427 17868918
19974427 17919972
19974427 21447363
19974427 30732862
19974427 30734523
19974427 40981798
19974427 49824572
19974427 73908891
20026740 14389658
20026740 15827434
20026740 16264006
20026740 16452939
20026740 17868918
20026740 18799635
20026740 18886119
20026740 18996905
20026740 19773780
20026740 20855746
20026740 22462180
20026740 26604704
20026740 30732862
20026740 30734523
20026740 40981798
20026740 44394333
20026740 100220864
20026740 151338729
20031977 17759158
20031977 17868918
20031977 17879241
20031977 18886119
20031977 19001775
20031977 19192238
20031977 19358562
20031977 21019021
20031977 22462180
20031977 25584713
20031977 26604704
20031977 34534461
20031977 40981798
20031977 249471003
20031977 414569910
20219337 9976102
20219337 40981798
20793655 14607172
20793655 15840846
20793655 16008212
20793655 16102927
20793655 16264006
20793655 16674308
20793655 16729508
20793655 17014435
20793655 17166447
20793655 17448545
20793655 17503591
20793655 17868918
20793655 17879241
20793655 17968886
20793655 18202441
20793655 18323672
20793655 18734884
20793655 18886119
20793655 22092117
20793655 23913056
20793655 26385463
20793655 29391321
20793655 31331740
20793655 32910351
20793655 33549103
20793655 35324363
20793655 36767299
20793655 40981798
20793655 47490207
20793655 50835495
20793655 65974071
20793655 82730256
20793655 103755670
20793655 113484845
20793655 118899807
20793655 122794139
20855746 4034721
20855746 6559462
20855746 8088112
20855746 13228072
20855746 14333437
20855746 14426892
20855746 16452939
20855746 17868918
20855746 18111446
20855746 18172093
20855746 18818941
20855746 18824766
20855746 18886119
20855746 18951737
20855746 18996905
20855746 19773780
20855746 22170235
20855746 22462180
20855746 24766630
20855746 24788654
20855746 25156416
20855746 28444033
20855746 31331740
20855746 31545838
20855746 32910351
20855746 34428380
20855746 39056518
20855746 40981798
20855746 42576711
20855746 43003845
20855746 49824572
20855746 64496469
20855746 122794139
20855746 128041640
20855746 133055665
20855746 249471003
21019021 19001775
21019021 19192238
21019021 25584713
21019021 34534461
21019021 40981798
21053050 16452939
21053050 18996905
21053050 31331740
21053050 40981798
21053050 41110545
21068395 8163442
21068395 17434613
21068395 27307810
21068395 49315012
21277936 40981798
21295636 7867072
21295636 16452939
21295636 17503591
21295636 36767299
21295636 40858764
21295636 40981798
21295636 41110545
21295636 43003845
21323673 17919972
21323673 21447363
21323673 23375688
21323673 40981798
21323673 44473103
21362105 14230524
21362105 14790966
21362105 15843910
21362105 16870853
21362105 17654192
21362105 17759158
21362105 19001775
21362105 20031977
21362105 24804973
21362105 26604704
21362105 27633075
21362105 31080039
21362105 31331740
21362105 32774989
21362105 34428380
21362105 34534461
21362105 36767299
21362105 39056518
21362105 40981798
21362105 42576711
21362105 54403183
21362105 133055665
21362105 184910040
21362105 414569910
21425125 17919972
21425125 21447363
21425125 40981798
21447363 14230524
21447363 17919972
21447363 23375688
21447363 23737582
21447363 26090319
21447363 27260086
21447363 40981798
21466374 8088112
21466374 15186688
21466374 15843910
21466374 16452939
21466374 17627996
21466374 17868918
21466374 27633075
21466374 28444033
21466374 31331740
21466374 34428380
21466374 40981798
21466374 122794139
21466374 128041640
21466374 129679987
21466374 133055665
21548772 14426892
21548772 22462180
21548772 31331740
21548772 34428380
21548772 40981798
21548772 43003845
21548772 302847930
21572976 16854388
21572976 43180035
21572976 43186460
21572976 54725490
21572976 57426978
21572976 74548256
21572976 80096702
21572976 110708265
21572976 115436566
21572976 116099511
21572976 120627547
21572976 123121569
21572976 127618089
21572976 137027740
21572976 164804966
21572976 212329156
21572976 251261925
21773872 14389658
21773872 15827434
21773872 16264006
21773872 17166447
21773872 17503591
21773872 17868918
21773872 17968886
21773872 18111446
21773872 18799635
21773872 18818941
21773872 18886119
21773872 18996905
21773872 19358562
21773872 22797371
21773872 30732862
21773872 31331740
21773872 32910351
21773872 40981798
21773872 49824572
21773872 52081613
22092117 15840846
22092117 16729508
22092117 16971389
22092117 17503591
22092117 18323672
22092117 35324363
22092117 40981798
22092117 54106670
22092117 103755670
22108185 16008212
22108185 16264006
22108185 16729508
22108185 17968886
22108185 18107941
22108185 18314308
22108185 18323672
22108185 18734884
22108185 22092117
22108185 24766630
22108185 26385463
22108185 26604704
22108185 31331740
22108185 32910351
22108185 40981798
22108185 47490207
22108185 49737738
22108185 50835495
22108185 65974071
22108185 67478582
22108185 103755670
22108185 111728171
22108185 113484845
22108185 118899807
22108185 140644567
22108185 281854037
22108185 414569910
22170235 801547
22170235 14389658
22170235 15030816
22170235 16452939
22170235 17644044
22170235 17868918
22170235 18174804
22170235 18824766
22170235 18886119
22170235 18996905
22170235 20855746
22170235 28444033
22170235 32910351
22170235 40981798
22170235 52081613
22170235 122794139
22181067 22462180
22181067 40981798
22181067 117674417
22229252 40981798
22229252 42047882
22229252 42164376
22229252 102608859
22440364 14425825
22440364 15460081
22440364 22592948
22440364 25970331
22440364 27772095
22440364 34507480
22440364 37008705
22462180 6559462
22462180 8088112
22462180 14333437
22462180 14486007
22462180 15186688
22462180 15843910
22462180 16414371
22462180 17581754
22462180 17759158
22462180 17868918
22462180 18172093
22462180 18314308
22462180 19001775
22462180 19149447
22462180 20031977
22462180 20855746
22462180 21362105
22462180 21447363
22462180 22181067
22462180 24444592
22462180 24766630
22462180 24788654
22462180 25156416
22462180 27520150
22462180 27633075
22462180 28444033
22462180 30732862
22462180 31331740
22462180 34428380
22462180 37699718
22462180 40981798
22462180 41110545
22462180 42054468
22462180 42576711
22462180 43003845
22462180 45203505
22462180 49588164
22462180 54403183
22462180 65974071
22462180 88723349
22462180 117674417
22462180 128041640
22462180 129679987
22462180 133055665
22462180 138884497
22462180 163381338
22462180 177345928
22462180 414569910
22465184 16854388
22465184 39000244
22465184 50884531
22465184 52473265
22465184 64489627
22465184 117948376
22465184 118570373
22465184 123121569
22465184 128260873
22542097 14230524
22592948 14425825
22592948 15460081
22592948 22440364
22592948 25970331
22592948 27772095
22592948 34507480
22592948 37008705
22641532 6581292
22641532 14486007
22641532 17919972
22641532 18314308
22641532 19349053
22641532 22462180
22641532 31331740
22641532 34428380
22641532 40981798
22641532 133055665
22797371 4034721
22797371 17868918
22797371 17919972
22797371 18799635
22797371 18886119
22797371 19773780
22797371 21362105
22797371 26604704
22797371 30732862
22797371 30734523
22797371 40981798
22797371 49824572
22797371 249471003
22921097 40981798
23102417 14230524
23102417 17434613
23102417 19705747
23102417 40981798
23102417 43003845
23102417 205710774
23179034 24004172
23179034 31477674
23179034 40981798
23235056 2367911
23235056 3359851
23235056 16264006
23235056 17919972
23235056 18886119
23235056 21447363
23235056 22797371
23235056 26090319
23235056 30734523
23235056 40981798
23235056 89003506
23235056 100220864
23277227 18504495
23277227 40703590
23277227 54725490
23277227 74548256
23277227 85687328
23277227 94111672
23277227 106142776
23277227 109390923
23277227 112178021
23277227 120208344
23277227 126666372
23277227 126915142
23277227 127618089
23277227 129631184
23277227 158800506
23277227 168193966
23277227 227678669
23277227 447502799
23375688 17919972
23375688 27260086
23375688 74580436
23375688 104249727
23408265 16264006
23408265 16452939
23408265 16499399
23408265 17868918
23408265 18111446
23408265 18799635
23408265 18818941
23408265 18886119
23408265 18996905
23408265 21447363
23408265 22797371
23408265 26090319
23408265 30734523
23408265 31331740
23408265 40981798
23737582 21447363
23737582 40981798
23798922 2367911
23798922 14222518
23798922 14230524
23798922 15846407
23798922 16870853
23798922 17919972
23798922 21425125
23798922 21447363
23798922 28207101
23798922 40076725
23798922 40981798
23798922 46209291
23798922 83943787
23798922 100220864
23798922 103598216
23798922 302847930
23798922 314316607
23798922 317076339
23894637 2367911
23894637 8163442
23894637 14230524
23894637 15150609
23894637 17243213
23894637 21447363
23894637 31457243
23894637 33792219
23894637 54228724
23894637 93998005
23894637 205710774
23894637 374052936
23913056 16102927
23913056 16264006
23913056 16674308
23913056 16729508
23913056 17071337
23913056 17166447
23913056 17503591
23913056 17968886
23913056 18637695
23913056 18734884
23913056 20793655
23913056 26385463
23913056 31331740
23913056 32910351
23913056 36767299
23913056 40981798
23913056 65974071
23913056 67478582
24004172 3359851
24004172 14230524
24004172 21447363
24004172 23179034
24004172 23235056
24004172 31477674
24004172 40981798
24004172 96614512
24051168 40703590
24051168 78991357
24051168 100113633
24051168 110194770
24051168 110472918
24051168 111951477
24051168 112178021
24051168 113947726
24051168 131888932
24051168 141400436
24051168 142081739
24051168 144146678
24051168 149626047
24051168 152343162
24051168 158455991
24051168 162209030
24051168 210188819
24051168 215759738
24051168 224619935
24051168 228624227
24051168 232350989
24051168 235321144
24051168 238215599
24051168 241678730
24051168 250353576
24051168 281667160
24051168 303177511
24282101 2367911
24282101 22462180
24282101 31545838
24282101 34428380
24282101 40981798
24374481 2367911
24374481 14230524
24374481 18755564
24374481 21447363
24374481 28207101
24374481 40981798
24429991 801547
24429991 2367911
24429991 4034721
24429991 13228072
24429991 15891115
24429991 16452939
24429991 17644044
24429991 17868918
24429991 17909305
24429991 18174804
24429991 18996905
24429991 19358562
24429991 20026740
24429991 21447363
24429991 22170235
24429991 40981798
24429991 42533748
24429991 43003845
24429991 100220864
24616144 17166447
24616144 17919972
24616144 23737582
24616144 40981798
24766630 16452939
24766630 17759158
24766630 18107941
24766630 19001775
24766630 19192238
24766630 19327589
24766630 20031977
24766630 20855746
24766630 21019021
24766630 22462180
24766630 26604704
24766630 34534461
24766630 35324363
24766630 40981798
24766630 43003845
24766630 65974071
24766630 122794139
24766630 128041640
24766630 414569910
24788654 8088112
24788654 19327589
24788654 20855746
24788654 22462180
24788654 34428380
24788654 39056518
24788654 40981798
24788654 42054468
24788654 42576711
24804973 17759158
24804973 19001775
24804973 20031977
24804973 21362105
24804973 25584713
24804973 31080039
24804973 34534461
24804973 40981798
24804973 414569910
24852465 4532891
24852465 15846407
24852465 21447363
24852465 23375688
24852465 27260086
24852465 40981798
24922570 14426892
24922570 15843910
24922570 17919972
24922570 19327589
24922570 31331740
24922570 36767299
25007887 18581803
25007887 24004172
25007887 31477674
25007887 40981798
25156416 15843910
25156416 17919972
25156416 19001775
25156416 20855746
25156416 21362105
25156416 22462180
25156416 31331740
25156416 34428380
25156416 43003845
25156416 414569910
25165216 15843910
25165216 31331740
25165216 34428380
25165216 40981798
25440850 15846407
25440850 22462180
25440850 34428380
25440850 40981798
25440850 43003845
25475900 16008212
25475900 16674308
25475900 16729508
25475900 17868918
25475900 17879241
25475900 18314308
25475900 24766630
25475900 31331740
25475900 32910351
25475900 40981798
25475900 49737738
25475900 50835495
25475900 111728171
25475900 113484845
25475900 281854037
25584713 17759158
25584713 17879241
25584713 19001775
25584713 19192238
25584713 20031977
25584713 21019021
25584713 24766630
25584713 24804973
25584713 34534461
25584713 40981798
25584713 414569910
25623722 40981798
25689832 16854388
25689832 28628582
25689832 30478394
25689832 31294167
25689832 35065277
25689832 37060481
25689832 39622856
25689832 39805814
25689832 40355959
25689832 41469982
25689832 42253232
25689832 45435999
25689832 46750407
25689832 52473265
25689832 57701952
25689832 59630220
25689832 65096005
25689832 66409671
25689832 74548256
25689832 77607254
25689832 93051876
25689832 99631222
25689832 116099511
25689832 116245256
25689832 117793928
25689832 119217419
25689832 120627547
25689832 123121569
25689832 127684106
25689832 129631184
25689832 144319796
25689832 155989324
25689832 157137446
25689832 166724912
25689832 186182395
25689832 207601901
25689832 214202608
25689832 281222130
25842688 6581292
25842688 8088112
25842688 9317502
25842688 14486007
25842688 15150609
25842688 15186688
25842688 15843910
25842688 16414371
25842688 17759158
25842688 17868918
25842688 18149078
25842688 18996905
25842688 19149447
25842688 19349053
25842688 19358562
25842688 19493072
25842688 21447363
25842688 21548772
25842688 22462180
25842688 27307810
25842688 27633075
25842688 28465635
25842688 29512930
25842688 30749396
25842688 31331740
25842688 34041607
25842688 34428380
25842688 37103150
25842688 37319411
25842688 39056518
25842688 39592331
25842688 40076725
25842688 40981798
25842688 43003845
25842688 43429151
25842688 45203505
25842688 45678199
25842688 46997754
25842688 49064411
25842688 49588164
25842688 52244792
25842688 53440054
25842688 56825612
25842688 57431614
25842688 58552646
25842688 66398898
25842688 78756744
25842688 83943787
25842688 86173523
25842688 88323281
25842688 100318079
25842688 116036694
25842688 117674417
25842688 121533789
25842688 133055665
25842688 169554488
25842688 238260874
25842688 263838766
25842688 302191488
25842688 319319045
25970331 14230524
25970331 14425825
25970331 15460081
25970331 15693493
25970331 17919972
25970331 19832580
25970331 21362105
25970331 21447363
25970331 22440364
25970331 22592948
25970331 27772095
25970331 29654458
25970331 34507480
25970331 37008705
25970331 40981798
25970331 43003845
25970331 54581743
25970331 54611487
25970331 147946019
25970331 148081553
26090319 2367911
26090319 20026740
26090319 21447363
26090319 40981798
26385463 14287830
26385463 14607172
26385463 15846407
26385463 16674308
26385463 17014435
26385463 17071337
26385463 17503591
26385463 17968886
26385463 20793655
26385463 31331740
26385463 32910351
26385463 33549103
26385463 36767299
26385463 40981798
26385463 49737738
26385463 50835495
26385463 103755670
26385463 111728171
26385463 140644567
26604704 17759158
26604704 17879241
26604704 19001775
26604704 19192238
26604704 20031977
26604704 21019021
26604704 21362105
26604704 24766630
26604704 24804973
26604704 25584713
26604704 31080039
26604704 32774989
26604704 34534461
26604704 40981798
26604704 249471003
26604704 282789898
26604704 414569910
26784273 15846407
26784273 17071337
26784273 22462180
26784273 31545838
26784273 34428380
26784273 40981798
26784273 43003845
26929220 2367911
26929220 8088112
26929220 14230524
26929220 14426892
26929220 14486007
26929220 15186688
26929220 15843910
26929220 15846407
26929220 16202136
26929220 16452939
26929220 16807528
26929220 16870853
26929220 17581754
26929220 17868918
26929220 17919972
26929220 18149078
26929220 18755564
26929220 18951737
26929220 18996905
26929220 19493072
26929220 19705747
26929220 19832580
26929220 21447363
26929220 21466374
26929220 21548772
26929220 22462180
26929220 24788654
26929220 27633075
26929220 28207101
26929220 28465635
26929220 30732862
26929220 30734523
26929220 31331740
26929220 34428380
26929220 36767299
26929220 37699718
26929220 39056518
26929220 40076725
26929220 40981798
26929220 42576711
26929220 43003845
26929220 43381257
26929220 44473103
26929220 46754170
26929220 47070076
26929220 50794628
26929220 59588845
26929220 68838777
26929220 69548480
26929220 69592091
26929220 70492333
26929220 75873304
26929220 77618627
26929220 83943787
26929220 88323281
26929220 88782469
26929220 90850337
26929220 92336981
26929220 93419379
26929220 100318079
26929220 103598216
26929220 110524784
26929220 116036694
26929220 116498875
26929220 117674417
26929220 118891136
26929220 121533789
26929220 132543607
26929220 133055665
26929220 134548250
26929220 144631425
26929220 149538028
26929220 151338729
26929220 157475200
26929220 168152689
26929220 196680777
26929220 197504076
26929220 204140367
26929220 204317520
26929220 206004138
26929220 217796457
26929220 230880104
26929220 238260874
26929220 259842341
26929220 263838766
26929220 270449528
26929220 276308596
26929220 280935165
26929220 302847930
26929220 305294261
26929220 307458983
26929220 314316607
26929220 317076339
26929220 333021748
26929220 359811125
26929220 375317198
26929220 376946114
26929220 389742937
26929220 393543834
26929220 430182387
26929220 439788025
26929220 440963134
26929220 442400135
26929220 522013186
27260086 4532891
27260086 14230524
27260086 15846407
27260086 17919972
27260086 18734884
27260086 21447363
27260086 23375688
27260086 24852465
27260086 36008570
27260086 40981798
27260086 43003845
27260086 44473103
27260086 74580436
27260086 104249727
27260086 158848407
27260086 181561712
27260086 184910040
27307810 21068395
27307810 32144146
27307810 49315012
27463738 14426892
27463738 17919972
27463738 19705747
27463738 40076725
27463738 40981798
27463738 153487290
27520150 8088112
27520150 14486007
27520150 15843910
27520150 17759158
27520150 19149447
27520150 22462180
27520150 24444592
27520150 27633075
27520150 31331740
27520150 34428380
27520150 40981798
27520150 43003845
27520150 116036694
27520150 117674417
27520150 133055665
27520150 261447035
27633075 6581292
27633075 8088112
27633075 14333437
27633075 14486007
27633075 15186688
27633075 17759158
27633075 17868918
27633075 18996905
27633075 19149447
27633075 21447363
27633075 22462180
27633075 27520150
27633075 31331740
27633075 34428380
27633075 37699718
27633075 40981798
27633075 42576711
27633075 43003845
27633075 52325324
27633075 69592091
27633075 83943787
27633075 116036694
27633075 117674417
27633075 121533789
27633075 133055665
27633075 151338729
27633075 170460311
27633075 224160357
27633075 229039814
27633075 261447035
27724827 40981798
27743318 3359851
27743318 16067038
27743318 40981798
27772095 14425825
27772095 15460081
27772095 22440364
27772095 22592948
27772095 25970331
27772095 34507480
27772095 37008705
28176041 17316367
28176041 17919972
28176041 18734884
28176041 22462180
28176041 28445357
28176041 28465635
28176041 29300489
28176041 32385762
28176041 34428380
28176041 40981798
28176041 43003845
28176041 51543792
28176041 54611487
28176041 66235505
28176041 70492333
28176041 88323281
28176041 100318079
28176041 116498875
28176041 156004026
28176041 166214735
28207101 40981798
28444033 16452939
28444033 17759158
28444033 17868918
28444033 18886119
28444033 20855746
28444033 21466374
28444033 22462180
28444033 24766630
28444033 32910351
28444033 34428380
28444033 40858764
28444033 40981798
28444033 41110545
28444033 42576711
28444033 122794139
28444033 128041640
28445357 21295636
28445357 28838048
28445357 28845997
28445357 31331740
28445357 32385762
28445357 40981798
28445357 43003845
28465635 2367911
28465635 8088112
28465635 8163442
28465635 8735592
28465635 14486007
28465635 15150609
28465635 15843910
28465635 17868918
28465635 18996905
28465635 19063323
28465635 19358562
28465635 19493072
28465635 19705747
28465635 21447363
28465635 22462180
28465635 24444592
28465635 24788654
28465635 25842688
28465635 26929220
28465635 28176041
28465635 29911100
28465635 31331740
28465635 31545838
28465635 33792219
28465635 34428380
28465635 35041070
28465635 35308050
28465635 37699718
28465635 39056518
28465635 39592331
28465635 40981798
28465635 42085197
28465635 42576711
28465635 43003845
28465635 46209291
28465635 46997754
28465635 47833138
28465635 51543792
28465635 54228724
28465635 54611487
28465635 57496410
28465635 70492333
28465635 88323281
28465635 92336981
28465635 100318079
28465635 103598216
28465635 107830991
28465635 117674417
28465635 120666148
28465635 121533789
28465635 123371682
28465635 158419434
28465635 167449308
28465635 204140367
28465635 230880104
28465635 238260874
28465635 259842341
28465635 270449528
28465635 278695868
28465635 302847930
28465635 345543734
28465635 430182387
28465635 439788025
28465635 440963134
28628582 16854388
28628582 30478394
28628582 31294167
28628582 39000244
28628582 39793140
28628582 40355959
28628582 50884531
28628582 52473265
28628582 53524177
28628582 65370547
28628582 69483760
28628582 70458047
28628582 99631222
28628582 116099511
28628582 117948376
28628582 120208344
28628582 123121569
28628582 140203448
28628582 146250354
28628582 147999706
28628582 157137446
28628582 227678669
28628582 268914056
28838048 28445357
28838048 28845997
28838048 32385762
28838048 40981798
28838048 43003845
28845997 28445357
28845997 28838048
28845997 32385762
28845997 40981798
29300489 14230524
29300489 17919972
29300489 18734884
29300489 19832580
29300489 31331740
29300489 40981798
29357507 17204717
29357507 17919972
29357507 18734884
29357507 19832580
29357507 29300489
29357507 33329113
29357507 40981798
29357507 43003845
29357507 44394333
29391321 15846407
29391321 16264006
29391321 16674308
29391321 16729508
29391321 17071337
29391321 17166447
29391321 18107941
29391321 18202441
29391321 18314308
29391321 21362105
29391321 40981798
29391321 140644567
29512930 8088112
29512930 9317502
29512930 12459972
29512930 15150609
29512930 22462180
29512930 25842688
29512930 27307810
29512930 30749396
29512930 31331740
29512930 34041607
29512930 34428380
29512930 37103150
29512930 37319411
29512930 39592331
29512930 40981798
29512930 43003845
29512930 43429151
29512930 49064411
29512930 49315012
29512930 52244792
29512930 53440054
29512930 57431614
29512930 66398898
29512930 69127992
29512930 99741379
29512930 115505999
29512930 117674417
29512930 238260874
29512930 252668782
29512930 263838766
29654458 25970331
29911100 16422843
29911100 17503591
29911100 17868918
29911100 18951737
29911100 18996905
29911100 19493072
29911100 22462180
29911100 27633075
29911100 28465635
29911100 31331740
29911100 34428380
29911100 40981798
29911100 42576711
29911100 43003845
29911100 43381257
29911100 92336981
29911100 100318079
29911100 116036694
29911100 123371682
29911100 148519842
29911100 196680777
29911100 214968599
29911100 276308596
29911100 314316607
29911100 359811125
29911100 375317198
30478394 16854388
30478394 25689832
30478394 28628582
30478394 35065277
30478394 37060481
30478394 39622856
30478394 39805814
30478394 41469982
30478394 42253232
30478394 43607200
30478394 45435999
30478394 46750407
30478394 50884531
30478394 51613496
30478394 61352392
30478394 65096005
30478394 65370547
30478394 66409671
30478394 68207378
30478394 70458047
30478394 74548256
30478394 77607254
30478394 84903965
30478394 93051876
30478394 99631222
30478394 110253180
30478394 110708265
30478394 116099511
30478394 119217419
30478394 120627547
30478394 123121569
30478394 127684106
30478394 129631184
30478394 144319796
30478394 155989324
30478394 166724912
30478394 214202608
30478394 222248052
30478394 241957644
30478394 357331432
30552541 127545984
30584327 15693493
30584327 40981798
30719123 18581803
30719123 40981798
30732862 14230524
30732862 17644044
30732862 17868918
30732862 18111446
30732862 18149078
30732862 18886119
30732862 18996905
30732862 19974427
30732862 22462180
30732862 22797371
30732862 30734523
30732862 31331740
30732862 40858764
30732862 40981798
30732862 42533748
30732862 49824572
30734523 14230524
30734523 15827434
30734523 16197726
30734523 17166447
30734523 17316367
30734523 17503591
30734523 17868918
30734523 18111446
30734523 18149078
30734523 18314308
30734523 18734884
30734523 18886119
30734523 18996905
30734523 19705747
30734523 19832580
30734523 19974427
30734523 21447363
30734523 22797371
30734523 23235056
30734523 23375688
30734523 24429991
30734523 25623722
30734523 28207101
30734523 28444033
30734523 30732862
30734523 33329113
30734523 40981798
30734523 42533748
30734523 49824572
30734523 100220864
30734523 122794139
30734523 156223392
30734523 249471003
30749396 15150609
30749396 25842688
30749396 29512930
30749396 32144146
30749396 34041607
30749396 37103150
30749396 37319411
30749396 39592331
30749396 40981798
30749396 43429151
30749396 49064411
30749396 49315012
30749396 52244792
30749396 53440054
30749396 57431614
30749396 59959466
30749396 66398898
30749396 69054114
30749396 69127992
30749396 70114798
30749396 84980138
30749396 99741379
30749396 109930226
30749396 215980492
30749396 252668782
30749396 319319045
30824363 17919972
30824363 21362105
30824363 22921097
30824363 40981798
30824363 220921868
30824363 398549793
30924124 43003845
31080039 17919972
31080039 34534461
31080039 282789898
31080039 414569910
31268064 14222518
31268064 14230524
31268064 15843910
31268064 16870853
31268064 17919972
31268064 21447363
31268064 22462180
31268064 34428380
31268064 40981798
31268064 43003845
31268064 46754170
31331740 6581292
31331740 8088112
31331740 14230524
31331740 15186688
31331740 15843910
31331740 16264006
31331740 16674308
31331740 16729508
31331740 17448545
31331740 17503591
31331740 17759158
31331740 17919972
31331740 18107941
31331740 18314308
31331740 18323672
31331740 19149447
31331740 19327589
31331740 20855746
31331740 21362105
31331740 21447363
31331740 21466374
31331740 22462180
31331740 22641532
31331740 24922570
31331740 25156416
31331740 27633075
31331740 32910351
31331740 34428380
31331740 36767299
31331740 38035105
31331740 40981798
31331740 42576711
31331740 47490207
31331740 49588164
31331740 49737738
31331740 65974071
31331740 89003506
31331740 111728171
31331740 133055665
31331740 177345928
31331740 358346423
31414569 2367911
31414569 6581292
31414569 8088112
31414569 8163442
31414569 9938852
31414569 14230524
31414569 15150609
31414569 15846407
31414569 17434613
31414569 17654192
31414569 17919972
31414569 18734884
31414569 19493072
31414569 19832580
31414569 21068395
31414569 21447363
31414569 21548772
31414569 22462180
31414569 25842688
31414569 26929220
31414569 28465635
31414569 29300489
31414569 29911100
31414569 30734523
31414569 31331740
31414569 31457243
31414569 31545838
31414569 34428380
31414569 36475508
31414569 39056518
31414569 40981798
31414569 43003845
31414569 44473103
31414569 47083979
31414569 49315012
31414569 54228724
31414569 56002807
31414569 59588845
31414569 60361873
31414569 65894526
31414569 70492333
31414569 83943787
31414569 88323281
31414569 90888992
31414569 95260836
31414569 100318079
31414569 113058991
31414569 116498875
31414569 121533789
31414569 129631184
31414569 148519842
31414569 155661154
31414569 156004026
31414569 158419434
31414569 169554488
31414569 187773078
31414569 195475105
31414569 195814649
31414569 226629405
31414569 307458983
31414569 360245938
31457243 2367911
31457243 17243213
31457243 21447363
31457243 23894637
31477674 18581803
31477674 22229252
31477674 23179034
31477674 24004172
31477674 25007887
31477674 27724827
31477674 40981798
31477674 42047882
31477674 42164376
31477674 58930815
31477674 96614512
31477674 102608859
31545838 8088112
31545838 15843910
31545838 17759158
31545838 18824766
31545838 19149447
31545838 20855746
31545838 21362105
31545838 22462180
31545838 34428380
31545838 39056518
31545838 40981798
31545838 42576711
31545838 52325324
31545838 54403183
31545838 117674417
31545838 133055665
31547933 9938852
31547933 15150609
31547933 15280689
31547933 17919972
31547933 21068395
31547933 21447363
31547933 36049916
31547933 40981798
31547933 41045573
31547933 49315012
32144146 15393649
32144146 19836737
32144146 27307810
32144146 38690166
32144146 49315012
32144146 69127992
32144146 83955939
32144146 99741379
32144146 149578245
32385762 28445357
32385762 28838048
32385762 28845997
32385762 40981798
32774989 8088112
32774989 14230524
32774989 14790966
32774989 15846407
32774989 17759158
32774989 17868918
32774989 17919972
32774989 19001775
32774989 19192238
32774989 21323673
32774989 21362105
32774989 21447363
32774989 22462180
32774989 22641532
32774989 24444592
32774989 24804973
32774989 25584713
32774989 26385463
32774989 26604704
32774989 27633075
32774989 30734523
32774989 31080039
32774989 31331740
32774989 31545838
32774989 34428380
32774989 34534461
32774989 37699718
32774989 40076725
32774989 40981798
32774989 41110545
32774989 43003845
32774989 44473103
32774989 116036694
32774989 117674417
32774989 151338729
32774989 181561712
32774989 184910040
32910351 14426892
32910351 15840846
32910351 16264006
32910351 16674308
32910351 17448545
32910351 17503591
32910351 17868918
32910351 20855746
32910351 31331740
32910351 33549103
32910351 40981798
32910351 49737738
32910351 65974071
32910351 111728171
32910351 128041640
33329113 14389658
33329113 16008212
33329113 16197726
33329113 16264006
33329113 16540829
33329113 16674308
33329113 16729508
33329113 17166447
33329113 17448545
33329113 17868918
33329113 17919972
33329113 18314308
33329113 18734884
33329113 18999599
33329113 19832580
33329113 30734523
33329113 40981798
33329113 89003506
33329113 100220864
33494125 2367911
33494125 26604704
33494125 40076725
33494125 40981798
33494125 43003845
33549103 16971389
33549103 18886119
33549103 24766630
33549103 32910351
33549103 36767299
33549103 40981798
33549103 111728171
33792219 8163442
33792219 23894637
33792219 205710774
33830368 17919972
33830368 18734884
33830368 30734523
33830368 40981798
34041607 9317502
34041607 15150609
34041607 27307810
34041607 29512930
34041607 30749396
34041607 32144146
34041607 37103150
34041607 37319411
34041607 38690166
34041607 40981798
34041607 43429151
34041607 49315012
34041607 52244792
34041607 53440054
34041607 53658654
34041607 66398898
34041607 81704742
34041607 98928134
34041607 108633391
34041607 109930226
34041607 115505999
34041607 230498574
34041607 252668782
34046028 41870991
34046028 43180035
34046028 55917979
34046028 65504845
34046028 66190348
34046028 69349768
34046028 92782231
34046028 106142776
34046028 129631184
34046028 206923101
34046028 214106450
34428380 6559462
34428380 8088112
34428380 14333437
34428380 14486007
34428380 15186688
34428380 16197726
34428380 17581754
34428380 17759158
34428380 17868918
34428380 17919972
34428380 18172093
34428380 18314308
34428380 18824766
34428380 19149447
34428380 20855746
34428380 21447363
34428380 21548772
34428380 22462180
34428380 22641532
34428380 24444592
34428380 24788654
34428380 27520150
34428380 27633075
34428380 28207101
34428380 31331740
34428380 31545838
34428380 40981798
34428380 41110545
34428380 42054468
34428380 42576711
34428380 43003845
34428380 65974071
34428380 116036694
34428380 117674417
34428380 129679987
34428380 133055665
34428380 261447035
34507480 14222518
34507480 14425825
34507480 15460081
34507480 21447363
34507480 22440364
34507480 25970331
34507480 27772095
34507480 37008705
34507480 339373057
34534461 17759158
34534461 17879241
34534461 19001775
34534461 19192238
34534461 20031977
34534461 21019021
34534461 21362105
34534461 24766630
34534461 24804973
34534461 25584713
34534461 26604704
34534461 31080039
34534461 32774989
34534461 40981798
34534461 249471003
34534461 414569910
34942750 66661590
34942750 97463613
34942750 158821955
34942750 164804966
35041070 8088112
35041070 14192900
35041070 15150609
35041070 19836737
35041070 22462180
35041070 27307810
35041070 27633075
35041070 28465635
35041070 31331740
35041070 32144146
35041070 34041607
35041070 34428380
35041070 37103150
35041070 39056518
35041070 40981798
35041070 41859540
35041070 43003845
35041070 49315012
35041070 66398898
35041070 70114798
35041070 78756744
35041070 88323281
35041070 109930226
35041070 115505999
35041070 117674417
35041070 133055665
35041070 238260874
35041070 263838766
35041070 302191488
35065277 16854388
35065277 25689832
35065277 30478394
35065277 37060481
35065277 39805814
35065277 40355959
35065277 41469982
35065277 45435999
35065277 46750407
35065277 51613496
35065277 52473265
35065277 65096005
35065277 65370547
35065277 66409671
35065277 68207378
35065277 74548256
35065277 77607254
35065277 116099511
35065277 117793928
35065277 119217419
35065277 120627547
35065277 123121569
35065277 129631184
35065277 157137446
35065277 166724912
35065277 186182395
35065277 207601901
35308050 2367911
35308050 8163442
35308050 16870853
35308050 18996905
35308050 19705747
35308050 22462180
35308050 24444592
35308050 27633075
35308050 28176041
35308050 28465635
35308050 31331740
35308050 33792219
35308050 34428380
35308050 39056518
35308050 40981798
35308050 42576711
35308050 43003845
35308050 51543792
35308050 54228724
35308050 54611487
35308050 73252844
35308050 100318079
35308050 117674417
35308050 120627547
35308050 127684106
35308050 238260874
35324363 16729508
35324363 16971389
35324363 17503591
35324363 17968886
35324363 18323672
35324363 18734884
35324363 22092117
35324363 23913056
35324363 31331740
35324363 32910351
35324363 36767299
35324363 40981798
35324363 47490207
35324363 47752725
35324363 49737738
35324363 65974071
35324363 122794139
36008570 14230524
36008570 17581754
36008570 17919972
36008570 27260086
36008570 40981798
36049916 31547933
36049916 40981798
36049916 41045573
36049916 49315012
36390527 15150609
36390527 40981798
36390527 49315012
36475508 16854388
36475508 17130127
36475508 17711130
36475508 18504495
36475508 21572976
36475508 22465184
36475508 23277227
36475508 25689832
36475508 28628582
36475508 30478394
36475508 30552541
36475508 30723701
36475508 31294167
36475508 34046028
36475508 35065277
36475508 37060481
36475508 37086650
36475508 39000244
36475508 39622856
36475508 39793140
36475508 39805814
36475508 40355959
36475508 40535570
36475508 40703590
36475508 41469982
36475508 41870991
36475508 42253232
36475508 43180035
36475508 43186460
36475508 43429151
36475508 43607200
36475508 45435999
36475508 46248613
36475508 46551905
36475508 46750407
36475508 46904723
36475508 49148265
36475508 50884531
36475508 51543792
36475508 51613496
36475508 51828073
36475508 52094943
36475508 52473265
36475508 52934833
36475508 53452510
36475508 53524177
36475508 54611487
36475508 54725490
36475508 54947318
36475508 55917979
36475508 57258645
36475508 57426978
36475508 57701952
36475508 58338707
36475508 58356127
36475508 59630220
36475508 60143763
36475508 61352392
36475508 61924683
36475508 63169333
36475508 64489627
36475508 64532921
36475508 65096005
36475508 65370547
36475508 65504845
36475508 66178366
36475508 66190348
36475508 66398898
36475508 66409671
36475508 66661590
36475508 68207378
36475508 68567671
36475508 69033178
36475508 69106995
36475508 69349768
36475508 69483760
36475508 69944557
36475508 69995907
36475508 70188615
36475508 70242865
36475508 70458047
36475508 71614377
36475508 72097691
36475508 72519886
36475508 73793971
36475508 74548256
36475508 75721164
36475508 76990669
36475508 77607254
36475508 78384692
36475508 78702020
36475508 79806862
36475508 80096702
36475508 83443129
36475508 84903965
36475508 85687328
36475508 85716069
36475508 86561505
36475508 87019066
36475508 90497217
36475508 91884854
36475508 92500075
36475508 92782231
36475508 93051876
36475508 93257977
36475508 94079223
36475508 94111672
36475508 95797963
36475508 96469436
36475508 98809160
36475508 99387429
36475508 99631222
36475508 99822359
36475508 100309986
36475508 100496045
36475508 105351998
36475508 106142776
36475508 106452202
36475508 106765077
36475508 107512718
36475508 109057557
36475508 109390923
36475508 109568333
36475508 110253180
36475508 110708265
36475508 112178021
36475508 115436566
36475508 115742788
36475508 116099511
36475508 116245256
36475508 117793928
36475508 117948376
36475508 118570373
36475508 119217419
36475508 119901002
36475508 120208344
36475508 120627547
36475508 122481121
36475508 123121569
36475508 126666372
36475508 126915142
36475508 126954251
36475508 127545984
36475508 127618089
36475508 127684106
36475508 128260873
36475508 129267461
36475508 129631184
36475508 130720241
36475508 136619060
36475508 137027740
36475508 139565747
36475508 140203448
36475508 140613139
36475508 142391105
36475508 142715837
36475508 144319796
36475508 146250354
36475508 147228841
36475508 147999706
36475508 149957548
36475508 150273801
36475508 151222208
36475508 155989324
36475508 156415165
36475508 157137446
36475508 158800506
36475508 164804966
36475508 166724912
36475508 168193966
36475508 169108031
36475508 169489451
36475508 175830894
36475508 177522486
36475508 178581767
36475508 184052865
36475508 185331750
36475508 186182395
36475508 186688919
36475508 187209808
36475508 187773078
36475508 188045721
36475508 191619704
36475508 192664595
36475508 202369108
36475508 203187792
36475508 203893499
36475508 206923101
36475508 207601901
36475508 209278480
36475508 210188819
36475508 212329156
36475508 214106450
36475508 214202608
36475508 215980492
36475508 221413264
36475508 222248052
36475508 227678669
36475508 233639339
36475508 241957644
36475508 242362681
36475508 250947200
36475508 251261925
36475508 252668782
36475508 268914056
36475508 281222130
36475508 288873834
36475508 310983162
36475508 311123328
36475508 336564384
36475508 341142328
36475508 357331432
36475508 360245938
36475508 371054607
36475508 375857150
36475508 447502799
36475508 466560636
36475508 546135380
36475508 548820179
36767299 2367911
36767299 15843910
36767299 16729508
36767299 17503591
36767299 18755564
36767299 19705747
36767299 23913056
36767299 24922570
36767299 25165216
36767299 31331740
36767299 33549103
36767299 35324363
36767299 40981798
36767299 46754170
36767299 49737738
36767299 65974071
36767299 69548480
36767299 69592091
36767299 90850337
36767299 110524784
36773273 3359851
36773273 14921836
36773273 27743318
36773273 40981798
36897543 9938852
36897543 54228724
36897543 95260836
36897543 205710774
37008705 14425825
37008705 15460081
37008705 22440364
37008705 22592948
37008705 25970331
37008705 27772095
37008705 34507480
37008705 54611487
37008705 63808966
37060481 16854388
37060481 25689832
37060481 30478394
37060481 31294167
37060481 35065277
37060481 39622856
37060481 39793140
37060481 39805814
37060481 40355959
37060481 41469982
37060481 42253232
37060481 43607200
37060481 45435999
37060481 46750407
37060481 51613496
37060481 52473265
37060481 54611487
37060481 57701952
37060481 65096005
37060481 66409671
37060481 77607254
37060481 84903965
37060481 93051876
37060481 99631222
37060481 110253180
37060481 116099511
37060481 119217419
37060481 123121569
37060481 127684106
37060481 129631184
37060481 144319796
37060481 151222208
37060481 155989324
37060481 157137446
37060481 186182395
37060481 207601901
37060481 212329156
37060481 214202608
37060481 222248052
37060481 281222130
37086650 57426978
37086650 80096702
37086650 136619060
37086650 178581767
37086650 210188819
37086650 233639339
37086650 250947200
37103150 8088112
37103150 22462180
37103150 25842688
37103150 27633075
37103150 28465635
37103150 29512930
37103150 30749396
37103150 31331740
37103150 31545838
37103150 34428380
37103150 37319411
37103150 39056518
37103150 39592331
37103150 40981798
37103150 43003845
37103150 43429151
37103150 46997754
37103150 49064411
37103150 52244792
37103150 53440054
37103150 56825612
37103150 115505999
37103150 117674417
37103150 121533789
37103150 133055665
37103150 229871864
37103150 238260874
37103150 263838766
37103150 319319045
37138014 16674308
37138014 16729508
37138014 16971389
37138014 17503591
37138014 18323672
37138014 33549103
37138014 35324363
37138014 40981798
37138014 47490207
37138014 89003506
37138014 111728171
37201612 4532891
37201612 14230524
37201612 14790966
37201612 15846407
37201612 18092238
37201612 21447363
37201612 23375688
37201612 24852465
37201612 27260086
37201612 40981798
37201612 50600062
37201612 74580436
37201612 158848407
37201612 184910040
37201612 231144443
37319411 15150609
37319411 22462180
37319411 25842688
37319411 29512930
37319411 30749396
37319411 34041607
37319411 34428380
37319411 37103150
37319411 39592331
37319411 40981798
37319411 43003845
37319411 43429151
37319411 49064411
37319411 52244792
37319411 53440054
37319411 57431614
37319411 66398898
37319411 99741379
37319411 238260874
37319411 252668782
37319411 263838766
37687221 16729508
37687221 17014435
37687221 17879241
37687221 18314308
37687221 40981798
37687221 71174380
37699718 16422843
37699718 17868918
37699718 22462180
37699718 27633075
37699718 39056518
37699718 40981798
37699718 43003845
37699718 43381257
37699718 47070076
37699718 69548480
37699718 69592091
37699718 90850337
37699718 103598216
37699718 116036694
37699718 117674417
37699718 132543607
37699718 151338729
37699718 228979300
37699718 238260874
37699718 263838766
37699718 314316607
37699718 317076339
37699718 430313102
37699718 439788025
37699718 522013186
38035105 31331740
38035105 40981798
38035105 133055665
38561904 2367911
38561904 16125588
38561904 19705747
38561904 22462180
38561904 40076725
38561904 40981798
38561904 43003845
38561904 184910040
38690166 9317502
38690166 14192900
38690166 15393649
38690166 19836737
38690166 32144146
38690166 69127992
38690166 99741379
38690166 115505999
38690166 149578245
38690166 235382801
39000244 17130127
39000244 22465184
39000244 28628582
39000244 39793140
39000244 46248613
39000244 50884531
39000244 58356127
39000244 61352392
39000244 70242865
39000244 71614377
39000244 110708265
39000244 117948376
39000244 118570373
39000244 123121569
39000244 127618089
39000244 127684106
39000244 129631184
39000244 147228841
39000244 151222208
39000244 164804966
39000244 185331750
39000244 203893499
39000244 546135380
39056518 8088112
39056518 14333437
39056518 14486007
39056518 15186688
39056518 16414371
39056518 17759158
39056518 17868918
39056518 17919972
39056518 19149447
39056518 20855746
39056518 21362105
39056518 24788654
39056518 31545838
39056518 37699718
39056518 42054468
39056518 42576711
39056518 117674417
39056518 229871864
39056518 238260874
39056518 241159821
39056518 263838766
39164092 9938852
39164092 14230524
39164092 17919972
39164092 21447363
39164092 40981798
39241609 31331740
39241609 40981798
39241609 43003845
39560403 16540829
39560403 16729508
39560403 18734884
39560403 33549103
39560403 40981798
39560403 65974071
39560403 67478582
39560403 111728171
39592331 8088112
39592331 22462180
39592331 25842688
39592331 28465635
39592331 29512930
39592331 30749396
39592331 34428380
39592331 37103150
39592331 37319411
39592331 39056518
39592331 40974224
39592331 40981798
39592331 43003845
39592331 43429151
39592331 45678199
39592331 46997754
39592331 49064411
39592331 51079779
39592331 53440054
39592331 56825612
39592331 57431614
39592331 58552646
39592331 69127992
39592331 83955939
39592331 99741379
39592331 109930226
39592331 117674417
39592331 149578245
39592331 235382801
39592331 252668782
39592331 263838766
39592331 319319045
39622856 16854388
39622856 25689832
39622856 30478394
39622856 37060481
39622856 39805814
39622856 41469982
39622856 42253232
39622856 46750407
39622856 51543792
39622856 51613496
39622856 52473265
39622856 57701952
39622856 59630220
39622856 66409671
39622856 77607254
39622856 84903965
39622856 99631222
39622856 123121569
39622856 127684106
39622856 129631184
39622856 144319796
39622856 151222208
39622856 155989324
39622856 157137446
39622856 166724912
39622856 186182395
39622856 207601901
39622856 212329156
39793140 16854388
39793140 28628582
39793140 30723701
39793140 31294167
39793140 37060481
39793140 39000244
39793140 43186460
39793140 46750407
39793140 49148265
39793140 52473265
39793140 53524177
39793140 58356127
39793140 70458047
39793140 95797963
39793140 115436566
39793140 116099511
39793140 123121569
39793140 127545984
39793140 268914056
39805814 16854388
39805814 25689832
39805814 30478394
39805814 31294167
39805814 35065277
39805814 37060481
39805814 39622856
39805814 40355959
39805814 41469982
39805814 42253232
39805814 43607200
39805814 45435999
39805814 51613496
39805814 52473265
39805814 57701952
39805814 65096005
39805814 66409671
39805814 68207378
39805814 74548256
39805814 77607254
39805814 84903965
39805814 93051876
39805814 98809160
39805814 99631222
39805814 110253180
39805814 116099511
39805814 117793928
39805814 119217419
39805814 123121569
39805814 127684106
39805814 129631184
39805814 144319796
39805814 155989324
39805814 157137446
39805814 175830894
39805814 186182395
39805814 222248052
39805814 241957644
39805814 281222130
40076725 2367911
40076725 8735592
40076725 14230524
40076725 15023872
40076725 15846407
40076725 15891115
40076725 16807528
40076725 16870853
40076725 17243213
40076725 17581754
40076725 17627996
40076725 17919972
40076725 18996905
40076725 19063323
40076725 19705747
40076725 21447363
40076725 22462180
40076725 23375688
40076725 25842688
40076725 26604704
40076725 26929220
40076725 34428380
40076725 38561904
40076725 40981798
40076725 43003845
40076725 44473103
40076725 62591415
40076725 65894526
40076725 69592091
40076725 77618627
40076725 93419379
40076725 103598216
40076725 104249727
40076725 121533789
40076725 123371682
40076725 132543607
40076725 149538028
40076725 151338729
40076725 165908478
40076725 181561712
40076725 184910040
40076725 204317520
40076725 230880104
40076725 259842341
40076725 314316607
40076725 317076339
40076725 345543734
40076725 430182387
40076725 430313102
40076725 440963134
40076725 442400135
40355959 16854388
40355959 25689832
40355959 31294167
40355959 35065277
40355959 37060481
40355959 39805814
40355959 41469982
40355959 42253232
40355959 45435999
40355959 46750407
40355959 52473265
40355959 57701952
40355959 66409671
40355959 68207378
40355959 77607254
40355959 84903965
40355959 93051876
40355959 99631222
40355959 110253180
40355959 116099511
40355959 117793928
40355959 119217419
40355959 129631184
40355959 140203448
40355959 155989324
40355959 157137446
40355959 207601901
40355959 241957644
40355959 357331432
40368156 22462180
40368156 34428380
40368156 40981798
40368156 43003845
40368156 58005076
40368156 62976139
40368156 66398898
40368156 111343698
40368156 151891517
40368156 252668782
40535570 57258645
40535570 127545984
40696036 8163442
40696036 18996905
40696036 19358562
40696036 22462180
40696036 28465635
40696036 34428380
40696036 40981798
40696036 43003845
40696036 54611487
40696036 70492333
40696036 238260874
40696036 263838766
40703590 23277227
40703590 24051168
40703590 34942750
40703590 49075375
40703590 53614354
40703590 60143763
40703590 60325333
40703590 66158559
40703590 66491235
40703590 67119770
40703590 69033178
40703590 73793971
40703590 78991357
40703590 86281179
40703590 92500075
40703590 95974196
40703590 99175138
40703590 99822359
40703590 100113633
40703590 106765077
40703590 107832484
40703590 110157900
40703590 113947726
40703590 116605328
40703590 117793928
40703590 127684106
40703590 130720241
40703590 131888932
40703590 137027740
40703590 139565747
40703590 142081739
40703590 144146678
40703590 152343162
40703590 158455991
40703590 158800506
40703590 162209030
40703590 184406493
40703590 184598688
40703590 185331750
40703590 187209808
40703590 191596466
40703590 193291779
40703590 206923101
40703590 210188819
40703590 214106450
40703590 215759738
40703590 224384233
40703590 224619935
40703590 228624227
40703590 232350989
40703590 238215599
40703590 239575192
40703590 250353576
40703590 281667160
40703590 303177511
40703590 322690327
40703590 331372178
40703590 357181767
40703590 369830135
40703590 370402681
40703590 409154171
40703590 432021286
40858764 17316367
40858764 21295636
40858764 22462180
40858764 34428380
40858764 40981798
40858764 41110545
40968863 8163442
40968863 14425825
40968863 15460081
40968863 22440364
40968863 22462180
40968863 23375688
40968863 23894637
40968863 25970331
40968863 37008705
40968863 40981798
40968863 43003845
40968863 51543792
40968863 54228724
40968863 54611487
40968863 63808966
40968863 102765423
40968863 148081553
40968863 234047967
40974224 9317502
40974224 15150609
40974224 19836737
40974224 21447363
40974224 22462180
40974224 25842688
40974224 27307810
40974224 28465635
40974224 29512930
40974224 31545838
40974224 34428380
40974224 37103150
40974224 39056518
40974224 39592331
40974224 40981798
40974224 43003845
40974224 43429151
40974224 51079779
40974224 53440054
40974224 78756744
40974224 81704742
40974224 83955939
40974224 86173523
40974224 86561505
40974224 88323281
40974224 98928134
40974224 99741379
40974224 115505999
40974224 117674417
40974224 124592955
40974224 131294912
40974224 149578245
40974224 155951259
40974224 160053476
40974224 163203962
40974224 188108667
40974224 189898898
40974224 213777144
40974224 238260874
40974224 251261925
40974224 252668782
40974224 263838766
40981798 1679071
40981798 6559462
40981798 8088112
40981798 14333437
40981798 14426892
40981798 14790966
40981798 15843910
40981798 16452939
40981798 17503591
40981798 17581754
40981798 17627996
40981798 17644044
40981798 17654192
40981798 17759158
40981798 17868918
40981798 17919972
40981798 18085476
40981798 18149078
40981798 18172093
40981798 18314308
40981798 18951737
40981798 18996905
40981798 19001775
40981798 19327589
40981798 19358562
40981798 19493072
40981798 20855746
40981798 21362105
40981798 21447363
40981798 21466374
40981798 22462180
40981798 24766630
40981798 24788654
40981798 24922570
40981798 25156416
40981798 26604704
40981798 28207101
40981798 28465635
40981798 30734523
40981798 31080039
40981798 31331740
40981798 34428380
40981798 34534461
40981798 36767299
40981798 37699718
40981798 42576711
40981798 43003845
40981798 44394333
40981798 49588164
40981798 52325324
40981798 64496469
40981798 69548480
40981798 69592091
40981798 74580436
40981798 83943787
40981798 100318079
40981798 106837463
40981798 107830991
40981798 116036694
40981798 121533789
40981798 122794139
40981798 123371682
40981798 128041640
40981798 129679987
40981798 133055665
40981798 138884497
40981798 149538028
40981798 151338729
40981798 168152689
40981798 177345928
40981798 187773078
40981798 195475105
40981798 196680777
40981798 204140367
40981798 204317520
40981798 207831555
40981798 229039814
40981798 249471003
40981798 252192024
40981798 259842341
40981798 270449528
40981798 280935165
40981798 291378807
40981798 302847930
40981798 314316607
40981798 317076339
40981798 380580781
40981798 408275277
40981798 414569910
40981798 430313102
40981798 526316060
41045573 31547933
41045573 36049916
41045573 36767299
41045573 40981798
41045573 49315012
41063534 16540829
41063534 25970331
41063534 40981798
41110545 2367911
41110545 14230524
41110545 16452939
41110545 17316367
41110545 17503591
41110545 18734884
41110545 19705747
41110545 21053050
41110545 21295636
41110545 21447363
41110545 22462180
41110545 29300489
41110545 31545838
41110545 34428380
41110545 36008570
41110545 36767299
41110545 40858764
41110545 40981798
41110545 43003845
41110545 133055665
41469982 16854388
41469982 25689832
41469982 30478394
41469982 35065277
41469982 37060481
41469982 39622856
41469982 39805814
41469982 40355959
41469982 42253232
41469982 43607200
41469982 46750407
41469982 51613496
41469982 52473265
41469982 59630220
41469982 65096005
41469982 66409671
41469982 74548256
41469982 77607254
41469982 84903965
41469982 91884854
41469982 93051876
41469982 99387429
41469982 99631222
41469982 110253180
41469982 116099511
41469982 119217419
41469982 120627547
41469982 123121569
41469982 127684106
41469982 129631184
41469982 144319796
41469982 155989324
41469982 157137446
41469982 166724912
41469982 186182395
41469982 207601901
41469982 212329156
41469982 221413264
41469982 222248052
41469982 241957644
41469982 357331432
41859540 9317502
41859540 12459972
41859540 14192900
41859540 15150609
41859540 15393649
41859540 19836737
41859540 22462180
41859540 32144146
41859540 34041607
41859540 34428380
41859540 35041070
41859540 38035105
41859540 39592331
41859540 40981798
41859540 43003845
41859540 46997754
41859540 66398898
41859540 69127992
41859540 81704742
41859540 82393622
41859540 83955939
41859540 99741379
41859540 108633391
41859540 124592955
41859540 149578245
41859540 263838766
41870991 34046028
41870991 43180035
41870991 55917979
41870991 65504845
41870991 92782231
41870991 106142776
41870991 127684106
41870991 206923101
42047882 31477674
42047882 40981798
42047882 42164376
42054468 8088112
42054468 15186688
42054468 18172093
42054468 21362105
42054468 22462180
42054468 24444592
42054468 24788654
42054468 27633075
42054468 34428380
42054468 39056518
42054468 40981798
42054468 42576711
42054468 117674417
42054468 133055665
42054468 229871864
42054468 238260874
42054468 241159821
42054468 263838766
42085197 8163442
42085197 22462180
42085197 28465635
42085197 31331740
42085197 34428380
42085197 40981798
42085197 43003845
42085197 51543792
42085197 54228724
42085197 54611487
42085197 73252844
42085197 80461949
42164376 15693493
42164376 40981798
42164376 42047882
42164376 102608859
42253232 16854388
42253232 25689832
42253232 30478394
42253232 37060481
42253232 39622856
42253232 39805814
42253232 40355959
42253232 41469982
42253232 45435999
42253232 46750407
42253232 51543792
42253232 51613496
42253232 52473265
42253232 65096005
42253232 66409671
42253232 68207378
42253232 74548256
42253232 77607254
42253232 84903965
42253232 93051876
42253232 99631222
42253232 109568333
42253232 110253180
42253232 116099511
42253232 119217419
42253232 120627547
42253232 123121569
42253232 127684106
42253232 129631184
42253232 144319796
42253232 155989324
42253232 157137446
42253232 166724912
42253232 175830894
42253232 186182395
42253232 207601901
42253232 212329156
42253232 221413264
42253232 241957644
42253232 357331432
42533748 2367911
42533748 14230524
42533748 14287830
42533748 14389658
42533748 14607172
42533748 15023872
42533748 15827434
42533748 15843910
42533748 15891115
42533748 16197726
42533748 16264006
42533748 16452939
42533748 16870853
42533748 17166447
42533748 17503591
42533748 17644044
42533748 17868918
42533748 17919972
42533748 17968886
42533748 18111446
42533748 18149078
42533748 18734884
42533748 18755564
42533748 18818941
42533748 18824766
42533748 18886119
42533748 18951737
42533748 18996905
42533748 19358562
42533748 19705747
42533748 19773780
42533748 19832580
42533748 19974427
42533748 20026740
42533748 21362105
42533748 21447363
42533748 22462180
42533748 22797371
42533748 23235056
42533748 24429991
42533748 24444592
42533748 26090319
42533748 26604704
42533748 28444033
42533748 29300489
42533748 30732862
42533748 30734523
42533748 33329113
42533748 34428380
42533748 36767299
42533748 40076725
42533748 40981798
42533748 41110545
42533748 43003845
42533748 44394333
42533748 44473103
42533748 49824572
42533748 52081613
42533748 64496469
42533748 73908891
42533748 74580436
42533748 82730256
42533748 89003506
42533748 100220864
42533748 122794139
42533748 128041640
42533748 156223392
42533748 184910040
42576711 8088112
42576711 14230524
42576711 14333437
42576711 15186688
42576711 15843910
42576711 15846407
42576711 17759158
42576711 18172093
42576711 20855746
42576711 21362105
42576711 22462180
42576711 27633075
42576711 28444033
42576711 31331740
42576711 34428380
42576711 39056518
42576711 40981798
42576711 43003845
42576711 117674417
42576711 219723179
42576711 238260874
42576711 263838766
42744294 40981798
43003845 1679071
43003845 8088112
43003845 14426892
43003845 15023872
43003845 15186688
43003845 15843910
43003845 16452939
43003845 17503591
43003845 17627996
43003845 17759158
43003845 17868918
43003845 18085476
43003845 18172093
43003845 18996905
43003845 19358562
43003845 19493072
43003845 20855746
43003845 21362105
43003845 21466374
43003845 21548772
43003845 22462180
43003845 24444592
43003845 24766630
43003845 24788654
43003845 26604704
43003845 26929220
43003845 28444033
43003845 28465635
43003845 34428380
43003845 37699718
43003845 39056518
43003845 40981798
43003845 42054468
43003845 42576711
43003845 46209291
43003845 64496469
43003845 69548480
43003845 69592091
43003845 92336981
43003845 100318079
43003845 103598216
43003845 107830991
43003845 116036694
43003845 121533789
43003845 123371682
43003845 144631425
43003845 151338729
43003845 158419434
43003845 173732041
43003845 187773078
43003845 195475105
43003845 196680777
43003845 204140367
43003845 206004138
43003845 217796457
43003845 229039814
43003845 230880104
43003845 259842341
43003845 270449528
43003845 291378807
43003845 302847930
43003845 307458983
43003845 314316607
43003845 317076339
43003845 376946114
43003845 380580781
43003845 422224303
43003845 430182387
43180035 21572976
43180035 34046028
43180035 41870991
43180035 55917979
43180035 57426978
43180035 65504845
43180035 69349768
43180035 92782231
43180035 106142776
43180035 127684106
43180035 129631184
43180035 142391105
43180035 164804966
43180035 214106450
43184343 14230524
43184343 14515948
43184343 22462180
43184343 40981798
43184343 43003845
43184343 58501132
43184343 103046546
43184343 193285218
43186460 16854388
43186460 21572976
43186460 31294167
43186460 39793140
43186460 46750407
43186460 51613496
43186460 52473265
43186460 54725490
43186460 58356127
43186460 66398898
43186460 66409671
43186460 70458047
43186460 105351998
43186460 110708265
43186460 115436566
43186460 116245256
43186460 119901002
43186460 123121569
43186460 129631184
43186460 151222208
43186460 168193966
43186460 169108031
43186460 214202608
43186460 252668782
43381257 8088112
43381257 16422843
43381257 18149078
43381257 18996905
43381257 19358562
43381257 22462180
43381257 26929220
43381257 27633075
43381257 34428380
43381257 40981798
43381257 43003845
43381257 92336981
43381257 117674417
43381257 121533789
43381257 123371682
43381257 177345928
43381257 317076339
43429151 8088112
43429151 9317502
43429151 22462180
43429151 25842688
43429151 29512930
43429151 30749396
43429151 34041607
43429151 34428380
43429151 37103150
43429151 37319411
43429151 39056518
43429151 39592331
43429151 40981798
43429151 43003845
43429151 46997754
43429151 49064411
43429151 52244792
43429151 53440054
43429151 56825612
43429151 57431614
43429151 58552646
43429151 66398898
43429151 70458047
43429151 117674417
43429151 133055665
43429151 238260874
43429151 252668782
43429151 263838766
43429151 319319045
43666594 12459972
43666594 21447363
43666594 40981798
43725128 9938852
43725128 12459972
43725128 15150609
43725128 17919972
43725128 21068395
43725128 22462180
43725128 28465635
43725128 30734523
43725128 34428380
43725128 40981798
43725128 43003845
43725128 44473103
43725128 62985251
43725128 88323281
43725128 100318079
43725128 121533789
43725128 133055665
43725128 158419434
43725128 195475105
43725128 195814649
43725128 214968599
43725128 230601773
43725128 263838766
43725128 307458983
44394333 8735592
44394333 14389658
44394333 15827434
44394333 16197726
44394333 17644044
44394333 17868918
44394333 17919972
44394333 18886119
44394333 18951737
44394333 18996905
44394333 19358562
44394333 26604704
44394333 42533748
44394333 49824572
44394333 52081613
44394333 64496469
44394333 82730256
44394333 249471003
44431177 36049916
44431177 40981798
44431177 41045573
44473103 2367911
44473103 14230524
44473103 15023872
44473103 21323673
44473103 21447363
44473103 27260086
44473103 28207101
44473103 40981798
44483734 16503181
44483734 21447363
44483734 40981798
44483734 57496410
44483734 546135380
44927164 8088112
44927164 14192900
44927164 15150609
44927164 22462180
44927164 27307810
44927164 28465635
44927164 34041607
44927164 34428380
44927164 37103150
44927164 38690166
44927164 39592331
44927164 40981798
44927164 43003845
44927164 43429151
44927164 49315012
44927164 66398898
44927164 78756744
44927164 81704742
44927164 98928134
44927164 108633391
44927164 115505999
44927164 121533789
44927164 124592955
44927164 189898898
44927164 215980492
44927164 235382801
44927164 238260874
44927164 247018076
44927164 252668782
44927164 263838766
44927164 319319045
45203505 8088112
45203505 14486007
45203505 15186688
45203505 16414371
45203505 17919972
45203505 19149447
45203505 22462180
45203505 40981798
45203505 43003845
45203505 117674417
45203505 133055665
45203505 263838766
45361614 21068395
45361614 22462180
45361614 27307810
45361614 34428380
45361614 40981798
45361614 43003845
45361614 49315012
45361614 70492333
45361614 85716069
45361614 163203962
45361614 168224294
45361614 188108667
45435999 16854388
45435999 25689832
45435999 30478394
45435999 35065277
45435999 37060481
45435999 39805814
45435999 40355959
45435999 42253232
45435999 43607200
45435999 46750407
45435999 51613496
45435999 52473265
45435999 65096005
45435999 66409671
45435999 77607254
45435999 93051876
45435999 99631222
45435999 116099511
45435999 117793928
45435999 119217419
45435999 123121569
45435999 129631184
45435999 144319796
45435999 155989324
45435999 157137446
45435999 186182395
45435999 281222130
45678199 22462180
45678199 25842688
45678199 34428380
45678199 39592331
45678199 40981798
45678199 43003845
45678199 46997754
45678199 53440054
45678199 66398898
45678199 67122557
45678199 86173523
45678199 263838766
46160500 8088112
46160500 9317502
46160500 12459972
46160500 14192900
46160500 15150609
46160500 15393649
46160500 17759158
46160500 19149447
46160500 19836737
46160500 22462180
46160500 25842688
46160500 27307810
46160500 27633075
46160500 28465635
46160500 29512930
46160500 30749396
46160500 31331740
46160500 31545838
46160500 32144146
46160500 34041607
46160500 34428380
46160500 35041070
46160500 37103150
46160500 37319411
46160500 38035105
46160500 38690166
46160500 39056518
46160500 39592331
46160500 40974224
46160500 40981798
46160500 41859540
46160500 43003845
46160500 43429151
46160500 44927164
46160500 45678199
46160500 46997754
46160500 49064411
46160500 49315012
46160500 51079779
46160500 51543792
46160500 52244792
46160500 53440054
46160500 53990192
46160500 56825612
46160500 57431614
46160500 58552646
46160500 59950184
46160500 59959466
46160500 66398898
46160500 67122557
46160500 69054114
46160500 69127992
46160500 70114798
46160500 78756744
46160500 81704742
46160500 82393622
46160500 83943787
46160500 83955939
46160500 84980138
46160500 86173523
46160500 87995349
46160500 88323281
46160500 98928134
46160500 99741379
46160500 108633391
46160500 109930226
46160500 115505999
46160500 116036694
46160500 117674417
46160500 121533789
46160500 124592955
46160500 125818438
46160500 133055665
46160500 149578245
46160500 161433080
46160500 184052865
46160500 187773078
46160500 189592841
46160500 189898898
46160500 199043892
46160500 215980492
46160500 229871864
46160500 235382801
46160500 238260874
46160500 246646111
46160500 247018076
46160500 252668782
46160500 263838766
46160500 302191488
46160500 319319045
46160500 360245938
46209291 2367911
46209291 6581292
46209291 8088112
46209291 8735592
46209291 12459972
46209291 14230524
46209291 14486007
46209291 15186688
46209291 15843910
46209291 16807528
46209291 17654192
46209291 17759158
46209291 17868918
46209291 17919972
46209291 18149078
46209291 18951737
46209291 18996905
46209291 19358562
46209291 21068395
46209291 21447363
46209291 22462180
46209291 23798922
46209291 24444592
46209291 27520150
46209291 27633075
46209291 28465635
46209291 31331740
46209291 31457243
46209291 34428380
46209291 36767299
46209291 37699718
46209291 39056518
46209291 40981798
46209291 41110545
46209291 42576711
46209291 43003845
46209291 44473103
46209291 52325324
46209291 54825109
46209291 69592091
46209291 77618627
46209291 81704742
46209291 83417972
46209291 83943787
46209291 88323281
46209291 100318079
46209291 103598216
46209291 107512718
46209291 116036694
46209291 117674417
46209291 118534712
46209291 121533789
46209291 123371682
46209291 131294912
46209291 133055665
46209291 144631425
46209291 148519842
46209291 149538028
46209291 151338729
46209291 158419434
46209291 160053476
46209291 163203962
46209291 166811519
46209291 170460311
46209291 173732041
46209291 177678004
46209291 187773078
46209291 188186842
46209291 189898898
46209291 194403468
46209291 195475105
46209291 196680777
46209291 197504076
46209291 204140367
46209291 204317520
46209291 213777144
46209291 214968599
46209291 217796457
46209291 220729949
46209291 221010883
46209291 224160357
46209291 229039814
46209291 230601773
46209291 230880104
46209291 238260874
46209291 241159821
46209291 250388198
46209291 259842341
46209291 261447035
46209291 263838766
46209291 270449528
46209291 276308596
46209291 280935165
46209291 302191488
46209291 302847930
46209291 307458983
46209291 314316607
46209291 317076339
46209291 345543734
46209291 364917755
46209291 376946114
46209291 380580781
46209291 430182387
46209291 439788025
46209291 440963134
46209291 455186682
46209291 522013186
46248613 28628582
46248613 39000244
46248613 46750407
46248613 50884531
46248613 52473265
46248613 61352392
46248613 69483760
46248613 70458047
46248613 94111672
46248613 106452202
46248613 110708265
46248613 122481121
46248613 123121569
46248613 129631184
46248613 137027740
46248613 140203448
46248613 157137446
46404902 14230524
46404902 17919972
46404902 21068395
46404902 22462180
46404902 27633075
46404902 28465635
46404902 31331740
46404902 34428380
46404902 39056518
46404902 40981798
46404902 43003845
46404902 44473103
46404902 68838777
46404902 70492333
46404902 81704742
46404902 85716069
46404902 88323281
46404902 117674417
46404902 124634906
46404902 131294912
46404902 133055665
46404902 149680650
46404902 155661154
46404902 164804966
46404902 168224294
46404902 175431001
46404902 187773078
46404902 189898898
46404902 194403468
46404902 197504076
46404902 225160584
46404902 238260874
46404902 263838766
46404902 349994706
46551905 39000244
46750407 16854388
46750407 25689832
46750407 30478394
46750407 31294167
46750407 35065277
46750407 37060481
46750407 39622856
46750407 39793140
46750407 40355959
46750407 41469982
46750407 42253232
46750407 43186460
46750407 45435999
46750407 50884531
46750407 52473265
46750407 57701952
46750407 65096005
46750407 65370547
46750407 66409671
46750407 68207378
46750407 70242865
46750407 70458047
46750407 75721164
46750407 77607254
46750407 84903965
46750407 99631222
46750407 110253180
46750407 116099511
46750407 116245256
46750407 119217419
46750407 120208344
46750407 122481121
46750407 140203448
46750407 144319796
46750407 150273801
46750407 155989324
46750407 157137446
46750407 186182395
46750407 207601901
46750407 212329156
46750407 214202608
46754170 2367911
46754170 8088112
46754170 14230524
46754170 14607172
46754170 15843910
46754170 16452939
46754170 17919972
46754170 19493072
46754170 19705747
46754170 21447363
46754170 22462180
46754170 26929220
46754170 27633075
46754170 28207101
46754170 30734523
46754170 31268064
46754170 31331740
46754170 31545838
46754170 34428380
46754170 36767299
46754170 37699718
46754170 39056518
46754170 40981798
46754170 41110545
46754170 43003845
46754170 47070076
46754170 69592091
46754170 83943787
46754170 116498875
46754170 117674417
46754170 270449528
46754170 280935165
46754170 317076339
46904723 18504495
46904723 66661590
46904723 74548256
46904723 109390923
46904723 110708265
46904723 120208344
46904723 142715837
46904723 168193966
46904723 186688919
46904723 202369108
46904723 215980492
46904723 227678669
46904723 250947200
46997754 8088112
46997754 15150609
46997754 22462180
46997754 25842688
46997754 27307810
46997754 27633075
46997754 28465635
46997754 31331740
46997754 34428380
46997754 37103150
46997754 39056518
46997754 39592331
46997754 40981798
46997754 43003845
46997754 43429151
46997754 45678199
46997754 49064411
46997754 53440054
46997754 56825612
46997754 57431614
46997754 58552646
46997754 66398898
46997754 78756744
46997754 88323281
46997754 117674417
46997754 121533789
46997754 133055665
46997754 238260874
46997754 252668782
46997754 263838766
46997754 302191488
47070076 14230524
47070076 17919972
47070076 18996905
47070076 21447363
47070076 22462180
47070076 26929220
47070076 31331740
47070076 31545838
47070076 34428380
47070076 36767299
47070076 37699718
47070076 39056518
47070076 40981798
47070076 41110545
47070076 43003845
47070076 46754170
47070076 69592091
47070076 83943787
47070076 110524784
47070076 116036694
47070076 121533789
47083979 6581292
47083979 8088112
47083979 8163442
47083979 14486007
47083979 14929280
47083979 15023872
47083979 15150609
47083979 15186688
47083979 15843910
47083979 16414371
47083979 16452939
47083979 17654192
47083979 17759158
47083979 17868918
47083979 18149078
47083979 18951737
47083979 18996905
47083979 19358562
47083979 19493072
47083979 19705747
47083979 21068395
47083979 21447363
47083979 22462180
47083979 25842688
47083979 26929220
47083979 27520150
47083979 27633075
47083979 28207101
47083979 28465635
47083979 31331740
47083979 31414569
47083979 34428380
47083979 37699718
47083979 39056518
47083979 40981798
47083979 43003845
47083979 56002807
47083979 57496410
47083979 60361873
47083979 62985251
47083979 65894526
47083979 88323281
47083979 88723349
47083979 90888992
47083979 95260836
47083979 100318079
47083979 116036694
47083979 117674417
47083979 121533789
47083979 133055665
47083979 158419434
47083979 169554488
47083979 188108667
47083979 203247686
47083979 214968599
47083979 217488200
47083979 226629405
47083979 229039814
47083979 238260874
47083979 241159821
47083979 263838766
47083979 280935165
47083979 307458983
47083979 314316607
47083979 349994706
47083979 380580781
47083979 442494754
47490207 16264006
47490207 16971389
47490207 17868918
47490207 18323672
47490207 19832580
47490207 31331740
47490207 32910351
47490207 40981798
47490207 47752725
47490207 49737738
47752725 16264006
47752725 18323672
47752725 31331740
47752725 32910351
47752725 35324363
47752725 40981798
47752725 47490207
47752725 49737738
47752725 65974071
47752725 111728171
47833138 2367911
47833138 8163442
47833138 15150609
47833138 16503181
47833138 18996905
47833138 28465635
47833138 31331740
47833138 40981798
47833138 43003845
47833138 54228724
47833138 156004026
47833138 205710774
47833190 3359851
47833190 40981798
49064411 8088112
49064411 22462180
49064411 25842688
49064411 29512930
49064411 30749396
49064411 31331740
49064411 34428380
49064411 37103150
49064411 37319411
49064411 38035105
49064411 40981798
49064411 43003845
49064411 43429151
49064411 46997754
49064411 52244792
49064411 53440054
49064411 56825612
49064411 66398898
49064411 69054114
49064411 69127992
49064411 117674417
49064411 121533789
49064411 238260874
49064411 252668782
49064411 263838766
49064411 302191488
49064411 319319045
49075375 40703590
49075375 55492770
49075375 67970853
49075375 106765077
49075375 141400436
49075375 144146678
49075375 149626047
49075375 152343162
49075375 152490004
49075375 158455991
49075375 171692646
49075375 184406493
49075375 189242210
49075375 193291779
49075375 224384233
49075375 232350989
49075375 235321144
49075375 238215599
49075375 241678730
49075375 250353576
49075375 303177511
49075375 304680205
49075375 322724917
49075375 369830135
49148265 31294167
49148265 39793140
49148265 53524177
49148265 71614377
49148265 95797963
49148265 100309986
49148265 268914056
49315012 19836737
49315012 21068395
49315012 27307810
49315012 28207101
49315012 32144146
49315012 40981798
49315012 43003845
49394054 62976139
49394054 66398898
49394054 95765264
49394054 178092619
49394054 199696620
49394054 252042989
49394054 255164060
49588164 15846407
49588164 16414371
49588164 19063323
49588164 22462180
49588164 31331740
49588164 32910351
49588164 40981798
49588164 65974071
49588164 177345928
49737738 15840846
49737738 16264006
49737738 16674308
49737738 16729508
49737738 17071337
49737738 17448545
49737738 17503591
49737738 17868918
49737738 17968886
49737738 18107941
49737738 18314308
49737738 18323672
49737738 18734884
49737738 22092117
49737738 24766630
49737738 25475900
49737738 26604704
49737738 31331740
49737738 32910351
49737738 33549103
49737738 35324363
49737738 36767299
49737738 40981798
49737738 47490207
49737738 47752725
49737738 50835495
49737738 65974071
49737738 67478582
49737738 103755670
49737738 111728171
49737738 122794139
49737738 358346423
49824572 4034721
49824572 13228072
49824572 14389658
49824572 15827434
49824572 17166447
49824572 18111446
49824572 18886119
49824572 19974427
49824572 20031977
49824572 20855746
49824572 22462180
49824572 22797371
49824572 34428380
49824572 40981798
49824572 44394333
49824572 73908891
49824572 82730256
49824572 122794139
49824572 249471003
49824572 414569910
50600062 14230524
50600062 15846407
50600062 21362105
50600062 40981798
50600062 158848407
50600062 184910040
50766536 129631184
50766536 155951259
50794628 8088112
50794628 14230524
50794628 15846407
50794628 18149078
50794628 18996905
50794628 19493072
50794628 22462180
50794628 24374481
50794628 26929220
50794628 27633075
50794628 31331740
50794628 34428380
50794628 36767299
50794628 40981798
50794628 43003845
50794628 83943787
50794628 110524784
50794628 114110739
50794628 116036694
50794628 119226871
50794628 132543607
50794628 133055665
50794628 151338729
50794628 204140367
50794628 204317520
50794628 206004138
50794628 261447035
50835495 16008212
50835495 16729508
50835495 17448545
50835495 17968886
50835495 18107941
50835495 20793655
50835495 22108185
50835495 24766630
50835495 25475900
50835495 31331740
50835495 32910351
50835495 36767299
50835495 37138014
50835495 40981798
50835495 47490207
50835495 47752725
50835495 49737738
50835495 65974071
50835495 67478582
50835495 103755670
50835495 111966597
50835495 113484845
50835495 118899807
50835495 122794139
50835495 358346423
51079779 8088112
51079779 18149078
51079779 18734884
51079779 22462180
51079779 27633075
51079779 29300489
51079779 30734523
51079779 31331740
51079779 34428380
51079779 38035105
51079779 39592331
51079779 40974224
51079779 40981798
51079779 43003845
51079779 58552646
51079779 78756744
51079779 115505999
51079779 117674417
51079779 238260874
51079779 263838766
51079779 319319045
51428856 12459972
51428856 21447363
51428856 22462180
51428856 34428380
51428856 40981798
51428856 220729949
51543792 8088112
51543792 14486007
51543792 15150609
51543792 16854388
51543792 17581754
51543792 17868918
51543792 18996905
51543792 22462180
51543792 24444592
51543792 27633075
51543792 28176041
51543792 28465635
51543792 30924124
51543792 31331740
51543792 34428380
51543792 35308050
51543792 39056518
51543792 39622856
51543792 40968863
51543792 40981798
51543792 42085197
51543792 42253232
51543792 42576711
51543792 43003845
51543792 52406684
51543792 54581743
51543792 54611487
51543792 56825612
51543792 67122557
51543792 72695654
51543792 73252844
51543792 74548256
51543792 75873304
51543792 76494006
51543792 83307244
51543792 84903965
51543792 87557311
51543792 87995349
51543792 89463324
51543792 91884854
51543792 117674417
51543792 120627547
51543792 127684106
51543792 129631184
51543792 129840088
51543792 131677027
51543792 133783957
51543792 142851768
51543792 151222208
51543792 155989324
51543792 161465015
51543792 166724912
51543792 168834731
51543792 205710774
51543792 229871864
51543792 238260874
51543792 241159821
51543792 263838766
51613496 16854388
51613496 30478394
51613496 31294167
51613496 35065277
51613496 37060481
51613496 39622856
51613496 39805814
51613496 41469982
51613496 42253232
51613496 43186460
51613496 45435999
51613496 50884531
51613496 52473265
51613496 65096005
51613496 66409671
51613496 68207378
51613496 70458047
51613496 74548256
51613496 77607254
51613496 84903965
51613496 93051876
51613496 98809160
51613496 99631222
51613496 110253180
51613496 116099511
51613496 117793928
51613496 119217419
51613496 120627547
51613496 123121569
51613496 127618089
51613496 127684106
51613496 129631184
51613496 140203448
51613496 144319796
51613496 149957548
51613496 151222208
51613496 166724912
51613496 186182395
51613496 207601901
51613496 212329156
51613496 222248052
51613496 241957644
51613496 281222130
51613496 357331432
51828073 16854388
51828073 66398898
51828073 68207378
51828073 74548256
51828073 84903965
51828073 117793928
51828073 120627547
51828073 123121569
51828073 129631184
51828073 144319796
51828073 157137446
51828073 212329156
51828073 221413264
51828073 241957644
51828073 252668782
51828073 357331432
52081613 14389658
52081613 15827434
52081613 16264006
52081613 16452939
52081613 17166447
52081613 17868918
52081613 18111446
52081613 18818941
52081613 18886119
52081613 18951737
52081613 22797371
52081613 23235056
52081613 23408265
52081613 30734523
52081613 40981798
52081613 44394333
52081613 49824572
52081613 122794139
52094943 129631184
52244792 8088112
52244792 9317502
52244792 22462180
52244792 25842688
52244792 27633075
52244792 29512930
52244792 30749396
52244792 31545838
52244792 34041607
52244792 34428380
52244792 37103150
52244792 37319411
52244792 38035105
52244792 39056518
52244792 40981798
52244792 43003845
52244792 43429151
52244792 49064411
52244792 53440054
52244792 66398898
52244792 69054114
52244792 117674417
52244792 238260874
52244792 252668782
52244792 263838766
52376868 14230524
52376868 15846407
52376868 17919972
52376868 19705747
52376868 21447363
52376868 40981798
52376868 83943787
52406684 30924124
52406684 51543792
52406684 54611487
52406684 73252844
52406684 129840088
52473265 16854388
52473265 22465184
52473265 25689832
52473265 28628582
52473265 31294167
52473265 35065277
52473265 37060481
52473265 39622856
52473265 39793140
52473265 39805814
52473265 40355959
52473265 41469982
52473265 42253232
52473265 43186460
52473265 43607200
52473265 45435999
52473265 46750407
52473265 51613496
52473265 53524177
52473265 59630220
52473265 65096005
52473265 65370547
52473265 68207378
52473265 70458047
52473265 74548256
52473265 75721164
52473265 77607254
52473265 93051876
52473265 99387429
52473265 99631222
52473265 109568333
52473265 110708265
52473265 116099511
52473265 116245256
52473265 117793928
52473265 118570373
52473265 119217419
52473265 120208344
52473265 123121569
52473265 127618089
52473265 129631184
52473265 137027740
52473265 144319796
52473265 157137446
52473265 166724912
52473265 175830894
52473265 186182395
52473265 214202608
52473265 268914056
52473265 357331432
52934833 70242865
52934833 100309986
52934833 129267461
52934833 129631184
52934833 164804966
53440054 22462180
53440054 25842688
53440054 27633075
53440054 28465635
53440054 29512930
53440054 30749396
53440054 34041607
53440054 34428380
53440054 37103150
53440054 37319411
53440054 39592331
53440054 40981798
53440054 43003845
53440054 43429151
53440054 45678199
53440054 46997754
53440054 49064411
53440054 52244792
53440054 56825612
53440054 58552646
53440054 66398898
53440054 69127992
53440054 78756744
53440054 117674417
53440054 238260874
53440054 252668782
53440054 263838766
53440054 319319045
53452510 43607200
53452510 84903965
53452510 93051876
53452510 151222208
53452510 281222130
53496283 8163442
53496283 9938852
53496283 14230524
53496283 15023872
53496283 15150609
53496283 17434613
53496283 17581754
53496283 17868918
53496283 17919972
53496283 18996905
53496283 19493072
53496283 21447363
53496283 21548772
53496283 22462180
53496283 23375688
53496283 24444592
53496283 25970331
53496283 26929220
53496283 27633075
53496283 28176041
53496283 28465635
53496283 31331740
53496283 34428380
53496283 37699718
53496283 39056518
53496283 40981798
53496283 43003845
53496283 44473103
53496283 54228724
53496283 70492333
53496283 74860418
53496283 83417972
53496283 83943787
53496283 88323281
53496283 88782469
53496283 95260836
53496283 113058991
53496283 116036694
53496283 116498875
53496283 117674417
53496283 121533789
53496283 126391227
53496283 129631184
53496283 133055665
53496283 134548250
53496283 136046012
53496283 149680650
53496283 155951259
53496283 166811519
53496283 173732041
53496283 184097849
53496283 188108667
53496283 195475105
53496283 197504076
53496283 221829166
53496283 263838766
53524177 28628582
53524177 31294167
53524177 39793140
53524177 49148265
53524177 52473265
53524177 70458047
53524177 71614377
53524177 75721164
53524177 95797963
53524177 100309986
53524177 123121569
53524177 268914056
53614354 40703590
53614354 89441393
53614354 100113633
53614354 113947726
53614354 142081739
53614354 210188819
53614354 303177511
53614354 304680205
53658654 19836737
53658654 21447363
53658654 34041607
53658654 40981798
53658654 44473103
53658654 66661590
53658654 109930226
53658654 158821955
53658654 164804966
53990192 15150609
53990192 22462180
53990192 27307810
53990192 29512930
53990192 32144146
53990192 34041607
53990192 34428380
53990192 36475508
53990192 40981798
53990192 43003845
53990192 43429151
53990192 46160500
53990192 49064411
53990192 49315012
53990192 66398898
53990192 98928134
53990192 99741379
53990192 100318079
53990192 108633391
53990192 109930226
53990192 115505999
53990192 133055665
53990192 149578245
53990192 163203962
53990192 187773078
53990192 195475105
53990192 215980492
53990192 238260874
53990192 252668782
53990192 360245938
54106670 16264006
54106670 17448545
54106670 17503591
54106670 17968886
54106670 18323672
54106670 18734884
54106670 31331740
54106670 32910351
54106670 40981798
54106670 49737738
54106670 65974071
54106670 111728171
54106670 122794139
54228724 8163442
54228724 14230524
54228724 17434613
54228724 17919972
54228724 21447363
54228724 23375688
54228724 23894637
54228724 26090319
54228724 28207101
54228724 40076725
54228724 40981798
54228724 43003845
54228724 44473103
54228724 49315012
54228724 95260836
54228724 104249727
54403183 8088112
54403183 17759158
54403183 21362105
54403183 22462180
54403183 24444592
54403183 26604704
54403183 31331740
54403183 31545838
54403183 34428380
54403183 40981798
54403183 43003845
54403183 117674417
54403183 263838766
54581743 14425825
54581743 15460081
54581743 22440364
54581743 22592948
54581743 25970331
54581743 27772095
54581743 37008705
54581743 51543792
54581743 54611487
54581743 63808966
54581743 70492333
54581743 78751746
54581743 102765423
54581743 147946019
54581743 148081553
54611487 2367911
54611487 8088112
54611487 8163442
54611487 14425825
54611487 15460081
54611487 17868918
54611487 22440364
54611487 22462180
54611487 22592948
54611487 23375688
54611487 23894637
54611487 25970331
54611487 27633075
54611487 27772095
54611487 28176041
54611487 28465635
54611487 29654458
54611487 30924124
54611487 31331740
54611487 33792219
54611487 34428380
54611487 34507480
54611487 35308050
54611487 36897543
54611487 37008705
54611487 37060481
54611487 39056518
54611487 40696036
54611487 40968863
54611487 40981798
54611487 42085197
54611487 43003845
54611487 51543792
54611487 52406684
54611487 54228724
54611487 54581743
54611487 63808966
54611487 70492333
54611487 72695654
54611487 73252844
54611487 74548256
54611487 78751746
54611487 80461949
54611487 83307244
54611487 84903965
54611487 88323281
54611487 89463324
54611487 91884854
54611487 93998005
54611487 102765423
54611487 117674417
54611487 120627547
54611487 127684106
54611487 129631184
54611487 129840088
54611487 133783957
54611487 142851768
54611487 147946019
54611487 148081553
54611487 148519842
54611487 151222208
54611487 155989324
54611487 158526208
54611487 161465015
54611487 168834731
54611487 179699335
54611487 205710774
54611487 234047967
54611487 238260874
54611487 241159821
54611487 263838766
54611487 339373057
54725490 21572976
54725490 23277227
54725490 43186460
54725490 57426978
54725490 61352392
54725490 66661590
54725490 70458047
54725490 85687328
54725490 94111672
54725490 109390923
54725490 110708265
54725490 112178021
54725490 115436566
54725490 120208344
54725490 128260873
54725490 129267461
54725490 137027740
54725490 158800506
54725490 164804966
54725490 168193966
54725490 178581767
54725490 186688919
54725490 215980492
54725490 227678669
54725490 252668782
54825109 12459972
54825109 18996905
54825109 19493072
54825109 21447363
54825109 21548772
54825109 22462180
54825109 24444592
54825109 27633075
54825109 34428380
54825109 40981798
54825109 43003845
54825109 46209291
54825109 88323281
54825109 100318079
54825109 117674417
54825109 133055665
54825109 160053476
54825109 168224294
54825109 187773078
54825109 189898898
54825109 195475105
54825109 197504076
54825109 217506336
54825109 220729949
54825109 263838766
54947318 58356127
54947318 69483760
54947318 70458047
54947318 120208344
54947318 127618089
55492770 49075375
55492770 67119770
55492770 95974196
55492770 106765077
55492770 158455991
55492770 171692646
55492770 193291779
55492770 224384233
55492770 232350989
55492770 235321144
55492770 303177511
55917979 34046028
55917979 41870991
55917979 43180035
55917979 63169333
55917979 65504845
55917979 69349768
55917979 92782231
55917979 106142776
55917979 120627547
55917979 129631184
55917979 164804966
56002807 2367911
56002807 6581292
56002807 8088112
56002807 14486007
56002807 14929280
56002807 16452939
56002807 16503181
56002807 17434613
56002807 17759158
56002807 17868918
56002807 17919972
56002807 18149078
56002807 18314308
56002807 18996905
56002807 19358562
56002807 21068395
56002807 21447363
56002807 22462180
56002807 27633075
56002807 28465635
56002807 31331740
56002807 31414569
56002807 34428380
56002807 40076725
56002807 40981798
56002807 43003845
56002807 44483734
56002807 47083979
56002807 49588164
56002807 57496410
56002807 60361873
56002807 62985251
56002807 65894526
56002807 83943787
56002807 88323281
56002807 88723349
56002807 90888992
56002807 100318079
56002807 115224382
56002807 117674417
56002807 133055665
56002807 143169862
56002807 151338729
56002807 158419434
56002807 169554488
56002807 173732041
56002807 187773078
56002807 195475105
56002807 195814649
56002807 203247686
56002807 214968599
56002807 217488200
56002807 226629405
56002807 263838766
56002807 302191488
56002807 307458983
56002807 349994706
56002807 442494754
56423330 2367911
56423330 8735592
56423330 14230524
56423330 16807528
56423330 17243213
56423330 17919972
56423330 19063323
56423330 40076725
56423330 40981798
56423330 43003845
56423330 69592091
56423330 103598216
56423330 173732041
56423330 270449528
56423330 314316607
56423330 317076339
56423330 430313102
56423330 440963134
56449726 22462180
56449726 28465635
56449726 34428380
56449726 37699718
56449726 40981798
56449726 43003845
56449726 44473103
56449726 70492333
56449726 88323281
56449726 100318079
56449726 113058991
56449726 116036694
56449726 129631184
56449726 148519842
56449726 238260874
56773228 17919972
56773228 23375688
56773228 27260086
56773228 40981798
56825612 8088112
56825612 12459972
56825612 22462180
56825612 25842688
56825612 27633075
56825612 28465635
56825612 29512930
56825612 30749396
56825612 31331740
56825612 31545838
56825612 34428380
56825612 37103150
56825612 37319411
56825612 38035105
56825612 39056518
56825612 39592331
56825612 40981798
56825612 43003845
56825612 43429151
56825612 45678199
56825612 46997754
56825612 49064411
56825612 49315012
56825612 51543792
56825612 52244792
56825612 53440054
56825612 57431614
56825612 58552646
56825612 66398898
56825612 69054114
56825612 69127992
56825612 70114798
56825612 78756744
56825612 86173523
56825612 88323281
56825612 115505999
56825612 117674417
56825612 124592955
56825612 133055665
56825612 189592841
56825612 238260874
56825612 263838766
57258645 39000244
57258645 40535570
57258645 147228841
57386237 9938852
57386237 49315012
57386237 61352392
57386237 85922753
57386237 109390923
57386237 124634906
57386237 163203962
57426978 9938852
57426978 21572976
57426978 43180035
57426978 54725490
57426978 61352392
57426978 63226359
57426978 66661590
57426978 78702020
57426978 80096702
57426978 92782231
57426978 94111672
57426978 99387429
57426978 109390923
57426978 115436566
57426978 120208344
57426978 123121569
57426978 128260873
57426978 129631184
57426978 137027740
57426978 164804966
57426978 165849510
57426978 168193966
57426978 175830894
57426978 202369108
57426978 215980492
57426978 227678669
57426978 250947200
57426978 303486555
57426978 331372178
57431614 8088112
57431614 15150609
57431614 17759158
57431614 22462180
57431614 25842688
57431614 27633075
57431614 28465635
57431614 29512930
57431614 30749396
57431614 31331740
57431614 34428380
57431614 37103150
57431614 37319411
57431614 40981798
57431614 43003845
57431614 43429151
57431614 46997754
57431614 49064411
57431614 53440054
57431614 117674417
57431614 121533789
57431614 133055665
57431614 238260874
57431614 263838766
57496410 16503181
57496410 17434613
57496410 19493072
57496410 22462180
57496410 28465635
57496410 40981798
57496410 43003845
57496410 44483734
57496410 49315012
57496410 88323281
57496410 95260836
57496410 158419434
57496410 195814649
57496410 238260874
57701952 25689832
57701952 37060481
57701952 39622856
57701952 39805814
57701952 40355959
57701952 46750407
57701952 66409671
57701952 68207378
57701952 93051876
57701952 96469436
57701952 99631222
57701952 105351998
57701952 123121569
57701952 129631184
57701952 157137446
57701952 186182395
57701952 191619704
57701952 222248052
57701952 281222130
57845803 16102927
57845803 16729508
57845803 17968886
57845803 18323672
57845803 26385463
57845803 31331740
57845803 32910351
57845803 35324363
57845803 36767299
57845803 40981798
57845803 49737738
57845803 50835495
57845803 65974071
57845803 103755670
58005076 40368156
58005076 49394054
58005076 62976139
58005076 66398898
58005076 111343698
58005076 127725192
58005076 178092619
58005076 199696620
58338707 106765077
58356127 31294167
58356127 39000244
58356127 39793140
58356127 43186460
58356127 54947318
58356127 70458047
58356127 115742788
58356127 116245256
58356127 120208344
58356127 123121569
58356127 127618089
58356127 268914056
58501132 14515948
58501132 34428380
58501132 40981798
58501132 43003845
58501132 43184343
58501132 103046546
58501132 193285218
58552646 8088112
58552646 15150609
58552646 19836737
58552646 22462180
58552646 25842688
58552646 27307810
58552646 27633075
58552646 28465635
58552646 29512930
58552646 30749396
58552646 31331740
58552646 34041607
58552646 34428380
58552646 37103150
58552646 37319411
58552646 38035105
58552646 39056518
58552646 39592331
58552646 40981798
58552646 43003845
58552646 43429151
58552646 45678199
58552646 46997754
58552646 49064411
58552646 49315012
58552646 51079779
58552646 52244792
58552646 53440054
58552646 56825612
58552646 57431614
58552646 66398898
58552646 67122557
58552646 69127992
58552646 78756744
58552646 83955939
58552646 88323281
58552646 99741379
58552646 108633391
58552646 115505999
58552646 117674417
58552646 189898898
58552646 238260874
58552646 252668782
58552646 263838766
58930815 3359851
58930815 15107131
58930815 18581803
58930815 30719123
58930815 31477674
58930815 40981798
58930815 47833190
58930815 106837463
58930815 113241406
58930815 197558884
58930815 271188987
59588845 8088112
59588845 8163442
59588845 15150609
59588845 15846407
59588845 16202136
59588845 18149078
59588845 18734884
59588845 19493072
59588845 19832580
59588845 21068395
59588845 21362105
59588845 21466374
59588845 22462180
59588845 24282101
59588845 24444592
59588845 26929220
59588845 27633075
59588845 28465635
59588845 29300489
59588845 30732862
59588845 30734523
59588845 31331740
59588845 31414569
59588845 31545838
59588845 34428380
59588845 36008570
59588845 36475508
59588845 39056518
59588845 40981798
59588845 42533748
59588845 42576711
59588845 43003845
59588845 44473103
59588845 57496410
59588845 59959466
59588845 63600411
59588845 69548480
59588845 69592091
59588845 70492333
59588845 83943787
59588845 88323281
59588845 90850337
59588845 100318079
59588845 116036694
59588845 117674417
59588845 122874598
59588845 129631184
59588845 132543607
59588845 133055665
59588845 141368711
59588845 151338729
59588845 238260874
59588845 263838766
59588845 280935165
59588845 309861288
59630220 16854388
59630220 25689832
59630220 39622856
59630220 41469982
59630220 52473265
59630220 65096005
59630220 68567671
59630220 74548256
59630220 77607254
59630220 109568333
59630220 110253180
59630220 127684106
59630220 129631184
59630220 166724912
59630220 175830894
59630220 221413264
59630220 222248052
59630220 341142328
59630220 375857150
59657176 17919972
59657176 21447363
59657176 43003845
59657176 61352392
59908492 34942750
59908492 43003845
59908492 44473103
59908492 53658654
59908492 85922753
59908492 158821955
59908492 164804966
59950184 12459972
59950184 22462180
59950184 28465635
59950184 34428380
59950184 40981798
59950184 43003845
59950184 66398898
59950184 78756744
59959466 14192900
59959466 22462180
59959466 25842688
59959466 30749396
59959466 34428380
59959466 40981798
59959466 43003845
59959466 49064411
59959466 51543792
59959466 53440054
59959466 66398898
59959466 70492333
59959466 78756744
59959466 88323281
59959466 117674417
59959466 215980492
59959466 238260874
59959466 252668782
60143763 310983162
60325333 40703590
60325333 184598688
60325333 185331750
60325333 303486555
60325333 322690327
60361873 6581292
60361873 8088112
60361873 14230524
60361873 14929280
60361873 17434613
60361873 17868918
60361873 17919972
60361873 18149078
60361873 18996905
60361873 21068395
60361873 21447363
60361873 22462180
60361873 27633075
60361873 31331740
60361873 31414569
60361873 34428380
60361873 40981798
60361873 43003845
60361873 47083979
60361873 54228724
60361873 56002807
60361873 62985251
60361873 65894526
60361873 88323281
60361873 90888992
60361873 100318079
60361873 116498875
60361873 117674417
60361873 121533789
60361873 133055665
60361873 158419434
60361873 169554488
60361873 187773078
60361873 217488200
60361873 238260874
60361873 263838766
60361873 360245938
60361873 442494754
60448763 9938852
60448763 14230524
60448763 21068395
60448763 40981798
60448763 43003845
60530411 23894637
60530411 61352392
60530411 109390923
61352392 9938852
61352392 21447363
61352392 31457243
61352392 39000244
61352392 40981798
61352392 54725490
61352392 57386237
61352392 57426978
61352392 60530411
61352392 81704742
61352392 85922753
61352392 106452202
61352392 109390923
61352392 110708265
61352392 120208344
61352392 127618089
61352392 128260873
61352392 142391105
61352392 163203962
61352392 164804966
61352392 168193966
61352392 215980492
61515224 14230524
61515224 157137446
61924683 66661590
61924683 70458047
61924683 120208344
61924683 168193966
61924683 178581767
62193662 40981798
62193662 53658654
62193662 130295352
62193662 164804966
62591415 2367911
62591415 8735592
62591415 40981798
62591415 43003845
62985251 6581292
62985251 8088112
62985251 9938852
62985251 14230524
62985251 14486007
62985251 14929280
62985251 15150609
62985251 15186688
62985251 15843910
62985251 16414371
62985251 16503181
62985251 17434613
62985251 17654192
62985251 17759158
62985251 17868918
62985251 17919972
62985251 18149078
62985251 18314308
62985251 18951737
62985251 18996905
62985251 19349053
62985251 19358562
62985251 19493072
62985251 21068395
62985251 21447363
62985251 21548772
62985251 22462180
62985251 22641532
62985251 25842688
62985251 27633075
62985251 28207101
62985251 28465635
62985251 30734523
62985251 31331740
62985251 31414569
62985251 31547933
62985251 34428380
62985251 39056518
62985251 40076725
62985251 40981798
62985251 43003845
62985251 43725128
62985251 44473103
62985251 44483734
62985251 45203505
62985251 47083979
62985251 49315012
62985251 49588164
62985251 54228724
62985251 56002807
62985251 57496410
62985251 60361873
62985251 60448763
62985251 65894526
62985251 65974071
62985251 83943787
62985251 88323281
62985251 90888992
62985251 100318079
62985251 115224382
62985251 117674417
62985251 121533789
62985251 133055665
62985251 158419434
62985251 163381338
62985251 169554488
62985251 177345928
62985251 187773078
62985251 195814649
62985251 203247686
62985251 211277445
62985251 214968599
62985251 217488200
62985251 226629405
62985251 238260874
62985251 241159821
62985251 263838766
62985251 280935165
62985251 302191488
62985251 307458983
62985251 317076339
62985251 360245938
62985251 374052936
62985251 442494754
62985251 546135380
63169333 55917979
63169333 84903965
63169333 127684106
63169333 129631184
63169333 187773078
63169333 188045721
63226359 57426978
63226359 81704742
63226359 165849510
63226359 303486555
63226359 331372178
63808966 14425825
63808966 15460081
63808966 22440364
63808966 22592948
63808966 23375688
63808966 25970331
63808966 27772095
63808966 34507480
63808966 37008705
63808966 148081553
63808966 339373057
64489627 22465184
64489627 52473265
64489627 65370547
64489627 118570373
64496469 14389658
64496469 15827434
64496469 17644044
64496469 17868918
64496469 18111446
64496469 18818941
64496469 18886119
64496469 18951737
64496469 18996905
64496469 18999599
64496469 19358562
64496469 22462180
64496469 23408265
64496469 26784273
64496469 30732862
64496469 30734523
64496469 31545838
64496469 33329113
64496469 34428380
64496469 40981798
64496469 43003845
64496469 44394333
64496469 52081613
64532921 18504495
64532921 69033178
64532921 129631184
64532921 142715837
64558032 34942750
64558032 66661590
64558032 97463613
64558032 164804966
64558032 239575192
65096005 16854388
65096005 25689832
65096005 30478394
65096005 31294167
65096005 35065277
65096005 37060481
65096005 39805814
65096005 41469982
65096005 42253232
65096005 43607200
65096005 45435999
65096005 46750407
65096005 51613496
65096005 52473265
65096005 59630220
65096005 66409671
65096005 68207378
65096005 74548256
65096005 77607254
65096005 84903965
65096005 93051876
65096005 99631222
65096005 109568333
65096005 110253180
65096005 116099511
65096005 117793928
65096005 119217419
65096005 120627547
65096005 123121569
65096005 127684106
65096005 129631184
65096005 144319796
65096005 151222208
65096005 155989324
65096005 157137446
65096005 166724912
65096005 175830894
65096005 186182395
65096005 207601901
65096005 222248052
65096005 241957644
65096005 357331432
65370547 16854388
65370547 28628582
65370547 30478394
65370547 35065277
65370547 40355959
65370547 46750407
65370547 52473265
65370547 61352392
65370547 64489627
65370547 66661590
65370547 80096702
65370547 99631222
65370547 110708265
65370547 120208344
65370547 123121569
65370547 127618089
65370547 129631184
65370547 140203448
65370547 157137446
65894526 2367911
65894526 6581292
65894526 8088112
65894526 8163442
65894526 12459972
65894526 14230524
65894526 14486007
65894526 14929280
65894526 15023872
65894526 15150609
65894526 15186688
65894526 15843910
65894526 16503181
65894526 17434613
65894526 17759158
65894526 17868918
65894526 17919972
65894526 18149078
65894526 18314308
65894526 18951737
65894526 18996905
65894526 19349053
65894526 19358562
65894526 19493072
65894526 19705747
65894526 21068395
65894526 21447363
65894526 21548772
65894526 22462180
65894526 24444592
65894526 27633075
65894526 28465635
65894526 30734523
65894526 31331740
65894526 31414569
65894526 34428380
65894526 39056518
65894526 40076725
65894526 40981798
65894526 43003845
65894526 47083979
65894526 56002807
65894526 57496410
65894526 60361873
65894526 62985251
65894526 68978681
65894526 83417972
65894526 83943787
65894526 88323281
65894526 88723349
65894526 88782469
65894526 90888992
65894526 95260836
65894526 100318079
65894526 116036694
65894526 117674417
65894526 121533789
65894526 133055665
65894526 151338729
65894526 158419434
65894526 169554488
65894526 195814649
65894526 203247686
65894526 214968599
65894526 217488200
65894526 226629405
65894526 238260874
65894526 241159821
65894526 263838766
65894526 280935165
65894526 302191488
65894526 307458983
65894526 317076339
65894526 349994706
65894526 380580781
65894526 388556323
65894526 442494754
65974071 15186688
65974071 15843910
65974071 16102927
65974071 17448545
65974071 17919972
65974071 17968886
65974071 22462180
65974071 24766630
65974071 31331740
65974071 32910351
65974071 36767299
65974071 40981798
65974071 43003845
65974071 49737738
65974071 67478582
66158559 40703590
66158559 67119770
66158559 78991357
66158559 100113633
66158559 106765077
66158559 131888932
66158559 141400436
66158559 144146678
66158559 152343162
66158559 162209030
66158559 193291779
66158559 208353282
66158559 215759738
66158559 228624227
66158559 232350989
66158559 235321144
66158559 250353576
66158559 281667160
66158559 303177511
66158559 369830135
66158559 370402681
66178366 109057557
66190348 34046028
66190348 69349768
66190348 106142776
66190348 123121569
66190348 127684106
66190348 129267461
66190348 129631184
66190348 157137446
66235505 8088112
66235505 18996905
66235505 19705747
66235505 21068395
66235505 22462180
66235505 23894637
66235505 24444592
66235505 26929220
66235505 27633075
66235505 28176041
66235505 28465635
66235505 31331740
66235505 34428380
66235505 39056518
66235505 40981798
66235505 43003845
66235505 44473103
66235505 70492333
66235505 75873304
66235505 76494006
66235505 83943787
66235505 85716069
66235505 87557311
66235505 88323281
66235505 88782469
66235505 95260836
66235505 113058991
66235505 116498875
66235505 117674417
66235505 124634906
66235505 126391227
66235505 133055665
66235505 134548250
66235505 143169862
66235505 155951259
66235505 158419434
66235505 163203962
66235505 164804966
66235505 166214735
66235505 189898898
66235505 195475105
66235505 213777144
66235505 220729949
66235505 221010883
66235505 238260874
66235505 263838766
66300747 16729508
66300747 17503591
66300747 26385463
66300747 36767299
66300747 40981798
66300747 65974071
66398898 8088112
66398898 9317502
66398898 12459972
66398898 14192900
66398898 15150609
66398898 15393649
66398898 19836737
66398898 22462180
66398898 25842688
66398898 27307810
66398898 29512930
66398898 30749396
66398898 34041607
66398898 34428380
66398898 37103150
66398898 37319411
66398898 38690166
66398898 40368156
66398898 40981798
66398898 43003845
66398898 43186460
66398898 43429151
66398898 45678199
66398898 46997754
66398898 49064411
66398898 49315012
66398898 49394054
66398898 51828073
66398898 52244792
66398898 53440054
66398898 58005076
66398898 59950184
66398898 61352392
66398898 62976139
66398898 66661590
66398898 69127992
66398898 70458047
66398898 78756744
66398898 81704742
66398898 82393622
66398898 83955939
66398898 95765264
66398898 98928134
66398898 99741379
66398898 109390923
66398898 109930226
66398898 110708265
66398898 116245256
66398898 119901002
66398898 124592955
66398898 127725192
66398898 149578245
66398898 195814649
66398898 199696620
66398898 215980492
66398898 235382801
66398898 238260874
66398898 251261925
66398898 252042989
66398898 252668782
66398898 263838766
66398898 319319045
66409671 16854388
66409671 25689832
66409671 30478394
66409671 35065277
66409671 37060481
66409671 39622856
66409671 39805814
66409671 40355959
66409671 41469982
66409671 42253232
66409671 43186460
66409671 43607200
66409671 45435999
66409671 46750407
66409671 51613496
66409671 57701952
66409671 65096005
66409671 68207378
66409671 77607254
66409671 99631222
66409671 110253180
66409671 116099511
66409671 116245256
66409671 119217419
66409671 120627547
66409671 123121569
66409671 129631184
66409671 155989324
66409671 157137446
66409671 186182395
66409671 207601901
66409671 214202608
66491235 40703590
66491235 78991357
66491235 112178021
66491235 152343162
66491235 158455991
66491235 235321144
66661590 34942750
66661590 53658654
66661590 54725490
66661590 57426978
66661590 66398898
66661590 70458047
66661590 94111672
66661590 97463613
66661590 109390923
66661590 119901002
66661590 126666372
66661590 128260873
66661590 158821955
66661590 164804966
66661590 215980492
66661590 252668782
67119770 40703590
67119770 55492770
67119770 66158559
67119770 89441393
67119770 99175138
67119770 106765077
67119770 107832484
67119770 110157900
67119770 116605328
67119770 131888932
67119770 141400436
67119770 142081739
67119770 144146678
67119770 158455991
67119770 184406493
67119770 193291779
67119770 208353282
67119770 215759738
67119770 224384233
67119770 228624227
67119770 241678730
67119770 250353576
67119770 303177511
67119770 322724917
67119770 369830135
67119770 409154171
67122557 19836737
67122557 21068395
67122557 22462180
67122557 25842688
67122557 27307810
67122557 28465635
67122557 31331740
67122557 31545838
67122557 34428380
67122557 40981798
67122557 43003845
67122557 45361614
67122557 45678199
67122557 49315012
67122557 51543792
67122557 53440054
67122557 58552646
67122557 66398898
67122557 69127992
67122557 70492333
67122557 81704742
67122557 83955939
67122557 86173523
67122557 87995349
67122557 88323281
67122557 113058991
67122557 134548250
67122557 137156454
67122557 149680650
67122557 164804966
67122557 189898898
67122557 238260874
67122557 252668782
67478582 16729508
67478582 18734884
67478582 19832580
67478582 31331740
67478582 39560403
67478582 40981798
67478582 49737738
67478582 65974071
67478582 111728171
67970853 49075375
67970853 106765077
67970853 110194770
67970853 110472918
67970853 112178021
67970853 152343162
67970853 162209030
67970853 171692646
67970853 184406493
67970853 210188819
67970853 224619935
67970853 232350989
67970853 235321144
67970853 369830135
68567671 52473265
68567671 59630220
68567671 120627547
68567671 151222208
68567671 222248052
68567671 311123328
68838777 14230524
68838777 21447363
68838777 40981798
68978681 40981798
68978681 43003845
68978681 95260836
68978681 187773078
69033178 40703590
69033178 64532921
69033178 92500075
69033178 110708265
69033178 140613139
69033178 142391105
69033178 187209808
69033178 227678669
69054114 15150609
69054114 22462180
69054114 28465635
69054114 30749396
69054114 31331740
69054114 34041607
69054114 37103150
69054114 38690166
69054114 39056518
69054114 40981798
69054114 43003845
69054114 43429151
69054114 49064411
69054114 52244792
69054114 88323281
69054114 99741379
69054114 117674417
69054114 238260874
69054114 252668782
69054114 263838766
69054114 319319045
69106995 61352392
69106995 109390923
69106995 371054607
69127992 9317502
69127992 14192900
69127992 15393649
69127992 19836737
69127992 27307810
69127992 32144146
69127992 38690166
69127992 49064411
69127992 83955939
69127992 99741379
69127992 109930226
69127992 149578245
69349768 34046028
69349768 43180035
69349768 52094943
69349768 52473265
69349768 52934833
69349768 55917979
69349768 58356127
69349768 65504845
69349768 66190348
69349768 69995907
69349768 70242865
69349768 72097691
69349768 74548256
69349768 75721164
69349768 78384692
69349768 78702020
69349768 91884854
69349768 92782231
69349768 106142776
69349768 110253180
69349768 112178021
69349768 116099511
69349768 120208344
69349768 120627547
69349768 123121569
69349768 127684106
69349768 129631184
69349768 130720241
69349768 142391105
69349768 146250354
69349768 151222208
69349768 206923101
69483760 28628582
69483760 50884531
69483760 120208344
69483760 147999706
69483760 168193966
69548480 2367911
69548480 14222518
69548480 14230524
69548480 14607172
69548480 15843910
69548480 15846407
69548480 16452939
69548480 16870853
69548480 17919972
69548480 18755564
69548480 18996905
69548480 19493072
69548480 19705747
69548480 21053050
69548480 21447363
69548480 22462180
69548480 23798922
69548480 24374481
69548480 25165216
69548480 25440850
69548480 26929220
69548480 28207101
69548480 30734523
69548480 31268064
69548480 31331740
69548480 31545838
69548480 34428380
69548480 36767299
69548480 37699718
69548480 39056518
69548480 40981798
69548480 41110545
69548480 42533748
69548480 42576711
69548480 43003845
69548480 46754170
69548480 47070076
69548480 50794628
69548480 52376868
69548480 69592091
69548480 83943787
69548480 86980896
69548480 94875848
69548480 100318079
69548480 110524784
69548480 116036694
69548480 116498875
69548480 120666148
69548480 121533789
69548480 123371682
69548480 147179367
69548480 151338729
69548480 204140367
69548480 317076339
69592091 2367911
69592091 14230524
69592091 16452939
69592091 16807528
69592091 17581754
69592091 17868918
69592091 18149078
69592091 18996905
69592091 19358562
69592091 19493072
69592091 21362105
69592091 22462180
69592091 24788654
69592091 25156416
69592091 26604704
69592091 26929220
69592091 27633075
69592091 28207101
69592091 28444033
69592091 31331740
69592091 34428380
69592091 36008570
69592091 36767299
69592091 40076725
69592091 40981798
69592091 43003845
69592091 46209291
69592091 46754170
69592091 47070076
69592091 56423330
69592091 69548480
69592091 70492333
69592091 83943787
69592091 90850337
69592091 94875848
69592091 100318079
69592091 103598216
69592091 106837463
69592091 110524784
69592091 116036694
69592091 116498875
69592091 119226871
69592091 121533789
69592091 122794139
69592091 123371682
69592091 132543607
69592091 144631425
69592091 149538028
69592091 151338729
69592091 168152689
69592091 173732041
69592091 187773078
69592091 195475105
69592091 196680777
69592091 204140367
69592091 204317520
69592091 206004138
69592091 217796457
69592091 229039814
69592091 259842341
69592091 270449528
69592091 276308596
69592091 280935165
69592091 291295571
69592091 291378807
69592091 302847930
69592091 307458983
69592091 314316607
69592091 317076339
69592091 356190582
69592091 376946114
69592091 380580781
69592091 393543834
69592091 430182387
69592091 430313102
69592091 439788025
69592091 442400135
69592091 522013186
69944557 43186460
69944557 85687328
69944557 142715837
69944557 202369108
69995907 69349768
69995907 158800506
70114798 8088112
70114798 9317502
70114798 12459972
70114798 21068395
70114798 22462180
70114798 25842688
70114798 27633075
70114798 28465635
70114798 30749396
70114798 31331740
70114798 34428380
70114798 35041070
70114798 37103150
70114798 37319411
70114798 40981798
70114798 43003845
70114798 44473103
70114798 49315012
70114798 56825612
70114798 66398898
70114798 70492333
70114798 75873304
70114798 83955939
70114798 86173523
70114798 88323281
70114798 98928134
70114798 99741379
70114798 100318079
70114798 108633391
70114798 113058991
70114798 115505999
70114798 116036694
70114798 117674417
70114798 124634906
70114798 133055665
70114798 137156454
70114798 158419434
70114798 189898898
70114798 215980492
70114798 238260874
70114798 247018076
70114798 319319045
70188615 106142776
70188615 187209808
70242865 39000244
70242865 46750407
70242865 52934833
70242865 65504845
70242865 69349768
70242865 117948376
70242865 118570373
70242865 129631184
70242865 142391105
70242865 157137446
70242865 175830894
70458047 28628582
70458047 30478394
70458047 30723701
70458047 31294167
70458047 39793140
70458047 43186460
70458047 43429151
70458047 46750407
70458047 50884531
70458047 51613496
70458047 52473265
70458047 53524177
70458047 54725490
70458047 58356127
70458047 66398898
70458047 66661590
70458047 75721164
70458047 93051876
70458047 94111672
70458047 109390923
70458047 112178021
70458047 115436566
70458047 116099511
70458047 116245256
70458047 120208344
70458047 123121569
70458047 127684106
70458047 128260873
70458047 129631184
70458047 137027740
70458047 140203448
70458047 164804966
70458047 168193966
70458047 214202608
70458047 215980492
70458047 252668782
70458047 268914056
70492333 2367911
70492333 8088112
70492333 8163442
70492333 14486007
70492333 16870853
70492333 17581754
70492333 17868918
70492333 18996905
70492333 19705747
70492333 21362105
70492333 22462180
70492333 23894637
70492333 24444592
70492333 26929220
70492333 27633075
70492333 28176041
70492333 28465635
70492333 30924124
70492333 31331740
70492333 33792219
70492333 34428380
70492333 35308050
70492333 36897543
70492333 39056518
70492333 40968863
70492333 40981798
70492333 42085197
70492333 42576711
70492333 43003845
70492333 49588164
70492333 51543792
70492333 52406684
70492333 54228724
70492333 54581743
70492333 54611487
70492333 69592091
70492333 72695654
70492333 73252844
70492333 75873304
70492333 76178518
70492333 76494006
70492333 78751746
70492333 80461949
70492333 83307244
70492333 83417972
70492333 86974093
70492333 87557311
70492333 89463324
70492333 93998005
70492333 100318079
70492333 102765423
70492333 116036694
70492333 117674417
70492333 120627547
70492333 127684106
70492333 129840088
70492333 131677027
70492333 133783957
70492333 141368711
70492333 142851768
70492333 148519842
70492333 156004026
70492333 161465015
70492333 168834731
70492333 179699335
70492333 186212304
70492333 193593048
70492333 205710774
70492333 234047967
70492333 238260874
70492333 241159821
71174380 14230524
71174380 15846407
71174380 37687221
71174380 40981798
71174380 184910040
71614377 30723701
71614377 31294167
71614377 39000244
71614377 49148265
71614377 53524177
71614377 95797963
71614377 100309986
71614377 268914056
72097691 66661590
72097691 69349768
72097691 70458047
72097691 117948376
72097691 123121569
72097691 140203448
72097691 214106450
72519886 39000244
72519886 40355959
72519886 55917979
72519886 85716069
72519886 106142776
72519886 107512718
72519886 129631184
72519886 177522486
72695654 22462180
72695654 34428380
72695654 40981798
72695654 43003845
72695654 51543792
72695654 52406684
72695654 54611487
72695654 73252844
72695654 78751746
72695654 83307244
72695654 89463324
72695654 142851768
72695654 168834731
72695654 238260874
73025843 24051168
73025843 40703590
73025843 49075375
73025843 53614354
73025843 55492770
73025843 66158559
73025843 66491235
73025843 67119770
73025843 67970853
73025843 75395723
73025843 78991357
73025843 81211471
73025843 86281179
73025843 89441393
73025843 95974196
73025843 99175138
73025843 100113633
73025843 106765077
73025843 107832484
73025843 110157900
73025843 110194770
73025843 110472918
73025843 111951477
73025843 112178021
73025843 113947726
73025843 116605328
73025843 131888932
73025843 141400436
73025843 142081739
73025843 144146678
73025843 149626047
73025843 152343162
73025843 152490004
73025843 158455991
73025843 162209030
73025843 171692646
73025843 184406493
73025843 189242210
73025843 191596466
73025843 193291779
73025843 195475105
73025843 197612216
73025843 208353282
73025843 210188819
73025843 215759738
73025843 216436275
73025843 224384233
73025843 224619935
73025843 228624227
73025843 232350989
73025843 235321144
73025843 238215599
73025843 241678730
73025843 250353576
73025843 281667160
73025843 303177511
73025843 304680205
73025843 322724917
73025843 369830135
73025843 370402681
73025843 409154171
73025843 432021286
73252844 2367911
73252844 8088112
73252844 17868918
73252844 22462180
73252844 24444592
73252844 28445357
73252844 28838048
73252844 28845997
73252844 31331740
73252844 33792219
73252844 34428380
73252844 35308050
73252844 40981798
73252844 42085197
73252844 43003845
73252844 44473103
73252844 51543792
73252844 52406684
73252844 54228724
73252844 54611487
73252844 70492333
73252844 72695654
73252844 78751746
73252844 88323281
73252844 89463324
73252844 117674417
73252844 120627547
73252844 127684106
73252844 129840088
73252844 238260874
73252844 241159821
73793971 39793140
73793971 43186460
73793971 52473265
73793971 61352392
73793971 70458047
73793971 75721164
73793971 110708265
73793971 127618089
73793971 129631184
73793971 147999706
73793971 157137446
73793971 164804966
73793971 227678669
73908891 4034721
73908891 13228072
73908891 14389658
73908891 15827434
73908891 16499399
73908891 17644044
73908891 17868918
73908891 17919972
73908891 18824766
73908891 18886119
73908891 18996905
73908891 19773780
73908891 19974427
73908891 20855746
73908891 21447363
73908891 24429991
73908891 26604704
73908891 30734523
73908891 33329113
73908891 34428380
73908891 40981798
73908891 43003845
73908891 44394333
73908891 49824572
73908891 52081613
73908891 100220864
74548256 16854388
74548256 21572976
74548256 23277227
74548256 25689832
74548256 30478394
74548256 35065277
74548256 39805814
74548256 41469982
74548256 42253232
74548256 46904723
74548256 51543792
74548256 51613496
74548256 51828073
74548256 52473265
74548256 54611487
74548256 59630220
74548256 65096005
74548256 68207378
74548256 69349768
74548256 77607254
74548256 78702020
74548256 84903965
74548256 105351998
74548256 115436566
74548256 116099511
74548256 120627547
74548256 123121569
74548256 127618089
74548256 127684106
74548256 129631184
74548256 151222208
74548256 155989324
74548256 157137446
74548256 166724912
74548256 169108031
74548256 212329156
74548256 241957644
74860418 14230524
74860418 17434613
74860418 17581754
74860418 17919972
74860418 19493072
74860418 21447363
74860418 22462180
74860418 23375688
74860418 27633075
74860418 28465635
74860418 31331740
74860418 34428380
74860418 37699718
74860418 40981798
74860418 43003845
74860418 53496283
74860418 53658654
74860418 54228724
74860418 70492333
74860418 76494006
74860418 85716069
74860418 87557311
74860418 88323281
74860418 88782469
74860418 100318079
74860418 108633391
74860418 113058991
74860418 116498875
74860418 120666148
74860418 126391227
74860418 129631184
74860418 131369976
74860418 134548250
74860418 136046012
74860418 137156454
74860418 139872488
74860418 143169862
74860418 149680650
74860418 155951259
74860418 158419434
74860418 166811519
74860418 175431001
74860418 184097849
74860418 188108667
74860418 238260874
74860418 263838766
74860418 307458983
75395723 81211471
75395723 106765077
75395723 116605328
75395723 142081739
75395723 152343162
75395723 152490004
75395723 193291779
75395723 208353282
75395723 215759738
75395723 224384233
75395723 228624227
75395723 232350989
75395723 250353576
75395723 303177511
75395723 304680205
75395723 369830135
75395723 432021286
75721164 31294167
75721164 46750407
75721164 52473265
75721164 53524177
75721164 70458047
75721164 80096702
75721164 83443129
75721164 99387429
75721164 110708265
75721164 123121569
75721164 127684106
75721164 129631184
75721164 147999706
75873304 19493072
75873304 22462180
75873304 26929220
75873304 27633075
75873304 28176041
75873304 28465635
75873304 31331740
75873304 34428380
75873304 39056518
75873304 40981798
75873304 43003845
75873304 51543792
75873304 69592091
75873304 70492333
75873304 76494006
75873304 86974093
75873304 88323281
75873304 88782469
75873304 100318079
75873304 117674417
75873304 238260874
76178518 40981798
76178518 51543792
76494006 15150609
76494006 17581754
76494006 18996905
76494006 22462180
76494006 28176041
76494006 28465635
76494006 31331740
76494006 34428380
76494006 40981798
76494006 43003845
76494006 51543792
76494006 54611487
76494006 70492333
76494006 75873304
76494006 78751746
76494006 83417972
76494006 86974093
76494006 87557311
76494006 88323281
76494006 88782469
76494006 95260836
76494006 113058991
76494006 116036694
76494006 131369976
76494006 134548250
76494006 137156454
76494006 155661154
76494006 175431001
76990669 14230524
76990669 17434613
76990669 17919972
76990669 21447363
76990669 22462180
76990669 26090319
76990669 27633075
76990669 28465635
76990669 31331740
76990669 34428380
76990669 39164092
76990669 40981798
76990669 43003845
76990669 49315012
76990669 88323281
76990669 117674417
76990669 133055665
76990669 149680650
76990669 189898898
76990669 238260874
76990669 263838766
77607254 16854388
77607254 25689832
77607254 30478394
77607254 35065277
77607254 37060481
77607254 39622856
77607254 39805814
77607254 40355959
77607254 41469982
77607254 42253232
77607254 43607200
77607254 45435999
77607254 46750407
77607254 51613496
77607254 52473265
77607254 59630220
77607254 65096005
77607254 66409671
77607254 68207378
77607254 74548256
77607254 84903965
77607254 93051876
77607254 99631222
77607254 110253180
77607254 116099511
77607254 117793928
77607254 119217419
77607254 120208344
77607254 120627547
77607254 123121569
77607254 127684106
77607254 129267461
77607254 129631184
77607254 144319796
77607254 155989324
77607254 157137446
77607254 166724912
77607254 175830894
77607254 186182395
77607254 207601901
77607254 281222130
77618627 2367911
77618627 8088112
77618627 8735592
77618627 14230524
77618627 17759158
77618627 17868918
77618627 17919972
77618627 18149078
77618627 18951737
77618627 18996905
77618627 19149447
77618627 19358562
77618627 19493072
77618627 19705747
77618627 22462180
77618627 26604704
77618627 26929220
77618627 27633075
77618627 28465635
77618627 31331740
77618627 34428380
77618627 36008570
77618627 40076725
77618627 40981798
77618627 43003845
77618627 46209291
77618627 69548480
77618627 69592091
77618627 83943787
77618627 90850337
77618627 92336981
77618627 100318079
77618627 103598216
77618627 107830991
77618627 116036694
77618627 121533789
77618627 123371682
77618627 133055665
77618627 149538028
77618627 151338729
77618627 158419434
77618627 173732041
77618627 187773078
77618627 195475105
77618627 196680777
77618627 204140367
77618627 204317520
77618627 217796457
77618627 224160357
77618627 229039814
77618627 230880104
77618627 238260874
77618627 241159821
77618627 259842341
77618627 263838766
77618627 270449528
77618627 280935165
77618627 291378807
77618627 302847930
77618627 314316607
77618627 317076339
77618627 376946114
77618627 380580781
77618627 430182387
77618627 440963134
77618627 442400135
78384692 21572976
78384692 65504845
78384692 66661590
78384692 69349768
78384692 85687328
78384692 92782231
78384692 106142776
78384692 120208344
78384692 127618089
78384692 129631184
78384692 212329156
78384692 227678669
78702020 57426978
78702020 74548256
78702020 80096702
78702020 164804966
78751746 51543792
78751746 52406684
78751746 54228724
78751746 54581743
78751746 54611487
78751746 73252844
78751746 80461949
78751746 83307244
78751746 142851768
78756744 8088112
78756744 9317502
78756744 19149447
78756744 22462180
78756744 25842688
78756744 27633075
78756744 28465635
78756744 29512930
78756744 30749396
78756744 31331740
78756744 34041607
78756744 34428380
78756744 35041070
78756744 37103150
78756744 37319411
78756744 39592331
78756744 40974224
78756744 40981798
78756744 43003845
78756744 43429151
78756744 46997754
78756744 49064411
78756744 51079779
78756744 52244792
78756744 53440054
78756744 56825612
78756744 57431614
78756744 58552646
78756744 59950184
78756744 59959466
78756744 66398898
78756744 81704742
78756744 83943787
78756744 84980138
78756744 86173523
78756744 86561505
78756744 98928134
78756744 99712896
78756744 99741379
78756744 108633391
78756744 115505999
78756744 117674417
78756744 133055665
78756744 149680650
78756744 161433080
78756744 188108667
78756744 189898898
78756744 199043892
78756744 238260874
78756744 251261925
78756744 252668782
78756744 263838766
78756744 319319045
78991357 24051168
78991357 40703590
78991357 66158559
78991357 66491235
78991357 89441393
78991357 95974196
78991357 110157900
78991357 111951477
78991357 112178021
78991357 116605328
78991357 131888932
78991357 141400436
78991357 142081739
78991357 144146678
78991357 149626047
78991357 152490004
78991357 162209030
78991357 191596466
78991357 193291779
78991357 208353282
78991357 210188819
78991357 216436275
78991357 224619935
78991357 228624227
78991357 232350989
78991357 241678730
78991357 250353576
78991357 281667160
78991357 303177511
78991357 304680205
79806862 23277227
79806862 40981798
79806862 43003845
79806862 57426978
79806862 66661590
79806862 81704742
79806862 94111672
79806862 112178021
79806862 123121569
79806862 127618089
79806862 128260873
79806862 147228841
79806862 164804966
79806862 165849510
79806862 168224294
79806862 215980492
79806862 220729949
79806862 303486555
79806862 331372178
80096702 21572976
80096702 57426978
80096702 75721164
80096702 78702020
80096702 85687328
80096702 94111672
80096702 106142776
80096702 115436566
80096702 119217419
80096702 120208344
80096702 127618089
80096702 129631184
80096702 137027740
80096702 142391105
80096702 164804966
80096702 168193966
80096702 186688919
80096702 227678669
80096702 251261925
80461949 2367911
80461949 8163442
80461949 23894637
80461949 42085197
81211471 75395723
81211471 85922753
81211471 99175138
81211471 110157900
81211471 110472918
81211471 111951477
81211471 112178021
81211471 116605328
81211471 141400436
81211471 152490004
81211471 162209030
81211471 171692646
81211471 184406493
81211471 208353282
81211471 210188819
81211471 215759738
81211471 224384233
81211471 224619935
81211471 232350989
81211471 235321144
81211471 250353576
81211471 281667160
81211471 304680205
81211471 369830135
81631697 9938852
81631697 17434613
81631697 21068395
81631697 26090319
81631697 28465635
81631697 34428380
81631697 36475508
81631697 40981798
81631697 43003845
81631697 44473103
81631697 53658654
81631697 54228724
81631697 81704742
81631697 85716069
81631697 88323281
81631697 107512718
81631697 155661154
81631697 189898898
81631697 195475105
81631697 213777144
81631697 220729949
81631697 546135380
81704742 9317502
81704742 14192900
81704742 34041607
81704742 40974224
81704742 61352392
81704742 63226359
81704742 66398898
81704742 78756744
81704742 79806862
81704742 86173523
81704742 107512718
81704742 108633391
81704742 109390923
81704742 109930226
81704742 128260873
81704742 131294912
81704742 137156454
81704742 149680650
81704742 158821955
81704742 163203962
81704742 165849510
81704742 168224294
81704742 189898898
81704742 195475105
81704742 213777144
81704742 215980492
81704742 224688614
81704742 247018076
81704742 251261925
81704742 252668782
81704742 281674948
81704742 290092792
81704742 303486555
81704742 322690327
81704742 331372178
82393622 14192900
82393622 15393649
82393622 38690166
82393622 99741379
82393622 109930226
82393622 115505999
82393622 235382801
82393622 252668782
82730256 8735592
82730256 14389658
82730256 15827434
82730256 16729508
82730256 17166447
82730256 17503591
82730256 17644044
82730256 17868918
82730256 17919972
82730256 18886119
82730256 18951737
82730256 18996905
82730256 19358562
82730256 40981798
82730256 49824572
82730256 52081613
82730256 64496469
82730256 249471003
83307244 22462180
83307244 27633075
83307244 34428380
83307244 40981798
83307244 51543792
83307244 52406684
83307244 54611487
83307244 72695654
83307244 73252844
83307244 78751746
83307244 83417972
83307244 86974093
83307244 87557311
83307244 89463324
83307244 100318079
83307244 120627547
83307244 129840088
83307244 141368711
83307244 205710774
83417972 8088112
83417972 17434613
83417972 17581754
83417972 17868918
83417972 17919972
83417972 18734884
83417972 18996905
83417972 19349053
83417972 22462180
83417972 24444592
83417972 27633075
83417972 28445357
83417972 28465635
83417972 28838048
83417972 28845997
83417972 31331740
83417972 31545838
83417972 32385762
83417972 34428380
83417972 40076725
83417972 40981798
83417972 43003845
83417972 46209291
83417972 51543792
83417972 53496283
83417972 65894526
83417972 66235505
83417972 70492333
83417972 75873304
83417972 76494006
83417972 80461949
83417972 83307244
83417972 83943787
83417972 85716069
83417972 86561505
83417972 86974093
83417972 87557311
83417972 88323281
83417972 88782469
83417972 96446770
83417972 99712896
83417972 100318079
83417972 107512718
83417972 107830991
83417972 113058991
83417972 116036694
83417972 126391227
83417972 131294912
83417972 137156454
83417972 143169862
83417972 148519842
83417972 149657313
83417972 149680650
83417972 155661154
83417972 155951259
83417972 158419434
83417972 175431001
83417972 184097849
83417972 188108667
83417972 195475105
83417972 197504076
83417972 214968599
83417972 217506336
83417972 220729949
83417972 221829166
83417972 226629405
83417972 229871864
83417972 263838766
83417972 270449528
83417972 307458983
83417972 364971269
83417972 459737164
83443129 75721164
83943787 2367911
83943787 6581292
83943787 8088112
83943787 8735592
83943787 14230524
83943787 14607172
83943787 16807528
83943787 17868918
83943787 18149078
83943787 18734884
83943787 18996905
83943787 19063323
83943787 19358562
83943787 19493072
83943787 19705747
83943787 21295636
83943787 22462180
83943787 23798922
83943787 26604704
83943787 26929220
83943787 27633075
83943787 29300489
83943787 31331740
83943787 34428380
83943787 39056518
83943787 40076725
83943787 40981798
83943787 41110545
83943787 43003845
83943787 46209291
83943787 46754170
83943787 47070076
83943787 50794628
83943787 52325324
83943787 69548480
83943787 69592091
83943787 77618627
83943787 90850337
83943787 92336981
83943787 93419379
83943787 100318079
83943787 103598216
83943787 107830991
83943787 110524784
83943787 116036694
83943787 118891136
83943787 119226871
83943787 123371682
83943787 133055665
83943787 134548250
83943787 143169862
83943787 144631425
83943787 147179367
83943787 149538028
83943787 151338729
83943787 158419434
83943787 168152689
83943787 173732041
83943787 177345928
83943787 187773078
83943787 188186842
83943787 195475105
83943787 196680777
83943787 204140367
83943787 204317520
83943787 206004138
83943787 214968599
83943787 217796457
83943787 224160357
83943787 228979300
83943787 229039814
83943787 230424016
83943787 230880104
83943787 259842341
83943787 270449528
83943787 276308596
83943787 278652553
83943787 278695868
83943787 280935165
83943787 302847930
83943787 307458983
83943787 314316607
83943787 317076339
83943787 333815274
83943787 356190582
83943787 359811125
83943787 360245938
83943787 364917755
83943787 375317198
83943787 376946114
83943787 380580781
83943787 389742937
83943787 393543834
83943787 422224303
83943787 430182387
83943787 430313102
83943787 439788025
83943787 440963134
83943787 442400135
83943787 455186682
83943787 459737164
83943787 522013186
83955939 9317502
83955939 14192900
83955939 15393649
83955939 19836737
83955939 32144146
83955939 69127992
83955939 99741379
83955939 149578245
84903965 16854388
84903965 30478394
84903965 37060481
84903965 39622856
84903965 39805814
84903965 40355959
84903965 41469982
84903965 42253232
84903965 46750407
84903965 51543792
84903965 51613496
84903965 51828073
84903965 53452510
84903965 54611487
84903965 63169333
84903965 65096005
84903965 68207378
84903965 74548256
84903965 77607254
84903965 93051876
84903965 96469436
84903965 99631222
84903965 110253180
84903965 116099511
84903965 117948376
84903965 120627547
84903965 123121569
84903965 127618089
84903965 127684106
84903965 129631184
84903965 144319796
84903965 149957548
84903965 151222208
84903965 155989324
84903965 157137446
84903965 166724912
84903965 186182395
84903965 207601901
84903965 212329156
84903965 214202608
84903965 221413264
84903965 241957644
84903965 357331432
84980138 22462180
84980138 25842688
84980138 29512930
84980138 30749396
84980138 34041607
84980138 37103150
84980138 37319411
84980138 40981798
84980138 43003845
84980138 43429151
84980138 45678199
84980138 49064411
84980138 52244792
84980138 53440054
84980138 66398898
84980138 78756744
84980138 252668782
85687328 16854388
85687328 23277227
85687328 43186460
85687328 54725490
85687328 69944557
85687328 80096702
85687328 109390923
85687328 110708265
85687328 112178021
85687328 119901002
85687328 120208344
85687328 126666372
85687328 127618089
85687328 128260873
85687328 168193966
85687328 178581767
85687328 186688919
85687328 202369108
85687328 215980492
85687328 227678669
85716069 21068395
85716069 22462180
85716069 25970331
85716069 31331740
85716069 34428380
85716069 36475508
85716069 39056518
85716069 40981798
85716069 43003845
85716069 44473103
85716069 45361614
85716069 46404902
85716069 66235505
85716069 67122557
85716069 68838777
85716069 70114798
85716069 70492333
85716069 75873304
85716069 81631697
85716069 83417972
85716069 88323281
85716069 89754844
85716069 96446770
85716069 100318079
85716069 107512718
85716069 113058991
85716069 115363439
85716069 120627547
85716069 124634906
85716069 126391227
85716069 134548250
85716069 136046012
85716069 137156454
85716069 137788485
85716069 139872488
85716069 143169862
85716069 149657313
85716069 149680650
85716069 155661154
85716069 155951259
85716069 158419434
85716069 160053476
85716069 163203962
85716069 164804966
85716069 166811519
85716069 171324921
85716069 175431001
85716069 185300771
85716069 187773078
85716069 188108667
85716069 189898898
85716069 194403468
85716069 213777144
85716069 238260874
85716069 360245938
85922753 49315012
85922753 57386237
85922753 61352392
85922753 81211471
85922753 97463613
85922753 109390923
85922753 158821955
85922753 163203962
85922753 164804966
86173523 8088112
86173523 14486007
86173523 15150609
86173523 17868918
86173523 19149447
86173523 22462180
86173523 24444592
86173523 25842688
86173523 27307810
86173523 27633075
86173523 28445357
86173523 28838048
86173523 31331740
86173523 31545838
86173523 32385762
86173523 34428380
86173523 36475508
86173523 37103150
86173523 39056518
86173523 39592331
86173523 40974224
86173523 40981798
86173523 43003845
86173523 43429151
86173523 45678199
86173523 46997754
86173523 49064411
86173523 49315012
86173523 53440054
86173523 66398898
86173523 67122557
86173523 70114798
86173523 78756744
86173523 81704742
86173523 85716069
86173523 88323281
86173523 107512718
86173523 108633391
86173523 117674417
86173523 124634906
86173523 126391227
86173523 131294912
86173523 136046012
86173523 137156454
86173523 149680650
86173523 155951259
86173523 160053476
86173523 163203962
86173523 168224294
86173523 188108667
86173523 189898898
86173523 195475105
86173523 215980492
86173523 224688614
86173523 238260874
86173523 251261925
86173523 252668782
86173523 263838766
86173523 281674948
86281179 40703590
86281179 95974196
86281179 100113633
86281179 106765077
86281179 113947726
86281179 131888932
86281179 142081739
86281179 171692646
86281179 193291779
86281179 208353282
86281179 232350989
86281179 235321144
86281179 303177511
86560711 22462180
86560711 28465635
86560711 34428380
86560711 34942750
86560711 40703590
86560711 40981798
86560711 43003845
86560711 44473103
86560711 53658654
86560711 59908492
86560711 62193662
86560711 64558032
86560711 66661590
86560711 69592091
86560711 81211471
86560711 85922753
86560711 88323281
86560711 97463613
86560711 118445707
86560711 130295352
86560711 158821955
86560711 164804966
86560711 195475105
86560711 196680777
86560711 214106450
86560711 239575192
86974093 22462180
86974093 28465635
86974093 31331740
86974093 34428380
86974093 40981798
86974093 43003845
86974093 51543792
86974093 54581743
86974093 75873304
86974093 76494006
86974093 80461949
86974093 83307244
86974093 83417972
86974093 87557311
86974093 100318079
86974093 238260874
86974093 241159821
86980896 30734523
86980896 40981798
86980896 94875848
87019066 21572976
87019066 52934833
87019066 54725490
87019066 61352392
87019066 66398898
87019066 66661590
87019066 70458047
87019066 80096702
87019066 110708265
87019066 168193966
87019066 178581767
87019066 215980492
87019066 252668782
87557311 8088112
87557311 8163442
87557311 18996905
87557311 19493072
87557311 22462180
87557311 26929220
87557311 27633075
87557311 28176041
87557311 28465635
87557311 31331740
87557311 34428380
87557311 37699718
87557311 39056518
87557311 40981798
87557311 43003845
87557311 51543792
87557311 54228724
87557311 66235505
87557311 69592091
87557311 70492333
87557311 75873304
87557311 76494006
87557311 83307244
87557311 83417972
87557311 83943787
87557311 85716069
87557311 86974093
87557311 88323281
87557311 88782469
87557311 95260836
87557311 100318079
87557311 113058991
87557311 116036694
87557311 116498875
87557311 120666148
87557311 126391227
87557311 133055665
87557311 134548250
87557311 136046012
87557311 137156454
87557311 139872488
87557311 143169862
87557311 149680650
87557311 150273565
87557311 155661154
87557311 155951259
87557311 158419434
87557311 166214735
87557311 166811519
87557311 168224294
87557311 175431001
87557311 238260874
87995349 34428380
87995349 40981798
87995349 51543792
87995349 66398898
87995349 67122557
87995349 98928134
87995349 215980492
88323281 6581292
88323281 8088112
88323281 8163442
88323281 11866022
88323281 15186688
88323281 15280689
88323281 16807528
88323281 16870853
88323281 17654192
88323281 17868918
88323281 18951737
88323281 18996905
88323281 19063323
88323281 19358562
88323281 19705747
88323281 21548772
88323281 22462180
88323281 23894637
88323281 26929220
88323281 27520150
88323281 27633075
88323281 28176041
88323281 28465635
88323281 31331740
88323281 31414569
88323281 34428380
88323281 39056518
88323281 40981798
88323281 43003845
88323281 46997754
88323281 49588164
88323281 53496283
88323281 54611487
88323281 56002807
88323281 57496410
88323281 62985251
88323281 66235505
88323281 69592091
88323281 74860418
88323281 75873304
88323281 76494006
88323281 83417972
88323281 83943787
88323281 85716069
88323281 86173523
88323281 90850337
88323281 90888992
88323281 99712896
88323281 100318079
88323281 113058991
88323281 115221382
88323281 116036694
88323281 116498875
88323281 117674417
88323281 121533789
88323281 123371682
88323281 126391227
88323281 127684095
88323281 131369976
88323281 133055665
88323281 134548250
88323281 136046012
88323281 141696128
88323281 142715837
88323281 149680650
88323281 150273565
88323281 151338729
88323281 155661154
88323281 155951259
88323281 158419434
88323281 161433080
88323281 166811519
88323281 167449308
88323281 168224294
88323281 170460311
88323281 186212304
88323281 189592841
88323281 195475105
88323281 220729949
88323281 226629405
88323281 229039814
88323281 234167823
88323281 259842341
88323281 270449528
88323281 278652553
88323281 278695868
88323281 280935165
88323281 290092792
88323281 314316607
88323281 345543734
88323281 349994706
88323281 356190582
88323281 375317198
88323281 439788025
88323281 440963134
88323281 459737164
88323281 522013186
88723349 8088112
88723349 17919972
88723349 19149447
88723349 31331740
88723349 34428380
88723349 40981798
88782469 14230524
88782469 14486007
88782469 17868918
88782469 17919972
88782469 18996905
88782469 19349053
88782469 19493072
88782469 22462180
88782469 24444592
88782469 26929220
88782469 27633075
88782469 28465635
88782469 31331740
88782469 33792219
88782469 34428380
88782469 40981798
88782469 43003845
88782469 46209291
88782469 53658654
88782469 66235505
88782469 69592091
88782469 70492333
88782469 75873304
88782469 76494006
88782469 83417972
88782469 83943787
88782469 85716069
88782469 87557311
88782469 88323281
88782469 95260836
88782469 96446770
88782469 100318079
88782469 113058991
88782469 116036694
88782469 116498875
88782469 117674417
88782469 120666148
88782469 126391227
88782469 133055665
88782469 134548250
88782469 151338729
88782469 155661154
88782469 155951259
88782469 158419434
88782469 166811519
88782469 168224294
88782469 175431001
88782469 187773078
88782469 188108667
88782469 204317520
88782469 214968599
88782469 221829166
88782469 238260874
88782469 263838766
88782469 307458983
88782469 349994706
88782469 440963134
89003506 2367911
89003506 16008212
89003506 16264006
89003506 16729508
89003506 17014435
89003506 17448545
89003506 17868918
89003506 17879241
89003506 17919972
89003506 17968886
89003506 18107941
89003506 18886119
89003506 19832580
89003506 23235056
89003506 31331740
89003506 33329113
89003506 40981798
89003506 67478582
89003506 100220864
89003506 111728171
89441393 53614354
89441393 67119770
89441393 78991357
89441393 110157900
89441393 111951477
89441393 113947726
89441393 131888932
89441393 141400436
89441393 144146678
89441393 152490004
89441393 158455991
89441393 162209030
89441393 184406493
89441393 191596466
89441393 210188819
89441393 215759738
89441393 216436275
89441393 224384233
89441393 228624227
89441393 232350989
89441393 241678730
89441393 250353576
89441393 281667160
89441393 303177511
89441393 409154171
89754844 22462180
89754844 34428380
89754844 36475508
89754844 40981798
89754844 43003845
89754844 44473103
89754844 68838777
89754844 137788485
89754844 188108667
90497217 39000244
90497217 117948376
90497217 164804966
90850337 2367911
90850337 8088112
90850337 14230524
90850337 14486007
90850337 15023872
90850337 15186688
90850337 15843910
90850337 15846407
90850337 17919972
90850337 18734884
90850337 18996905
90850337 19358562
90850337 19493072
90850337 19705747
90850337 19832580
90850337 21362105
90850337 21447363
90850337 21466374
90850337 21548772
90850337 22462180
90850337 26604704
90850337 26929220
90850337 27520150
90850337 27633075
90850337 28207101
90850337 29300489
90850337 31331740
90850337 31545838
90850337 32774989
90850337 34428380
90850337 36767299
90850337 37699718
90850337 39056518
90850337 40076725
90850337 40981798
90850337 41110545
90850337 42533748
90850337 43003845
90850337 44473103
90850337 52325324
90850337 68838777
90850337 69592091
90850337 83943787
90850337 88323281
90850337 88782469
90850337 100318079
90850337 103598216
90850337 116036694
90850337 116498875
90850337 117674417
90850337 121533789
90850337 123371682
90850337 132543607
90850337 133055665
90850337 144631425
90850337 149538028
90850337 151338729
90850337 166214735
90850337 170460311
90850337 173732041
90850337 175431001
90850337 184097849
90850337 184910040
90850337 196680777
90850337 204317520
90850337 206004138
90850337 214968599
90850337 217796457
90850337 221829166
90850337 224160357
90850337 228979300
90850337 229039814
90850337 230880104
90850337 238260874
90850337 270449528
90850337 280935165
90850337 291378807
90850337 314316607
90850337 317076339
90850337 455186682
90888992 8088112
90888992 8163442
90888992 14486007
90888992 14929280
90888992 15150609
90888992 15843910
90888992 16503181
90888992 17434613
90888992 17759158
90888992 17868918
90888992 17919972
90888992 18314308
90888992 18996905
90888992 19705747
90888992 21068395
90888992 21447363
90888992 21548772
90888992 22462180
90888992 27633075
90888992 28465635
90888992 30734523
90888992 31331740
90888992 31414569
90888992 34428380
90888992 39056518
90888992 40981798
90888992 43003845
90888992 44483734
90888992 47083979
90888992 56002807
90888992 57496410
90888992 60361873
90888992 65894526
90888992 88323281
90888992 100318079
90888992 117674417
90888992 133055665
90888992 158419434
90888992 169554488
90888992 187773078
90888992 195814649
90888992 229871864
90888992 238260874
90888992 241159821
90888992 263838766
90888992 302191488
90888992 307458983
90888992 388556323
90888992 442494754
91884854 41469982
91884854 51543792
91884854 54611487
91884854 69349768
91884854 129631184
92336981 8088112
92336981 14451605
92336981 15023872
92336981 15186688
92336981 15843910
92336981 17654192
92336981 17759158
92336981 17868918
92336981 18149078
92336981 18951737
92336981 18996905
92336981 19063323
92336981 19358562
92336981 19493072
92336981 19705747
92336981 21548772
92336981 22462180
92336981 26929220
92336981 27633075
92336981 28465635
92336981 29911100
92336981 31331740
92336981 34428380
92336981 39056518
92336981 40981798
92336981 43003845
92336981 43381257
92336981 69548480
92336981 69592091
92336981 83943787
92336981 103598216
92336981 107830991
92336981 116036694
92336981 117674417
92336981 121533789
92336981 123371682
92336981 149538028
92336981 151338729
92336981 158419434
92336981 196680777
92336981 204140367
92336981 204317520
92336981 229039814
92336981 259842341
92336981 270449528
92336981 276308596
92336981 302847930
92336981 314316607
92336981 317076339
92336981 380580781
92500075 40703590
92500075 69033178
92500075 106765077
92500075 187209808
92782231 34046028
92782231 41870991
92782231 43180035
92782231 55917979
92782231 57426978
92782231 69349768
92782231 78384692
92782231 106142776
92782231 214106450
93051876 16854388
93051876 25689832
93051876 30478394
93051876 37060481
93051876 39805814
93051876 40355959
93051876 41469982
93051876 42253232
93051876 45435999
93051876 50884531
93051876 51613496
93051876 52473265
93051876 53452510
93051876 57701952
93051876 65096005
93051876 70458047
93051876 77607254
93051876 84903965
93051876 98809160
93051876 99631222
93051876 110253180
93051876 116099511
93051876 119217419
93051876 123121569
93051876 144319796
93051876 151222208
93051876 157137446
93051876 186182395
93051876 222248052
93051876 241957644
93051876 281222130
93051876 357331432
93257977 59630220
93257977 66661590
93257977 151222208
93419379 2367911
93419379 6581292
93419379 8088112
93419379 14230524
93419379 15843910
93419379 17868918
93419379 18149078
93419379 18996905
93419379 19358562
93419379 19493072
93419379 22462180
93419379 26929220
93419379 27633075
93419379 31331740
93419379 34428380
93419379 40076725
93419379 40981798
93419379 43003845
93419379 83943787
93419379 103598216
93419379 116036694
93419379 117674417
93419379 121533789
93419379 123371682
93419379 132543607
93419379 133055665
93419379 151338729
93419379 168152689
93419379 173732041
93419379 188186842
93419379 204140367
93419379 204317520
93419379 270449528
93419379 280935165
93419379 291378807
93419379 302191488
93419379 302847930
93419379 380580781
93419379 430313102
93419379 440963134
93998005 2367911
93998005 8163442
93998005 14230524
93998005 22542097
93998005 23102417
93998005 23894637
93998005 33792219
93998005 40076725
93998005 61515224
93998005 95260836
93998005 157137446
93998005 193593048
93998005 205710774
93998005 374052936
94111672 23277227
94111672 54725490
94111672 57426978
94111672 66661590
94111672 70458047
94111672 80096702
94111672 109390923
94111672 112178021
94111672 116099511
94111672 120208344
94111672 137027740
94111672 164804966
94111672 168193966
94111672 178581767
94111672 215980492
94111672 227678669
94111672 250947200
94875848 14230524
94875848 17919972
94875848 19705747
94875848 30734523
94875848 40981798
94875848 42533748
94875848 43003845
94875848 69592091
94875848 86980896
95260836 8163442
95260836 9938852
95260836 14230524
95260836 17919972
95260836 21447363
95260836 23375688
95260836 23894637
95260836 40981798
95260836 54228724
95765264 21068395
95765264 22462180
95765264 34428380
95765264 40981798
95765264 43003845
95765264 49394054
95765264 62976139
95765264 66398898
95765264 111343698
95765264 199696620
95765264 252042989
95765264 252668782
95765264 255164060
95797963 31294167
95797963 39793140
95797963 49148265
95797963 53524177
95797963 71614377
95797963 100309986
95974196 40703590
95974196 55492770
95974196 78991357
95974196 86281179
95974196 100113633
95974196 106765077
95974196 110157900
95974196 112178021
95974196 116605328
95974196 131888932
95974196 142081739
95974196 144146678
95974196 152490004
95974196 158455991
95974196 171692646
95974196 184406493
95974196 191596466
95974196 193291779
95974196 210188819
95974196 215759738
95974196 224384233
95974196 232350989
95974196 235321144
95974196 241678730
95974196 250353576
95974196 281667160
95974196 303177511
95974196 304680205
95974196 369830135
95974196 409154171
96446770 2367911
96446770 8088112
96446770 8163442
96446770 14486007
96446770 17759158
96446770 17868918
96446770 17919972
96446770 18996905
96446770 19349053
96446770 19358562
96446770 22462180
96446770 24444592
96446770 26929220
96446770 27307810
96446770 27633075
96446770 28465635
96446770 31331740
96446770 34428380
96446770 39056518
96446770 40981798
96446770 43003845
96446770 49315012
96446770 75873304
96446770 81631697
96446770 83417972
96446770 85716069
96446770 88323281
96446770 88782469
96446770 113058991
96446770 115363439
96446770 116036694
96446770 116498875
96446770 117674417
96446770 121533789
96446770 126391227
96446770 131294912
96446770 133055665
96446770 134548250
96446770 139872488
96446770 143169862
96446770 149657313
96446770 155951259
96446770 162123733
96446770 166811519
96446770 175431001
96446770 184097849
96446770 188108667
96446770 189898898
96446770 194403468
96446770 197504076
96446770 220729949
96446770 238260874
96446770 263838766
96446770 319319045
96446770 349994706
96446770 385587514
96614512 24004172
96614512 31477674
96614512 40981798
97088346 2367911
97088346 6581292
97088346 8088112
97088346 8163442
97088346 12459972
97088346 14486007
97088346 17868918
97088346 18996905
97088346 19358562
97088346 22462180
97088346 26929220
97088346 27520150
97088346 27633075
97088346 28465635
97088346 31331740
97088346 34428380
97088346 36767299
97088346 40981798
97088346 43003845
97088346 69592091
97088346 83943787
97088346 100318079
97088346 116036694
97088346 117674417
97088346 121533789
97088346 133055665
97088346 151338729
97088346 158419434
97088346 169554488
97088346 187773078
97088346 189898898
97088346 196680777
97088346 204317520
97088346 229039814
97088346 238260874
97088346 241159821
97088346 263838766
97088346 270449528
97088346 280935165
97088346 307458983
97088346 314316607
97088346 349994706
97463613 34942750
97463613 66661590
97463613 85922753
97463613 164804966
97761486 9938852
97761486 15150609
97761486 17919972
97761486 21447363
97761486 26090319
97761486 39164092
97761486 40981798
97761486 44473103
97761486 49315012
97761486 61352392
97761486 109390923
98809160 16854388
98809160 39805814
98809160 51613496
98809160 93051876
98809160 144319796
98928134 19836737
98928134 34041607
98928134 66398898
98928134 99741379
98928134 109930226
98928134 115505999
98928134 215980492
98928134 235382801
98928134 252668782
99175138 40703590
99175138 67119770
99175138 81211471
99175138 100113633
99175138 106765077
99175138 110157900
99175138 110472918
99175138 131888932
99175138 152490004
99175138 162209030
99175138 171692646
99175138 184406493
99175138 191596466
99175138 193291779
99175138 208353282
99175138 210188819
99175138 215759738
99175138 250353576
99175138 303177511
99175138 304680205
99175138 369830135
99387429 16854388
99387429 21572976
99387429 39000244
99387429 39793140
99387429 41469982
99387429 43186460
99387429 52473265
99387429 57426978
99387429 75721164
99387429 80096702
99387429 106452202
99387429 127618089
99387429 129631184
99387429 164804966
99387429 168193966
99387429 175830894
99631222 16854388
99631222 25689832
99631222 28628582
99631222 30478394
99631222 37060481
99631222 39622856
99631222 39805814
99631222 40355959
99631222 41469982
99631222 42253232
99631222 43607200
99631222 45435999
99631222 46750407
99631222 51613496
99631222 52473265
99631222 57701952
99631222 65096005
99631222 66409671
99631222 68207378
99631222 77607254
99631222 84903965
99631222 93051876
99631222 110253180
99631222 116099511
99631222 117793928
99631222 118570373
99631222 119217419
99631222 123121569
99631222 129631184
99631222 140203448
99631222 144319796
99631222 150273801
99631222 155989324
99631222 157137446
99631222 175830894
99631222 186182395
99631222 207601901
99631222 241957644
99631222 357331432
99712896 17711130
99712896 21447363
99712896 22462180
99712896 28465635
99712896 34428380
99712896 36475508
99712896 43003845
99712896 78756744
99712896 81704742
99712896 83943787
99712896 85716069
99712896 86173523
99712896 88323281
99712896 88782469
99712896 107512718
99712896 115221382
99712896 116036694
99712896 116498875
99712896 126391227
99712896 134548250
99712896 137156454
99712896 137788485
99712896 150273565
99712896 155661154
99712896 155951259
99712896 158821955
99712896 160053476
99712896 163203962
99712896 168224294
99712896 173732041
99712896 184097849
99712896 187773078
99712896 188108667
99712896 189898898
99712896 194403468
99712896 195475105
99712896 197504076
99712896 213777144
99712896 217506336
99712896 220729949
99712896 221829166
99712896 225160584
99712896 238260874
99712896 248108296
99712896 263838766
99712896 281674948
99712896 307458983
99712896 349994706
99741379 14192900
99741379 15393649
99741379 19836737
99741379 29512930
99741379 30749396
99741379 32144146
99741379 38690166
99741379 66398898
99741379 69127992
99741379 82393622
99741379 83955939
99741379 109930226
99741379 115505999
99741379 124592955
99741379 149578245
99741379 215980492
99741379 235382801
99741379 252668782
99822359 23277227
99822359 40703590
99822359 106765077
99822359 140613139
99822359 215980492
100113633 24051168
100113633 40703590
100113633 53614354
100113633 66158559
100113633 86281179
100113633 95974196
100113633 99175138
100113633 110194770
100113633 110472918
100113633 112178021
100113633 113947726
100113633 116605328
100113633 131888932
100113633 142081739
100113633 162209030
100113633 184406493
100113633 191596466
100113633 210188819
100113633 215759738
100113633 224619935
100113633 228624227
100113633 232350989
100113633 235321144
100113633 281667160
100113633 303177511
100113633 304680205
100220864 24429991
100220864 40981798
100309986 31294167
100309986 49148265
100309986 52934833
100309986 53524177
100309986 71614377
100309986 95797963
100309986 268914056
100318079 2367911
100318079 6581292
100318079 8088112
100318079 8163442
100318079 15023872
100318079 15150609
100318079 16503181
100318079 16870853
100318079 17434613
100318079 17627996
100318079 17759158
100318079 17868918
100318079 18951737
100318079 18996905
100318079 19358562
100318079 19493072
100318079 19705747
100318079 21548772
100318079 22462180
100318079 26929220
100318079 27633075
100318079 28465635
100318079 29911100
100318079 31331740
100318079 31414569
100318079 31457243
100318079 34428380
100318079 37699718
100318079 40981798
100318079 43003845
100318079 46209291
100318079 54228724
100318079 59588845
100318079 69592091
100318079 70492333
100318079 83417972
100318079 83943787
100318079 88323281
100318079 95260836
100318079 102765423
100318079 103598216
100318079 107830991
100318079 113058991
100318079 115221382
100318079 116036694
100318079 116498875
100318079 117674417
100318079 121533789
100318079 123371682
100318079 133055665
100318079 148519842
100318079 149538028
100318079 151338729
100318079 155661154
100318079 158419434
100318079 166214735
100318079 170460311
100318079 186212304
100318079 187773078
100318079 195475105
100318079 197504076
100318079 204140367
100318079 204317520
100318079 213777144
100318079 226629405
100318079 259842341
100318079 261447035
100318079 270449528
100318079 276308596
100318079 280935165
100318079 307458983
100318079 314316607
100318079 364971269
100318079 375317198
100318079 380580781
100318079 430313102
100318079 439788025
100496045 66661590
100496045 120208344
102202329 9938852
102202329 22462180
102202329 34428380
102202329 40981798
102202329 43003845
102202329 57386237
102202329 61352392
102202329 88323281
102202329 124634906
102608859 18581803
102608859 31477674
102608859 40981798
102608859 42047882
102608859 42164376
102765423 14425825
102765423 15460081
102765423 22440364
102765423 22592948
102765423 23375688
102765423 25970331
102765423 27772095
102765423 29654458
102765423 34507480
102765423 37008705
102765423 40968863
102765423 54581743
102765423 54611487
102765423 63808966
102765423 70492333
102765423 100318079
102765423 147946019
102765423 148081553
102765423 158526208
102765423 193593048
102765423 339373057
103046546 14515948
103046546 22462180
103046546 34428380
103046546 40981798
103046546 43003845
103046546 43184343
103046546 58501132
103046546 193285218
103598216 2367911
103598216 6581292
103598216 8735592
103598216 16807528
103598216 17868918
103598216 18149078
103598216 18996905
103598216 19063323
103598216 19358562
103598216 19493072
103598216 21295636
103598216 22462180
103598216 23798922
103598216 26929220
103598216 27520150
103598216 27633075
103598216 28465635
103598216 31331740
103598216 34428380
103598216 36767299
103598216 37699718
103598216 39056518
103598216 40076725
103598216 40981798
103598216 43003845
103598216 46209291
103598216 56423330
103598216 69548480
103598216 69592091
103598216 83943787
103598216 90850337
103598216 92336981
103598216 100318079
103598216 107830991
103598216 116036694
103598216 117674417
103598216 121533789
103598216 123371682
103598216 133055665
103598216 144631425
103598216 149538028
103598216 151338729
103598216 168152689
103598216 173732041
103598216 187773078
103598216 195475105
103598216 196680777
103598216 204140367
103598216 204317520
103598216 206004138
103598216 217796457
103598216 224160357
103598216 229039814
103598216 230880104
103598216 259842341
103598216 263838766
103598216 270449528
103598216 280935165
103598216 302191488
103598216 302847930
103598216 314316607
103598216 317076339
103598216 376946114
103598216 380580781
103598216 430182387
103598216 430313102
103755670 15840846
103755670 16008212
103755670 16102927
103755670 16264006
103755670 16729508
103755670 16971389
103755670 17014435
103755670 17071337
103755670 17968886
103755670 18107941
103755670 18202441
103755670 18314308
103755670 18734884
103755670 20793655
103755670 22092117
103755670 22108185
103755670 24766630
103755670 25475900
103755670 26385463
103755670 26604704
103755670 31331740
103755670 32910351
103755670 33549103
103755670 35324363
103755670 36767299
103755670 40981798
103755670 47490207
103755670 47752725
103755670 49737738
103755670 50835495
103755670 65974071
103755670 89003506
103755670 111728171
103755670 111966597
103755670 113484845
103755670 118899807
103755670 122794139
103755670 281854037
104249727 17919972
104249727 23375688
104249727 27260086
104249727 40981798
105351998 43186460
105351998 57701952
105351998 74548256
105351998 149957548
105351998 166724912
105351998 169108031
105351998 192664595
106142776 23277227
106142776 34046028
106142776 41870991
106142776 43180035
106142776 55917979
106142776 65504845
106142776 66190348
106142776 69349768
106142776 70188615
106142776 72519886
106142776 78384692
106142776 80096702
106142776 92782231
106142776 127684106
106142776 129631184
106142776 178581767
106142776 206923101
106142776 214106450
106142776 227678669
106452202 21572976
106452202 28628582
106452202 39000244
106452202 39793140
106452202 43429151
106452202 52473265
106452202 57426978
106452202 61352392
106452202 66398898
106452202 70458047
106452202 94111672
106452202 99387429
106452202 115436566
106452202 117948376
106452202 120208344
106452202 123121569
106452202 127618089
106452202 129631184
106452202 137027740
106452202 140203448
106452202 142391105
106452202 151222208
106452202 164804966
106452202 178581767
106452202 215980492
106452202 251261925
106765077 40703590
106765077 49075375
106765077 55492770
106765077 58338707
106765077 66158559
106765077 67119770
106765077 67970853
106765077 75395723
106765077 86281179
106765077 92500075
106765077 95974196
106765077 99175138
106765077 99822359
106765077 107832484
106765077 110157900
106765077 110472918
106765077 111951477
106765077 113947726
106765077 119901002
106765077 127684106
106765077 131888932
106765077 139565747
106765077 140613139
106765077 141400436
106765077 144146678
106765077 144319796
106765077 147228841
106765077 152343162
106765077 152490004
106765077 158455991
106765077 162209030
106765077 184406493
106765077 191596466
106765077 206923101
106765077 215759738
106765077 216436275
106765077 224384233
106765077 241678730
106765077 250353576
106765077 303177511
106765077 322724917
106765077 369830135
106765077 370402681
106765077 409154171
106765077 546135380
107512718 17711130
107512718 21447363
107512718 22462180
107512718 34428380
107512718 36475508
107512718 40974224
107512718 40981798
107512718 43003845
107512718 46209291
107512718 52325324
107512718 78756744
107512718 81704742
107512718 83417972
107512718 85716069
107512718 86173523
107512718 86561505
107512718 99712896
107512718 114640374
107512718 116498875
107512718 126391227
107512718 128260873
107512718 131294912
107512718 136046012
107512718 137156454
107512718 137788485
107512718 141368711
107512718 149680650
107512718 155951259
107512718 158821955
107512718 160053476
107512718 163203962
107512718 168224294
107512718 187773078
107512718 188108667
107512718 189898898
107512718 190822461
107512718 192281027
107512718 213777144
107512718 217506336
107512718 221010883
107512718 224688614
107512718 248108296
107512718 249830707
107512718 251261925
107512718 360245938
107772827 8163442
107772827 17434613
107772827 22462180
107772827 31331740
107772827 34428380
107772827 39164092
107772827 40981798
107772827 44473103
107772827 49315012
107772827 54228724
107772827 60530411
107772827 61352392
107772827 124634906
107830991 2367911
107830991 8088112
107830991 15212604
107830991 15891115
107830991 16807528
107830991 17868918
107830991 18149078
107830991 18951737
107830991 18996905
107830991 19358562
107830991 19493072
107830991 20855746
107830991 22462180
107830991 26929220
107830991 28207101
107830991 28465635
107830991 31331740
107830991 33792219
107830991 34428380
107830991 37699718
107830991 39056518
107830991 40076725
107830991 40981798
107830991 43003845
107830991 46209291
107830991 56423330
107830991 69548480
107830991 69592091
107830991 83417972
107830991 83943787
107830991 90850337
107830991 92336981
107830991 100318079
107830991 103598216
107830991 116036694
107830991 121533789
107830991 123371682
107830991 144631425
107830991 149538028
107830991 151338729
107830991 158419434
107830991 168152689
107830991 173732041
107830991 187773078
107830991 188186842
107830991 195475105
107830991 196680777
107830991 204140367
107830991 204317520
107830991 217796457
107830991 229039814
107830991 230880104
107830991 259842341
107830991 263838766
107830991 270449528
107830991 276308596
107830991 280935165
107830991 291378807
107830991 302847930
107830991 314316607
107830991 317076339
107830991 376946114
107830991 430182387
107830991 440963134
107830991 442400135
107832484 40703590
107832484 67119770
107832484 106765077
107832484 113947726
107832484 141400436
107832484 144146678
108633391 8088112
108633391 12459972
108633391 14192900
108633391 15150609
108633391 17868918
108633391 17919972
108633391 18149078
108633391 19836737
108633391 21068395
108633391 21447363
108633391 22462180
108633391 25842688
108633391 27307810
108633391 27633075
108633391 28465635
108633391 29512930
108633391 31331740
108633391 34041607
108633391 34428380
108633391 38035105
108633391 39056518
108633391 40858764
108633391 40981798
108633391 41110545
108633391 43003845
108633391 46160500
108633391 49315012
108633391 66398898
108633391 70114798
108633391 81704742
108633391 86173523
108633391 88323281
108633391 109930226
108633391 115505999
108633391 116036694
108633391 117674417
108633391 121533789
108633391 133055665
108633391 151891517
108633391 158419434
108633391 163203962
108633391 187773078
108633391 189592841
108633391 189898898
108633391 195475105
108633391 195814649
108633391 199696620
108633391 234047967
108633391 238260874
108633391 252042989
108633391 252668782
108633391 263838766
108633391 302191488
108633391 307458983
108633391 319319045
108766329 40981798
108766329 54228724
108766329 70492333
108766329 127684106
108766329 129631184
108766329 134548250
109057557 66178366
109390923 9938852
109390923 14230524
109390923 23277227
109390923 46904723
109390923 54725490
109390923 57386237
109390923 57426978
109390923 60530411
109390923 61352392
109390923 66398898
109390923 66661590
109390923 70458047
109390923 81704742
109390923 94111672
109390923 112178021
109390923 119901002
109390923 120208344
109390923 124634906
109390923 127618089
109390923 128260873
109390923 137027740
109390923 164804966
109390923 168193966
109390923 178581767
109390923 189898898
109390923 202369108
109390923 215980492
109390923 252668782
109568333 42253232
109568333 52473265
109568333 59630220
109568333 65096005
109568333 109390923
109568333 116099511
109568333 175830894
109930226 14192900
109930226 15393649
109930226 19836737
109930226 30749396
109930226 34041607
109930226 66398898
109930226 69127992
109930226 81704742
109930226 82393622
109930226 98928134
109930226 99741379
109930226 115505999
109930226 124592955
109930226 149578245
109930226 215980492
109930226 235382801
109930226 247018076
110157900 40703590
110157900 67119770
110157900 78991357
110157900 81211471
110157900 89441393
110157900 99175138
110157900 106765077
110157900 111951477
110157900 113947726
110157900 131888932
110157900 142081739
110157900 144146678
110157900 152490004
110157900 158455991
110157900 171692646
110157900 184406493
110157900 193291779
110157900 208353282
110157900 215759738
110157900 224384233
110157900 235321144
110157900 241678730
110157900 250353576
110157900 303177511
110157900 322724917
110157900 369830135
110157900 432021286
110194770 24051168
110194770 67970853
110194770 100113633
110194770 112178021
110194770 142081739
110194770 152343162
110194770 210188819
110253180 16854388
110253180 30478394
110253180 37060481
110253180 39805814
110253180 40355959
110253180 41469982
110253180 42253232
110253180 46750407
110253180 51613496
110253180 59630220
110253180 65096005
110253180 66409671
110253180 69349768
110253180 77607254
110253180 84903965
110253180 93051876
110253180 99631222
110253180 119217419
110253180 123121569
110253180 127684106
110253180 129631184
110253180 144319796
110253180 150273801
110253180 151222208
110253180 155989324
110253180 157137446
110253180 186182395
110253180 207601901
110253180 212329156
110253180 222248052
110253180 241957644
110253180 281222130
110472918 67970853
110472918 81211471
110472918 99175138
110472918 100113633
110472918 106765077
110472918 162209030
110472918 171692646
110472918 241678730
110472918 281667160
110524784 14230524
110524784 16452939
110524784 18996905
110524784 19493072
110524784 21447363
110524784 22462180
110524784 26929220
110524784 30734523
110524784 31331740
110524784 34428380
110524784 36767299
110524784 40981798
110524784 41110545
110524784 42533748
110524784 42576711
110524784 43003845
110524784 47070076
110524784 50794628
110524784 69592091
110524784 83943787
110524784 116036694
110524784 121533789
110524784 151338729
110524784 204140367
110708265 21572976
110708265 30478394
110708265 39000244
110708265 43186460
110708265 50884531
110708265 52473265
110708265 54725490
110708265 61352392
110708265 66398898
110708265 69033178
110708265 75721164
110708265 85687328
110708265 115436566
110708265 117948376
110708265 120208344
110708265 123121569
110708265 127618089
110708265 164804966
110708265 252668782
111343698 40368156
111343698 49394054
111343698 58005076
111343698 62976139
111343698 95765264
111343698 127725192
111343698 199696620
111343698 252042989
111343698 252668782
111343698 255164060
111728171 14389658
111728171 16264006
111728171 16674308
111728171 16729508
111728171 17868918
111728171 18107941
111728171 18314308
111728171 18886119
111728171 26604704
111728171 31331740
111728171 32910351
111728171 33549103
111728171 39560403
111728171 40981798
111728171 49737738
111728171 65974071
111728171 67478582
111728171 89003506
111728171 122794139
111951477 24051168
111951477 78991357
111951477 81211471
111951477 89441393
111951477 106765077
111951477 110157900
111951477 152343162
111951477 158455991
111951477 162209030
111951477 224619935
111951477 235321144
111951477 250353576
111951477 303177511
111951477 369830135
111951477 409154171
111966597 16008212
111966597 16674308
111966597 16729508
111966597 29391321
111966597 31331740
111966597 36767299
111966597 40981798
111966597 50835495
111966597 89003506
111966597 103755670
111966597 118899807
112178021 21572976
112178021 23277227
112178021 24051168
112178021 54725490
112178021 61352392
112178021 66398898
112178021 66491235
112178021 66661590
112178021 67970853
112178021 70458047
112178021 78991357
112178021 81211471
112178021 85687328
112178021 94111672
112178021 100113633
112178021 109390923
112178021 110194770
112178021 113947726
112178021 120208344
112178021 129631184
112178021 131888932
112178021 144146678
112178021 152490004
112178021 168193966
112178021 178581767
112178021 186688919
112178021 210188819
112178021 215759738
112178021 224384233
112178021 227678669
112178021 235321144
112178021 250947200
112178021 252668782
113058991 8088112
113058991 15150609
113058991 17581754
113058991 17868918
113058991 17919972
113058991 18996905
113058991 19493072
113058991 21068395
113058991 21447363
113058991 22462180
113058991 23894637
113058991 24444592
113058991 26929220
113058991 27633075
113058991 28176041
113058991 28465635
113058991 31331740
113058991 31545838
113058991 33792219
113058991 34428380
113058991 39056518
113058991 40981798
113058991 43003845
113058991 53658654
113058991 69592091
113058991 70492333
113058991 76494006
113058991 83417972
113058991 83943787
113058991 85716069
113058991 87557311
113058991 88323281
113058991 88782469
113058991 90850337
113058991 98928134
113058991 100318079
113058991 108633391
113058991 116036694
113058991 116498875
113058991 117674417
113058991 120666148
113058991 121533789
113058991 126391227
113058991 131294912
113058991 131369976
113058991 134548250
113058991 136046012
113058991 137156454
113058991 137788485
113058991 139872488
113058991 143169862
113058991 149657313
113058991 149680650
113058991 150273565
113058991 151338729
113058991 155661154
113058991 155951259
113058991 158419434
113058991 164804966
113058991 166811519
113058991 168224294
113058991 171324921
113058991 173732041
113058991 184097849
113058991 188108667
113058991 189898898
113058991 195475105
113058991 196680777
113058991 238260874
113058991 241159821
113058991 263838766
113241406 18581803
113241406 40981798
113241406 271188987
113484845 16008212
113484845 16264006
113484845 16729508
113484845 17014435
113484845 17503591
113484845 17968886
113484845 20793655
113484845 25475900
113484845 26385463
113484845 26604704
113484845 31331740
113484845 33549103
113484845 35324363
113484845 36767299
113484845 40981798
113484845 50835495
113484845 65974071
113484845 103755670
113484845 111728171
113947726 24051168
113947726 40703590
113947726 53614354
113947726 86281179
113947726 89441393
113947726 100113633
113947726 106765077
113947726 107832484
113947726 110157900
113947726 112178021
113947726 141400436
113947726 142081739
113947726 144146678
113947726 149626047
113947726 152343162
113947726 162209030
113947726 184406493
113947726 191596466
113947726 210188819
113947726 224619935
113947726 232350989
113947726 303177511
113947726 304680205
113947726 369830135
113947726 432021286
114110739 8088112
114110739 17316367
114110739 18149078
114110739 18996905
114110739 21295636
114110739 22462180
114110739 27633075
114110739 28207101
114110739 31331740
114110739 34428380
114110739 40858764
114110739 40981798
114110739 41110545
114110739 43003845
114110739 50794628
114110739 69592091
114110739 83943787
114110739 116036694
114110739 117674417
114110739 119226871
114110739 133055665
114110739 147179367
114110739 151338729
114110739 168152689
114110739 173732041
114110739 204140367
114110739 204317520
114110739 206004138
114110739 280935165
114640374 21447363
114640374 22462180
114640374 34428380
114640374 36475508
114640374 40981798
114640374 43003845
114640374 46209291
114640374 81704742
114640374 85716069
114640374 86173523
114640374 131294912
114640374 136046012
114640374 137788485
114640374 149680650
114640374 168224294
114640374 188108667
114640374 189898898
114640374 190822461
114640374 213777144
115221382 8088112
115221382 12459972
115221382 14929280
115221382 15150609
115221382 17868918
115221382 18996905
115221382 19358562
115221382 19493072
115221382 21295636
115221382 21362105
115221382 21447363
115221382 21548772
115221382 22462180
115221382 24444592
115221382 27633075
115221382 31331740
115221382 34428380
115221382 39056518
115221382 40981798
115221382 42054468
115221382 43003845
115221382 43666594
115221382 51428856
115221382 54825109
115221382 88323281
115221382 100318079
115221382 117674417
115221382 121533789
115221382 127684095
115221382 133055665
115221382 157041141
115221382 214968599
115221382 216024295
115221382 220729949
115221382 221829166
115221382 229871864
115221382 230498574
115221382 234167823
115221382 236194369
115221382 238260874
115221382 241159821
115221382 263270054
115221382 263838766
115221382 302191488
115221382 307458983
115221382 308168423
115221382 318651299
115221382 380592958
115224382 17919972
115224382 18314308
115224382 21447363
115224382 22462180
115224382 30734523
115224382 31331740
115224382 40981798
115224382 43003845
115363439 9938852
115363439 14230524
115363439 17919972
115363439 18149078
115363439 18996905
115363439 21068395
115363439 21447363
115363439 22462180
115363439 23375688
115363439 23737582
115363439 23894637
115363439 25970331
115363439 26090319
115363439 27260086
115363439 27307810
115363439 27633075
115363439 28465635
115363439 31331740
115363439 31457243
115363439 34428380
115363439 40981798
115363439 43003845
115363439 44473103
115363439 49315012
115363439 57386237
115363439 60530411
115363439 61352392
115363439 63226359
115363439 66235505
115363439 75873304
115363439 81704742
115363439 85922753
115363439 88323281
115363439 96446770
115363439 100318079
115363439 109390923
115363439 113058991
115363439 115505999
115363439 117674417
115363439 133055665
115363439 134548250
115363439 141696128
115363439 148519842
115363439 155661154
115363439 155951259
115363439 158419434
115363439 162123733
115363439 164804966
115363439 165849510
115363439 166811519
115363439 168224294
115363439 171692646
115363439 187773078
115363439 188108667
115363439 189898898
115363439 194403468
115363439 195171695
115363439 195475105
115363439 197504076
115363439 213777144
115363439 214968599
115363439 220729949
115363439 221010883
115363439 221829166
115363439 230601773
115363439 238260874
115363439 250388198
115363439 263838766
115363439 349994706
115363439 385587514
115436566 16854388
115436566 21572976
115436566 31294167
115436566 39793140
115436566 43186460
115436566 54725490
115436566 57426978
115436566 70458047
115436566 74548256
115436566 80096702
115436566 106452202
115436566 110708265
115436566 116099511
115436566 116245256
115436566 120208344
115436566 123121569
115436566 129631184
115436566 142391105
115436566 164804966
115436566 178581767
115436566 214202608
115436566 215980492
115436566 242362681
115505999 9317502
115505999 14192900
115505999 15393649
115505999 19836737
115505999 21447363
115505999 28465635
115505999 29512930
115505999 32144146
115505999 34041607
115505999 38690166
115505999 43003845
115505999 44473103
115505999 69127992
115505999 82393622
115505999 83955939
115505999 98928134
115505999 99741379
115505999 109930226
115505999 124592955
115505999 124634906
115505999 149578245
115505999 235382801
115742788 58356127
115742788 66661590
115742788 80096702
115742788 109390923
115742788 110708265
115742788 140203448
115742788 227678669
116036694 8088112
116036694 14230524
116036694 14486007
116036694 15846407
116036694 17581754
116036694 17868918
116036694 17919972
116036694 18149078
116036694 18996905
116036694 19149447
116036694 19349053
116036694 19358562
116036694 19493072
116036694 19705747
116036694 21295636
116036694 21447363
116036694 21548772
116036694 22462180
116036694 24444592
116036694 24788654
116036694 26604704
116036694 26929220
116036694 27520150
116036694 27633075
116036694 28207101
116036694 30734523
116036694 31331740
116036694 32774989
116036694 34428380
116036694 36767299
116036694 37699718
116036694 40858764
116036694 40981798
116036694 41110545
116036694 42533748
116036694 43003845
116036694 46209291
116036694 47070076
116036694 50794628
116036694 52325324
116036694 59588845
116036694 69548480
116036694 69592091
116036694 70492333
116036694 76494006
116036694 77618627
116036694 83943787
116036694 88323281
116036694 90850337
116036694 92336981
116036694 97088346
116036694 100318079
116036694 103598216
116036694 110524784
116036694 117674417
116036694 119226871
116036694 121533789
116036694 123371682
116036694 129679987
116036694 131369976
116036694 132543607
116036694 133055665
116036694 134548250
116036694 136046012
116036694 144631425
116036694 147179367
116036694 149538028
116036694 151338729
116036694 155951259
116036694 163436784
116036694 168152689
116036694 170460311
116036694 177345928
116036694 187773078
116036694 188108667
116036694 188186842
116036694 196680777
116036694 204140367
116036694 204317520
116036694 206004138
116036694 217796457
116036694 224160357
116036694 228979300
116036694 229039814
116036694 230424016
116036694 230880104
116036694 252192024
116036694 259842341
116036694 261447035
116036694 261853955
116036694 270449528
116036694 276308596
116036694 278652553
116036694 280935165
116036694 291378807
116036694 302847930
116036694 314316607
116036694 317076339
116036694 333815274
116036694 349994706
116036694 359811125
116036694 364917755
116036694 376946114
116036694 389742937
116036694 430313102
116036694 439788025
116036694 455186682
116099511 16854388
116099511 21572976
116099511 25689832
116099511 28628582
116099511 30478394
116099511 31294167
116099511 35065277
116099511 37060481
116099511 39793140
116099511 39805814
116099511 40355959
116099511 41469982
116099511 42253232
116099511 43607200
116099511 45435999
116099511 46750407
116099511 50884531
116099511 51613496
116099511 52473265
116099511 65096005
116099511 66409671
116099511 68207378
116099511 70458047
116099511 74548256
116099511 77607254
116099511 84903965
116099511 93051876
116099511 94111672
116099511 99631222
116099511 109568333
116099511 115436566
116099511 123121569
116099511 127618089
116099511 127684106
116099511 129631184
116099511 137027740
116099511 140203448
116099511 144319796
116099511 150273801
116099511 157137446
116099511 175830894
116099511 186182395
116099511 188045721
116099511 214202608
116099511 241957644
116245256 16854388
116245256 25689832
116245256 31294167
116245256 43186460
116245256 46750407
116245256 52473265
116245256 58356127
116245256 66398898
116245256 66409671
116245256 70458047
116245256 115436566
116245256 123121569
116245256 214202608
116245256 252668782
116498875 19493072
116498875 22462180
116498875 26929220
116498875 31414569
116498875 34428380
116498875 40981798
116498875 43003845
116498875 69548480
116498875 69592091
116498875 88323281
116498875 88782469
116498875 90850337
116498875 100318079
116498875 107512718
116498875 126391227
116498875 127684095
116498875 129631184
116498875 131294912
116498875 143169862
116498875 149538028
116498875 155661154
116498875 158419434
116498875 160053476
116498875 166214735
116498875 166811519
116498875 168224294
116498875 188108667
116498875 189898898
116498875 195475105
116498875 220729949
116605328 40703590
116605328 67119770
116605328 75395723
116605328 78991357
116605328 81211471
116605328 95974196
116605328 100113633
116605328 131888932
116605328 144146678
116605328 152490004
116605328 162209030
116605328 184406493
116605328 191596466
116605328 193291779
116605328 210188819
116605328 228624227
116605328 232350989
116605328 235321144
116605328 303177511
116605328 304680205
117129683 40981798
117674417 8088112
117674417 15186688
117674417 17759158
117674417 17919972
117674417 21447363
117674417 22181067
117674417 22462180
117674417 24444592
117674417 27633075
117674417 31545838
117674417 34428380
117674417 39056518
117674417 40981798
117674417 42054468
117674417 42576711
117674417 133055665
117674417 302191488
117793928 16854388
117793928 25689832
117793928 35065277
117793928 39805814
117793928 40355959
117793928 40703590
117793928 45435999
117793928 51613496
117793928 51828073
117793928 52473265
117793928 65096005
117793928 77607254
117793928 99631222
117793928 123121569
117793928 126666372
117793928 212329156
117793928 221413264
117793928 227678669
117948376 16854388
117948376 22465184
117948376 28628582
117948376 39000244
117948376 70242865
117948376 72097691
117948376 84903965
117948376 90497217
117948376 110708265
117948376 120208344
117948376 123121569
117948376 127618089
117948376 127684106
117948376 128260873
117948376 129631184
117948376 137027740
117948376 139565747
117948376 186688919
117948376 250947200
117948376 546135380
118445707 34942750
118445707 40703590
118445707 81211471
118445707 158821955
118445707 164804966
118534712 12459972
118534712 40981798
118534712 43003845
118534712 46209291
118534712 120790661
118534712 173152052
118534712 177678004
118534712 181155423
118534712 330017427
118570373 22465184
118570373 39000244
118570373 50884531
118570373 52473265
118570373 99631222
118891136 2367911
118891136 8088112
118891136 17503591
118891136 18149078
118891136 18996905
118891136 19358562
118891136 22462180
118891136 24444592
118891136 26929220
118891136 27633075
118891136 31331740
118891136 34428380
118891136 40981798
118891136 43003845
118891136 83943787
118891136 116036694
118891136 117674417
118891136 121533789
118891136 123371682
118891136 133055665
118891136 151338729
118891136 173732041
118891136 196680777
118891136 204317520
118891136 229039814
118891136 270449528
118891136 280935165
118891136 333815274
118891136 364917755
118891136 380580781
118899807 15840846
118899807 16008212
118899807 16102927
118899807 16729508
118899807 17503591
118899807 17879241
118899807 18107941
118899807 18323672
118899807 18734884
118899807 18886119
118899807 20793655
118899807 22108185
118899807 31331740
118899807 35324363
118899807 40981798
118899807 50835495
118899807 103755670
118899807 111966597
118899807 113484845
118899807 281854037
118899807 358346423
119217419 16854388
119217419 25689832
119217419 30478394
119217419 35065277
119217419 37060481
119217419 39805814
119217419 40355959
119217419 41469982
119217419 42253232
119217419 43607200
119217419 45435999
119217419 46750407
119217419 51613496
119217419 52473265
119217419 65096005
119217419 66409671
119217419 77607254
119217419 80096702
119217419 93051876
119217419 99631222
119217419 110253180
119217419 123121569
119217419 129631184
119217419 144319796
119217419 157137446
119217419 186182395
119217419 207601901
119217419 222248052
119217419 241957644
119217419 281222130
119226871 8088112
119226871 14230524
119226871 14486007
119226871 17316367
119226871 18149078
119226871 18996905
119226871 19149447
119226871 21295636
119226871 22462180
119226871 27633075
119226871 31331740
119226871 34428380
119226871 36008570
119226871 40981798
119226871 41110545
119226871 43003845
119226871 50794628
119226871 69592091
119226871 83943787
119226871 114110739
119226871 116036694
119226871 117674417
119226871 151338729
119226871 168152689
119226871 204140367
119226871 206004138
119226871 238260874
119226871 261447035
119226871 263838766
119226871 380580781
119901002 43186460
119901002 66398898
119901002 66661590
119901002 109390923
119901002 120208344
119901002 128260873
119901002 168193966
119901002 178581767
119901002 215980492
119901002 227678669
120208344 16854388
120208344 23277227
120208344 28628582
120208344 46750407
120208344 46904723
120208344 52473265
120208344 54725490
120208344 54947318
120208344 57426978
120208344 58356127
120208344 61352392
120208344 66661590
120208344 69483760
120208344 70458047
120208344 77607254
120208344 80096702
120208344 85687328
120208344 94111672
120208344 109390923
120208344 110708265
120208344 115436566
120208344 117948376
120208344 119901002
120208344 120627547
120208344 122481121
120208344 123121569
120208344 127618089
120208344 128260873
120208344 137027740
120208344 140203448
120208344 146250354
120208344 147999706
120208344 164804966
120208344 168193966
120208344 178581767
120208344 185331750
120208344 202369108
120208344 214202608
120208344 215980492
120208344 227678669
120208344 242362681
120208344 250947200
120208344 251261925
120627547 16854388
120627547 21068395
120627547 21572976
120627547 22462180
120627547 25689832
120627547 30478394
120627547 34428380
120627547 35065277
120627547 36475508
120627547 39000244
120627547 40981798
120627547 41469982
120627547 42253232
120627547 43003845
120627547 51543792
120627547 51613496
120627547 51828073
120627547 52473265
120627547 54611487
120627547 55917979
120627547 61352392
120627547 65096005
120627547 66409671
120627547 66661590
120627547 68207378
120627547 69349768
120627547 70492333
120627547 73252844
120627547 74548256
120627547 77607254
120627547 83307244
120627547 84903965
120627547 85716069
120627547 99631222
120627547 110708265
120627547 117948376
120627547 120208344
120627547 123121569
120627547 127684106
120627547 129631184
120627547 141368711
120627547 144319796
120627547 151222208
120627547 155989324
120627547 157137446
120627547 166724912
120627547 169108031
120627547 207601901
120627547 212329156
120627547 222248052
120627547 251261925
120666148 14230524
120666148 21362105
120666148 21447363
120666148 22462180
120666148 27633075
120666148 28465635
120666148 31331740
120666148 34428380
120666148 39056518
120666148 40981798
120666148 43003845
120666148 44473103
120666148 69592091
120666148 70492333
120666148 88323281
120666148 121533789
120666148 129631184
120666148 238260874
120666148 263838766
120790661 12459972
120790661 40981798
120790661 43666594
120790661 118534712
120790661 173152052
120790661 181155423
120790661 229249535
120790661 330017427
121533789 43003845
122481121 46750407
122481121 120208344
122481121 123121569
122794139 8088112
122794139 14426892
122794139 14496470
122794139 15843910
122794139 16008212
122794139 16452939
122794139 16729508
122794139 17166447
122794139 17448545
122794139 17644044
122794139 17868918
122794139 17879241
122794139 17919972
122794139 17968886
122794139 18107941
122794139 18111446
122794139 18172093
122794139 18323672
122794139 18886119
122794139 18996905
122794139 19327589
122794139 19773780
122794139 20855746
122794139 21466374
122794139 24766630
122794139 28444033
122794139 30734523
122794139 32910351
122794139 35324363
122794139 37138014
122794139 40981798
122794139 43003845
122794139 49737738
122794139 49824572
122794139 50835495
122794139 54106670
122794139 65974071
122794139 67478582
122794139 82730256
122794139 103755670
122794139 111728171
122794139 128041640
122794139 133055665
122794139 164582509
122794139 177345928
122794139 207831555
122874598 21068395
122874598 34428380
122874598 36475508
122874598 40981798
122874598 43003845
122874598 44473103
122874598 63600411
122874598 129631184
123121569 16854388
123121569 21572976
123121569 22465184
123121569 25689832
123121569 28628582
123121569 30478394
123121569 31294167
123121569 35065277
123121569 37060481
123121569 39000244
123121569 39622856
123121569 39793140
123121569 39805814
123121569 41469982
123121569 42253232
123121569 43186460
123121569 43607200
123121569 45435999
123121569 46248613
123121569 50884531
123121569 51613496
123121569 51828073
123121569 52473265
123121569 53524177
123121569 57426978
123121569 57701952
123121569 58356127
123121569 65096005
123121569 65370547
123121569 66190348
123121569 66409671
123121569 66661590
123121569 68207378
123121569 69349768
123121569 70458047
123121569 74548256
123121569 75721164
123121569 77607254
123121569 84903965
123121569 93051876
123121569 99631222
123121569 110253180
123121569 110708265
123121569 115436566
123121569 116099511
123121569 116245256
123121569 117793928
123121569 117948376
123121569 119217419
123121569 120208344
123121569 120627547
123121569 122481121
123121569 127618089
123121569 127684106
123121569 129631184
123121569 137027740
123121569 140203448
123121569 142391105
123121569 144319796
123121569 151222208
123121569 155989324
123121569 157137446
123121569 164804966
123121569 166724912
123121569 175830894
123121569 178581767
123121569 207601901
123121569 214202608
123121569 215980492
123121569 222248052
123121569 241957644
123121569 357331432
123371682 2367911
123371682 8088112
123371682 14333437
123371682 17503591
123371682 17654192
123371682 17759158
123371682 17868918
123371682 18149078
123371682 18951737
123371682 18996905
123371682 19358562
123371682 19493072
123371682 22462180
123371682 27633075
123371682 28465635
123371682 31331740
123371682 34428380
123371682 40076725
123371682 40981798
123371682 43003845
123371682 43381257
123371682 46209291
123371682 49588164
123371682 69548480
123371682 69592091
123371682 83943787
123371682 88323281
123371682 90850337
123371682 92336981
123371682 100318079
123371682 103598216
123371682 107830991
123371682 116036694
123371682 117674417
123371682 121533789
123371682 144631425
123371682 149538028
123371682 151338729
123371682 173732041
123371682 187773078
123371682 195475105
123371682 196680777
123371682 204140367
123371682 204317520
123371682 217796457
123371682 224160357
123371682 229039814
123371682 230880104
123371682 259842341
123371682 263838766
123371682 270449528
123371682 278652553
123371682 280935165
123371682 302847930
123371682 314316607
123371682 317076339
123371682 359811125
123371682 376946114
123371682 380580781
123371682 430182387
123371682 430313102
123371682 440963134
123371682 442400135
124592955 15393649
124592955 19836737
124592955 38690166
124592955 99741379
124592955 109930226
124592955 115505999
124592955 149578245
124592955 235382801
124634906 46404902
124634906 109390923
124634906 115505999
124634906 164804966
125818438 8088112
125818438 15150609
125818438 19836737
125818438 22462180
125818438 25842688
125818438 27633075
125818438 28465635
125818438 31331740
125818438 34428380
125818438 39592331
125818438 40981798
125818438 43003845
125818438 43429151
125818438 66398898
125818438 88323281
125818438 108633391
125818438 115505999
125818438 187773078
125818438 235382801
125818438 238260874
125818438 263838766
125818438 302191488
126391227 8088112
126391227 8163442
126391227 9938852
126391227 17711130
126391227 17868918
126391227 18996905
126391227 19705747
126391227 22462180
126391227 23894637
126391227 24444592
126391227 27633075
126391227 28465635
126391227 31331740
126391227 34428380
126391227 39056518
126391227 40981798
126391227 43003845
126391227 54228724
126391227 66235505
126391227 70492333
126391227 83417972
126391227 85716069
126391227 86173523
126391227 88323281
126391227 95260836
126391227 100318079
126391227 107512718
126391227 113058991
126391227 116498875
126391227 117674417
126391227 129631184
126391227 131294912
126391227 131369976
126391227 133055665
126391227 134548250
126391227 141368711
126391227 143169862
126391227 155661154
126391227 155951259
126391227 158419434
126391227 168224294
126391227 189898898
126391227 224688614
126391227 233182045
126391227 238260874
126391227 249830707
126391227 263838766
126391227 281674948
126666372 23277227
126666372 66661590
126666372 85687328
126666372 126915142
126666372 164804966
126666372 242362681
126666372 250947200
126915142 23277227
126915142 66661590
126915142 109390923
126915142 110708265
126915142 126666372
126915142 178581767
126915142 185331750
126915142 186688919
126915142 210188819
126915142 227678669
126915142 250947200
126954251 66661590
127545984 17130127
127545984 30552541
127545984 66661590
127618089 16854388
127618089 21572976
127618089 22465184
127618089 23277227
127618089 39000244
127618089 51613496
127618089 52473265
127618089 54947318
127618089 58356127
127618089 61352392
127618089 66661590
127618089 73793971
127618089 74548256
127618089 80096702
127618089 84903965
127618089 85687328
127618089 99387429
127618089 109390923
127618089 110708265
127618089 116099511
127618089 117948376
127618089 120208344
127618089 123121569
127618089 128260873
127618089 129631184
127618089 137027740
127618089 140203448
127618089 157137446
127618089 168193966
127618089 185331750
127618089 188045721
127618089 215980492
127618089 250947200
127618089 252668782
127684095 8088112
127684095 8163442
127684095 14486007
127684095 15150609
127684095 16503181
127684095 18996905
127684095 21447363
127684095 22462180
127684095 24444592
127684095 27633075
127684095 28465635
127684095 31331740
127684095 34428380
127684095 37699718
127684095 39056518
127684095 40981798
127684095 43003845
127684095 88323281
127684095 100318079
127684095 116498875
127684095 117674417
127684095 121533789
127684095 150273565
127684095 158419434
127684095 166811519
127684095 187773078
127684095 188108667
127684095 195475105
127684095 197504076
127684095 214968599
127684095 220729949
127684095 238260874
127684095 241159821
127684095 263838766
127684106 16854388
127684106 25689832
127684106 30478394
127684106 37060481
127684106 39000244
127684106 39622856
127684106 39805814
127684106 40703590
127684106 41469982
127684106 41870991
127684106 42253232
127684106 43180035
127684106 43607200
127684106 51543792
127684106 51613496
127684106 54611487
127684106 59630220
127684106 63169333
127684106 65096005
127684106 66190348
127684106 69349768
127684106 70458047
127684106 70492333
127684106 74548256
127684106 75721164
127684106 77607254
127684106 84903965
127684106 89463324
127684106 106142776
127684106 106765077
127684106 108766329
127684106 110253180
127684106 116099511
127684106 117948376
127684106 120627547
127684106 123121569
127684106 129631184
127684106 133783957
127684106 144319796
127684106 151222208
127684106 155989324
127684106 156004026
127684106 157137446
127684106 161465015
127684106 168834731
127684106 175830894
127684106 186182395
127684106 188045721
127684106 212329156
127684106 241957644
127684106 242362681
127725192 58005076
127725192 62976139
127725192 66398898
127725192 178092619
127725192 199696620
127725192 252668782
128041640 15843910
128041640 17868918
128041640 18824766
128041640 18886119
128041640 18996905
128041640 20855746
128041640 21447363
128041640 21466374
128041640 22462180
128041640 23235056
128041640 28444033
128041640 32910351
128041640 34428380
128041640 40981798
128041640 122794139
128041640 133055665
128041640 177345928
128260873 22465184
128260873 36475508
128260873 54725490
128260873 57426978
128260873 61352392
128260873 66661590
128260873 70458047
128260873 81704742
128260873 107512718
128260873 109390923
128260873 117948376
128260873 119901002
128260873 120208344
128260873 127618089
128260873 137027740
128260873 142715837
128260873 158821955
128260873 164804966
128260873 178581767
128260873 189898898
128260873 215980492
128260873 250947200
128260873 251261925
129267461 52934833
129267461 54725490
129267461 66190348
129267461 66661590
129267461 70458047
129267461 77607254
129267461 129631184
129267461 186688919
129631184 16854388
129631184 23277227
129631184 25689832
129631184 30478394
129631184 34046028
129631184 35065277
129631184 36475508
129631184 37060481
129631184 39000244
129631184 39622856
129631184 39805814
129631184 40355959
129631184 41469982
129631184 42253232
129631184 43180035
129631184 43186460
129631184 43607200
129631184 45435999
129631184 46248613
129631184 51543792
129631184 51613496
129631184 51828073
129631184 52094943
129631184 52473265
129631184 52934833
129631184 54611487
129631184 55917979
129631184 57426978
129631184 57701952
129631184 59630220
129631184 63169333
129631184 63600411
129631184 64532921
129631184 65096005
129631184 65370547
129631184 66190348
129631184 66409671
129631184 69349768
129631184 70242865
129631184 70458047
129631184 73793971
129631184 74548256
129631184 75721164
129631184 77607254
129631184 78384692
129631184 80096702
129631184 84903965
129631184 91884854
129631184 99387429
129631184 99631222
129631184 106142776
129631184 106452202
129631184 108766329
129631184 110253180
129631184 112178021
129631184 115436566
129631184 116099511
129631184 116498875
129631184 117948376
129631184 119217419
129631184 120627547
129631184 120666148
129631184 122874598
129631184 123121569
129631184 126391227
129631184 127618089
129631184 127684106
129631184 129267461
129631184 134548250
129631184 139872488
129631184 142391105
129631184 143169862
129631184 144319796
129631184 149680650
129631184 150273565
129631184 151222208
129631184 155989324
129631184 157137446
129631184 164804966
129631184 166724912
129631184 166811519
129631184 168193966
129631184 175830894
129631184 178581767
129631184 184052865
129631184 186182395
129631184 188045721
129631184 188108667
129631184 207601901
129631184 210188819
129631184 212329156
129631184 214106450
129631184 214202608
129631184 215980492
129631184 221413264
129631184 241957644
129631184 242362681
129631184 251261925
129631184 309861288
129631184 357331432
129679987 8088112
129679987 15843910
129679987 17581754
129679987 17919972
129679987 18314308
129679987 22462180
129679987 31331740
129679987 34428380
129679987 43003845
129679987 133055665
129679987 177345928
129840088 36897543
129840088 51543792
129840088 52406684
129840088 54611487
129840088 73252844
129840088 83307244
129840088 205710774
130295352 62193662
130295352 164804966
130720241 40703590
130720241 69349768
131294912 22462180
131294912 28445357
131294912 28465635
131294912 28838048
131294912 28845997
131294912 32385762
131294912 34428380
131294912 40974224
131294912 40981798
131294912 43003845
131294912 46209291
131294912 46404902
131294912 70492333
131294912 81704742
131294912 83417972
131294912 86173523
131294912 86561505
131294912 88323281
131294912 100318079
131294912 113058991
131294912 114640374
131294912 116036694
131294912 116498875
131294912 126391227
131294912 136046012
131294912 137788485
131294912 139872488
131294912 141368711
131294912 149680650
131294912 150273565
131294912 155661154
131294912 155951259
131294912 158419434
131294912 160053476
131294912 163203962
131294912 166811519
131294912 188108667
131294912 189898898
131294912 190822461
131294912 195475105
131294912 197504076
131294912 213777144
131294912 221829166
131294912 224688614
131294912 225160584
131294912 226629405
131294912 230601773
131294912 238260874
131294912 251261925
131294912 263838766
131294912 307458983
131294912 349994706
131369976 22462180
131369976 25970331
131369976 34428380
131369976 40981798
131369976 43003845
131369976 85716069
131369976 88323281
131369976 100318079
131369976 116036694
131369976 126391227
131369976 129631184
131369976 134548250
131369976 139872488
131369976 155951259
131369976 166811519
131369976 238260874
131369976 263838766
131677027 51543792
131677027 54581743
131677027 54611487
131677027 78751746
131677027 142851768
131888932 24051168
131888932 40703590
131888932 66158559
131888932 67119770
131888932 78991357
131888932 86281179
131888932 89441393
131888932 95974196
131888932 99175138
131888932 100113633
131888932 106765077
131888932 110157900
131888932 112178021
131888932 116605328
131888932 141400436
131888932 142081739
131888932 144146678
131888932 152343162
131888932 152490004
131888932 158455991
131888932 162209030
131888932 184406493
131888932 191596466
131888932 208353282
131888932 210188819
131888932 215759738
131888932 224384233
131888932 238215599
131888932 250353576
131888932 281667160
131888932 303177511
131888932 304680205
131888932 322724917
131888932 369830135
131888932 409154171
131888932 432021286
132543607 2367911
132543607 8088112
132543607 8735592
132543607 14230524
132543607 15846407
132543607 16807528
132543607 17316367
132543607 18149078
132543607 18734884
132543607 19493072
132543607 21295636
132543607 22462180
132543607 26929220
132543607 27520150
132543607 29300489
132543607 31331740
132543607 34428380
132543607 36008570
132543607 36767299
132543607 37699718
132543607 40076725
132543607 40981798
132543607 41110545
132543607 43003845
132543607 44473103
132543607 50794628
132543607 69592091
132543607 88723349
132543607 90850337
132543607 93419379
132543607 116036694
132543607 117674417
132543607 133055665
132543607 144631425
132543607 149538028
132543607 163436784
132543607 173732041
132543607 184910040
132543607 188186842
132543607 196680777
132543607 224160357
132543607 229039814
132543607 264093459
132543607 280935165
132543607 291378807
132543607 314316607
132543607 317076339
132543607 333815274
132543607 347509724
132543607 364917755
132543607 376946114
132543607 430313102
132543607 440963134
133055665 6581292
133055665 8088112
133055665 14333437
133055665 14486007
133055665 15186688
133055665 16414371
133055665 16452939
133055665 17759158
133055665 17868918
133055665 17919972
133055665 18172093
133055665 18314308
133055665 19149447
133055665 20855746
133055665 21362105
133055665 21466374
133055665 22462180
133055665 22641532
133055665 26604704
133055665 27520150
133055665 27633075
133055665 31331740
133055665 34428380
133055665 36767299
133055665 38035105
133055665 40981798
133055665 41110545
133055665 42054468
133055665 42576711
133055665 43003845
133055665 45203505
133055665 117674417
133055665 122794139
133055665 128041640
133055665 129679987
133055665 163381338
133055665 170460311
133055665 252192024
133055665 261447035
133783957 51543792
133783957 54611487
133783957 127684106
133783957 161465015
134548250 8088112
134548250 9938852
134548250 17581754
134548250 17919972
134548250 18149078
134548250 18996905
134548250 19493072
134548250 21068395
134548250 21447363
134548250 22462180
134548250 23375688
134548250 23894637
134548250 26929220
134548250 27633075
134548250 28465635
134548250 31331740
134548250 34428380
134548250 39056518
134548250 40981798
134548250 43003845
134548250 44473103
134548250 70492333
134548250 83943787
134548250 85716069
134548250 88323281
134548250 100318079
134548250 108766329
134548250 113058991
134548250 115363439
134548250 116036694
134548250 117674417
134548250 126391227
134548250 129631184
134548250 131369976
134548250 139872488
134548250 143169862
134548250 155661154
134548250 155951259
134548250 162123733
134548250 166811519
134548250 188108667
134548250 189898898
134548250 197504076
134548250 230601773
134548250 238260874
134548250 241159821
134548250 250388198
134548250 349994706
134548250 385587514
136046012 8088112
136046012 9938852
136046012 17434613
136046012 17919972
136046012 21068395
136046012 22462180
136046012 24444592
136046012 27633075
136046012 28176041
136046012 28445357
136046012 28838048
136046012 32385762
136046012 34428380
136046012 36475508
136046012 39056518
136046012 40974224
136046012 40981798
136046012 43003845
136046012 46209291
136046012 53496283
136046012 66235505
136046012 70492333
136046012 74860418
136046012 81704742
136046012 85716069
136046012 86173523
136046012 86561505
136046012 88323281
136046012 95260836
136046012 107512718
136046012 113058991
136046012 116036694
136046012 116498875
136046012 117674417
136046012 120666148
136046012 131294912
136046012 134548250
136046012 137156454
136046012 137788485
136046012 139872488
136046012 143169862
136046012 149680650
136046012 155661154
136046012 155951259
136046012 163203962
136046012 166811519
136046012 168224294
136046012 171324921
136046012 184097849
136046012 188108667
136046012 189898898
136046012 190822461
136046012 217506336
136046012 220729949
136046012 224688614
136046012 238260874
136046012 251261925
136619060 37086650
136619060 109390923
137027740 21572976
137027740 31294167
137027740 40703590
137027740 52473265
137027740 54725490
137027740 57426978
137027740 70188615
137027740 70458047
137027740 80096702
137027740 94111672
137027740 109390923
137027740 116099511
137027740 117948376
137027740 120208344
137027740 123121569
137027740 127618089
137027740 128260873
137027740 168193966
137027740 175830894
137027740 215980492
137156454 9938852
137156454 14230524
137156454 17434613
137156454 17581754
137156454 17919972
137156454 21362105
137156454 21447363
137156454 22462180
137156454 27633075
137156454 28465635
137156454 31331740
137156454 34428380
137156454 37699718
137156454 39056518
137156454 40974224
137156454 40981798
137156454 43003845
137156454 44473103
137156454 46209291
137156454 54228724
137156454 66235505
137156454 68838777
137156454 70114798
137156454 70492333
137156454 74860418
137156454 75873304
137156454 76494006
137156454 78756744
137156454 81704742
137156454 83417972
137156454 85716069
137156454 86173523
137156454 87557311
137156454 88323281
137156454 100318079
137156454 107512718
137156454 113058991
137156454 116036694
137156454 116498875
137156454 120666148
137156454 129631184
137156454 131294912
137156454 133055665
137156454 134548250
137156454 136046012
137156454 139872488
137156454 143169862
137156454 149657313
137156454 149680650
137156454 150273565
137156454 155661154
137156454 160053476
137156454 168224294
137156454 171324921
137156454 175431001
137156454 184097849
137156454 188108667
137156454 189898898
137156454 213777144
137156454 224688614
137156454 238260874
137156454 251261925
137156454 263838766
137156454 307458983
137788485 21068395
137788485 21447363
137788485 22462180
137788485 25970331
137788485 34428380
137788485 36475508
137788485 39056518
137788485 40981798
137788485 43003845
137788485 44473103
137788485 45361614
137788485 46209291
137788485 68838777
137788485 70492333
137788485 81704742
137788485 85716069
137788485 86173523
137788485 88323281
137788485 89754844
137788485 99712896
137788485 100318079
137788485 107512718
137788485 113058991
137788485 114640374
137788485 124634906
137788485 126391227
137788485 131294912
137788485 134548250
137788485 136046012
137788485 137156454
137788485 139872488
137788485 143169862
137788485 149657313
137788485 149680650
137788485 155661154
137788485 160053476
137788485 168224294
137788485 171324921
137788485 189898898
137788485 190822461
137788485 213777144
137788485 217506336
137788485 238260874
137788485 251261925
138884497 40981798
138884497 43003845
139565747 40703590
139565747 61352392
139565747 70458047
139565747 80096702
139565747 106765077
139565747 109390923
139565747 117948376
139565747 119901002
139565747 128260873
139565747 206923101
139565747 447502799
139872488 14230524
139872488 17434613
139872488 17581754
139872488 17919972
139872488 18996905
139872488 21068395
139872488 21447363
139872488 22462180
139872488 24444592
139872488 27633075
139872488 28465635
139872488 34428380
139872488 37699718
139872488 40981798
139872488 43003845
139872488 54228724
139872488 66235505
139872488 68838777
139872488 70492333
139872488 83943787
139872488 85716069
139872488 87557311
139872488 88323281
139872488 95260836
139872488 100318079
139872488 113058991
139872488 116036694
139872488 116498875
139872488 120666148
139872488 129631184
139872488 131369976
139872488 134548250
139872488 136046012
139872488 137156454
139872488 137788485
139872488 149657313
139872488 149680650
139872488 155661154
139872488 155951259
139872488 158419434
139872488 166811519
139872488 168224294
139872488 175431001
139872488 195475105
139872488 214968599
139872488 221010883
139872488 221829166
139872488 233182045
139872488 238260874
139872488 263838766
139872488 307458983
140203448 16854388
140203448 28628582
140203448 40355959
140203448 46750407
140203448 50884531
140203448 51613496
140203448 52473265
140203448 65370547
140203448 70458047
140203448 72097691
140203448 99631222
140203448 106452202
140203448 116099511
140203448 120208344
140203448 123121569
140203448 127618089
140203448 157137446
140613139 69033178
140613139 106765077
140644567 16264006
140644567 16729508
140644567 17071337
140644567 18314308
140644567 26385463
140644567 29391321
140644567 40981798
140644567 65974071
140644567 89003506
141368711 36475508
141368711 40974224
141368711 51543792
141368711 70492333
141368711 81704742
141368711 83307244
141368711 86561505
141368711 120627547
141368711 126391227
141368711 127684106
141368711 129631184
141368711 131294912
141368711 133783957
141368711 161465015
141368711 188108667
141400436 24051168
141400436 49075375
141400436 66158559
141400436 67119770
141400436 78991357
141400436 81211471
141400436 89441393
141400436 106765077
141400436 107832484
141400436 113947726
141400436 131888932
141400436 142081739
141400436 158455991
141400436 162209030
141400436 184406493
141400436 215759738
141400436 250353576
141400436 303177511
141400436 369830135
141696128 22462180
141696128 27307810
141696128 34428380
141696128 40981798
141696128 43003845
141696128 49315012
141696128 88323281
141696128 168224294
141696128 230601773
141696128 238260874
141696128 357181767
142081739 24051168
142081739 40703590
142081739 53614354
142081739 67119770
142081739 75395723
142081739 78991357
142081739 86281179
142081739 95974196
142081739 100113633
142081739 110157900
142081739 110194770
142081739 113947726
142081739 131888932
142081739 141400436
142081739 184406493
142081739 191596466
142081739 193291779
142081739 208353282
142081739 210188819
142081739 238215599
142081739 250353576
142081739 303177511
142081739 304680205
142081739 322724917
142081739 432021286
142391105 18504495
142391105 43180035
142391105 61352392
142391105 69033178
142391105 69349768
142391105 70242865
142391105 80096702
142391105 106452202
142391105 115436566
142391105 123121569
142391105 129631184
142391105 164804966
142391105 184052865
142391105 210188819
142715837 22462180
142715837 30478394
142715837 34428380
142715837 40981798
142715837 43003845
142715837 43429151
142715837 45361614
142715837 46904723
142715837 49315012
142715837 52473265
142715837 54725490
142715837 57426978
142715837 61352392
142715837 63226359
142715837 64532921
142715837 66661590
142715837 69944557
142715837 70458047
142715837 81704742
142715837 85716069
142715837 88323281
142715837 109390923
142715837 110708265
142715837 120208344
142715837 127618089
142715837 128260873
142715837 140613139
142715837 141696128
142715837 149195032
142715837 168224294
142715837 189898898
142715837 206923101
142715837 230601773
142715837 250388198
142715837 281674948
142715837 357181767
142851768 34428380
142851768 51543792
142851768 54611487
142851768 72695654
142851768 78751746
142851768 131677027
143169862 9938852
143169862 17919972
143169862 18149078
143169862 22462180
143169862 27633075
143169862 28465635
143169862 34428380
143169862 37699718
143169862 40981798
143169862 43003845
143169862 44473103
143169862 56002807
143169862 66235505
143169862 83417972
143169862 83943787
143169862 85716069
143169862 87557311
143169862 88323281
143169862 113058991
143169862 116498875
143169862 121533789
143169862 126391227
143169862 129631184
143169862 136046012
143169862 137156454
143169862 148519842
143169862 149657313
143169862 150273565
143169862 155661154
143169862 155951259
143169862 158419434
143169862 166214735
143169862 166811519
143169862 175431001
143169862 238260874
143169862 263838766
143169862 307458983
144146678 24051168
144146678 40703590
144146678 49075375
144146678 66158559
144146678 67119770
144146678 78991357
144146678 89441393
144146678 95974196
144146678 106765077
144146678 107832484
144146678 110157900
144146678 112178021
144146678 113947726
144146678 116605328
144146678 131888932
144146678 149626047
144146678 152343162
144146678 152490004
144146678 158455991
144146678 184406493
144146678 191596466
144146678 193291779
144146678 215759738
144146678 216436275
144146678 224619935
144146678 228624227
144146678 232350989
144146678 235321144
144146678 238215599
144146678 241678730
144146678 250353576
144146678 281667160
144146678 303177511
144146678 304680205
144146678 369830135
144146678 370402681
144146678 409154171
144319796 16854388
144319796 25689832
144319796 30478394
144319796 37060481
144319796 39622856
144319796 39805814
144319796 41469982
144319796 42253232
144319796 43607200
144319796 45435999
144319796 46750407
144319796 51613496
144319796 51828073
144319796 52473265
144319796 65096005
144319796 68207378
144319796 77607254
144319796 84903965
144319796 93051876
144319796 98809160
144319796 99631222
144319796 106765077
144319796 110253180
144319796 116099511
144319796 119217419
144319796 120627547
144319796 123121569
144319796 127684106
144319796 129631184
144319796 155989324
144319796 157137446
144319796 175830894
144319796 186182395
144319796 207601901
144319796 212329156
144319796 222248052
144319796 241957644
144319796 281222130
144319796 357331432
144631425 6581292
144631425 14486007
144631425 17868918
144631425 18996905
144631425 19358562
144631425 19493072
144631425 22462180
144631425 26929220
144631425 27633075
144631425 31331740
144631425 34428380
144631425 40981798
144631425 43003845
144631425 46209291
144631425 69592091
144631425 83943787
144631425 103598216
144631425 107830991
144631425 116036694
144631425 121533789
144631425 123371682
144631425 132543607
144631425 133055665
144631425 149538028
144631425 151338729
144631425 158419434
144631425 173732041
144631425 187773078
144631425 188186842
144631425 195475105
144631425 196680777
144631425 197504076
144631425 204140367
144631425 204317520
144631425 214968599
144631425 217796457
144631425 224160357
144631425 229039814
144631425 230880104
144631425 238260874
144631425 248108296
144631425 259842341
144631425 263838766
144631425 270449528
144631425 280935165
144631425 291378807
144631425 302847930
144631425 307458983
144631425 314316607
144631425 317076339
144631425 356190582
144631425 364917755
144631425 380580781
144631425 430182387
144631425 439788025
144631425 440963134
144631425 522013186
146222700 17723880
146222700 40981798
146250354 28628582
146250354 61352392
146250354 69349768
146250354 70458047
146250354 120208344
146250354 147999706
146250354 227678669
146513510 22462180
146513510 61352392
146513510 85922753
146513510 109390923
146513510 124634906
147179367 14230524
147179367 17919972
147179367 18149078
147179367 19493072
147179367 19705747
147179367 21295636
147179367 21447363
147179367 22462180
147179367 27633075
147179367 30732862
147179367 30734523
147179367 31545838
147179367 34428380
147179367 36008570
147179367 36767299
147179367 37699718
147179367 39056518
147179367 40981798
147179367 42533748
147179367 43003845
147179367 69592091
147179367 83943787
147179367 114110739
147179367 116036694
147179367 117674417
147179367 121533789
147179367 133055665
147179367 151338729
147179367 168152689
147179367 204140367
147179367 204317520
147179367 206004138
147179367 238260874
147179367 263838766
147179367 280935165
147179367 380580781
147228841 39000244
147228841 57258645
147228841 106765077
147228841 151222208
147228841 215980492
147946019 14425825
147946019 15460081
147946019 22440364
147946019 22592948
147946019 25970331
147946019 27772095
147946019 34507480
147946019 37008705
147946019 54581743
147999706 28628582
147999706 31294167
147999706 69483760
147999706 75721164
147999706 120208344
147999706 146250354
147999706 175830894
148081553 25970331
148081553 40968863
148081553 54581743
148081553 54611487
148081553 63808966
148519842 2367911
148519842 8163442
148519842 15150609
148519842 23894637
148519842 30734523
148519842 44473103
148519842 47833138
148519842 54228724
148519842 100318079
148519842 156223392
148519842 186212304
148519842 195475105
148519842 226629405
148519842 234047967
149538028 6559462
149538028 8088112
149538028 14486007
149538028 15843910
149538028 17759158
149538028 17868918
149538028 18951737
149538028 18996905
149538028 19358562
149538028 22462180
149538028 26604704
149538028 26929220
149538028 27520150
149538028 27633075
149538028 30734523
149538028 31331740
149538028 34428380
149538028 40076725
149538028 40981798
149538028 42576711
149538028 43003845
149538028 46209291
149538028 69592091
149538028 77618627
149538028 83943787
149538028 90850337
149538028 92336981
149538028 100318079
149538028 103598216
149538028 116036694
149538028 116498875
149538028 117674417
149538028 121533789
149538028 123371682
149538028 132543607
149538028 144631425
149538028 158419434
149538028 168152689
149538028 173732041
149538028 175431001
149538028 188186842
149538028 195475105
149538028 196680777
149538028 204140367
149538028 204317520
149538028 206004138
149538028 217796457
149538028 228979300
149538028 229039814
149538028 230424016
149538028 230880104
149538028 259842341
149538028 261447035
149538028 263838766
149538028 264093459
149538028 270449528
149538028 276308596
149538028 278652553
149538028 280935165
149538028 302191488
149538028 302847930
149538028 307458983
149538028 314316607
149538028 317076339
149538028 375317198
149538028 414569910
149538028 422224303
149538028 430182387
149538028 439788025
149538028 440963134
149538028 442400135
149538028 455186682
149538028 522013186
149578245 14192900
149578245 15393649
149578245 19836737
149578245 32144146
149578245 38690166
149578245 69127992
149578245 83955939
149578245 99741379
149578245 109930226
149578245 115505999
149578245 124592955
149578245 235382801
149626047 24051168
149626047 49075375
149626047 78991357
149626047 113947726
149626047 144146678
149626047 162209030
149626047 191596466
149626047 210188819
149626047 232350989
149626047 303177511
149626047 304680205
149657313 18996905
149657313 19705747
149657313 21068395
149657313 22462180
149657313 25970331
149657313 26929220
149657313 27633075
149657313 28465635
149657313 31331740
149657313 34428380
149657313 36475508
149657313 39056518
149657313 40981798
149657313 43003845
149657313 46404902
149657313 54228724
149657313 66235505
149657313 70492333
149657313 75873304
149657313 76494006
149657313 83417972
149657313 88323281
149657313 88782469
149657313 90850337
149657313 95260836
149657313 96446770
149657313 100318079
149657313 107512718
149657313 113058991
149657313 116498875
149657313 121533789
149657313 126391227
149657313 129631184
149657313 134548250
149657313 136046012
149657313 137156454
149657313 137788485
149657313 139872488
149657313 143169862
149657313 149680650
149657313 150273565
149657313 155661154
149657313 155951259
149657313 158419434
149657313 166811519
149657313 171324921
149657313 175431001
149680650 8088112
149680650 8163442
149680650 9938852
149680650 15150609
149680650 18734884
149680650 21068395
149680650 21447363
149680650 22462180
149680650 24444592
149680650 27633075
149680650 28465635
149680650 29300489
149680650 31331740
149680650 34428380
149680650 40981798
149680650 43003845
149680650 44473103
149680650 46404902
149680650 67122557
149680650 76990669
149680650 78756744
149680650 81704742
149680650 85716069
149680650 86173523
149680650 88323281
149680650 107512718
149680650 117674417
149680650 124634906
149680650 129631184
149680650 131294912
149680650 136046012
149680650 137156454
149680650 150273565
149680650 155661154
149680650 160053476
149680650 163203962
149680650 164804966
149680650 189898898
149680650 213777144
149680650 224688614
149680650 251261925
149680650 263838766
149680650 290092792
149957548 16854388
149957548 51613496
149957548 84903965
149957548 96469436
149957548 105351998
149957548 169108031
149957548 191619704
149957548 241957644
150273565 19493072
150273565 19705747
150273565 22462180
150273565 24444592
150273565 26929220
150273565 27633075
150273565 28465635
150273565 34428380
150273565 37699718
150273565 40981798
150273565 43003845
150273565 46209291
150273565 54228724
150273565 66235505
150273565 70492333
150273565 75873304
150273565 76494006
150273565 83943787
150273565 85716069
150273565 87557311
150273565 88323281
150273565 88782469
150273565 90850337
150273565 95260836
150273565 99712896
150273565 113058991
150273565 116036694
150273565 116498875
150273565 117674417
150273565 120666148
150273565 121533789
150273565 127684095
150273565 129631184
150273565 131294912
150273565 131369976
150273565 134548250
150273565 136046012
150273565 137156454
150273565 139872488
150273565 143169862
150273565 149657313
150273565 149680650
150273565 155661154
150273565 155951259
150273565 158419434
150273565 166214735
150273565 166811519
150273565 168224294
150273565 173732041
150273565 175431001
150273565 184097849
150273565 188108667
150273565 189898898
150273565 197504076
150273565 214968599
150273565 221829166
150273565 225160584
150273565 238260874
150273565 263838766
150273565 307458983
150273801 16854388
150273801 25689832
150273801 46750407
150273801 50884531
150273801 52473265
150273801 99631222
150273801 110253180
150273801 116099511
150273801 157137446
151222208 16854388
151222208 35065277
151222208 37060481
151222208 39000244
151222208 39622856
151222208 43186460
151222208 51543792
151222208 51613496
151222208 51828073
151222208 52473265
151222208 53452510
151222208 54611487
151222208 65096005
151222208 68567671
151222208 69349768
151222208 74548256
151222208 84903965
151222208 93051876
151222208 93257977
151222208 96469436
151222208 99631222
151222208 106452202
151222208 110253180
151222208 116245256
151222208 120627547
151222208 123121569
151222208 127684106
151222208 129631184
151222208 147228841
151222208 166724912
151222208 186182395
151222208 212329156
151222208 221413264
151222208 311123328
151222208 336564384
151222208 341142328
151222208 357331432
151338729 8088112
151338729 15023872
151338729 16202136
151338729 17503591
151338729 17759158
151338729 17868918
151338729 18149078
151338729 18314308
151338729 18755564
151338729 18996905
151338729 19149447
151338729 19358562
151338729 19493072
151338729 19705747
151338729 21548772
151338729 22462180
151338729 26929220
151338729 27633075
151338729 31331740
151338729 34428380
151338729 37699718
151338729 40076725
151338729 40981798
151338729 42576711
151338729 43003845
151338729 46209291
151338729 49588164
151338729 50794628
151338729 69548480
151338729 69592091
151338729 77618627
151338729 83943787
151338729 92336981
151338729 100318079
151338729 103598216
151338729 107830991
151338729 114110739
151338729 116036694
151338729 117674417
151338729 118891136
151338729 119226871
151338729 121533789
151338729 123371682
151338729 144631425
151338729 158419434
151338729 187773078
151338729 195475105
151338729 196680777
151338729 204140367
151338729 204317520
151338729 206004138
151338729 214968599
151338729 217796457
151338729 229039814
151338729 248108296
151338729 259842341
151338729 261447035
151338729 261853955
151338729 270449528
151338729 276308596
151338729 280935165
151338729 291378807
151338729 302847930
151338729 307458983
151338729 314316607
151338729 317076339
151338729 333815274
151338729 356190582
151338729 359811125
151338729 364917755
151338729 376946114
151338729 380580781
151338729 389742937
151338729 422224303
151338729 430182387
151338729 430313102
151338729 439788025
151338729 440963134
151338729 442400135
151338729 455186682
151338729 522013186
151891517 40368156
151891517 62976139
151891517 66398898
151891517 95765264
151891517 108633391
151891517 252668782
152343162 24051168
152343162 40703590
152343162 49075375
152343162 66158559
152343162 66491235
152343162 67970853
152343162 75395723
152343162 106765077
152343162 111951477
152343162 113947726
152343162 131888932
152343162 144146678
152343162 158455991
152343162 184406493
152343162 210188819
152343162 224619935
152343162 228624227
152343162 235321144
152343162 250353576
152343162 303177511
152343162 369830135
152490004 49075375
152490004 75395723
152490004 78991357
152490004 81211471
152490004 89441393
152490004 99175138
152490004 106765077
152490004 110157900
152490004 110472918
152490004 112178021
152490004 116605328
152490004 131888932
152490004 144146678
152490004 162209030
152490004 193291779
152490004 208353282
152490004 215759738
152490004 224384233
152490004 232350989
152490004 281667160
153487290 17654192
153487290 27463738
153487290 40981798
153487290 43003845
155661154 9938852
155661154 14230524
155661154 17434613
155661154 17581754
155661154 17919972
155661154 19493072
155661154 21323673
155661154 21362105
155661154 21447363
155661154 22462180
155661154 23375688
155661154 25970331
155661154 27633075
155661154 28465635
155661154 31331740
155661154 34428380
155661154 37699718
155661154 40981798
155661154 43003845
155661154 44473103
155661154 46404902
155661154 53496283
155661154 53658654
155661154 54228724
155661154 56449726
155661154 70492333
155661154 74860418
155661154 75873304
155661154 76494006
155661154 85716069
155661154 87557311
155661154 88323281
155661154 88782469
155661154 95260836
155661154 100318079
155661154 108633391
155661154 113058991
155661154 116036694
155661154 116498875
155661154 120666148
155661154 126391227
155661154 129631184
155661154 131369976
155661154 133055665
155661154 134548250
155661154 136046012
155661154 137156454
155661154 139872488
155661154 143169862
155661154 148519842
155661154 149680650
155661154 150273565
155661154 155951259
155661154 158419434
155661154 166811519
155661154 175431001
155661154 184097849
155661154 188108667
155661154 238260874
155661154 263838766
155661154 307458983
155951259 2367911
155951259 6581292
155951259 9938852
155951259 14230524
155951259 17434613
155951259 17581754
155951259 17919972
155951259 19705747
155951259 21068395
155951259 21295636
155951259 21447363
155951259 22462180
155951259 23375688
155951259 23894637
155951259 24444592
155951259 28176041
155951259 28465635
155951259 28838048
155951259 31331740
155951259 31545838
155951259 33792219
155951259 34428380
155951259 39056518
155951259 40981798
155951259 43003845
155951259 44473103
155951259 50766536
155951259 54228724
155951259 66235505
155951259 69592091
155951259 70492333
155951259 74860418
155951259 83417972
155951259 85716069
155951259 86173523
155951259 88323281
155951259 95260836
155951259 96446770
155951259 100318079
155951259 107512718
155951259 108633391
155951259 113058991
155951259 115363439
155951259 116036694
155951259 116498875
155951259 120666148
155951259 124634906
155951259 126391227
155951259 127684106
155951259 131294912
155951259 131369976
155951259 134548250
155951259 136046012
155951259 139872488
155951259 143169862
155951259 149657313
155951259 150273565
155951259 155661154
155951259 166214735
155951259 166811519
155951259 187773078
155951259 189898898
155951259 195475105
155951259 221829166
155951259 238260874
155951259 439788025
155989324 16854388
155989324 25689832
155989324 30478394
155989324 37060481
155989324 39622856
155989324 39805814
155989324 40355959
155989324 41469982
155989324 42253232
155989324 46750407
155989324 51543792
155989324 51828073
155989324 54611487
155989324 65096005
155989324 66409671
155989324 68207378
155989324 74548256
155989324 77607254
155989324 84903965
155989324 99631222
155989324 110253180
155989324 120627547
155989324 123121569
155989324 127684106
155989324 129631184
155989324 144319796
155989324 157137446
155989324 166724912
155989324 186182395
155989324 186688919
155989324 212329156
155989324 221413264
155989324 241957644
156004026 14230524
156004026 40981798
156004026 47833138
156004026 127684106
156223392 17503591
156223392 17868918
156223392 18996905
156223392 19358562
156223392 19974427
156223392 30732862
156223392 30734523
156223392 40981798
156223392 42533748
157041141 34428380
157041141 40981798
157041141 43003845
157041141 263270054
157137446 14230524
157137446 16854388
157137446 22542097
157137446 25689832
157137446 28628582
157137446 31294167
157137446 37060481
157137446 39622856
157137446 39805814
157137446 40355959
157137446 41469982
157137446 42253232
157137446 45435999
157137446 46750407
157137446 50884531
157137446 51828073
157137446 52473265
157137446 57701952
157137446 65096005
157137446 65370547
157137446 66190348
157137446 66409671
157137446 68207378
157137446 73793971
157137446 74548256
157137446 77607254
157137446 84903965
157137446 93051876
157137446 99631222
157137446 110253180
157137446 116099511
157137446 119217419
157137446 123121569
157137446 127618089
157137446 127684106
157137446 129631184
157137446 140203448
157137446 144319796
157137446 150273801
157137446 155989324
157137446 166724912
157137446 186182395
157137446 207601901
157137446 212329156
157137446 214202608
157137446 222248052
157137446 241957644
157137446 281222130
157137446 357331432
157137446 374052936
157475200 17919972
157475200 18149078
157475200 22462180
157475200 26929220
157475200 40076725
157475200 40981798
157475200 43003845
157475200 46209291
157475200 56423330
157475200 165908478
158129463 2367911
158129463 22462180
158129463 34428380
158129463 40981798
158129463 43003845
158129463 123371682
158419434 2367911
158419434 6581292
158419434 8088112
158419434 8163442
158419434 9938852
158419434 15023872
158419434 17434613
158419434 17503591
158419434 17759158
158419434 17868918
158419434 18951737
158419434 18996905
158419434 19358562
158419434 19493072
158419434 19705747
158419434 22462180
158419434 23102417
158419434 24444592
158419434 27633075
158419434 28465635
158419434 31331740
158419434 34428380
158419434 37699718
158419434 40076725
158419434 40981798
158419434 43003845
158419434 46209291
158419434 47083979
158419434 56002807
158419434 57496410
158419434 60361873
158419434 62985251
158419434 65894526
158419434 68978681
158419434 83943787
158419434 85716069
158419434 88323281
158419434 88723349
158419434 92336981
158419434 95260836
158419434 100318079
158419434 113058991
158419434 116498875
158419434 117674417
158419434 121533789
158419434 123371682
158419434 126391227
158419434 133055665
158419434 143169862
158419434 144631425
158419434 149538028
158419434 151338729
158419434 155661154
158419434 169554488
158419434 187773078
158419434 188102842
158419434 188108667
158419434 195475105
158419434 197504076
158419434 203247686
158419434 214968599
158419434 217796457
158419434 226629405
158419434 230880104
158419434 259842341
158419434 263838766
158419434 270449528
158419434 278652553
158419434 280935165
158419434 302191488
158419434 302847930
158419434 307458983
158419434 314316607
158419434 317076339
158419434 349994706
158419434 364971269
158419434 388556323
158419434 430313102
158419434 439788025
158419434 440963134
158419434 459737164
158455991 24051168
158455991 40703590
158455991 49075375
158455991 55492770
158455991 66491235
158455991 67119770
158455991 89441393
158455991 95974196
158455991 106765077
158455991 110157900
158455991 111951477
158455991 131888932
158455991 141400436
158455991 144146678
158455991 152343162
158455991 162209030
158455991 215759738
158455991 228624227
158455991 232350989
158455991 238215599
158455991 250353576
158455991 303177511
158455991 304680205
158526208 15460081
158526208 22440364
158526208 25970331
158526208 34507480
158526208 63808966
158526208 339373057
158800506 23277227
158800506 40703590
158800506 54725490
158800506 109390923
158800506 128260873
158821955 34942750
158821955 53658654
158821955 66661590
158821955 81704742
158821955 85922753
158821955 128260873
158821955 164804966
158821955 189898898
158848407 14230524
158848407 15693493
158848407 15846407
158848407 40981798
158848407 50600062
160053476 8088112
160053476 9938852
160053476 21447363
160053476 22462180
160053476 34428380
160053476 36475508
160053476 39056518
160053476 40974224
160053476 40981798
160053476 43003845
160053476 44473103
160053476 45361614
160053476 46209291
160053476 54825109
160053476 57426978
160053476 70492333
160053476 81704742
160053476 85716069
160053476 86173523
160053476 88323281
160053476 95765264
160053476 98928134
160053476 107512718
160053476 108633391
160053476 113058991
160053476 115363439
160053476 116498875
160053476 117674417
160053476 124634906
160053476 131294912
160053476 137156454
160053476 137788485
160053476 149680650
160053476 155661154
160053476 163203962
160053476 164804966
160053476 168224294
160053476 184097849
160053476 187773078
160053476 188108667
160053476 189898898
160053476 190822461
160053476 192281027
160053476 195475105
160053476 213777144
160053476 217506336
160053476 220729949
160053476 221010883
160053476 230601773
160053476 238260874
160053476 250388198
160053476 251261925
160053476 263838766
160053476 319319045
160053476 360245938
161433080 2367911
161433080 8163442
161433080 9317502
161433080 12459972
161433080 17759158
161433080 17868918
161433080 18996905
161433080 22462180
161433080 27633075
161433080 34428380
161433080 40981798
161433080 43003845
161433080 78756744
161433080 83417972
161433080 83943787
161433080 88323281
161433080 100318079
161433080 121533789
161433080 195475105
161433080 226629405
161433080 229039814
161433080 238260874
161433080 263838766
161433080 314316607
161465015 51543792
161465015 54611487
161465015 127684106
161465015 133783957
161465015 141368711
161465015 156004026
162123733 14230524
162123733 17316367
162123733 17868918
162123733 17919972
162123733 18149078
162123733 21447363
162123733 22462180
162123733 23375688
162123733 26090319
162123733 27260086
162123733 27633075
162123733 31331740
162123733 34428380
162123733 40981798
162123733 43003845
162123733 54825109
162123733 60530411
162123733 61352392
162123733 66235505
162123733 81704742
162123733 86173523
162123733 88323281
162123733 96446770
162123733 100318079
162123733 109390923
162123733 115363439
162123733 115505999
162123733 117674417
162123733 133055665
162123733 134548250
162123733 141696128
162123733 158419434
162123733 160053476
162123733 168224294
162123733 187773078
162123733 189898898
162123733 195475105
162123733 195814649
162123733 213777144
162123733 220729949
162123733 221010883
162123733 230601773
162123733 250388198
162123733 263838766
162123733 357181767
162123733 385587514
162209030 24051168
162209030 40703590
162209030 66158559
162209030 67970853
162209030 78991357
162209030 81211471
162209030 89441393
162209030 99175138
162209030 100113633
162209030 106765077
162209030 110472918
162209030 111951477
162209030 113947726
162209030 116605328
162209030 131888932
162209030 141400436
162209030 149626047
162209030 152490004
162209030 158455991
162209030 184406493
162209030 191596466
162209030 215759738
162209030 228624227
162209030 232350989
162209030 235321144
162209030 281667160
162209030 303177511
162209030 304680205
163203962 9938852
163203962 40974224
163203962 40981798
163203962 43003845
163203962 45361614
163203962 57386237
163203962 61352392
163203962 81704742
163203962 83943787
163203962 85716069
163203962 85922753
163203962 86173523
163203962 86561505
163203962 88323281
163203962 107512718
163203962 108633391
163203962 115505999
163203962 131294912
163203962 136046012
163203962 149680650
163203962 160053476
163203962 168224294
163203962 187773078
163203962 189898898
163203962 195475105
163203962 213777144
163203962 220729949
163203962 221010883
163203962 234047967
163203962 251261925
163203962 290092792
163203962 360245938
163381338 14230524
163381338 14929280
163381338 17919972
163381338 21447363
163381338 22462180
163381338 22641532
163381338 28207101
163381338 31331740
163381338 34428380
163381338 40981798
163381338 117674417
163381338 133055665
163436784 2367911
163436784 8735592
163436784 14230524
163436784 16807528
163436784 18149078
163436784 19493072
163436784 22462180
163436784 27633075
163436784 31331740
163436784 34428380
163436784 40076725
163436784 40981798
163436784 43003845
163436784 116036694
163436784 132543607
163436784 133055665
163436784 168152689
163436784 196680777
163436784 280935165
163436784 291378807
163436784 430313102
164582509 17868918
164582509 17919972
164582509 31331740
164582509 40981798
164804966 16854388
164804966 21572976
164804966 34942750
164804966 36475508
164804966 39000244
164804966 43180035
164804966 52934833
164804966 53658654
164804966 54725490
164804966 55917979
164804966 57426978
164804966 61352392
164804966 66661590
164804966 70458047
164804966 78702020
164804966 80096702
164804966 85716069
164804966 85922753
164804966 94111672
164804966 97463613
164804966 109390923
164804966 110708265
164804966 115436566
164804966 120208344
164804966 123121569
164804966 124634906
164804966 126666372
164804966 128260873
164804966 129631184
164804966 149680650
164804966 158821955
164804966 168193966
164804966 215980492
164804966 242362681
164804966 250947200
164804966 251261925
165849510 9938852
165849510 57426978
165849510 63226359
165849510 81704742
165849510 171692646
165849510 185331750
165849510 303486555
165849510 331372178
165908478 2367911
165908478 16807528
165908478 21425125
165908478 22462180
165908478 27463738
165908478 34428380
165908478 40076725
165908478 40981798
165908478 43003845
165908478 46209291
165908478 56423330
165908478 153487290
165908478 157475200
166214735 6581292
166214735 15150609
166214735 17654192
166214735 17868918
166214735 18149078
166214735 18996905
166214735 19358562
166214735 19705747
166214735 21447363
166214735 22462180
166214735 23894637
166214735 26929220
166214735 27633075
166214735 28176041
166214735 28465635
166214735 31331740
166214735 33792219
166214735 34428380
166214735 40981798
166214735 43003845
166214735 50766536
166214735 54228724
166214735 66235505
166214735 68838777
166214735 70492333
166214735 75873304
166214735 76494006
166214735 88782469
166214735 90850337
166214735 95260836
166214735 100318079
166214735 103598216
166214735 108766329
166214735 113058991
166214735 116498875
166214735 117674417
166214735 121533789
166214735 127684106
166214735 129631184
166214735 133055665
166214735 134548250
166214735 143169862
166214735 149657313
166214735 150273565
166214735 155661154
166214735 155951259
166214735 158419434
166214735 175431001
166214735 181155423
166214735 184097849
166214735 187773078
166214735 188102842
166214735 214968599
166214735 221829166
166214735 226629405
166214735 238260874
166214735 263838766
166214735 439788025
166724912 16854388
166724912 25689832
166724912 30478394
166724912 35065277
166724912 39622856
166724912 41469982
166724912 42253232
166724912 51543792
166724912 51613496
166724912 52473265
166724912 59630220
166724912 65096005
166724912 68207378
166724912 74548256
166724912 77607254
166724912 84903965
166724912 94111672
166724912 105351998
166724912 120627547
166724912 123121569
166724912 127684106
166724912 129631184
166724912 151222208
166724912 155989324
166724912 157137446
166724912 212329156
166724912 221413264
166811519 8088112
166811519 9938852
166811519 15150609
166811519 16503181
166811519 17434613
166811519 17581754
166811519 17868918
166811519 17919972
166811519 18996905
166811519 21068395
166811519 21447363
166811519 22462180
166811519 24444592
166811519 27633075
166811519 28465635
166811519 31331740
166811519 31545838
166811519 33792219
166811519 34428380
166811519 36475508
166811519 39056518
166811519 40076725
166811519 40981798
166811519 43003845
166811519 46209291
166811519 53496283
166811519 54228724
166811519 70492333
166811519 83943787
166811519 85716069
166811519 88323281
166811519 95260836
166811519 100318079
166811519 107512718
166811519 113058991
166811519 116498875
166811519 117674417
166811519 129631184
166811519 131294912
166811519 133055665
166811519 134548250
166811519 136046012
166811519 139872488
166811519 143169862
166811519 149657313
166811519 149680650
166811519 155661154
166811519 155951259
166811519 166214735
166811519 171324921
166811519 175431001
166811519 184097849
166811519 187773078
166811519 188108667
166811519 189898898
166811519 195475105
166811519 197504076
166811519 220729949
166811519 238260874
166811519 263838766
166811519 281674948
166811519 439788025
167449308 8163442
167449308 22462180
167449308 28465635
167449308 34428380
167449308 40981798
167449308 43003845
167449308 88323281
167449308 173732041
167449308 214968599
167449308 238260874
167449308 278695868
167449308 439788025
167449308 459737164
168152689 1679071
168152689 8088112
168152689 17503591
168152689 18149078
168152689 18951737
168152689 18996905
168152689 19358562
168152689 19493072
168152689 19705747
168152689 21295636
168152689 22462180
168152689 24788654
168152689 26929220
168152689 27633075
168152689 31331740
168152689 34428380
168152689 36767299
168152689 39056518
168152689 40076725
168152689 40981798
168152689 41110545
168152689 43003845
168152689 69592091
168152689 83943787
168152689 93419379
168152689 103598216
168152689 114110739
168152689 116036694
168152689 117674417
168152689 119226871
168152689 121533789
168152689 133055665
168152689 147179367
168152689 149538028
168152689 163436784
168152689 188186842
168152689 196680777
168152689 204140367
168152689 204317520
168152689 206004138
168152689 229039814
168152689 238260874
168152689 259842341
168152689 263838766
168152689 270449528
168152689 280935165
168152689 291378807
168152689 314316607
168152689 317076339
168152689 380580781
168152689 422224303
168193966 23277227
168193966 43186460
168193966 43429151
168193966 46904723
168193966 54725490
168193966 57426978
168193966 61352392
168193966 69483760
168193966 70188615
168193966 70458047
168193966 80096702
168193966 85687328
168193966 94111672
168193966 99387429
168193966 109390923
168193966 112178021
168193966 119901002
168193966 120208344
168193966 127618089
168193966 129631184
168193966 137027740
168193966 139565747
168193966 164804966
168193966 178581767
168193966 185331750
168193966 215980492
168193966 250947200
168224294 9938852
168224294 22462180
168224294 27307810
168224294 31331740
168224294 34428380
168224294 40703590
168224294 40981798
168224294 43003845
168224294 45361614
168224294 49315012
168224294 57426978
168224294 60325333
168224294 63226359
168224294 79806862
168224294 81704742
168224294 87557311
168224294 88323281
168224294 107512718
168224294 115363439
168224294 116498875
168224294 126391227
168224294 141696128
168224294 142715837
168224294 160053476
168224294 162123733
168224294 163203962
168224294 165849510
168224294 171692646
168224294 184598688
168224294 185331750
168224294 187773078
168224294 189898898
168224294 194403468
168224294 213777144
168224294 220729949
168224294 221829166
168224294 225160584
168224294 230601773
168224294 233182045
168224294 238260874
168224294 250388198
168224294 263838766
168224294 303486555
168224294 322690327
168224294 331372178
168224294 349994706
168224294 357181767
168224294 360245938
168224294 385587514
168834731 51543792
168834731 54611487
168834731 72695654
168834731 127684106
169108031 43186460
169108031 66398898
169108031 74548256
169108031 105351998
169108031 120627547
169108031 149957548
169108031 192664595
169108031 252668782
169489451 21572976
169489451 40703590
169489451 54725490
169489451 168193966
169554488 6581292
169554488 8088112
169554488 14486007
169554488 14929280
169554488 15843910
169554488 17654192
169554488 17759158
169554488 17868918
169554488 17919972
169554488 18314308
169554488 18951737
169554488 18996905
169554488 19349053
169554488 19358562
169554488 22462180
169554488 25842688
169554488 27520150
169554488 27633075
169554488 28465635
169554488 31331740
169554488 31414569
169554488 34428380
169554488 40981798
169554488 43003845
169554488 46209291
169554488 47083979
169554488 56002807
169554488 60361873
169554488 62985251
169554488 65894526
169554488 88723349
169554488 90888992
169554488 97088346
169554488 100318079
169554488 117674417
169554488 121533789
169554488 133055665
169554488 158419434
169554488 187773078
169554488 203247686
169554488 214968599
169554488 217488200
169554488 226629405
169554488 263838766
169554488 302191488
169554488 307458983
169554488 442494754
170460311 2367911
170460311 6581292
170460311 14230524
170460311 15843910
170460311 15846407
170460311 17759158
170460311 17868918
170460311 17919972
170460311 18996905
170460311 21362105
170460311 21548772
170460311 22462180
170460311 27633075
170460311 28207101
170460311 31331740
170460311 34428380
170460311 36767299
170460311 37699718
170460311 39056518
170460311 40981798
170460311 42576711
170460311 43003845
170460311 62591415
170460311 117674417
170460311 121533789
170460311 133055665
170895560 22462180
170895560 34428380
170895560 40981798
170895560 43003845
170895560 66398898
171324921 22462180
171324921 34428380
171324921 36475508
171324921 39056518
171324921 40981798
171324921 43003845
171324921 113058991
171324921 120627547
171324921 137156454
171324921 137788485
171324921 149657313
171324921 238260874
171692646 27307810
171692646 49075375
171692646 49315012
171692646 55492770
171692646 63226359
171692646 67970853
171692646 81211471
171692646 86281179
171692646 95974196
171692646 99175138
171692646 110157900
171692646 110472918
171692646 165849510
171692646 185331750
171692646 210188819
171692646 224384233
171692646 224619935
171692646 232350989
171692646 281667160
171692646 303486555
171692646 369830135
173152052 12459972
173152052 40981798
173152052 118534712
173152052 120790661
173152052 177678004
173152052 181155423
173152052 330017427
173732041 2367911
173732041 16807528
173732041 19358562
173732041 22462180
173732041 40981798
173732041 43003845
173732041 46209291
173732041 56002807
173732041 56423330
173732041 69592091
173732041 77618627
173732041 83943787
173732041 90850337
173732041 93419379
173732041 99712896
173732041 103598216
173732041 113058991
173732041 114110739
173732041 123371682
173732041 132543607
173732041 144631425
173732041 149538028
173732041 150273565
173732041 167449308
173732041 175431001
173732041 184097849
173732041 188108667
173732041 194403468
173732041 195475105
173732041 196680777
173732041 197504076
173732041 204140367
173732041 204317520
173732041 206004138
173732041 217796457
173732041 221829166
173732041 224160357
173732041 230880104
173732041 259842341
173732041 264093459
173732041 270449528
173732041 278652553
173732041 280935165
173732041 281674948
173732041 302847930
173732041 307458983
173732041 314316607
173732041 317076339
173732041 333815274
173732041 356190582
173732041 359811125
173732041 364917755
173732041 376946114
173732041 380580781
173732041 393543834
173732041 430182387
173732041 439788025
173732041 440963134
173732041 442400135
173732041 522013186
175431001 2367911
175431001 8088112
175431001 8163442
175431001 14230524
175431001 14486007
175431001 15150609
175431001 17581754
175431001 17759158
175431001 17919972
175431001 18734884
175431001 18996905
175431001 19149447
175431001 19349053
175431001 19493072
175431001 19705747
175431001 21362105
175431001 21447363
175431001 22462180
175431001 23894637
175431001 24444592
175431001 25970331
175431001 26929220
175431001 27520150
175431001 27633075
175431001 28445357
175431001 28465635
175431001 28838048
175431001 31331740
175431001 31545838
175431001 33792219
175431001 34428380
175431001 36475508
175431001 37699718
175431001 39056518
175431001 40981798
175431001 43003845
175431001 46209291
175431001 46404902
175431001 54228724
175431001 66235505
175431001 68838777
175431001 69592091
175431001 70492333
175431001 74860418
175431001 75873304
175431001 76494006
175431001 83417972
175431001 85716069
175431001 87557311
175431001 88323281
175431001 88782469
175431001 90850337
175431001 95260836
175431001 96446770
175431001 100318079
175431001 103598216
175431001 108766329
175431001 113058991
175431001 116036694
175431001 117674417
175431001 120666148
175431001 121533789
175431001 123371682
175431001 126391227
175431001 131369976
175431001 133055665
175431001 136046012
175431001 137156454
175431001 139872488
175431001 143169862
175431001 149538028
175431001 149657313
175431001 149680650
175431001 150273565
175431001 151338729
175431001 155661154
175431001 155951259
175431001 166811519
175431001 173732041
175431001 184097849
175431001 188108667
175431001 189898898
175431001 194403468
175431001 195475105
175431001 195814649
175431001 197504076
175431001 213777144
175431001 220729949
175431001 221829166
175431001 229871864
175431001 238260874
175431001 241159821
175431001 248108296
175431001 263838766
175830894 39805814
175830894 42253232
175830894 52473265
175830894 57426978
175830894 59630220
175830894 65096005
175830894 77607254
175830894 99387429
175830894 99631222
175830894 109568333
175830894 116099511
175830894 123121569
175830894 127684106
175830894 129631184
175830894 137027740
175830894 144319796
175830894 147999706
175830894 548820179
177345928 16452939
177345928 31331740
177345928 40981798
177345928 49588164
177522486 21572976
177522486 57426978
177522486 72519886
177522486 129631184
177522486 215980492
177678004 40981798
177678004 43666594
177678004 118534712
177678004 173152052
177678004 181155423
177678004 229249535
177678004 318651299
178092619 40981798
178092619 49394054
178092619 58005076
178092619 62976139
178092619 95765264
178092619 127725192
178092619 199696620
178092619 252042989
178092619 252668782
178092619 255164060
178581767 43607200
178581767 54725490
178581767 66661590
178581767 94111672
178581767 106142776
178581767 106452202
178581767 109390923
178581767 115436566
178581767 119901002
178581767 120208344
178581767 123121569
178581767 126915142
178581767 128260873
178581767 129631184
178581767 168193966
178581767 186688919
178581767 215980492
178581767 250947200
178581767 252668782
179699335 4532891
179699335 23894637
179699335 54228724
179699335 234047967
181155423 12459972
181155423 40981798
181155423 43003845
181155423 54228724
181155423 95260836
181155423 118534712
181155423 120790661
181155423 173152052
181155423 177678004
181155423 330017427
181561712 14230524
181561712 17919972
181561712 21447363
181561712 27260086
181561712 36008570
181561712 40981798
181561712 184910040
184052865 129631184
184052865 142391105
184052865 215980492
184097849 2367911
184097849 8088112
184097849 8163442
184097849 14230524
184097849 15023872
184097849 15150609
184097849 17581754
184097849 17759158
184097849 17868918
184097849 17919972
184097849 18149078
184097849 18996905
184097849 19493072
184097849 21068395
184097849 21447363
184097849 21548772
184097849 22462180
184097849 23375688
184097849 24444592
184097849 26929220
184097849 27633075
184097849 28176041
184097849 28465635
184097849 31331740
184097849 31545838
184097849 33792219
184097849 34428380
184097849 37699718
184097849 39056518
184097849 40076725
184097849 40981798
184097849 41110545
184097849 44473103
184097849 46209291
184097849 53496283
184097849 54228724
184097849 66235505
184097849 68838777
184097849 69592091
184097849 70492333
184097849 74860418
184097849 75873304
184097849 83417972
184097849 83943787
184097849 85716069
184097849 86173523
184097849 87557311
184097849 88323281
184097849 88782469
184097849 90850337
184097849 95260836
184097849 96446770
184097849 99712896
184097849 100318079
184097849 113058991
184097849 115221382
184097849 116036694
184097849 116498875
184097849 117674417
184097849 121533789
184097849 123371682
184097849 126391227
184097849 129631184
184097849 131369976
184097849 133055665
184097849 134548250
184097849 136046012
184097849 137156454
184097849 139872488
184097849 143169862
184097849 149657313
184097849 150273565
184097849 151338729
184097849 155661154
184097849 155951259
184097849 158419434
184097849 160053476
184097849 166811519
184097849 168224294
184097849 173732041
184097849 175431001
184097849 188102842
184097849 188108667
184097849 189898898
184097849 194403468
184097849 195475105
184097849 196680777
184097849 197504076
184097849 204317520
184097849 213777144
184097849 214968599
184097849 220729949
184097849 221010883
184097849 221829166
184097849 226629405
184097849 230601773
184097849 230880104
184097849 238260874
184097849 248108296
184097849 263838766
184097849 270449528
184097849 276308596
184097849 281674948
184097849 307458983
184097849 317076339
184097849 422224303
184097849 439788025
184097849 440963134
184406493 40703590
184406493 49075375
184406493 67119770
184406493 67970853
184406493 81211471
184406493 89441393
184406493 95974196
184406493 99175138
184406493 100113633
184406493 106765077
184406493 110157900
184406493 113947726
184406493 116605328
184406493 131888932
184406493 141400436
184406493 142081739
184406493 144146678
184406493 152343162
184406493 162209030
184406493 189242210
184406493 191596466
184406493 215759738
184406493 224619935
184406493 228624227
184406493 232350989
184406493 235321144
184406493 238215599
184406493 241678730
184406493 250353576
184406493 281667160
184406493 303177511
184406493 369830135
184406493 370402681
184406493 432021286
184598688 40703590
184598688 60325333
184598688 185331750
184598688 322690327
184910040 15846407
184910040 40981798
185300771 21068395
185300771 22462180
185300771 34428380
185300771 36475508
185300771 40981798
185300771 43003845
185300771 83417972
185300771 88323281
185300771 100318079
185300771 124634906
185300771 134548250
185300771 164804966
185300771 189898898
185300771 213777144
185300771 238260874
185331750 16854388
185331750 39000244
185331750 40703590
185331750 57426978
185331750 60325333
185331750 94111672
185331750 110708265
185331750 127618089
185331750 165849510
185331750 168193966
185331750 171692646
185331750 184598688
185331750 227678669
185331750 233182045
185331750 303486555
185331750 322690327
185331750 331372178
185331750 357181767
185331750 385587514
185331750 546135380
186212304 2367911
186212304 8163442
186212304 9938852
186212304 11866022
186212304 15150609
186212304 15280689
186212304 23375688
186212304 23894637
186212304 28176041
186212304 31457243
186212304 33792219
186212304 40981798
186212304 43003845
186212304 44473103
186212304 47833138
186212304 54228724
186212304 70492333
186212304 88323281
186212304 95260836
186212304 100318079
186212304 104249727
186212304 133055665
186212304 148519842
186212304 156004026
186212304 179699335
186212304 187773078
186212304 195475105
186212304 205710774
186212304 234047967
186688919 46904723
186688919 54725490
186688919 80096702
186688919 112178021
186688919 117948376
186688919 126915142
186688919 129267461
186688919 155989324
186688919 178581767
186688919 202369108
187209808 40703590
187209808 66661590
187209808 69033178
187209808 92500075
187209808 109390923
187773078 6581292
187773078 8088112
187773078 15150609
187773078 17868918
187773078 18149078
187773078 18996905
187773078 19358562
187773078 22462180
187773078 27633075
187773078 31331740
187773078 34428380
187773078 36475508
187773078 40981798
187773078 43003845
187773078 46160500
187773078 46209291
187773078 53990192
187773078 62985251
187773078 69592091
187773078 83943787
187773078 85716069
187773078 97088346
187773078 100318079
187773078 103598216
187773078 107512718
187773078 107830991
187773078 108633391
187773078 116036694
187773078 117674417
187773078 123371682
187773078 133055665
187773078 144631425
187773078 151338729
187773078 158419434
187773078 160053476
187773078 163203962
187773078 168224294
187773078 189592841
187773078 189898898
187773078 194403468
187773078 195475105
187773078 196680777
187773078 204140367
187773078 204317520
187773078 217796457
187773078 220729949
187773078 229039814
187773078 230601773
187773078 230880104
187773078 238260874
187773078 251261925
187773078 259842341
187773078 270449528
187773078 280935165
187773078 290092792
187773078 302847930
187773078 307458983
187773078 314316607
187773078 317076339
187773078 349994706
187773078 380580781
187773078 430182387
187773078 430313102
188045721 18504495
188045721 57426978
188045721 61352392
188045721 110708265
188045721 116099511
188045721 127618089
188045721 127684106
188045721 129631184
188045721 137027740
188045721 164804966
188102842 2367911
188102842 6581292
188102842 8163442
188102842 16807528
188102842 17868918
188102842 18996905
188102842 19358562
188102842 22462180
188102842 27633075
188102842 28465635
188102842 34428380
188102842 40076725
188102842 40696036
188102842 40981798
188102842 43003845
188102842 54611487
188102842 56423330
188102842 70492333
188102842 88323281
188102842 100318079
188102842 123371682
188102842 133055665
188102842 158419434
188102842 166214735
188102842 195475105
188102842 226629405
188102842 229039814
188102842 238260874
188102842 263838766
188102842 270449528
188102842 307458983
188102842 345543734
188102842 439788025
188102842 440963134
188102842 522013186
188102842 546135380
188108667 2367911
188108667 8088112
188108667 8163442
188108667 14230524
188108667 17503591
188108667 17919972
188108667 18996905
188108667 19493072
188108667 21068395
188108667 21362105
188108667 21447363
188108667 22462180
188108667 23375688
188108667 24444592
188108667 26929220
188108667 27633075
188108667 28465635
188108667 31331740
188108667 34428380
188108667 36475508
188108667 37699718
188108667 39056518
188108667 40981798
188108667 43003845
188108667 44473103
188108667 45361614
188108667 46209291
188108667 53496283
188108667 54228724
188108667 68838777
188108667 68978681
188108667 70492333
188108667 74860418
188108667 75873304
188108667 76494006
188108667 78756744
188108667 83417972
188108667 83943787
188108667 85716069
188108667 86173523
188108667 87557311
188108667 88323281
188108667 88782469
188108667 95260836
188108667 96446770
188108667 99712896
188108667 100318079
188108667 107512718
188108667 113058991
188108667 116036694
188108667 116498875
188108667 117674417
188108667 120666148
188108667 121533789
188108667 126391227
188108667 129631184
188108667 131294912
188108667 131369976
188108667 133055665
188108667 134548250
188108667 136046012
188108667 137156454
188108667 137788485
188108667 139872488
188108667 141368711
188108667 143169862
188108667 149538028
188108667 149657313
188108667 149680650
188108667 150273565
188108667 151338729
188108667 155661154
188108667 155951259
188108667 158419434
188108667 160053476
188108667 163203962
188108667 166214735
188108667 166811519
188108667 168224294
188108667 171324921
188108667 173732041
188108667 175431001
188108667 184097849
188108667 185300771
188108667 187773078
188108667 188186842
188108667 189898898
188108667 190822461
188108667 192281027
188108667 194403468
188108667 195475105
188108667 197504076
188108667 213777144
188108667 214968599
188108667 217506336
188108667 220729949
188108667 221010883
188108667 221829166
188108667 224688614
188108667 225160584
188108667 229039814
188108667 230601773
188108667 230880104
188108667 238260874
188108667 251261925
188108667 259842341
188108667 263838766
188186842 2367911
188186842 6581292
188186842 8088112
188186842 16016135
188186842 16807528
188186842 18996905
188186842 19358562
188186842 22462180
188186842 24444592
188186842 27633075
188186842 31331740
188186842 34428380
188186842 40981798
188186842 43003845
188186842 46209291
188186842 83943787
188186842 93419379
188186842 107830991
188186842 116036694
188186842 117674417
188186842 132543607
188186842 144631425
188186842 149538028
188186842 151338729
188186842 168152689
188186842 188108667
188186842 196680777
188186842 204140367
188186842 204317520
188186842 217796457
188186842 221829166
188186842 259842341
188186842 264093459
188186842 270449528
188186842 280935165
188186842 314316607
188186842 317076339
188186842 333815274
188186842 347509724
188186842 356190582
188186842 364917755
188186842 376946114
188186842 380580781
188186842 389742937
188186842 393543834
188186842 440963134
188186842 455186682
188186842 522013186
188796377 17503591
188796377 17868918
188796377 17968886
188796377 18799635
188796377 18996905
188796377 19358562
188796377 20031977
188796377 26385463
188796377 26604704
188796377 40981798
188796377 42533748
188796377 43003845
188796377 44394333
188796377 117129683
188796377 249471003
188796377 414569910
189242210 49075375
189242210 81211471
189242210 99175138
189242210 110157900
189242210 141400436
189242210 184406493
189242210 191596466
189242210 210188819
189242210 224619935
189242210 250353576
189242210 303177511
189242210 369830135
189592841 22462180
189592841 34428380
189592841 40368156
189592841 40981798
189592841 43003845
189592841 46160500
189592841 49394054
189592841 58005076
189592841 62976139
189592841 66398898
189592841 83943787
189592841 88323281
189592841 95765264
189592841 108633391
189592841 111343698
189592841 127725192
189592841 151891517
189592841 170895560
189592841 178092619
189592841 187773078
189592841 195814649
189592841 199696620
189592841 252042989
189592841 252668782
189592841 255164060
189592841 349958383
189592841 360245938
189898898 6581292
189898898 8088112
189898898 9317502
189898898 15150609
189898898 17868918
189898898 17919972
189898898 18149078
189898898 18996905
189898898 21068395
189898898 21447363
189898898 22462180
189898898 24444592
189898898 27307810
189898898 27633075
189898898 29300489
189898898 30734523
189898898 31331740
189898898 31545838
189898898 34428380
189898898 40974224
189898898 40981798
189898898 43003845
189898898 44473103
189898898 46160500
189898898 46209291
189898898 46404902
189898898 66235505
189898898 67122557
189898898 70114798
189898898 76990669
189898898 78756744
189898898 81631697
189898898 81704742
189898898 85716069
189898898 86173523
189898898 86561505
189898898 96446770
189898898 97088346
189898898 107512718
189898898 108633391
189898898 109390923
189898898 113058991
189898898 114640374
189898898 115363439
189898898 116498875
189898898 117674417
189898898 126391227
189898898 128260873
189898898 131294912
189898898 133055665
189898898 134548250
189898898 136046012
189898898 137156454
189898898 137788485
189898898 142715837
189898898 149680650
189898898 158821955
189898898 160053476
189898898 162123733
189898898 163203962
189898898 166811519
189898898 168224294
189898898 175431001
189898898 184097849
189898898 185300771
189898898 187773078
189898898 188108667
189898898 190822461
189898898 192281027
189898898 195171695
189898898 195814649
189898898 213777144
189898898 220729949
189898898 221010883
189898898 221829166
189898898 224688614
189898898 230601773
189898898 241159821
189898898 248108296
189898898 249830707
189898898 250388198
189898898 251261925
189898898 263838766
189898898 281674948
189898898 290092792
189898898 302191488
189898898 322690327
189898898 331372178
189898898 360245938
190822461 21447363
190822461 22462180
190822461 34428380
190822461 36475508
190822461 40981798
190822461 43003845
190822461 81704742
190822461 83417972
190822461 85716069
190822461 126391227
190822461 131294912
190822461 136046012
190822461 149680650
190822461 160053476
190822461 163203962
190822461 168224294
190822461 187773078
190822461 189898898
190822461 213777144
191596466 40703590
191596466 78991357
191596466 89441393
191596466 95974196
191596466 99175138
191596466 100113633
191596466 106765077
191596466 113947726
191596466 116605328
191596466 131888932
191596466 142081739
191596466 144146678
191596466 149626047
191596466 162209030
191596466 184406493
191596466 189242210
191596466 193291779
191596466 210188819
191596466 215759738
191596466 224384233
191596466 232350989
191596466 250353576
191596466 281667160
191596466 303177511
191596466 304680205
191596466 369830135
192281027 22462180
192281027 34428380
192281027 36475508
192281027 40981798
192281027 43003845
192281027 46209291
192281027 81704742
192281027 85716069
192281027 116498875
192281027 149680650
192281027 160053476
192281027 163203962
192281027 189898898
192281027 224688614
192664595 105351998
192664595 169108031
192664595 546135380
193285218 14515948
193285218 22462180
193285218 34428380
193285218 40981798
193285218 43003845
193285218 43184343
193285218 58501132
193285218 103046546
193291779 40703590
193291779 49075375
193291779 55492770
193291779 66158559
193291779 67119770
193291779 75395723
193291779 78991357
193291779 81211471
193291779 86281179
193291779 95974196
193291779 99175138
193291779 110157900
193291779 110472918
193291779 116605328
193291779 131888932
193291779 142081739
193291779 144146678
193291779 152490004
193291779 162209030
193291779 171692646
193291779 191596466
193291779 210188819
193291779 215759738
193291779 216436275
193291779 224619935
193291779 232350989
193291779 235321144
193291779 241678730
193291779 281667160
193291779 303177511
193291779 369830135
193291779 409154171
193593048 2367911
193593048 8163442
193593048 14230524
193593048 15460081
193593048 23375688
193593048 23894637
193593048 25970331
193593048 33792219
193593048 34507480
193593048 40076725
193593048 40981798
193593048 70492333
193593048 93998005
193593048 102765423
194403468 8088112
194403468 14486007
194403468 17868918
194403468 17919972
194403468 18149078
194403468 18996905
194403468 21068395
194403468 22462180
194403468 25970331
194403468 27633075
194403468 28445357
194403468 28465635
194403468 28838048
194403468 28845997
194403468 30734523
194403468 31331740
194403468 32385762
194403468 34428380
194403468 40981798
194403468 43003845
194403468 44473103
194403468 45361614
194403468 46209291
194403468 46404902
194403468 56773228
194403468 66235505
194403468 69592091
194403468 70492333
194403468 75873304
194403468 81704742
194403468 83417972
194403468 83943787
194403468 85716069
194403468 87557311
194403468 88782469
194403468 96446770
194403468 99712896
194403468 100318079
194403468 107512718
194403468 108633391
194403468 113058991
194403468 115363439
194403468 116036694
194403468 116498875
194403468 117674417
194403468 121533789
194403468 124634906
194403468 131294912
194403468 133055665
194403468 134548250
194403468 137156454
194403468 139872488
194403468 141696128
194403468 144631425
194403468 149680650
194403468 155951259
194403468 158419434
194403468 160053476
194403468 162123733
194403468 163203962
194403468 164804966
194403468 168224294
194403468 171324921
194403468 173732041
194403468 175431001
194403468 184097849
194403468 185331750
194403468 187773078
194403468 188108667
194403468 189898898
194403468 195475105
194403468 195814649
194403468 196680777
194403468 197504076
194403468 213777144
194403468 214968599
194403468 220729949
194403468 221010883
194403468 221829166
194403468 225160584
194403468 230601773
194403468 234047967
194403468 238260874
194403468 251261925
194403468 263838766
194403468 280935165
194403468 302191488
194403468 349994706
194403468 360245938
195171695 14230524
195171695 15150609
195171695 17434613
195171695 21447363
195171695 23894637
195171695 26090319
195171695 49315012
195171695 61352392
195171695 109390923
195171695 115363439
195171695 124634906
195171695 189898898
195475105 2367911
195475105 6581292
195475105 8088112
195475105 15150609
195475105 17434613
195475105 17654192
195475105 17759158
195475105 17868918
195475105 18236230
195475105 18951737
195475105 18996905
195475105 19063323
195475105 19358562
195475105 19493072
195475105 21295636
195475105 22462180
195475105 23894637
195475105 24282101
195475105 27633075
195475105 28445357
195475105 28465635
195475105 28838048
195475105 28845997
195475105 31331740
195475105 31545838
195475105 32385762
195475105 33792219
195475105 34428380
195475105 40981798
195475105 43003845
195475105 44473103
195475105 46209291
195475105 69592091
195475105 73025843
195475105 81704742
195475105 83417972
195475105 83943787
195475105 86560711
195475105 88323281
195475105 93998005
195475105 100318079
195475105 103598216
195475105 107830991
195475105 113058991
195475105 116036694
195475105 116498875
195475105 117674417
195475105 121533789
195475105 123371682
195475105 133055665
195475105 144631425
195475105 148519842
195475105 149538028
195475105 151338729
195475105 155951259
195475105 158419434
195475105 163203962
195475105 166811519
195475105 173732041
195475105 175431001
195475105 184097849
195475105 187773078
195475105 188102842
195475105 194403468
195475105 196680777
195475105 204317520
195475105 213777144
195475105 214968599
195475105 217796457
195475105 220729949
195475105 226629405
195475105 229039814
195475105 229871864
195475105 230601773
195475105 230880104
195475105 234047967
195475105 238260874
195475105 241159821
195475105 248108296
195475105 250388198
195475105 259842341
195475105 263838766
195475105 270449528
195475105 276308596
195475105 280935165
195475105 290092792
195475105 302191488
195475105 302847930
195475105 307458983
195475105 317076339
195475105 349994706
195475105 376946114
195475105 380580781
195475105 422224303
195475105 430182387
195475105 439788025
195475105 442400135
195475105 522013186
195814649 22462180
195814649 28465635
195814649 34428380
195814649 40981798
195814649 43003845
196680777 2367911
196680777 8088112
196680777 14230524
196680777 14451605
196680777 14486007
196680777 15186688
196680777 15843910
196680777 16807528
196680777 17581754
196680777 17644044
196680777 17759158
196680777 17868918
196680777 18085476
196680777 18149078
196680777 18951737
196680777 18996905
196680777 19149447
196680777 19358562
196680777 19493072
196680777 19705747
196680777 21295636
196680777 21447363
196680777 22462180
196680777 24444592
196680777 24766630
196680777 26604704
196680777 26929220
196680777 27520150
196680777 27633075
196680777 28445357
196680777 29300489
196680777 30732862
196680777 31331740
196680777 32385762
196680777 34428380
196680777 37699718
196680777 39056518
196680777 40076725
196680777 40858764
196680777 40981798
196680777 41110545
196680777 43003845
196680777 44394333
196680777 46209291
196680777 69548480
196680777 69592091
196680777 83943787
196680777 90850337
196680777 97088346
196680777 103598216
196680777 116036694
196680777 117674417
196680777 118891136
196680777 121533789
196680777 122794139
196680777 123371682
196680777 128041640
196680777 132543607
196680777 133055665
196680777 144631425
196680777 149538028
196680777 151338729
196680777 168152689
196680777 173732041
196680777 181561712
196680777 184910040
196680777 187773078
196680777 188186842
196680777 204140367
196680777 204317520
196680777 206004138
196680777 217796457
196680777 224160357
196680777 228979300
196680777 229039814
196680777 230424016
196680777 238260874
196680777 241159821
196680777 249471003
196680777 259842341
196680777 261447035
196680777 263838766
196680777 264093459
196680777 270449528
196680777 276308596
196680777 280935165
196680777 291295571
196680777 291378807
196680777 302847930
196680777 305294261
196680777 314316607
196680777 317076339
196680777 356190582
196680777 359811125
196680777 364917755
196680777 376946114
196680777 380580781
196680777 393543834
196680777 422224303
196680777 430182387
196680777 430313102
196680777 439788025
196680777 440963134
196680777 442400135
196680777 522013186
197504076 9938852
197504076 17868918
197504076 17919972
197504076 18996905
197504076 19358562
197504076 19493072
197504076 22462180
197504076 24444592
197504076 26090319
197504076 26929220
197504076 27633075
197504076 28176041
197504076 28465635
197504076 31331740
197504076 34428380
197504076 40981798
197504076 43003845
197504076 44473103
197504076 46209291
197504076 46404902
197504076 53496283
197504076 54825109
197504076 61352392
197504076 66235505
197504076 69592091
197504076 70492333
197504076 81704742
197504076 83417972
197504076 83943787
197504076 85716069
197504076 86173523
197504076 88323281
197504076 88782469
197504076 90850337
197504076 96446770
197504076 99712896
197504076 100318079
197504076 113058991
197504076 115363439
197504076 115505999
197504076 116036694
197504076 116498875
197504076 117674417
197504076 121533789
197504076 124634906
197504076 126391227
197504076 127684095
197504076 131294912
197504076 133055665
197504076 134548250
197504076 136046012
197504076 144631425
197504076 149538028
197504076 150273565
197504076 151338729
197504076 155661154
197504076 155951259
197504076 158419434
197504076 160053476
197504076 166214735
197504076 166811519
197504076 168224294
197504076 173732041
197504076 175431001
197504076 184097849
197504076 187773078
197504076 188108667
197504076 189898898
197504076 194403468
197504076 195475105
197504076 195814649
197504076 204140367
197504076 204317520
197504076 213777144
197504076 214968599
197504076 217506336
197504076 220729949
197504076 221010883
197504076 221829166
197504076 224160357
197504076 224688614
197504076 225160584
197504076 226629405
197504076 229039814
197504076 230601773
197504076 233182045
197504076 238260874
197504076 241159821
197504076 250388198
197504076 263838766
197504076 270449528
197504076 278652553
197504076 280935165
197504076 281674948
197504076 307458983
197504076 349994706
197504076 440963134
197558884 40981798
197612216 210188819
197612216 238215599
199043892 252668782
199681053 40981798
199696620 49394054
199696620 58005076
199696620 62976139
199696620 66398898
199696620 95765264
199696620 108633391
199696620 111343698
199696620 127725192
199696620 178092619
199696620 252042989
199696620 252668782
199696620 255164060
202369108 46904723
202369108 57426978
202369108 61352392
202369108 66661590
202369108 69106995
202369108 69944557
202369108 85687328
202369108 109390923
202369108 120208344
202369108 164804966
202369108 168193966
202369108 178581767
202369108 186688919
202369108 215980492
202369108 227678669
202369108 250947200
202369108 447502799
203187792 52473265
203187792 57426978
203187792 110708265
203187792 164804966
203187792 227678669
203187792 546135380
203247686 9938852
203247686 17868918
203247686 17919972
203247686 18996905
203247686 21447363
203247686 21548772
203247686 22462180
203247686 28465635
203247686 31331740
203247686 34428380
203247686 40981798
203247686 43003845
203247686 44473103
203247686 47083979
203247686 56002807
203247686 62985251
203247686 65894526
203247686 68978681
203247686 100318079
203247686 116036694
203247686 121533789
203247686 133055665
203247686 158419434
203247686 166214735
203247686 169554488
203247686 195475105
203247686 205710774
203247686 214968599
203247686 226629405
203247686 307458983
203893499 17130127
203893499 39000244
204140367 1679071
204140367 6581292
204140367 8088112
204140367 14222518
204140367 14230524
204140367 14486007
204140367 15186688
204140367 15846407
204140367 16452939
204140367 17503591
204140367 17581754
204140367 17759158
204140367 17868918
204140367 17919972
204140367 18149078
204140367 18314308
204140367 18734884
204140367 18951737
204140367 18996905
204140367 19149447
204140367 19358562
204140367 19493072
204140367 19705747
204140367 21362105
204140367 21447363
204140367 21548772
204140367 22462180
204140367 24444592
204140367 26929220
204140367 27520150
204140367 27633075
204140367 28465635
204140367 29300489
204140367 30734523
204140367 31331740
204140367 34428380
204140367 36008570
204140367 36767299
204140367 37699718
204140367 39056518
204140367 40858764
204140367 40981798
204140367 41110545
204140367 42533748
204140367 43003845
204140367 46209291
204140367 50794628
204140367 69592091
204140367 83943787
204140367 88782469
204140367 92336981
204140367 93419379
204140367 100318079
204140367 103598216
204140367 107830991
204140367 110524784
204140367 114110739
204140367 116036694
204140367 117674417
204140367 119226871
204140367 121533789
204140367 123371682
204140367 129679987
204140367 133055665
204140367 144631425
204140367 147179367
204140367 149538028
204140367 151338729
204140367 168152689
204140367 170460311
204140367 173732041
204140367 177345928
204140367 187773078
204140367 188186842
204140367 196680777
204140367 204317520
204140367 206004138
204140367 217796457
204140367 224160357
204140367 229039814
204140367 229871864
204140367 230880104
204140367 238260874
204140367 241159821
204140367 259842341
204140367 261447035
204140367 263838766
204140367 270449528
204140367 280935165
204140367 291378807
204140367 302191488
204140367 302847930
204140367 307458983
204140367 314316607
204140367 317076339
204140367 356190582
204140367 359811125
204140367 364917755
204140367 376946114
204140367 380580781
204140367 422224303
204140367 430182387
204140367 439788025
204140367 440963134
204140367 455186682
204140367 522013186
204317520 2367911
204317520 6153232
204317520 6581292
204317520 8088112
204317520 14451605
204317520 14486007
204317520 15023872
204317520 15843910
204317520 17503591
204317520 17581754
204317520 17654192
204317520 17759158
204317520 17868918
204317520 18149078
204317520 18172093
204317520 18314308
204317520 18996905
204317520 19149447
204317520 19358562
204317520 19493072
204317520 19705747
204317520 21548772
204317520 22462180
204317520 24444592
204317520 25156416
204317520 26929220
204317520 27520150
204317520 27633075
204317520 30732862
204317520 30734523
204317520 31331740
204317520 31545838
204317520 34428380
204317520 36767299
204317520 39056518
204317520 40076725
204317520 40981798
204317520 41110545
204317520 42576711
204317520 43003845
204317520 46209291
204317520 50794628
204317520 69548480
204317520 69592091
204317520 70492333
204317520 83417972
204317520 83943787
204317520 88782469
204317520 90850337
204317520 92336981
204317520 93419379
204317520 97088346
204317520 100318079
204317520 103598216
204317520 107830991
204317520 114110739
204317520 116036694
204317520 117674417
204317520 118891136
204317520 121533789
204317520 122794139
204317520 123371682
204317520 129679987
204317520 133055665
204317520 144631425
204317520 147179367
204317520 149538028
204317520 151338729
204317520 155951259
204317520 168152689
204317520 170460311
204317520 173732041
204317520 187773078
204317520 188186842
204317520 194403468
204317520 195475105
204317520 196680777
204317520 197504076
204317520 204140367
204317520 206004138
204317520 213777144
204317520 214968599
204317520 221829166
204317520 224160357
204317520 228979300
204317520 229039814
204317520 230424016
204317520 230880104
204317520 241159821
204317520 248108296
204317520 259842341
204317520 261447035
204317520 261853955
204317520 270449528
204317520 276308596
204317520 278652553
204317520 280935165
204317520 291378807
204317520 302191488
204317520 302847930
204317520 307458983
204317520 314316607
204317520 317076339
204317520 333815274
204317520 380580781
204317520 430182387
204317520 442400135
204317520 455186682
204317520 522013186
205710774 15150609
205710774 23894637
205710774 33792219
205710774 36897543
206004138 6153232
206004138 8088112
206004138 16452939
206004138 17868918
206004138 18149078
206004138 18951737
206004138 18996905
206004138 19493072
206004138 22462180
206004138 26929220
206004138 27633075
206004138 31331740
206004138 34428380
206004138 39056518
206004138 40981798
206004138 43003845
206004138 50794628
206004138 69548480
206004138 69592091
206004138 83943787
206004138 90850337
206004138 103598216
206004138 114110739
206004138 116036694
206004138 117674417
206004138 119226871
206004138 121533789
206004138 147179367
206004138 149538028
206004138 151338729
206004138 168152689
206004138 173732041
206004138 196680777
206004138 204140367
206004138 204317520
206004138 228979300
206004138 229039814
206004138 259842341
206004138 263838766
206004138 270449528
206004138 291378807
206004138 317076339
206004138 380580781
206004138 455186682
206923101 34046028
206923101 40703590
206923101 41870991
206923101 106142776
206923101 106765077
207601901 16854388
207601901 25689832
207601901 30478394
207601901 35065277
207601901 37060481
207601901 39622856
207601901 40355959
207601901 41469982
207601901 42253232
207601901 46750407
207601901 51613496
207601901 65096005
207601901 66409671
207601901 77607254
207601901 84903965
207601901 99631222
207601901 110253180
207601901 118570373
207601901 119217419
207601901 120627547
207601901 123121569
207601901 129631184
207601901 144319796
207601901 150273801
207601901 157137446
207601901 241957644
207601901 357331432
207831555 8088112
207831555 16452939
207831555 20855746
207831555 30734523
207831555 31331740
207831555 36767299
207831555 122794139
207831555 249471003
208353282 53614354
208353282 66158559
208353282 66491235
208353282 67119770
208353282 75395723
208353282 78991357
208353282 81211471
208353282 86281179
208353282 99175138
208353282 110157900
208353282 112178021
208353282 131888932
208353282 142081739
208353282 152490004
208353282 210188819
208353282 215759738
208353282 224384233
208353282 224619935
208353282 232350989
208353282 250353576
208353282 304680205
209278480 66398898
209278480 252668782
210188819 24051168
210188819 40703590
210188819 46750407
210188819 53614354
210188819 57426978
210188819 66398898
210188819 66491235
210188819 66661590
210188819 67970853
210188819 70458047
210188819 78991357
210188819 81211471
210188819 85687328
210188819 89441393
210188819 94111672
210188819 99175138
210188819 99631222
210188819 100113633
210188819 109390923
210188819 110194770
210188819 110708265
210188819 112178021
210188819 113947726
210188819 116605328
210188819 126915142
210188819 127618089
210188819 128260873
210188819 129631184
210188819 131888932
210188819 141400436
210188819 142081739
210188819 142391105
210188819 149626047
210188819 152343162
210188819 164804966
210188819 168193966
210188819 171692646
210188819 185331750
210188819 191596466
210188819 208353282
210188819 215759738
210188819 215980492
210188819 224619935
210188819 228624227
210188819 235321144
210188819 242362681
210188819 250353576
210188819 281667160
210188819 303177511
210188819 304680205
210188819 369830135
210188819 432021286
211277445 14929280
211277445 17919972
211277445 40076725
211277445 40981798
211277445 43003845
211277445 115224382
212329156 16854388
212329156 21572976
212329156 37060481
212329156 39000244
212329156 39622856
212329156 41469982
212329156 42253232
212329156 46750407
212329156 51613496
212329156 51828073
212329156 66398898
212329156 74548256
212329156 84903965
212329156 110253180
212329156 110708265
212329156 117793928
212329156 127684106
212329156 129631184
212329156 144319796
212329156 151222208
212329156 155989324
212329156 157137446
212329156 166724912
212329156 221413264
212329156 241957644
212329156 252668782
212329156 336564384
212329156 357331432
213777144 8163442
213777144 9938852
213777144 15150609
213777144 17759158
213777144 17868918
213777144 21068395
213777144 22462180
213777144 23894637
213777144 24444592
213777144 26090319
213777144 27633075
213777144 31331740
213777144 31457243
213777144 31545838
213777144 33792219
213777144 34428380
213777144 39056518
213777144 40974224
213777144 40981798
213777144 43003845
213777144 46209291
213777144 47833138
213777144 70492333
213777144 81631697
213777144 81704742
213777144 85716069
213777144 88323281
213777144 100318079
213777144 107512718
213777144 113058991
213777144 115221382
213777144 116036694
213777144 117674417
213777144 124634906
213777144 126391227
213777144 131294912
213777144 133055665
213777144 137156454
213777144 149680650
213777144 155661154
213777144 158821955
213777144 160053476
213777144 163203962
213777144 164804966
213777144 166811519
213777144 168224294
213777144 170460311
213777144 175431001
213777144 184097849
213777144 185300771
213777144 185331750
213777144 186212304
213777144 187773078
213777144 188108667
213777144 189898898
213777144 194403468
213777144 195475105
213777144 195814649
213777144 214968599
213777144 220729949
213777144 234047967
213777144 238260874
213777144 241159821
213777144 251261925
213777144 263838766
213777144 290092792
213777144 349994706
214106450 34046028
214106450 40703590
214106450 43180035
214106450 69995907
214106450 72097691
214106450 92782231
214106450 106142776
214106450 129631184
214968599 2367911
214968599 8088112
214968599 8163442
214968599 12459972
214968599 14929280
214968599 15843910
214968599 17503591
214968599 17654192
214968599 17759158
214968599 17868918
214968599 18996905
214968599 19358562
214968599 19493072
214968599 22462180
214968599 23894637
214968599 24444592
214968599 26090319
214968599 27633075
214968599 28465635
214968599 29911100
214968599 31331740
214968599 34428380
214968599 36767299
214968599 39056518
214968599 40981798
214968599 43003845
214968599 46209291
214968599 47083979
214968599 54228724
214968599 56002807
214968599 62985251
214968599 65894526
214968599 69592091
214968599 83417972
214968599 83943787
214968599 88323281
214968599 88782469
214968599 90850337
214968599 100318079
214968599 103598216
214968599 115221382
214968599 121533789
214968599 123371682
214968599 133055665
214968599 139872488
214968599 144631425
214968599 150273565
214968599 151338729
214968599 158419434
214968599 166214735
214968599 167449308
214968599 169554488
214968599 184097849
214968599 187773078
214968599 188108667
214968599 194403468
214968599 195475105
214968599 195814649
214968599 196680777
214968599 197504076
214968599 203247686
214968599 204317520
214968599 213777144
214968599 217488200
214968599 217796457
214968599 221829166
214968599 226629405
214968599 229039814
214968599 230601773
214968599 234047967
214968599 236194369
214968599 238260874
214968599 250388198
214968599 259842341
214968599 263838766
214968599 270449528
214968599 280935165
214968599 281674948
214968599 302847930
214968599 307458983
214968599 317076339
214968599 345543734
214968599 348022863
214968599 349994706
214968599 364971269
214968599 439788025
214968599 440963134
214968599 459737164
215759738 24051168
215759738 40703590
215759738 66158559
215759738 67119770
215759738 75395723
215759738 81211471
215759738 89441393
215759738 95974196
215759738 99175138
215759738 100113633
215759738 106765077
215759738 110157900
215759738 112178021
215759738 131888932
215759738 141400436
215759738 144146678
215759738 152490004
215759738 158455991
215759738 162209030
215759738 184406493
215759738 191596466
215759738 193291779
215759738 208353282
215759738 210188819
215759738 224384233
215759738 228624227
215759738 232350989
215759738 235321144
215759738 238215599
215759738 250353576
215759738 303177511
215759738 304680205
215759738 322724917
215759738 432021286
215980492 14192900
215980492 15393649
215980492 19836737
215980492 38690166
215980492 46904723
215980492 53990192
215980492 54725490
215980492 57426978
215980492 61352392
215980492 66398898
215980492 66661590
215980492 69127992
215980492 70458047
215980492 81704742
215980492 83955939
215980492 94111672
215980492 98928134
215980492 99741379
215980492 109390923
215980492 109930226
215980492 115436566
215980492 115505999
215980492 119901002
215980492 120208344
215980492 127618089
215980492 128260873
215980492 129631184
215980492 137027740
215980492 149578245
215980492 164804966
215980492 168193966
215980492 178581767
215980492 250947200
215980492 252668782
216024295 12459972
216024295 40981798
216024295 157041141
216024295 236194369
216024295 263270054
216436275 78991357
216436275 89441393
216436275 106765077
216436275 144146678
216436275 193291779
216436275 235321144
216436275 241678730
216436275 250353576
216436275 304680205
217488200 6581292
217488200 8088112
217488200 14230524
217488200 14929280
217488200 15150609
217488200 15843910
217488200 17434613
217488200 17654192
217488200 17759158
217488200 17868918
217488200 17919972
217488200 18149078
217488200 18314308
217488200 18996905
217488200 21447363
217488200 22462180
217488200 27633075
217488200 28465635
217488200 31331740
217488200 34428380
217488200 39056518
217488200 40076725
217488200 40981798
217488200 43003845
217488200 47083979
217488200 49315012
217488200 49588164
217488200 54228724
217488200 56002807
217488200 60361873
217488200 65894526
217488200 88323281
217488200 115224382
217488200 117674417
217488200 121533789
217488200 133055665
217488200 158419434
217488200 169554488
217488200 195814649
217488200 214968599
217488200 238260874
217488200 241159821
217488200 263838766
217488200 307458983
217506336 17868918
217506336 21447363
217506336 22462180
217506336 28465635
217506336 34428380
217506336 36475508
217506336 40974224
217506336 40981798
217506336 43003845
217506336 46209291
217506336 54825109
217506336 81704742
217506336 83417972
217506336 83943787
217506336 99712896
217506336 103598216
217506336 114640374
217506336 116498875
217506336 117674417
217506336 131294912
217506336 136046012
217506336 137788485
217506336 149680650
217506336 160053476
217506336 163203962
217506336 168224294
217506336 188108667
217506336 195475105
217506336 197504076
217506336 220729949
217506336 221010883
217506336 230880104
217506336 241159821
217506336 249830707
217506336 250388198
217506336 263838766
217796457 2367911
217796457 6581292
217796457 8088112
217796457 15843910
217796457 16452939
217796457 17868918
217796457 18951737
217796457 18996905
217796457 19358562
217796457 22462180
217796457 26929220
217796457 27633075
217796457 31331740
217796457 34428380
217796457 40981798
217796457 43003845
217796457 46209291
217796457 69592091
217796457 77618627
217796457 83943787
217796457 92336981
217796457 100318079
217796457 103598216
217796457 107830991
217796457 116036694
217796457 117674417
217796457 121533789
217796457 123371682
217796457 144631425
217796457 149538028
217796457 151338729
217796457 158419434
217796457 173732041
217796457 187773078
217796457 195475105
217796457 196680777
217796457 204140367
217796457 204317520
217796457 206004138
217796457 214968599
217796457 229039814
217796457 230880104
217796457 241159821
217796457 259842341
217796457 264093459
217796457 270449528
217796457 276308596
217796457 280935165
217796457 291378807
217796457 302191488
217796457 302847930
217796457 307458983
217796457 314316607
217796457 317076339
217796457 363249171
217796457 376946114
217796457 380580781
217796457 393543834
217796457 422224303
217796457 430182387
217796457 430313102
217796457 439788025
217796457 440963134
217796457 442400135
217796457 455186682
217796457 459737164
217796457 522013186
219723179 2367911
219723179 8735592
219723179 15891115
219723179 16452939
219723179 17503591
219723179 18996905
219723179 21362105
219723179 22462180
219723179 34428380
219723179 40076725
219723179 40981798
219723179 42576711
219723179 43003845
219723179 74580436
219723179 121533789
220729949 9938852
220729949 12459972
220729949 14230524
220729949 17434613
220729949 19836737
220729949 21362105
220729949 22462180
220729949 27633075
220729949 30734523
220729949 31331740
220729949 31545838
220729949 34428380
220729949 40981798
220729949 43003845
220729949 44473103
220729949 45361614
220729949 46209291
220729949 51428856
220729949 54825109
220729949 66235505
220729949 70492333
220729949 79806862
220729949 81704742
220729949 83943787
220729949 85716069
220729949 88323281
220729949 96446770
220729949 99712896
220729949 100318079
220729949 108633391
220729949 115221382
220729949 116498875
220729949 127684095
220729949 136046012
220729949 160053476
220729949 163203962
220729949 166811519
220729949 168224294
220729949 177678004
220729949 187773078
220729949 188108667
220729949 189898898
220729949 194403468
220729949 195475105
220729949 195814649
220729949 213777144
220729949 217506336
220729949 221010883
220729949 225160584
220729949 230498574
220729949 230601773
220729949 238260874
220729949 248108296
220729949 251261925
220729949 263838766
220729949 360245938
220921868 21362105
220921868 40981798
221010883 17868918
221010883 21068395
221010883 21447363
221010883 22462180
221010883 27307810
221010883 27633075
221010883 34428380
221010883 40981798
221010883 43003845
221010883 44473103
221010883 46209291
221010883 49315012
221010883 56773228
221010883 66235505
221010883 83943787
221010883 86561505
221010883 107512718
221010883 115363439
221010883 115505999
221010883 133055665
221010883 162123733
221010883 163203962
221010883 189898898
221010883 194403468
221010883 195475105
221010883 197504076
221010883 220729949
221010883 225160584
221010883 230601773
221010883 238260874
221010883 263838766
221413264 16854388
221413264 41469982
221413264 42253232
221413264 51828073
221413264 59630220
221413264 84903965
221413264 117793928
221413264 129631184
221413264 151222208
221413264 155989324
221413264 166724912
221413264 212329156
221413264 241957644
221413264 357331432
221829166 6581292
221829166 8088112
221829166 12459972
221829166 14486007
221829166 15023872
221829166 17759158
221829166 17868918
221829166 17919972
221829166 18996905
221829166 19349053
221829166 19358562
221829166 19705747
221829166 21447363
221829166 21548772
221829166 22462180
221829166 23894637
221829166 24444592
221829166 26929220
221829166 27633075
221829166 28176041
221829166 28465635
221829166 31331740
221829166 33792219
221829166 34428380
221829166 37699718
221829166 39056518
221829166 40981798
221829166 42054468
221829166 43003845
221829166 70492333
221829166 75873304
221829166 76494006
221829166 83943787
221829166 85716069
221829166 87557311
221829166 88323281
221829166 88782469
221829166 90850337
221829166 95260836
221829166 100318079
221829166 113058991
221829166 115221382
221829166 116036694
221829166 116498875
221829166 117674417
221829166 118534712
221829166 121533789
221829166 126391227
221829166 131294912
221829166 133055665
221829166 134548250
221829166 136046012
221829166 139872488
221829166 143169862
221829166 149538028
221829166 150273565
221829166 155661154
221829166 155951259
221829166 158419434
221829166 166214735
221829166 166811519
221829166 168224294
221829166 173732041
221829166 175431001
221829166 177678004
221829166 181155423
221829166 184097849
221829166 187773078
221829166 188108667
221829166 189898898
221829166 194403468
221829166 195475105
221829166 196680777
221829166 197504076
221829166 204317520
221829166 213777144
221829166 214968599
221829166 220729949
221829166 221010883
221829166 225160584
221829166 226629405
221829166 229871864
221829166 230601773
221829166 233182045
221829166 238260874
221829166 241159821
221829166 250388198
221829166 263838766
221829166 278652553
221829166 278695868
221829166 281674948
221829166 307458983
221829166 349994706
221829166 385587514
221829166 388556323
221829166 439788025
224160357 2367911
224160357 8088112
224160357 14486007
224160357 17868918
224160357 19149447
224160357 19705747
224160357 22462180
224160357 27633075
224160357 31331740
224160357 34428380
224160357 40981798
224160357 43003845
224160357 77618627
224160357 83943787
224160357 100318079
224160357 103598216
224160357 116036694
224160357 117674417
224160357 123371682
224160357 132543607
224160357 133055665
224160357 144631425
224160357 173732041
224160357 196680777
224160357 197504076
224160357 204140367
224160357 204317520
224160357 229039814
224160357 259842341
224160357 261447035
224160357 270449528
224160357 302847930
224160357 314316607
224160357 317076339
224160357 380580781
224160357 439788025
224384233 40703590
224384233 49075375
224384233 55492770
224384233 67119770
224384233 75395723
224384233 81211471
224384233 89441393
224384233 106765077
224384233 107832484
224384233 110157900
224384233 110472918
224384233 112178021
224384233 131888932
224384233 152490004
224384233 171692646
224384233 191596466
224384233 215759738
224384233 232350989
224384233 235321144
224384233 238215599
224384233 250353576
224384233 281667160
224384233 303177511
224384233 369830135
224619935 24051168
224619935 40703590
224619935 67970853
224619935 78991357
224619935 81211471
224619935 100113633
224619935 111951477
224619935 113947726
224619935 144146678
224619935 152343162
224619935 171692646
224619935 184406493
224619935 193291779
224619935 208353282
224619935 210188819
224619935 235321144
224619935 238215599
224619935 281667160
224619935 303177511
224688614 8088112
224688614 17711130
224688614 21068395
224688614 22462180
224688614 31331740
224688614 34428380
224688614 36475508
224688614 40974224
224688614 40981798
224688614 43003845
224688614 46209291
224688614 78756744
224688614 81704742
224688614 85716069
224688614 86173523
224688614 99712896
224688614 116498875
224688614 117674417
224688614 126391227
224688614 131294912
224688614 136046012
224688614 137156454
224688614 149680650
224688614 155951259
224688614 160053476
224688614 166811519
224688614 168224294
224688614 187773078
224688614 189898898
224688614 192281027
224688614 238260874
224688614 249830707
224688614 263838766
225160584 8088112
225160584 14486007
225160584 17868918
225160584 17919972
225160584 18149078
225160584 18996905
225160584 22462180
225160584 24444592
225160584 27633075
225160584 28465635
225160584 31331740
225160584 34428380
225160584 40981798
225160584 43003845
225160584 44473103
225160584 46404902
225160584 70492333
225160584 83943787
225160584 85716069
225160584 88323281
225160584 100318079
225160584 108633391
225160584 116036694
225160584 117674417
225160584 131294912
225160584 133055665
225160584 134548250
225160584 148519842
225160584 158419434
225160584 168224294
225160584 189898898
225160584 194403468
225160584 195475105
225160584 195814649
225160584 197504076
225160584 220729949
225160584 221010883
225160584 221829166
225160584 234047967
225160584 238260874
225160584 263838766
225160584 280935165
226629405 2367911
226629405 6581292
226629405 8088112
226629405 8163442
226629405 15150609
226629405 16807528
226629405 17434613
226629405 17654192
226629405 17868918
226629405 18951737
226629405 18996905
226629405 19358562
226629405 21548772
226629405 22462180
226629405 23894637
226629405 27633075
226629405 30734523
226629405 31331740
226629405 31414569
226629405 34428380
226629405 40981798
226629405 43003845
226629405 47083979
226629405 47833138
226629405 54228724
226629405 56002807
226629405 62985251
226629405 65894526
226629405 83417972
226629405 88323281
226629405 95260836
226629405 100318079
226629405 121533789
226629405 148519842
226629405 158419434
226629405 161433080
226629405 166214735
226629405 184097849
226629405 188102842
226629405 195475105
226629405 214968599
226629405 238260874
226629405 259842341
226629405 307458983
226629405 345543734
226629405 422224303
226629405 439788025
226629405 440963134
227678669 23277227
227678669 46904723
227678669 54725490
227678669 57426978
227678669 69033178
227678669 94111672
227678669 115742788
227678669 119901002
228624227 24051168
228624227 40703590
228624227 66158559
228624227 67119770
228624227 75395723
228624227 78991357
228624227 89441393
228624227 100113633
228624227 116605328
228624227 144146678
228624227 152343162
228624227 158455991
228624227 162209030
228624227 184406493
228624227 210188819
228624227 215759738
228624227 232350989
228624227 235321144
228624227 303177511
228624227 304680205
228979300 8088112
228979300 19149447
228979300 22462180
228979300 34428380
228979300 37699718
228979300 40981798
228979300 43003845
228979300 83943787
228979300 90850337
228979300 116036694
228979300 149538028
228979300 196680777
228979300 204317520
228979300 206004138
228979300 229039814
229039814 6581292
229039814 8088112
229039814 14230524
229039814 17868918
229039814 18996905
229039814 19149447
229039814 19358562
229039814 19493072
229039814 22462180
229039814 27520150
229039814 27633075
229039814 31331740
229039814 34428380
229039814 37699718
229039814 40076725
229039814 40981798
229039814 42576711
229039814 43003845
229039814 46209291
229039814 69592091
229039814 83943787
229039814 88323281
229039814 90850337
229039814 97088346
229039814 103598216
229039814 116036694
229039814 117674417
229039814 121533789
229039814 123371682
229039814 132543607
229039814 133055665
229039814 144631425
229039814 149538028
229039814 151338729
229039814 161433080
229039814 168152689
229039814 170460311
229039814 195475105
229039814 196680777
229039814 204140367
229039814 204317520
229039814 206004138
229039814 214968599
229039814 224160357
229039814 228979300
229039814 230424016
229039814 230880104
229039814 248108296
229039814 259842341
229039814 261853955
229039814 270449528
229039814 276308596
229039814 280935165
229039814 291378807
229039814 302191488
229039814 302847930
229039814 314316607
229039814 317076339
229039814 376946114
229039814 380580781
229039814 389742937
229039814 422224303
229039814 430182387
229039814 430313102
229039814 439788025
229039814 440963134
229039814 455186682
229039814 522013186
229249535 12459972
229249535 40981798
229249535 43666594
229249535 120790661
229249535 177678004
229871864 31545838
229871864 39056518
229871864 238260874
229871864 241159821
229871864 263838766
230424016 2367911
230424016 22462180
230424016 34428380
230424016 40981798
230424016 43003845
230424016 83943787
230424016 116036694
230424016 149538028
230424016 196680777
230424016 204140367
230424016 204317520
230424016 229039814
230424016 270449528
230424016 302847930
230424016 422224303
230498574 12459972
230498574 22462180
230498574 34041607
230498574 34428380
230498574 38561904
230498574 40981798
230498574 43003845
230498574 220729949
230601773 22462180
230601773 34428380
230601773 40981798
230601773 43003845
230601773 46209291
230601773 54825109
230601773 88323281
230601773 115363439
230601773 141696128
230601773 142715837
230601773 149195032
230601773 160053476
230601773 161433080
230601773 162123733
230601773 168224294
230601773 187773078
230601773 189898898
230601773 195475105
230601773 197504076
230601773 214968599
230601773 217506336
230601773 220729949
230601773 221010883
230601773 233182045
230601773 238260874
230601773 250388198
230601773 263838766
230601773 281674948
230601773 357181767
230601773 360245938
230601773 385587514
230880104 2367911
230880104 8735592
230880104 15023872
230880104 17868918
230880104 18149078
230880104 18951737
230880104 18996905
230880104 19358562
230880104 19493072
230880104 22462180
230880104 26929220
230880104 27633075
230880104 28465635
230880104 31331740
230880104 34428380
230880104 37699718
230880104 40076725
230880104 40981798
230880104 43003845
230880104 46209291
230880104 69592091
230880104 77618627
230880104 83943787
230880104 100318079
230880104 103598216
230880104 116036694
230880104 121533789
230880104 123371682
230880104 133055665
230880104 144631425
230880104 149538028
230880104 151338729
230880104 158419434
230880104 173732041
230880104 187773078
230880104 195475105
230880104 196680777
230880104 204140367
230880104 204317520
230880104 217796457
230880104 224160357
230880104 229039814
230880104 259842341
230880104 270449528
230880104 280935165
230880104 291378807
230880104 302847930
230880104 307458983
230880104 314316607
230880104 317076339
230880104 376946114
230880104 380580781
230880104 430182387
230880104 440963134
230880104 442400135
231144443 14230524
231144443 14790966
231144443 15846407
231144443 21447363
231144443 23375688
231144443 27260086
231144443 40981798
231144443 184910040
232350989 24051168
232350989 40703590
232350989 49075375
232350989 55492770
232350989 66158559
232350989 67119770
232350989 67970853
232350989 75395723
232350989 78991357
232350989 81211471
232350989 86281179
232350989 89441393
232350989 95974196
232350989 99175138
232350989 100113633
232350989 113947726
232350989 116605328
232350989 131888932
232350989 144146678
232350989 149626047
232350989 152343162
232350989 152490004
232350989 158455991
232350989 162209030
232350989 171692646
232350989 184406493
232350989 191596466
232350989 193291779
232350989 208353282
232350989 210188819
232350989 215759738
232350989 224384233
232350989 224619935
232350989 228624227
232350989 241678730
232350989 281667160
232350989 303177511
232350989 304680205
232350989 322724917
233182045 19349053
233182045 22462180
233182045 27633075
233182045 34428380
233182045 40981798
233182045 43003845
233182045 70492333
233182045 100318079
233182045 166214735
233182045 168224294
233182045 196680777
233182045 214968599
233182045 221829166
233182045 230601773
233182045 238260874
233182045 250388198
233182045 345543734
233182045 357181767
233182045 385587514
234047967 23375688
234047967 148519842
234047967 179699335
234167823 12459972
234167823 22462180
234167823 40981798
234167823 43003845
234167823 88323281
234167823 238260874
234167823 263270054
234167823 307458983
234167823 380592958
235321144 24051168
235321144 49075375
235321144 55492770
235321144 66158559
235321144 66491235
235321144 67970853
235321144 81211471
235321144 86281179
235321144 95974196
235321144 100113633
235321144 110157900
235321144 111951477
235321144 112178021
235321144 116605328
235321144 144146678
235321144 152343162
235321144 162209030
235321144 184406493
235321144 193291779
235321144 210188819
235321144 215759738
235321144 216436275
235321144 224384233
235321144 224619935
235321144 228624227
235321144 238215599
235321144 250353576
235321144 281667160
235321144 303177511
235321144 304680205
235321144 369830135
235382801 9317502
235382801 14192900
235382801 15393649
235382801 19836737
235382801 32144146
235382801 38690166
235382801 82393622
235382801 83955939
235382801 98928134
235382801 99741379
235382801 109930226
235382801 115505999
235382801 124592955
235382801 149578245
236194369 40981798
236194369 43003845
236194369 214968599
236194369 216024295
236194369 308168423
236194369 318651299
238215599 40703590
238215599 49075375
238215599 53614354
238215599 66158559
238215599 89441393
238215599 106765077
238215599 110157900
238215599 110472918
238215599 131888932
238215599 142081739
238215599 144146678
238215599 152343162
238215599 158455991
238215599 184406493
238215599 197612216
238215599 215759738
238215599 224384233
238215599 224619935
238215599 228624227
238215599 235321144
238215599 250353576
238215599 281667160
238215599 303177511
238215599 369830135
238215599 432021286
238260874 31545838
238260874 39056518
238260874 229871864
238260874 241159821
238260874 263838766
239575192 40703590
239575192 64558032
239575192 164804966
241159821 31545838
241159821 39056518
241159821 238260874
241159821 263838766
241363871 2367911
241363871 8088112
241363871 17503591
241363871 22462180
241363871 24444592
241363871 27633075
241363871 31331740
241363871 34428380
241363871 40981798
241363871 43003845
241363871 117674417
241363871 121533789
241363871 133055665
241363871 196680777
241363871 259842341
241363871 298246727
241363871 305294261
241363871 359811125
241678730 67119770
241678730 78991357
241678730 89441393
241678730 106765077
241678730 110472918
241678730 184406493
241678730 193291779
241678730 216436275
241678730 250353576
241678730 303177511
241678730 369830135
241957644 16854388
241957644 30478394
241957644 39805814
241957644 40355959
241957644 41469982
241957644 42253232
241957644 51613496
241957644 51828073
241957644 65096005
241957644 74548256
241957644 84903965
241957644 93051876
241957644 99631222
241957644 110253180
241957644 119217419
241957644 123121569
241957644 127684106
241957644 129631184
241957644 144319796
241957644 149957548
241957644 155989324
241957644 157137446
241957644 186182395
241957644 207601901
241957644 212329156
241957644 221413264
241957644 357331432
242362681 21572976
242362681 66398898
242362681 115436566
242362681 120208344
242362681 126666372
242362681 127684106
242362681 129631184
242362681 164804966
247018076 9317502
247018076 15393649
247018076 29512930
247018076 32144146
247018076 37319411
247018076 69127992
247018076 81704742
247018076 98928134
247018076 99741379
247018076 109930226
247018076 149578245
247018076 252668782
248108296 8088112
248108296 14486007
248108296 15023872
248108296 17503591
248108296 17759158
248108296 17868918
248108296 17919972
248108296 18236230
248108296 18996905
248108296 19149447
248108296 19349053
248108296 19358562
248108296 19493072
248108296 21295636
248108296 21447363
248108296 21548772
248108296 22462180
248108296 24444592
248108296 26929220
248108296 27633075
248108296 28445357
248108296 28838048
248108296 28845997
248108296 31331740
248108296 32385762
248108296 34428380
248108296 37699718
248108296 39056518
248108296 40858764
248108296 40981798
248108296 41110545
248108296 43003845
248108296 44473103
248108296 70492333
248108296 83943787
248108296 100318079
248108296 107830991
248108296 116036694
248108296 117674417
248108296 121533789
248108296 133055665
248108296 144631425
248108296 149538028
248108296 151338729
248108296 187773078
248108296 189898898
248108296 195475105
248108296 196680777
248108296 204317520
248108296 220729949
248108296 229039814
248108296 229871864
248108296 238260874
248108296 241159821
248108296 251261925
248108296 259842341
248108296 263838766
248108296 270449528
248108296 280935165
248108296 380580781
249471003 2367911
249471003 4034721
249471003 6559462
249471003 8735592
249471003 13228072
249471003 14333437
249471003 14389658
249471003 14426892
249471003 14790966
249471003 15827434
249471003 15843910
249471003 15891115
249471003 16264006
249471003 16452939
249471003 17166447
249471003 17243213
249471003 17503591
249471003 17644044
249471003 17759158
249471003 17868918
249471003 17879241
249471003 17919972
249471003 17968886
249471003 18111446
249471003 18149078
249471003 18799635
249471003 18824766
249471003 18886119
249471003 18951737
249471003 18996905
249471003 19327589
249471003 19358562
249471003 19773780
249471003 20026740
249471003 20031977
249471003 20855746
249471003 21548772
249471003 22170235
249471003 22462180
249471003 22797371
249471003 24429991
249471003 25623722
249471003 26604704
249471003 28207101
249471003 28444033
249471003 30732862
249471003 30734523
249471003 31331740
249471003 32910351
249471003 34428380
249471003 34534461
249471003 40981798
249471003 42533748
249471003 42576711
249471003 43003845
249471003 44394333
249471003 49824572
249471003 74580436
249471003 82730256
249471003 89003506
249471003 100220864
249471003 121533789
249471003 122794139
249471003 128041640
249471003 188796377
249471003 414569910
249830707 17711130
249830707 22462180
249830707 36475508
249830707 40974224
249830707 40981798
249830707 43003845
249830707 81704742
249830707 85716069
249830707 86561505
249830707 126391227
249830707 131294912
249830707 136046012
249830707 137156454
249830707 160053476
249830707 188108667
249830707 189898898
249830707 217506336
249830707 224688614
249830707 251261925
250353576 24051168
250353576 40703590
250353576 49075375
250353576 66158559
250353576 67119770
250353576 75395723
250353576 78991357
250353576 81211471
250353576 89441393
250353576 95974196
250353576 99175138
250353576 106765077
250353576 110157900
250353576 111951477
250353576 131888932
250353576 141400436
250353576 142081739
250353576 144146678
250353576 152343162
250353576 158455991
250353576 184406493
250353576 191596466
250353576 208353282
250353576 210188819
250353576 215759738
250353576 216436275
250353576 224384233
250353576 235321144
250353576 238215599
250353576 241678730
250353576 303177511
250353576 304680205
250353576 369830135
250388198 22462180
250388198 34428380
250388198 40981798
250388198 168224294
250388198 189898898
250388198 195475105
250388198 230601773
250388198 233182045
250388198 349994706
250388198 357181767
250947200 46904723
250947200 50884531
250947200 57426978
250947200 94111672
250947200 109390923
250947200 112178021
250947200 117948376
250947200 120208344
250947200 126666372
250947200 127618089
250947200 128260873
250947200 164804966
250947200 168193966
250947200 202369108
250947200 215980492
251261925 8088112
251261925 21068395
251261925 21572976
251261925 22462180
251261925 34428380
251261925 36475508
251261925 40974224
251261925 40981798
251261925 43003845
251261925 66398898
251261925 78756744
251261925 80096702
251261925 81704742
251261925 86173523
251261925 86561505
251261925 106452202
251261925 107512718
251261925 108633391
251261925 120208344
251261925 128260873
251261925 129631184
251261925 131294912
251261925 136046012
251261925 149680650
251261925 160053476
251261925 163203962
251261925 164804966
251261925 186688919
251261925 187773078
251261925 188108667
251261925 189898898
251261925 220729949
251261925 248108296
251261925 250947200
251261925 252668782
251261925 263838766
251261925 360245938
252042989 49394054
252042989 62976139
252042989 66398898
252042989 95765264
252042989 111343698
252042989 199696620
252042989 252668782
252042989 255164060
252668782 8088112
252668782 12459972
252668782 14192900
252668782 19836737
252668782 22462180
252668782 27307810
252668782 27633075
252668782 28465635
252668782 29512930
252668782 30749396
252668782 32144146
252668782 34041607
252668782 34428380
252668782 37103150
252668782 37319411
252668782 38690166
252668782 39592331
252668782 40368156
252668782 40974224
252668782 40981798
252668782 43003845
252668782 43186460
252668782 43429151
252668782 46160500
252668782 46997754
252668782 49064411
252668782 49315012
252668782 49394054
252668782 51828073
252668782 52244792
252668782 53440054
252668782 57431614
252668782 62976139
252668782 66398898
252668782 66661590
252668782 69127992
252668782 70458047
252668782 78756744
252668782 81704742
252668782 82393622
252668782 83955939
252668782 95765264
252668782 98928134
252668782 99741379
252668782 109390923
252668782 110708265
252668782 111343698
252668782 115505999
252668782 116245256
252668782 124592955
252668782 127618089
252668782 127725192
252668782 149578245
252668782 178092619
252668782 178581767
252668782 199043892
252668782 199696620
252668782 214202608
252668782 215980492
252668782 235382801
252668782 238260874
252668782 246646111
252668782 247018076
252668782 251261925
252668782 252042989
252668782 255164060
252668782 263838766
252668782 349958383
255164060 49394054
255164060 95765264
255164060 111343698
255164060 178092619
255164060 199696620
255164060 252042989
255164060 252668782
259842341 2367911
259842341 6581292
259842341 8088112
259842341 9938852
259842341 14426892
259842341 15023872
259842341 15212604
259842341 15843910
259842341 15891115
259842341 17503591
259842341 17581754
259842341 17654192
259842341 17759158
259842341 17868918
259842341 18149078
259842341 18951737
259842341 18996905
259842341 19327589
259842341 19358562
259842341 19493072
259842341 19705747
259842341 21447363
259842341 22462180
259842341 23798922
259842341 24444592
259842341 26929220
259842341 27520150
259842341 27633075
259842341 28207101
259842341 28465635
259842341 31331740
259842341 34428380
259842341 40076725
259842341 40981798
259842341 42054468
259842341 42576711
259842341 43003845
259842341 46209291
259842341 69592091
259842341 83943787
259842341 88323281
259842341 92336981
259842341 100318079
259842341 103598216
259842341 107830991
259842341 116036694
259842341 117674417
259842341 121533789
259842341 123371682
259842341 133055665
259842341 144631425
259842341 149538028
259842341 151338729
259842341 158419434
259842341 168152689
259842341 170460311
259842341 173732041
259842341 187773078
259842341 188186842
259842341 195475105
259842341 196680777
259842341 204140367
259842341 204317520
259842341 206004138
259842341 217796457
259842341 224160357
259842341 229039814
259842341 230880104
259842341 249471003
259842341 261447035
259842341 263838766
259842341 270449528
259842341 276308596
259842341 278652553
259842341 280935165
259842341 302191488
259842341 302847930
259842341 307458983
259842341 314316607
259842341 317076339
259842341 333021748
259842341 333815274
259842341 356190582
259842341 364917755
259842341 375317198
259842341 376946114
259842341 389742937
259842341 422224303
259842341 430182387
259842341 430313102
259842341 439788025
259842341 442400135
261447035 14486007
261447035 22462180
261447035 27520150
261447035 27633075
261447035 34428380
261447035 40981798
261447035 116036694
261447035 133055665
261447035 149538028
261447035 314316607
261853955 2367911
261853955 8088112
261853955 14230524
261853955 16807528
261853955 17654192
261853955 17868918
261853955 18149078
261853955 18951737
261853955 18996905
261853955 19063323
261853955 19358562
261853955 19493072
261853955 22462180
261853955 27633075
261853955 31331740
261853955 34428380
261853955 37699718
261853955 40076725
261853955 40981798
261853955 43003845
261853955 69592091
261853955 83943787
261853955 90850337
261853955 116036694
261853955 117674417
261853955 121533789
261853955 133055665
261853955 149538028
261853955 151338729
261853955 168152689
261853955 196680777
261853955 204140367
261853955 204317520
261853955 229039814
261853955 261447035
261853955 270449528
261853955 280935165
261853955 302191488
261853955 317076339
261853955 380580781
261853955 430313102
261853955 455186682
263270054 40981798
263270054 43666594
263270054 157041141
263270054 216024295
263270054 308168423
263270054 380592958
263838766 16414371
263838766 37699718
263838766 39056518
263838766 42054468
263838766 138884497
263838766 229871864
263838766 238260874
263838766 241159821
264093459 2367911
264093459 8088112
264093459 15023872
264093459 16452939
264093459 17654192
264093459 17868918
264093459 18996905
264093459 19358562
264093459 19493072
264093459 22462180
264093459 26929220
264093459 27633075
264093459 31331740
264093459 34428380
264093459 40076725
264093459 40981798
264093459 43003845
264093459 69592091
264093459 83943787
264093459 90850337
264093459 103598216
264093459 107830991
264093459 116036694
264093459 117674417
264093459 121533789
264093459 123371682
264093459 132543607
264093459 133055665
264093459 144631425
264093459 149538028
264093459 151338729
264093459 168152689
264093459 173732041
264093459 187773078
264093459 188186842
264093459 195475105
264093459 196680777
264093459 204140367
264093459 204317520
264093459 206004138
264093459 217796457
264093459 224160357
264093459 229039814
264093459 259842341
264093459 280935165
264093459 291378807
264093459 307458983
264093459 314316607
264093459 317076339
264093459 356190582
264093459 380580781
264093459 522013186
268914056 28628582
268914056 30723701
268914056 31294167
268914056 39793140
268914056 49148265
268914056 52473265
268914056 53524177
268914056 58356127
268914056 70458047
268914056 71614377
268914056 100309986
268914056 214202608
270449528 2367911
270449528 6581292
270449528 8088112
270449528 8735592
270449528 14486007
270449528 16807528
270449528 17503591
270449528 17654192
270449528 17759158
270449528 17868918
270449528 18951737
270449528 18996905
270449528 19358562
270449528 19493072
270449528 19705747
270449528 21295636
270449528 21447363
270449528 22462180
270449528 26929220
270449528 27633075
270449528 28465635
270449528 30732862
270449528 30734523
270449528 31331740
270449528 34428380
270449528 40076725
270449528 40858764
270449528 40981798
270449528 41110545
270449528 43003845
270449528 46209291
270449528 46754170
270449528 56423330
270449528 69548480
270449528 69592091
270449528 70492333
270449528 83943787
270449528 88323281
270449528 90850337
270449528 92336981
270449528 93419379
270449528 100318079
270449528 103598216
270449528 107830991
270449528 116036694
270449528 117674417
270449528 118891136
270449528 121533789
270449528 123371682
270449528 133055665
270449528 144631425
270449528 149538028
270449528 151338729
270449528 158419434
270449528 168152689
270449528 173732041
270449528 184097849
270449528 187773078
270449528 188102842
270449528 195475105
270449528 196680777
270449528 204140367
270449528 204317520
270449528 206004138
270449528 217796457
270449528 224160357
270449528 229039814
270449528 230424016
270449528 230880104
270449528 259842341
270449528 261853955
270449528 276308596
270449528 278652553
270449528 278695868
270449528 280935165
270449528 291378807
270449528 302847930
270449528 305294261
270449528 307458983
270449528 314316607
270449528 317076339
270449528 333021748
270449528 333815274
270449528 347509724
270449528 356190582
270449528 359811125
270449528 364917755
270449528 376946114
270449528 380580781
270449528 389742937
270449528 393543834
270449528 422224303
270449528 430182387
270449528 430313102
270449528 439788025
270449528 440963134
270449528 442400135
270449528 455186682
270449528 522013186
271188987 3359851
271188987 18581803
271188987 40981798
271188987 58930815
271188987 113241406
276308596 2367911
276308596 6581292
276308596 8088112
276308596 8735592
276308596 14426892
276308596 14486007
276308596 15023872
276308596 15186688
276308596 15843910
276308596 15891115
276308596 16452939
276308596 16807528
276308596 17503591
276308596 17654192
276308596 17759158
276308596 17868918
276308596 18149078
276308596 18951737
276308596 18996905
276308596 19063323
276308596 19149447
276308596 19358562
276308596 19493072
276308596 19705747
276308596 21362105
276308596 21548772
276308596 22462180
276308596 26604704
276308596 26929220
276308596 27520150
276308596 27633075
276308596 28465635
276308596 29911100
276308596 31331740
276308596 34428380
276308596 36767299
276308596 37699718
276308596 39056518
276308596 40076725
276308596 40981798
276308596 42576711
276308596 43003845
276308596 46209291
276308596 49588164
276308596 69592091
276308596 77618627
276308596 83943787
276308596 92336981
276308596 100318079
276308596 103598216
276308596 107830991
276308596 116036694
276308596 117674417
276308596 121533789
276308596 123371682
276308596 133055665
276308596 138884497
276308596 144631425
276308596 149538028
276308596 151338729
276308596 168152689
276308596 170460311
276308596 173732041
276308596 177345928
276308596 184097849
276308596 187773078
276308596 195475105
276308596 196680777
276308596 204140367
276308596 204317520
276308596 217796457
276308596 229039814
276308596 230880104
276308596 238260874
276308596 259842341
276308596 261447035
276308596 263838766
276308596 270449528
276308596 278652553
276308596 280935165
276308596 302191488
276308596 302847930
276308596 307458983
276308596 314316607
276308596 317076339
276308596 333815274
276308596 356190582
276308596 375317198
276308596 376946114
276308596 380580781
276308596 430182387
276308596 430313102
276308596 439788025
276308596 440963134
278652553 2367911
278652553 8088112
278652553 16452939
278652553 17503591
278652553 17759158
278652553 17868918
278652553 18996905
278652553 19358562
278652553 19493072
278652553 22462180
278652553 26929220
278652553 27633075
278652553 28465635
278652553 31331740
278652553 34428380
278652553 36767299
278652553 37699718
278652553 39056518
278652553 40981798
278652553 43003845
278652553 46209291
278652553 69548480
278652553 69592091
278652553 83943787
278652553 85716069
278652553 88323281
278652553 90850337
278652553 92336981
278652553 100318079
278652553 103598216
278652553 107830991
278652553 115221382
278652553 116036694
278652553 121533789
278652553 123371682
278652553 144631425
278652553 149538028
278652553 151338729
278652553 158419434
278652553 173732041
278652553 187773078
278652553 195475105
278652553 196680777
278652553 197504076
278652553 204140367
278652553 204317520
278652553 214968599
278652553 217796457
278652553 221829166
278652553 224160357
278652553 229039814
278652553 230880104
278652553 238260874
278652553 259842341
278652553 263838766
278652553 270449528
278652553 276308596
278652553 280935165
278652553 302847930
278652553 307458983
278652553 314316607
278652553 317076339
278652553 376946114
278652553 380580781
278652553 389742937
278652553 430182387
278652553 430313102
278652553 439788025
278652553 442400135
278695868 8163442
278695868 14230524
278695868 17868918
278695868 17919972
278695868 18996905
278695868 19358562
278695868 19705747
278695868 22462180
278695868 27633075
278695868 28465635
278695868 31331740
278695868 34428380
278695868 40981798
278695868 43003845
278695868 49588164
278695868 74580436
278695868 83943787
278695868 88323281
278695868 116036694
278695868 117674417
278695868 133055665
278695868 167449308
278695868 238260874
278695868 263838766
278695868 270449528
278695868 280935165
278695868 317076339
278695868 345543734
278695868 459737164
279249008 22462180
279249008 40981798
279249008 187773078
279249008 238260874
279249008 360245938
280935165 6153232
280935165 8088112
280935165 14486007
280935165 17581754
280935165 17654192
280935165 17868918
280935165 18149078
280935165 18951737
280935165 18996905
280935165 19149447
280935165 19358562
280935165 19493072
280935165 21295636
280935165 22462180
280935165 26929220
280935165 27633075
280935165 30732862
280935165 30734523
280935165 31331740
280935165 34428380
280935165 36008570
280935165 40858764
280935165 40981798
280935165 41110545
280935165 42533748
280935165 43003845
280935165 46209291
280935165 46754170
280935165 69592091
280935165 83943787
280935165 88323281
280935165 90850337
280935165 93419379
280935165 97088346
280935165 100318079
280935165 103598216
280935165 107830991
280935165 114110739
280935165 116036694
280935165 117674417
280935165 121533789
280935165 123371682
280935165 132543607
280935165 133055665
280935165 144631425
280935165 149538028
280935165 151338729
280935165 158419434
280935165 163436784
280935165 168152689
280935165 170460311
280935165 173732041
280935165 187773078
280935165 188186842
280935165 195475105
280935165 196680777
280935165 204140367
280935165 204317520
280935165 217796457
280935165 229039814
280935165 230880104
280935165 238260874
280935165 241159821
280935165 259842341
280935165 261447035
280935165 261853955
280935165 263838766
280935165 270449528
280935165 276308596
280935165 302191488
280935165 302847930
280935165 307458983
280935165 314316607
280935165 317076339
280935165 356190582
280935165 359811125
280935165 364917755
280935165 376946114
280935165 380580781
280935165 393543834
280935165 430182387
280935165 430313102
280935165 439788025
280935165 440963134
280935165 442400135
280935165 455186682
280935165 522013186
281222130 16854388
281222130 25689832
281222130 37060481
281222130 39805814
281222130 43607200
281222130 45435999
281222130 51613496
281222130 53452510
281222130 57701952
281222130 77607254
281222130 93051876
281222130 110253180
281222130 119217419
281222130 144319796
281222130 157137446
281222130 186182395
281222130 222248052
281222130 357331432
281667160 24051168
281667160 66158559
281667160 78991357
281667160 81211471
281667160 89441393
281667160 100113633
281667160 110472918
281667160 131888932
281667160 144146678
281667160 152490004
281667160 162209030
281667160 171692646
281667160 184406493
281667160 191596466
281667160 193291779
281667160 210188819
281667160 224384233
281667160 224619935
281667160 232350989
281667160 235321144
281667160 303177511
281674948 22462180
281674948 27633075
281674948 31331740
281674948 34428380
281674948 40981798
281674948 43003845
281674948 81704742
281674948 86173523
281674948 99712896
281674948 107512718
281674948 116498875
281674948 126391227
281674948 142715837
281674948 155951259
281674948 166811519
281674948 173732041
281674948 184097849
281674948 188108667
281674948 189898898
281674948 197504076
281674948 214968599
281674948 221829166
281674948 225160584
281674948 230601773
281674948 238260874
281674948 263838766
281674948 302191488
281674948 349994706
281854037 16729508
281854037 17071337
281854037 18323672
281854037 22108185
281854037 25475900
281854037 26604704
281854037 35324363
281854037 37138014
281854037 40981798
281854037 47490207
281854037 47752725
281854037 50835495
281854037 103755670
281854037 111966597
282789898 31080039
282789898 40981798
284133650 22462180
284133650 34428380
284133650 40981798
284133650 43003845
288873834 66398898
288873834 109390923
288873834 128260873
288873834 252668782
290092792 2367911
290092792 8163442
290092792 9938852
290092792 14230524
290092792 15150609
290092792 17434613
290092792 17868918
290092792 17919972
290092792 18996905
290092792 21447363
290092792 22462180
290092792 23894637
290092792 24444592
290092792 26090319
290092792 27633075
290092792 28465635
290092792 31331740
290092792 31457243
290092792 33792219
290092792 34428380
290092792 39056518
290092792 39164092
290092792 40981798
290092792 43003845
290092792 44473103
290092792 49315012
290092792 54228724
290092792 57386237
290092792 59657176
290092792 60530411
290092792 61352392
290092792 76990669
290092792 81631697
290092792 81704742
290092792 85922753
290092792 86173523
290092792 88323281
290092792 97761486
290092792 102202329
290092792 107772827
290092792 109390923
290092792 115363439
290092792 115505999
290092792 117674417
290092792 124634906
290092792 126391227
290092792 133055665
290092792 146513510
290092792 149680650
290092792 162123733
290092792 163203962
290092792 187773078
290092792 189898898
290092792 195171695
290092792 195475105
290092792 197504076
290092792 213777144
290092792 238260874
290092792 241159821
290092792 263838766
290092792 281674948
290092792 349994706
290092792 360245938
290092792 546135380
291295571 17868918
291295571 18996905
291295571 19358562
291295571 22462180
291295571 27633075
291295571 31331740
291295571 34428380
291295571 40981798
291295571 43003845
291295571 69592091
291295571 117674417
291295571 196680777
291295571 238260874
291295571 263838766
291378807 2367911
291378807 17868918
291378807 18996905
291378807 19358562
291378807 22462180
291378807 27633075
291378807 34428380
291378807 40981798
291378807 43003845
291378807 69592091
291378807 90850337
291378807 93419379
291378807 116036694
291378807 121533789
291378807 132543607
291378807 133055665
291378807 144631425
291378807 151338729
291378807 163436784
291378807 168152689
291378807 196680777
291378807 204140367
291378807 204317520
291378807 206004138
291378807 229039814
291378807 314316607
291378807 317076339
291378807 380580781
291378807 430313102
291378807 439788025
291378807 522013186
298246727 2367911
298246727 8088112
298246727 18149078
298246727 18996905
298246727 22462180
298246727 27633075
298246727 31331740
298246727 34428380
298246727 40981798
298246727 43003845
298246727 117674417
298246727 133055665
298246727 241363871
298246727 259842341
302191488 8088112
302191488 22462180
302191488 24444592
302191488 27633075
302191488 34428380
302191488 40981798
302191488 42576711
302191488 43003845
302191488 117674417
302191488 217796457
302191488 302847930
302191488 314316607
302847930 8088112
302847930 17654192
302847930 17759158
302847930 17868918
302847930 18951737
302847930 18996905
302847930 19358562
302847930 19493072
302847930 21548772
302847930 22462180
302847930 26929220
302847930 27633075
302847930 28465635
302847930 31331740
302847930 34428380
302847930 40981798
302847930 43003845
302847930 46209291
302847930 69592091
302847930 83943787
302847930 92336981
302847930 103598216
302847930 107830991
302847930 116036694
302847930 117674417
302847930 121533789
302847930 123371682
302847930 133055665
302847930 144631425
302847930 149538028
302847930 151338729
302847930 158419434
302847930 173732041
302847930 187773078
302847930 195475105
302847930 196680777
302847930 204140367
302847930 204317520
302847930 217796457
302847930 224160357
302847930 229039814
302847930 230880104
302847930 259842341
302847930 270449528
302847930 276308596
302847930 280935165
302847930 302191488
302847930 307458983
302847930 314316607
302847930 317076339
302847930 376946114
302847930 380580781
302847930 422224303
302847930 430182387
302847930 430313102
302847930 439788025
302847930 440963134
302847930 442400135
303177511 24051168
303177511 40703590
303177511 49075375
303177511 53614354
303177511 55492770
303177511 66158559
303177511 67119770
303177511 75395723
303177511 78991357
303177511 86281179
303177511 89441393
303177511 95974196
303177511 99175138
303177511 100113633
303177511 106765077
303177511 110157900
303177511 111951477
303177511 113947726
303177511 116605328
303177511 131888932
303177511 141400436
303177511 142081739
303177511 144146678
303177511 149626047
303177511 152343162
303177511 158455991
303177511 162209030
303177511 184406493
303177511 189242210
303177511 191596466
303177511 193291779
303177511 210188819
303177511 215759738
303177511 224384233
303177511 224619935
303177511 228624227
303177511 232350989
303177511 235321144
303177511 238215599
303177511 241678730
303177511 250353576
303177511 281667160
303177511 304680205
303177511 322724917
303177511 369830135
303177511 432021286
303486555 57426978
303486555 60325333
303486555 63226359
303486555 81704742
303486555 165849510
303486555 171692646
303486555 322690327
303486555 357181767
304680205 49075375
304680205 53614354
304680205 75395723
304680205 78991357
304680205 81211471
304680205 95974196
304680205 99175138
304680205 100113633
304680205 113947726
304680205 116605328
304680205 131888932
304680205 142081739
304680205 144146678
304680205 149626047
304680205 158455991
304680205 162209030
304680205 191596466
304680205 208353282
304680205 210188819
304680205 215759738
304680205 216436275
304680205 228624227
304680205 232350989
304680205 235321144
304680205 250353576
304680205 303177511
304680205 322724917
304680205 369830135
305294261 2367911
305294261 18996905
305294261 19493072
305294261 22462180
305294261 26929220
305294261 27633075
305294261 31331740
305294261 34428380
305294261 40981798
305294261 43003845
305294261 46754170
305294261 83943787
305294261 121533789
305294261 123371682
305294261 133055665
305294261 144631425
305294261 196680777
305294261 204140367
305294261 204317520
305294261 224160357
305294261 241363871
305294261 270449528
305294261 307458983
305294261 314316607
305294261 317076339
305294261 333815274
305294261 364917755
305294261 380580781
305294261 440963134
307458983 2367911
307458983 6581292
307458983 8088112
307458983 8163442
307458983 12459972
307458983 14486007
307458983 14929280
307458983 16452939
307458983 17434613
307458983 17868918
307458983 18996905
307458983 19358562
307458983 22462180
307458983 26929220
307458983 27520150
307458983 27633075
307458983 28465635
307458983 31331740
307458983 34428380
307458983 36767299
307458983 40981798
307458983 43003845
307458983 43725128
307458983 46209291
307458983 47083979
307458983 56002807
307458983 62985251
307458983 65894526
307458983 69592091
307458983 83417972
307458983 83943787
307458983 88782469
307458983 97088346
307458983 100318079
307458983 103598216
307458983 115221382
307458983 116036694
307458983 117674417
307458983 121533789
307458983 133055665
307458983 143169862
307458983 144631425
307458983 149538028
307458983 151338729
307458983 155661154
307458983 158419434
307458983 161433080
307458983 166214735
307458983 169554488
307458983 173732041
307458983 187773078
307458983 188102842
307458983 195475105
307458983 203247686
307458983 204140367
307458983 204317520
307458983 214968599
307458983 217506336
307458983 217796457
307458983 226629405
307458983 229039814
307458983 230880104
307458983 238260874
307458983 241159821
307458983 259842341
307458983 263838766
307458983 270449528
307458983 276308596
307458983 278652553
307458983 280935165
307458983 302847930
307458983 314316607
307458983 317076339
307458983 348022863
307458983 349994706
307458983 360245938
307458983 364971269
307458983 376946114
307458983 380580781
307458983 430182387
307458983 439788025
307458983 440963134
307458983 459737164
308168423 12459972
308168423 21447363
308168423 40981798
308168423 43666594
308168423 157041141
308168423 216024295
308168423 236194369
308168423 263270054
308770445 14486007
308770445 18734884
308770445 22462180
308770445 28465635
308770445 29300489
308770445 34428380
308770445 40981798
308770445 43003845
308770445 88323281
308770445 187773078
308770445 238260874
308770445 263838766
309861288 129631184
310983162 60143763
310983162 66661590
310983162 178581767
310983162 546135380
311123328 68567671
311123328 151222208
311123328 357331432
314316607 2367911
314316607 6581292
314316607 8088112
314316607 8735592
314316607 14230524
314316607 15023872
314316607 15843910
314316607 16807528
314316607 17654192
314316607 17868918
314316607 18149078
314316607 18951737
314316607 18996905
314316607 19063323
314316607 19149447
314316607 19358562
314316607 19493072
314316607 22462180
314316607 23798922
314316607 26929220
314316607 27520150
314316607 27633075
314316607 31331740
314316607 34428380
314316607 37699718
314316607 40076725
314316607 40981798
314316607 43003845
314316607 46209291
314316607 56423330
314316607 69592091
314316607 77618627
314316607 83943787
314316607 90850337
314316607 92336981
314316607 93419379
314316607 100318079
314316607 103598216
314316607 107830991
314316607 116036694
314316607 117674417
314316607 121533789
314316607 123371682
314316607 132543607
314316607 133055665
314316607 144631425
314316607 149538028
314316607 151338729
314316607 158419434
314316607 163436784
314316607 168152689
314316607 173732041
314316607 187773078
314316607 188186842
314316607 196680777
314316607 204140367
314316607 204317520
314316607 217796457
314316607 224160357
314316607 229039814
314316607 230424016
314316607 230880104
314316607 259842341
314316607 261447035
314316607 261853955
314316607 264093459
314316607 270449528
314316607 276308596
314316607 280935165
314316607 291378807
314316607 302191488
314316607 302847930
314316607 307458983
314316607 317076339
314316607 345543734
314316607 347509724
314316607 356190582
314316607 359811125
314316607 364917755
314316607 376946114
314316607 380580781
314316607 389742937
314316607 393543834
314316607 422224303
314316607 430182387
314316607 430313102
314316607 439788025
314316607 440963134
314316607 455186682
314316607 522013186
317076339 2367911
317076339 6559462
317076339 6581292
317076339 8088112
317076339 8735592
317076339 15023872
317076339 15843910
317076339 16452939
317076339 16807528
317076339 17503591
317076339 17654192
317076339 17759158
317076339 17868918
317076339 17919972
317076339 18149078
317076339 18314308
317076339 18951737
317076339 18996905
317076339 19063323
317076339 19149447
317076339 19327589
317076339 19349053
317076339 19358562
317076339 19493072
317076339 19705747
317076339 21295636
317076339 21466374
317076339 22181067
317076339 22462180
317076339 23798922
317076339 26929220
317076339 27520150
317076339 27633075
317076339 28444033
317076339 31331740
317076339 34428380
317076339 36767299
317076339 37699718
317076339 39056518
317076339 40076725
317076339 40981798
317076339 41110545
317076339 42533748
317076339 43003845
317076339 46209291
317076339 46754170
317076339 56423330
317076339 69548480
317076339 69592091
317076339 83943787
317076339 90850337
317076339 92336981
317076339 103598216
317076339 116036694
317076339 117674417
317076339 121533789
317076339 122794139
317076339 123371682
317076339 128041640
317076339 129679987
317076339 132543607
317076339 133055665
317076339 138884497
317076339 144631425
317076339 149538028
317076339 151338729
317076339 158419434
317076339 168152689
317076339 173732041
317076339 177345928
317076339 184910040
317076339 187773078
317076339 188186842
317076339 195475105
317076339 196680777
317076339 204140367
317076339 204317520
317076339 206004138
317076339 217796457
317076339 224160357
317076339 229039814
317076339 230880104
317076339 238260874
317076339 241159821
317076339 249471003
317076339 259842341
317076339 261447035
317076339 263838766
317076339 270449528
317076339 276308596
317076339 278652553
317076339 278695868
317076339 280935165
317076339 291378807
317076339 302191488
317076339 302847930
317076339 307458983
317076339 314316607
317076339 333815274
317076339 356190582
317076339 376946114
317076339 380580781
317076339 430182387
317076339 430313102
317076339 439788025
317076339 440963134
317076339 442400135
317076339 455186682
317076339 522013186
318651299 12459972
318651299 19493072
318651299 22462180
318651299 34428380
318651299 40981798
318651299 43003845
318651299 43666594
318651299 100318079
318651299 117674417
318651299 118534712
318651299 157041141
318651299 173152052
318651299 177678004
318651299 187773078
318651299 230498574
318651299 236194369
318651299 263838766
319319045 8088112
319319045 9317502
319319045 15150609
319319045 17759158
319319045 18996905
319319045 19149447
319319045 22462180
319319045 25842688
319319045 27633075
319319045 28465635
319319045 29512930
319319045 30749396
319319045 31331740
319319045 34428380
319319045 37103150
319319045 37319411
319319045 38035105
319319045 39056518
319319045 39592331
319319045 40981798
319319045 43003845
319319045 43429151
319319045 49064411
319319045 51079779
319319045 52244792
319319045 53440054
319319045 69054114
319319045 69127992
319319045 70114798
319319045 78756744
319319045 99741379
319319045 108633391
319319045 115505999
319319045 117674417
319319045 121533789
319319045 133055665
319319045 215980492
319319045 229871864
319319045 238260874
319319045 263838766
319319045 302191488
322690327 40703590
322690327 60325333
322690327 81704742
322690327 184598688
322690327 185331750
322690327 189898898
322690327 303486555
322690327 385587514
322724917 49075375
322724917 67119770
322724917 106765077
322724917 110157900
322724917 131888932
322724917 142081739
322724917 232350989
322724917 241678730
322724917 303177511
322724917 304680205
330017427 12459972
330017427 40981798
330017427 43666594
330017427 118534712
330017427 173152052
331372178 40703590
331372178 57426978
331372178 63226359
331372178 81704742
331372178 165849510
331372178 185331750
331372178 189898898
331372178 357181767
333021748 2367911
333021748 8088112
333021748 17503591
333021748 18149078
333021748 18996905
333021748 19358562
333021748 22462180
333021748 24444592
333021748 26929220
333021748 27633075
333021748 31331740
333021748 34428380
333021748 40981798
333021748 43003845
333021748 117674417
333021748 118891136
333021748 121533789
333021748 123371682
333021748 133055665
333021748 196680777
333021748 241363871
333021748 259842341
333021748 270449528
333021748 298246727
333021748 305294261
333021748 359811125
333021748 364917755
333021748 393543834
333021748 440963134
333815274 2367911
333815274 8088112
333815274 15843910
333815274 16452939
333815274 17503591
333815274 17654192
333815274 17759158
333815274 17868918
333815274 18149078
333815274 18951737
333815274 18996905
333815274 19358562
333815274 19493072
333815274 21362105
333815274 21548772
333815274 22462180
333815274 26929220
333815274 27633075
333815274 31331740
333815274 34428380
333815274 36767299
333815274 37699718
333815274 40076725
333815274 40981798
333815274 43003845
333815274 83943787
333815274 103598216
333815274 107830991
333815274 116036694
333815274 117674417
333815274 118891136
333815274 121533789
333815274 123371682
333815274 132543607
333815274 133055665
333815274 151338729
333815274 173732041
333815274 177345928
333815274 188186842
333815274 204317520
333815274 224160357
333815274 229039814
333815274 259842341
333815274 270449528
333815274 276308596
333815274 280935165
333815274 305294261
333815274 314316607
333815274 317076339
333815274 356190582
333815274 376946114
333815274 389742937
333815274 439788025
333815274 440963134
333815274 522013186
336564384 212329156
336564384 341142328
339373057 14425825
339373057 15460081
339373057 22440364
339373057 34507480
339373057 63808966
339373057 158526208
341142328 59630220
341142328 336564384
341142328 375857150
345543734 8163442
345543734 16807528
345543734 17868918
345543734 18996905
345543734 22462180
345543734 28465635
345543734 34428380
345543734 40981798
345543734 43003845
345543734 46209291
345543734 88323281
345543734 144631425
345543734 214968599
345543734 226629405
345543734 233182045
345543734 278695868
345543734 439788025
345543734 440963134
347509724 2367911
347509724 6581292
347509724 8088112
347509724 14230524
347509724 15023872
347509724 17868918
347509724 18149078
347509724 18996905
347509724 19149447
347509724 19358562
347509724 22462180
347509724 26929220
347509724 27633075
347509724 31331740
347509724 34428380
347509724 40981798
347509724 43003845
347509724 56423330
347509724 69592091
347509724 83943787
347509724 90850337
347509724 116036694
347509724 117674417
347509724 121533789
347509724 132543607
347509724 133055665
347509724 149538028
347509724 151338729
347509724 168152689
347509724 173732041
347509724 187773078
347509724 188186842
347509724 195475105
347509724 196680777
347509724 204140367
347509724 217796457
347509724 224160357
347509724 229039814
347509724 238260874
347509724 264093459
347509724 270449528
347509724 280935165
347509724 291378807
347509724 317076339
347509724 356190582
347509724 364917755
347509724 376946114
347509724 380580781
347509724 440963134
347509724 522013186
348022863 8088112
348022863 17868918
348022863 18996905
348022863 22462180
348022863 26929220
348022863 27633075
348022863 28465635
348022863 31331740
348022863 34428380
348022863 40981798
348022863 43003845
348022863 69592091
348022863 83417972
348022863 88323281
348022863 88782469
348022863 103598216
348022863 115221382
348022863 117674417
348022863 143169862
348022863 149538028
348022863 151338729
348022863 158419434
348022863 166214735
348022863 187773078
348022863 195475105
348022863 214968599
348022863 226629405
348022863 229039814
348022863 238260874
348022863 241159821
348022863 263838766
348022863 280935165
348022863 364971269
348022863 430182387
349958383 22462180
349958383 34428380
349958383 40981798
349958383 43003845
349994706 15023872
349994706 17868918
349994706 22462180
349994706 27633075
349994706 28465635
349994706 31331740
349994706 34428380
349994706 40981798
349994706 43003845
349994706 88323281
349994706 96446770
349994706 97088346
349994706 116036694
349994706 117674417
349994706 133055665
349994706 149538028
349994706 155661154
349994706 158419434
349994706 168224294
349994706 187773078
349994706 195475105
349994706 204140367
349994706 213777144
349994706 214968599
349994706 217796457
349994706 221829166
349994706 229039814
349994706 238260874
349994706 250388198
349994706 263838766
349994706 280935165
349994706 281674948
349994706 307458983
349994706 314316607
349994706 385587514
349994706 388556323
349994706 439788025
349994706 440963134
356190582 2367911
356190582 15846407
356190582 17759158
356190582 18996905
356190582 19358562
356190582 19493072
356190582 21362105
356190582 22462180
356190582 31331740
356190582 34428380
356190582 40981798
356190582 43003845
356190582 46209291
356190582 69592091
356190582 83943787
356190582 88323281
356190582 103598216
356190582 116036694
356190582 121533789
356190582 144631425
356190582 149538028
356190582 151338729
356190582 168152689
356190582 173732041
356190582 188186842
356190582 196680777
356190582 204140367
356190582 204317520
356190582 217796457
356190582 229039814
356190582 230880104
356190582 238260874
356190582 259842341
356190582 263838766
356190582 264093459
356190582 270449528
356190582 280935165
356190582 291378807
356190582 302847930
356190582 314316607
356190582 317076339
356190582 376946114
356190582 380580781
356190582 430182387
356190582 430313102
356190582 440963134
357181767 40703590
357181767 81704742
357181767 141696128
357181767 142715837
357181767 162123733
357181767 168224294
357181767 185331750
357181767 230601773
357181767 233182045
357181767 250388198
357181767 303486555
357181767 331372178
357181767 385587514
357331432 16854388
357331432 30478394
357331432 40355959
357331432 41469982
357331432 42253232
357331432 51613496
357331432 51828073
357331432 52473265
357331432 65096005
357331432 99631222
357331432 123121569
357331432 127684106
357331432 129631184
357331432 144319796
357331432 151222208
357331432 157137446
357331432 207601901
357331432 212329156
357331432 215980492
357331432 221413264
357331432 241957644
357331432 281222130
357331432 375857150
358346423 16729508
358346423 16971389
358346423 17448545
358346423 17503591
358346423 18323672
358346423 23913056
358346423 31331740
358346423 35324363
358346423 36767299
358346423 40981798
358346423 49737738
358346423 50835495
358346423 65974071
358346423 118899807
359811125 2367911
359811125 6581292
359811125 14486007
359811125 15212604
359811125 17759158
359811125 17868918
359811125 17919972
359811125 18951737
359811125 18996905
359811125 19358562
359811125 22462180
359811125 24444592
359811125 26604704
359811125 26929220
359811125 27633075
359811125 29911100
359811125 31331740
359811125 34428380
359811125 40981798
359811125 43003845
359811125 69592091
359811125 83943787
359811125 116036694
359811125 117674417
359811125 123371682
359811125 133055665
359811125 151338729
359811125 173732041
359811125 196680777
359811125 204140367
359811125 241363871
359811125 263838766
359811125 270449528
359811125 280935165
359811125 302191488
359811125 314316607
359811125 333021748
359811125 380580781
359811125 389742937
359811125 393543834
359811125 430182387
359811125 430313102
359811125 439788025
359811125 440963134
360245938 15150609
360245938 21295636
360245938 22462180
360245938 31414569
360245938 34428380
360245938 36475508
360245938 40858764
360245938 40981798
360245938 41110545
360245938 43003845
360245938 46160500
360245938 53990192
360245938 60361873
360245938 62985251
360245938 83943787
360245938 85716069
360245938 100318079
360245938 107512718
360245938 158419434
360245938 160053476
360245938 163203962
360245938 168224294
360245938 187773078
360245938 189592841
360245938 189898898
360245938 195475105
360245938 220729949
360245938 230601773
360245938 234047967
360245938 251261925
360245938 279249008
360245938 290092792
360245938 307458983
360245938 385587514
363249171 2367911
363249171 6581292
363249171 8088112
363249171 15843910
363249171 16452939
363249171 17868918
363249171 18951737
363249171 18996905
363249171 19358562
363249171 22462180
363249171 26929220
363249171 27633075
363249171 31331740
363249171 34428380
363249171 40981798
363249171 43003845
363249171 69592091
363249171 77618627
363249171 83943787
363249171 116036694
363249171 117674417
363249171 121533789
363249171 149538028
363249171 151338729
363249171 187773078
363249171 196680777
363249171 204140367
363249171 206004138
363249171 229039814
363249171 230880104
363249171 241159821
363249171 259842341
363249171 280935165
363249171 291378807
363249171 302191488
363249171 314316607
363249171 317076339
363249171 380580781
363249171 430182387
363249171 430313102
363249171 442400135
363249171 455186682
364917755 2367911
364917755 6581292
364917755 8088112
364917755 8735592
364917755 14230524
364917755 15023872
364917755 15186688
364917755 16016135
364917755 16452939
364917755 16807528
364917755 17503591
364917755 17759158
364917755 17868918
364917755 17919972
364917755 18149078
364917755 18951737
364917755 18996905
364917755 19358562
364917755 19493072
364917755 19705747
364917755 21295636
364917755 21362105
364917755 21447363
364917755 21548772
364917755 22462180
364917755 24766630
364917755 26090319
364917755 26604704
364917755 26929220
364917755 27520150
364917755 27633075
364917755 28444033
364917755 28465635
364917755 29300489
364917755 30732862
364917755 31331740
364917755 34428380
364917755 36767299
364917755 37699718
364917755 40076725
364917755 40858764
364917755 40981798
364917755 41110545
364917755 43003845
364917755 44473103
364917755 46209291
364917755 56423330
364917755 69548480
364917755 69592091
364917755 83943787
364917755 88323281
364917755 92336981
364917755 93419379
364917755 100318079
364917755 103598216
364917755 107830991
364917755 116036694
364917755 117674417
364917755 118891136
364917755 121533789
364917755 123371682
364917755 132543607
364917755 133055665
364917755 144631425
364917755 149538028
364917755 151338729
364917755 158419434
364917755 168152689
364917755 173732041
364917755 187773078
364917755 188186842
364917755 195475105
364917755 196680777
364917755 204140367
364917755 204317520
364917755 206004138
364917755 214968599
364917755 217796457
364917755 224160357
364917755 229039814
364917755 230424016
364917755 230880104
364917755 238260874
364917755 241159821
364917755 259842341
364917755 261447035
364917755 263838766
364917755 264093459
364917755 270449528
364917755 280935165
364917755 291378807
364917755 302847930
364917755 305294261
364917755 307458983
364917755 314316607
364917755 317076339
364917755 347509724
364917755 356190582
364917755 359811125
364917755 376946114
364917755 380580781
364917755 389742937
364917755 393543834
364917755 422224303
364917755 430182387
364917755 430313102
364917755 439788025
364917755 440963134
364917755 442400135
364917755 455186682
364917755 522013186
364971269 17868918
364971269 18996905
364971269 19493072
364971269 22462180
364971269 28465635
364971269 34428380
364971269 40981798
364971269 43003845
364971269 70492333
364971269 88323281
364971269 100318079
364971269 121533789
364971269 158419434
364971269 166214735
364971269 214968599
364971269 226629405
364971269 307458983
364971269 314316607
364971269 439788025
369830135 40703590
369830135 49075375
369830135 66158559
369830135 67119770
369830135 67970853
369830135 75395723
369830135 81211471
369830135 95974196
369830135 99175138
369830135 106765077
369830135 110157900
369830135 111951477
369830135 113947726
369830135 131888932
369830135 141400436
369830135 144146678
369830135 152343162
369830135 171692646
369830135 184406493
369830135 189242210
369830135 191596466
369830135 210188819
369830135 224384233
369830135 235321144
369830135 238215599
369830135 241678730
369830135 250353576
369830135 303177511
369830135 304680205
369830135 432021286
370402681 40703590
370402681 66158559
370402681 106765077
370402681 144146678
370402681 184406493
371054607 447502799
374052936 14230524
374052936 23894637
374052936 40076725
374052936 193593048
375317198 15843910
375317198 16422843
375317198 17759158
375317198 17868918
375317198 18149078
375317198 18951737
375317198 18996905
375317198 19358562
375317198 19493072
375317198 22462180
375317198 26929220
375317198 27633075
375317198 28465635
375317198 29911100
375317198 31331740
375317198 34428380
375317198 36767299
375317198 39056518
375317198 40076725
375317198 40981798
375317198 42576711
375317198 43003845
375317198 69592091
375317198 83943787
375317198 92336981
375317198 100318079
375317198 103598216
375317198 107830991
375317198 116498875
375317198 121533789
375317198 123371682
375317198 133055665
375317198 149538028
375317198 151338729
375317198 204140367
375317198 204317520
375317198 259842341
375317198 270449528
375317198 276308596
375317198 302847930
375317198 314316607
375317198 317076339
375317198 376946114
375857150 59630220
375857150 341142328
376946114 2367911
376946114 17868918
376946114 18996905
376946114 19358562
376946114 22462180
376946114 26929220
376946114 34428380
376946114 40981798
376946114 43003845
376946114 46209291
376946114 69592091
376946114 77618627
376946114 83943787
376946114 103598216
376946114 116036694
376946114 123371682
376946114 132543607
376946114 151338729
376946114 173732041
376946114 188186842
376946114 195475105
376946114 196680777
376946114 204140367
376946114 229039814
376946114 230880104
376946114 259842341
376946114 270449528
376946114 276308596
376946114 280935165
376946114 302847930
376946114 307458983
376946114 314316607
376946114 317076339
376946114 333815274
376946114 347509724
376946114 356190582
376946114 364917755
376946114 375317198
376946114 380580781
376946114 389742937
376946114 393543834
376946114 430182387
376946114 430313102
376946114 439788025
376946114 522013186
380580781 2367911
380580781 8088112
380580781 17654192
380580781 17868918
380580781 18996905
380580781 19358562
380580781 19493072
380580781 22462180
380580781 26604704
380580781 27633075
380580781 31331740
380580781 34428380
380580781 40981798
380580781 43003845
380580781 46209291
380580781 50794628
380580781 69592091
380580781 83943787
380580781 100318079
380580781 103598216
380580781 117674417
380580781 118891136
380580781 119226871
380580781 121533789
380580781 123371682
380580781 133055665
380580781 144631425
380580781 151338729
380580781 168152689
380580781 173732041
380580781 187773078
380580781 188186842
380580781 196680777
380580781 204140367
380580781 204317520
380580781 206004138
380580781 217796457
380580781 229039814
380580781 263838766
380580781 270449528
380580781 276308596
380580781 280935165
380580781 291378807
380580781 302847930
380580781 307458983
380580781 314316607
380580781 317076339
380580781 356190582
380580781 359811125
380580781 364917755
380580781 376946114
380580781 430182387
380580781 430313102
380580781 439788025
380580781 442400135
380580781 522013186
380592958 12459972
380592958 22462180
380592958 40981798
380592958 43003845
380592958 88323281
380592958 234167823
380592958 263270054
384057286 17723880
384057286 40981798
385587514 21068395
385587514 22462180
385587514 34428380
385587514 40703590
385587514 40981798
385587514 43003845
385587514 60325333
385587514 63226359
385587514 81704742
385587514 96446770
385587514 115363439
385587514 162123733
385587514 168224294
385587514 171692646
385587514 185331750
385587514 187773078
385587514 220729949
385587514 221829166
385587514 230601773
385587514 233182045
385587514 322690327
385587514 331372178
385587514 349994706
385587514 357181767
385587514 360245938
388556323 8088112
388556323 17868918
388556323 19149447
388556323 19349053
388556323 22462180
388556323 24444592
388556323 27633075
388556323 31331740
388556323 34428380
388556323 40981798
388556323 43003845
388556323 65894526
388556323 88723349
388556323 117674417
388556323 158419434
388556323 166214735
388556323 280935165
388556323 349994706
388556323 385587514
389742937 2367911
389742937 15023872
389742937 16807528
389742937 17868918
389742937 18951737
389742937 18996905
389742937 19358562
389742937 19493072
389742937 22462180
389742937 26929220
389742937 27520150
389742937 27633075
389742937 31331740
389742937 34428380
389742937 37699718
389742937 40076725
389742937 40981798
389742937 43003845
389742937 46209291
389742937 56423330
389742937 69592091
389742937 83943787
389742937 88323281
389742937 90850337
389742937 92336981
389742937 103598216
389742937 107830991
389742937 116036694
389742937 117674417
389742937 121533789
389742937 123371682
389742937 133055665
389742937 144631425
389742937 149538028
389742937 151338729
389742937 158419434
389742937 168152689
389742937 173732041
389742937 187773078
389742937 188186842
389742937 195475105
389742937 196680777
389742937 204140367
389742937 204317520
389742937 217796457
389742937 224160357
389742937 229039814
389742937 230880104
389742937 259842341
389742937 261447035
389742937 264093459
389742937 270449528
389742937 280935165
389742937 291378807
389742937 302847930
389742937 314316607
389742937 317076339
389742937 333815274
389742937 359811125
389742937 364917755
389742937 376946114
389742937 380580781
389742937 393543834
389742937 430182387
389742937 430313102
389742937 439788025
389742937 440963134
389742937 442400135
389742937 455186682
393543834 2367911
393543834 18996905
393543834 19493072
393543834 22462180
393543834 26929220
393543834 27633075
393543834 31331740
393543834 34428380
393543834 40981798
393543834 43003845
393543834 46209291
393543834 69592091
393543834 83943787
393543834 90850337
393543834 93419379
393543834 103598216
393543834 121533789
393543834 144631425
393543834 149538028
393543834 168152689
393543834 173732041
393543834 187773078
393543834 188186842
393543834 195475105
393543834 196680777
393543834 204140367
393543834 217796457
393543834 224160357
393543834 229039814
393543834 230880104
393543834 270449528
393543834 280935165
393543834 291378807
393543834 314316607
393543834 317076339
393543834 356190582
393543834 359811125
393543834 364917755
393543834 376946114
393543834 380580781
393543834 422224303
393543834 430182387
393543834 430313102
393543834 440963134
393543834 442400135
393543834 455186682
398549793 17919972
398549793 40981798
406261305 40981798
406261305 43666594
406261305 118534712
406261305 173152052
406261305 177678004
406261305 229249535
406261305 330017427
408275277 15186688
408275277 18314308
408275277 40981798
409154171 40703590
409154171 67119770
409154171 89441393
409154171 95974196
409154171 106765077
409154171 111951477
409154171 131888932
414569910 17759158
414569910 17868918
414569910 17879241
414569910 18996905
414569910 19001775
414569910 19192238
414569910 20031977
414569910 21362105
414569910 22462180
414569910 24766630
414569910 24804973
414569910 25156416
414569910 25584713
414569910 26604704
414569910 31080039
414569910 32774989
414569910 34534461
414569910 40981798
414569910 49824572
414569910 282789898
422224303 2367911
422224303 17868918
422224303 18996905
422224303 19358562
422224303 22462180
422224303 26604704
422224303 27633075
422224303 34428380
422224303 40981798
422224303 43003845
422224303 83943787
422224303 116036694
422224303 149538028
422224303 151338729
422224303 168152689
422224303 195475105
422224303 196680777
422224303 204140367
422224303 204317520
422224303 229039814
422224303 230424016
422224303 259842341
422224303 270449528
422224303 302847930
422224303 314316607
422224303 393543834
422224303 440963134
430182387 2367911
430182387 8088112
430182387 8735592
430182387 15023872
430182387 17868918
430182387 18149078
430182387 18951737
430182387 18996905
430182387 19358562
430182387 19493072
430182387 22462180
430182387 26929220
430182387 27633075
430182387 28465635
430182387 31331740
430182387 34428380
430182387 37699718
430182387 40076725
430182387 40981798
430182387 43003845
430182387 46209291
430182387 69548480
430182387 69592091
430182387 77618627
430182387 83943787
430182387 100318079
430182387 103598216
430182387 116036694
430182387 117674417
430182387 121533789
430182387 123371682
430182387 133055665
430182387 144631425
430182387 149538028
430182387 151338729
430182387 168152689
430182387 173732041
430182387 187773078
430182387 195475105
430182387 196680777
430182387 204140367
430182387 204317520
430182387 217796457
430182387 224160357
430182387 229039814
430182387 230880104
430182387 238260874
430182387 259842341
430182387 263838766
430182387 270449528
430182387 280935165
430182387 291378807
430182387 302847930
430182387 307458983
430182387 314316607
430182387 317076339
430182387 359811125
430182387 376946114
430182387 380580781
430182387 430313102
430182387 440963134
430182387 442400135
430313102 2367911
430313102 16807528
430313102 17868918
430313102 18996905
430313102 19358562
430313102 19493072
430313102 22462180
430313102 31331740
430313102 34428380
430313102 37699718
430313102 40076725
430313102 40981798
430313102 43003845
430313102 56423330
430313102 69592091
430313102 83943787
430313102 100318079
430313102 103598216
430313102 116036694
430313102 123371682
430313102 151338729
430313102 158419434
430313102 187773078
430313102 196680777
430313102 204140367
430313102 217796457
430313102 229039814
430313102 259842341
430313102 270449528
430313102 280935165
430313102 291378807
430313102 302847930
430313102 314316607
430313102 317076339
430313102 359811125
430313102 376946114
430313102 380580781
430313102 430182387
430313102 442400135
432021286 40703590
432021286 75395723
432021286 110157900
432021286 113947726
432021286 131888932
432021286 142081739
432021286 184406493
432021286 210188819
432021286 215759738
432021286 238215599
432021286 303177511
432021286 369830135
439788025 2367911
439788025 6581292
439788025 8088112
439788025 8163442
439788025 14486007
439788025 15843910
439788025 17654192
439788025 17868918
439788025 18996905
439788025 19063323
439788025 19358562
439788025 19493072
439788025 19705747
439788025 22462180
439788025 26929220
439788025 27520150
439788025 27633075
439788025 28465635
439788025 31331740
439788025 34428380
439788025 37699718
439788025 40076725
439788025 40981798
439788025 43003845
439788025 46209291
439788025 69592091
439788025 83943787
439788025 88323281
439788025 92336981
439788025 100318079
439788025 103598216
439788025 116036694
439788025 117674417
439788025 121533789
439788025 123371682
439788025 133055665
439788025 144631425
439788025 149538028
439788025 151338729
439788025 155951259
439788025 158419434
439788025 166214735
439788025 166811519
439788025 167449308
439788025 173732041
439788025 184097849
439788025 187773078
439788025 188102842
439788025 195475105
439788025 196680777
439788025 204140367
439788025 214968599
439788025 217796457
439788025 221829166
439788025 224160357
439788025 226629405
439788025 229039814
439788025 234047967
439788025 238260874
439788025 259842341
439788025 261447035
439788025 263838766
439788025 270449528
439788025 276308596
439788025 278652553
439788025 280935165
439788025 291378807
439788025 302847930
439788025 307458983
439788025 314316607
439788025 317076339
439788025 333815274
439788025 345543734
439788025 349994706
439788025 359811125
439788025 364971269
439788025 376946114
439788025 380580781
439788025 389742937
439788025 430182387
439788025 440963134
439788025 442400135
439788025 455186682
439788025 459737164
440963134 2367911
440963134 8088112
440963134 8163442
440963134 8735592
440963134 9938852
440963134 14230524
440963134 14426892
440963134 14451605
440963134 15023872
440963134 15212604
440963134 15891115
440963134 16452939
440963134 16807528
440963134 16870853
440963134 17503591
440963134 17654192
440963134 17759158
440963134 17868918
440963134 18149078
440963134 18951737
440963134 18996905
440963134 19063323
440963134 19149447
440963134 19358562
440963134 19493072
440963134 19705747
440963134 21362105
440963134 21447363
440963134 22462180
440963134 23798922
440963134 26604704
440963134 26929220
440963134 27520150
440963134 27633075
440963134 28465635
440963134 29911100
440963134 31331740
440963134 33494125
440963134 34428380
440963134 36767299
440963134 39241609
440963134 40076725
440963134 40981798
440963134 42576711
440963134 43003845
440963134 46209291
440963134 54228724
440963134 56423330
440963134 62591415
440963134 69548480
440963134 69592091
440963134 70492333
440963134 74580436
440963134 77618627
440963134 83417972
440963134 83943787
440963134 88323281
440963134 88782469
440963134 90850337
440963134 92336981
440963134 93419379
440963134 97088346
440963134 100318079
440963134 103598216
440963134 107830991
440963134 113058991
440963134 116036694
440963134 116498875
440963134 117674417
440963134 118891136
440963134 121533789
440963134 123371682
440963134 132543607
440963134 133055665
440963134 138884497
440963134 144631425
440963134 149538028
440963134 151338729
440963134 155661154
440963134 158419434
440963134 166214735
440963134 166811519
440963134 168152689
440963134 170460311
440963134 173732041
440963134 184097849
440963134 187773078
440963134 188102842
440963134 188108667
440963134 188186842
440963134 195475105
440963134 196680777
440963134 197504076
440963134 204140367
440963134 204317520
440963134 206004138
440963134 214968599
440963134 217796457
440963134 224160357
440963134 226629405
440963134 229039814
440963134 230424016
440963134 230880104
440963134 238260874
440963134 249471003
440963134 259842341
440963134 263838766
440963134 264093459
440963134 270449528
440963134 276308596
440963134 278652553
440963134 280935165
440963134 291295571
440963134 291378807
440963134 302191488
440963134 302847930
440963134 305294261
440963134 307458983
440963134 314316607
440963134 317076339
440963134 333021748
440963134 333815274
440963134 345543734
440963134 349994706
440963134 356190582
440963134 359811125
440963134 364917755
440963134 364971269
440963134 375317198
440963134 376946114
440963134 380580781
440963134 389742937
440963134 393543834
440963134 422224303
440963134 430182387
440963134 430313102
440963134 439788025
440963134 442400135
440963134 455186682
440963134 459737164
440963134 522013186
442400135 2367911
442400135 8735592
442400135 17868918
442400135 18996905
442400135 19358562
442400135 19493072
442400135 22462180
442400135 26929220
442400135 27633075
442400135 31331740
442400135 34428380
442400135 40076725
442400135 40981798
442400135 43003845
442400135 69592091
442400135 83943787
442400135 116036694
442400135 123371682
442400135 133055665
442400135 149538028
442400135 151338729
442400135 173732041
442400135 195475105
442400135 196680777
442400135 204140367
442400135 204317520
442400135 217796457
442400135 229039814
442400135 230880104
442400135 259842341
442400135 270449528
442400135 280935165
442400135 302847930
442400135 314316607
442400135 317076339
442400135 380580781
442400135 430182387
442400135 430313102
442494754 6581292
442494754 14929280
442494754 22462180
442494754 34428380
442494754 40981798
442494754 43003845
447502799 139565747
447502799 202369108
447502799 227678669
447502799 371054607
455186682 2367911
455186682 6581292
455186682 8088112
455186682 16807528
455186682 17503591
455186682 17868918
455186682 18149078
455186682 18951737
455186682 18996905
455186682 19063323
455186682 19358562
455186682 19493072
455186682 19705747
455186682 22462180
455186682 27633075
455186682 31331740
455186682 34428380
455186682 37699718
455186682 40076725
455186682 40981798
455186682 43003845
455186682 46209291
455186682 69592091
455186682 83943787
455186682 90850337
455186682 116036694
455186682 117674417
455186682 121533789
455186682 133055665
455186682 149538028
455186682 151338729
455186682 168152689
455186682 187773078
455186682 195475105
455186682 196680777
455186682 204140367
455186682 204317520
455186682 206004138
455186682 217796457
455186682 229039814
455186682 238260874
455186682 261853955
455186682 263838766
455186682 270449528
455186682 280935165
455186682 314316607
455186682 317076339
455186682 376946114
455186682 380580781
455186682 389742937
455186682 430182387
455186682 430313102
455186682 439788025
455186682 440963134
459737164 8163442
459737164 19358562
459737164 22462180
459737164 34428380
459737164 40981798
459737164 43003845
459737164 83417972
459737164 83943787
459737164 88323281
459737164 158419434
459737164 167449308
459737164 214968599
459737164 217796457
459737164 278695868
459737164 307458983
459737164 439788025
459737164 440963134
466560636 106142776
522013186 2367911
522013186 6581292
522013186 17654192
522013186 17868918
522013186 18951737
522013186 18996905
522013186 19358562
522013186 22462180
522013186 27633075
522013186 34428380
522013186 37699718
522013186 40981798
522013186 43003845
522013186 46209291
522013186 69592091
522013186 83943787
522013186 88323281
522013186 144631425
522013186 149538028
522013186 151338729
522013186 173732041
522013186 188102842
522013186 188186842
522013186 195475105
522013186 196680777
522013186 204140367
522013186 204317520
522013186 217796457
522013186 229039814
522013186 270449528
522013186 280935165
522013186 291378807
522013186 314316607
522013186 317076339
522013186 333815274
522013186 376946114
522013186 380580781
522013186 440963134
