timestamp,dataset,N,M,estrutura,algoritmo,tempo_ms,memoria_kb,execucao_num
2026-10-02T11:53:23Z,data/samples/bfs_144319796_n1000.txt,1000,22048,lista,bfs,0.110,314.2,1
2026-10-02T11:53:23Z,data/samples/bfs_144319796_n1000.txt,1000,22048,lista,bfs,0.107,314.2,2
2026-10-02T11:53:23Z,data/samples/bfs_144319796_n1000.txt,1000,22048,lista,bfs,0.124,314.2,3
2026-10-02T11:53:23Z,data/samples/bfs_144319796_n1000.txt,1000,22048,lista,bfs,0.168,314.2,4
2026-10-02T11:53:23Z,data/samples/bfs_144319796_n1000.txt,1000,22048,lista,bfs,0.106,314.2,5
2026-10-02T11:53:23Z,data/samples/bfs_144319796_n1000.txt,1000,22048,lista,bfs,0.110,314.2,6
2026-10-02T11:53:23Z,data/samples/bfs_144319796_n1000.txt,1000,22048,lista,bfs,0.108,314.2,7
2026-10-02T11:53:23Z,data/samples/bfs_144319796_n1000.txt,1000,22048,lista,bfs,0.103,314.2,8
2026-10-02T11:53:23Z,data/samples/bfs_144319796_n1000.txt,1000,22048,lista,bfs,0.159,314.2,9
2026-10-02T11:53:23Z,data/samples/bfs_144319796_n1000.txt,1000,22048,lista,bfs,0.109,314.2,10
2026-10-02T11:53:23Z,data/samples/bfs_144319796_n1000.txt,1000,22048,lista,bfs,0.124,314.2,11
2026-10-02T11:53:23Z,data/samples/bfs_144319796_n1000.txt,1000,22048,lista,dfs,0.127,336.7,1
2026-10-02T11:53:23Z,data/samples/bfs_144319796_n1000.txt,1000,22048,lista,dfs,0.121,336.7,2
2026-10-02T11:53:23Z,data/samples/bfs_144319796_n1000.txt,1000,22048,lista,dfs,0.119,336.7,3
2026-10-02T11:53:23Z,data/samples/bfs_144319796_n1000.txt,1000,22048,lista,dfs,0.124,336.7,4
2026-10-02T11:53:23Z,data/samples/bfs_144319796_n1000.txt,1000,22048,lista,dfs,0.137,336.7,5
2026-10-02T11:53:23Z,data/samples/bfs_144319796_n1000.txt,1000,22048,lista,dfs,0.125,336.7,6
2026-10-02T11:53:23Z,data/samples/bfs_144319796_n1000.txt,1000,22048,lista,dfs,0.124,336.7,7
2026-10-02T11:53:23Z,data/samples/bfs_144319796_n1000.txt,1000,22048,lista,dfs,0.123,336.7,8
2026-10-02T11:53:23Z,data/samples/bfs_144319796_n1000.txt,1000,22048,lista,dfs,0.121,336.7,9
2026-10-02T11:53:23Z,data/samples/bfs_144319796_n1000.txt,1000,22048,lista,dfs,0.130,336.7,10
2026-10-02T11:53:23Z,data/samples/bfs_144319796_n1000.txt,1000,22048,lista,dfs,0.119,336.7,11
2026-10-02T11:53:23Z,data/samples/bfs_144319796_n1000.txt,1000,22048,lista,componentes_fortes,0.179,361.1,1
2026-10-02T11:53:23Z,data/samples/bfs_144319796_n1000.txt,1000,16105,lista,componentes_fracos,0.202,480.2,1
2026-10-02T11:53:23Z,data/samples/bfs_144319796_n1000.txt,1000,22048,lista,componentes_fortes,0.161,361.1,2
2026-10-02T11:53:23Z,data/samples/bfs_144319796_n1000.txt,1000,16105,lista,componentes_fracos,0.245,480.2,2
2026-10-02T11:53:23Z,data/samples/bfs_144319796_n1000.txt,1000,22048,lista,componentes_fortes,0.172,361.1,3
2026-10-02T11:53:23Z,data/samples/bfs_144319796_n1000.txt,1000,16105,lista,componentes_fracos,0.218,480.2,3
2026-10-02T11:53:23Z,data/samples/bfs_144319796_n1000.txt,1000,22048,lista,componentes_fortes,0.160,361.1,4
2026-10-02T11:53:23Z,data/samples/bfs_144319796_n1000.txt,1000,16105,lista,componentes_fracos,0.213,480.2,4
2026-10-02T11:53:23Z,data/samples/bfs_144319796_n1000.txt,1000,22048,lista,componentes_fortes,0.159,361.1,5
2026-10-02T11:53:23Z,data/samples/bfs_144319796_n1000.txt,1000,16105,lista,componentes_fracos,0.215,480.2,5
2026-10-02T11:53:23Z,data/samples/bfs_144319796_n1000.txt,1000,22048,lista,componentes_fortes,0.166,361.1,6
2026-10-02T11:53:23Z,data/samples/bfs_144319796_n1000.txt,1000,16105,lista,componentes_fracos,0.208,480.2,6
2026-10-02T11:53:23Z,data/samples/bfs_144319796_n1000.txt,1000,22048,lista,componentes_fortes,0.162,361.1,7
2026-10-02T11:53:23Z,data/samples/bfs_144319796_n1000.txt,1000,16105,lista,componentes_fracos,0.216,480.2,7
2026-10-02T11:53:23Z,data/samples/bfs_144319796_n1000.txt,1000,22048,lista,componentes_fortes,0.166,361.1,8
2026-10-02T11:53:23Z,data/samples/bfs_144319796_n1000.txt,1000,16105,lista,componentes_fracos,0.203,480.2,8
2026-10-02T11:53:23Z,data/samples/bfs_144319796_n1000.txt,1000,22048,lista,componentes_fortes,0.163,361.1,9
2026-10-02T11:53:23Z,data/samples/bfs_144319796_n1000.txt,1000,16105,lista,componentes_fracos,0.219,480.2,9
2026-10-02T11:53:23Z,data/samples/bfs_144319796_n1000.txt,1000,22048,lista,componentes_fortes,0.170,361.1,10
2026-10-02T11:53:23Z,data/samples/bfs_144319796_n1000.txt,1000,16105,lista,componentes_fracos,0.211,480.2,10
2026-10-02T11:53:23Z,data/samples/bfs_144319796_n1000.txt,1000,22048,lista,componentes_fortes,0.167,361.1,11
2026-10-02T11:53:23Z,data/samples/bfs_144319796_n1000.txt,1000,16105,lista,componentes_fracos,0.213,480.2,11
2026-10-02T11:53:23Z,data/samples/bfs_144319796_n1000.txt,1000,22048,lista,ciclos,0.163,329.8,1
2026-10-02T11:53:23Z,data/samples/bfs_144319796_n1000.txt,1000,22048,lista,ciclos,0.163,329.8,2
2026-10-02T11:53:23Z,data/samples/bfs_144319796_n1000.txt,1000,22048,lista,ciclos,0.164,329.8,3
2026-10-02T11:53:23Z,data/samples/bfs_144319796_n1000.txt,1000,22048,lista,ciclos,0.168,329.8,4
2026-10-02T11:53:23Z,data/samples/bfs_144319796_n1000.txt,1000,22048,lista,ciclos,0.165,329.8,5
2026-10-02T11:53:23Z,data/samples/bfs_144319796_n1000.txt,1000,22048,lista,ciclos,0.157,329.8,6
2026-10-02T11:53:23Z,data/samples/bfs_144319796_n1000.txt,1000,22048,lista,ciclos,0.156,329.8,7
2026-10-02T11:53:24Z,data/samples/bfs_144319796_n1000.txt,1000,22048,lista,ciclos,0.159,329.8,8
2026-10-02T11:53:24Z,data/samples/bfs_144319796_n1000.txt,1000,22048,lista,ciclos,0.185,329.8,9
2026-10-02T11:53:24Z,data/samples/bfs_144319796_n1000.txt,1000,22048,lista,ciclos,0.159,329.8,10
2026-10-02T11:53:24Z,data/samples/bfs_144319796_n1000.txt,1000,22048,lista,ciclos,0.177,329.8,11
2026-10-02T11:53:24Z,data/samples/bfs_144319796_n1000.txt,1000,16105,lista,bipartido,0.310,434.3,1
2026-10-02T11:53:24Z,data/samples/bfs_144319796_n1000.txt,1000,16105,lista,bipartido,0.207,434.3,2
2026-10-02T11:53:24Z,data/samples/bfs_144319796_n1000.txt,1000,16105,lista,bipartido,0.373,434.3,3
2026-10-02T11:53:24Z,data/samples/bfs_144319796_n1000.txt,1000,16105,lista,bipartido,0.208,434.3,4
2026-10-02T11:53:24Z,data/samples/bfs_144319796_n1000.txt,1000,16105,lista,bipartido,0.203,434.3,5
2026-10-02T11:53:24Z,data/samples/bfs_144319796_n1000.txt,1000,16105,lista,bipartido,0.199,434.3,6
2026-10-02T11:53:24Z,data/samples/bfs_144319796_n1000.txt,1000,16105,lista,bipartido,0.206,434.3,7
2026-10-02T11:53:24Z,data/samples/bfs_144319796_n1000.txt,1000,16105,lista,bipartido,0.203,434.3,8
2026-10-02T11:53:24Z,data/samples/bfs_144319796_n1000.txt,1000,16105,lista,bipartido,0.218,434.3,9
2026-10-02T11:53:24Z,data/samples/bfs_144319796_n1000.txt,1000,16105,lista,bipartido,0.205,434.3,10
2026-10-02T11:53:24Z,data/samples/bfs_144319796_n1000.txt,1000,16105,lista,bipartido,0.204,434.3,11
2026-10-02T11:53:24Z,data/samples/bfs_144319796_n1000.txt,1000,16105,lista,articulacao,0.242,534.9,1
2026-10-02T11:53:24Z,data/samples/bfs_144319796_n1000.txt,1000,16105,lista,articulacao,0.242,534.9,2
2026-10-02T11:53:24Z,data/samples/bfs_144319796_n1000.txt,1000,16105,lista,articulacao,0.241,534.9,3
2026-10-02T11:53:24Z,data/samples/bfs_144319796_n1000.txt,1000,16105,lista,articulacao,0.251,534.9,4
2026-10-02T11:53:24Z,data/samples/bfs_144319796_n1000.txt,1000,16105,lista,articulacao,0.246,534.9,5
2026-10-02T11:53:24Z,data/samples/bfs_144319796_n1000.txt,1000,16105,lista,articulacao,0.247,534.9,6
2026-10-02T11:53:24Z,data/samples/bfs_144319796_n1000.txt,1000,16105,lista,articulacao,0.242,534.9,7
2026-10-02T11:53:24Z,data/samples/bfs_144319796_n1000.txt,1000,16105,lista,articulacao,0.245,534.9,8
2026-10-02T11:53:24Z,data/samples/bfs_144319796_n1000.txt,1000,16105,lista,articulacao,0.257,534.9,9
2026-10-02T11:53:24Z,data/samples/bfs_144319796_n1000.txt,1000,16105,lista,articulacao,0.242,534.9,10
2026-10-02T11:53:24Z,data/samples/bfs_144319796_n1000.txt,1000,16105,lista,articulacao,0.243,534.9,11
2026-10-02T11:53:24Z,data/samples/bfs_144319796_n1000.txt,1000,22048,matriz,bfs,0.214,181.3,1
2026-10-02T11:53:24Z,data/samples/bfs_144319796_n1000.txt,1000,22048,matriz,bfs,0.215,181.3,2
2026-10-02T11:53:24Z,data/samples/bfs_144319796_n1000.txt,1000,22048,matriz,bfs,0.214,181.3,3
2026-10-02T11:53:24Z,data/samples/bfs_144319796_n1000.txt,1000,22048,matriz,bfs,0.218,181.3,4
2026-10-02T11:53:24Z,data/samples/bfs_144319796_n1000.txt,1000,22048,matriz,bfs,0.224,181.3,5
2026-10-02T11:53:24Z,data/samples/bfs_144319796_n1000.txt,1000,22048,matriz,bfs,0.233,181.3,6
2026-10-02T11:53:24Z,data/samples/bfs_144319796_n1000.txt,1000,22048,matriz,bfs,0.214,181.3,7
2026-10-02T11:53:24Z,data/samples/bfs_144319796_n1000.txt,1000,22048,matriz,bfs,0.217,181.3,8
2026-10-02T11:53:24Z,data/samples/bfs_144319796_n1000.txt,1000,22048,matriz,bfs,0.214,181.3,9
2026-10-02T11:53:24Z,data/samples/bfs_144319796_n1000.txt,1000,22048,matriz,bfs,0.213,181.3,10
2026-10-02T11:53:24Z,data/samples/bfs_144319796_n1000.txt,1000,22048,matriz,bfs,0.214,181.3,11
2026-10-02T11:53:24Z,data/samples/bfs_144319796_n1000.txt,1000,22048,matriz,dfs,0.237,203.8,1
2026-10-02T11:53:24Z,data/samples/bfs_144319796_n1000.txt,1000,22048,matriz,dfs,0.237,203.8,2
2026-10-02T11:53:24Z,data/samples/bfs_144319796_n1000.txt,1000,22048,matriz,dfs,0.239,203.8,3
2026-10-02T11:53:24Z,data/samples/bfs_144319796_n1000.txt,1000,22048,matriz,dfs,0.238,203.8,4
2026-10-02T11:53:24Z,data/samples/bfs_144319796_n1000.txt,1000,22048,matriz,dfs,0.237,203.8,5
2026-10-02T11:53:24Z,data/samples/bfs_144319796_n1000.txt,1000,22048,matriz,dfs,0.239,203.8,6
2026-10-02T11:53:24Z,data/samples/bfs_144319796_n1000.txt,1000,22048,matriz,dfs,0.237,203.8,7
2026-10-02T11:53:24Z,data/samples/bfs_144319796_n1000.txt,1000,22048,matriz,dfs,0.230,203.8,8
2026-10-02T11:53:24Z,data/samples/bfs_144319796_n1000.txt,1000,22048,matriz,dfs,0.256,203.8,9
2026-10-02T11:53:24Z,data/samples/bfs_144319796_n1000.txt,1000,22048,matriz,dfs,0.245,203.8,10
2026-10-02T11:53:24Z,data/samples/bfs_144319796_n1000.txt,1000,22048,matriz,dfs,0.229,203.8,11
2026-10-02T11:53:24Z,data/samples/bfs_144319796_n1000.txt,1000,22048,matriz,componentes_fortes,0.256,228.2,1
2026-10-02T11:53:24Z,data/samples/bfs_144319796_n1000.txt,1000,16105,matriz,componentes_fracos,0.309,228.2,1
2026-10-02T11:53:24Z,data/samples/bfs_144319796_n1000.txt,1000,22048,matriz,componentes_fortes,0.257,228.2,2
2026-10-02T11:53:24Z,data/samples/bfs_144319796_n1000.txt,1000,16105,matriz,componentes_fracos,0.357,228.2,2
2026-10-02T11:53:24Z,data/samples/bfs_144319796_n1000.txt,1000,22048,matriz,componentes_fortes,0.276,228.2,3
2026-10-02T11:53:24Z,data/samples/bfs_144319796_n1000.txt,1000,16105,matriz,componentes_fracos,0.308,228.2,3
2026-10-02T11:53:24Z,data/samples/bfs_144319796_n1000.txt,1000,22048,matriz,componentes_fortes,0.255,228.2,4
2026-10-02T11:53:24Z,data/samples/bfs_144319796_n1000.txt,1000,16105,matriz,componentes_fracos,0.350,228.2,4
2026-10-02T11:53:24Z,data/samples/bfs_144319796_n1000.txt,1000,22048,matriz,componentes_fortes,0.297,228.2,5
2026-10-02T11:53:24Z,data/samples/bfs_144319796_n1000.txt,1000,16105,matriz,componentes_fracos,0.324,228.2,5
2026-10-02T11:53:24Z,data/samples/bfs_144319796_n1000.txt,1000,22048,matriz,componentes_fortes,0.257,228.2,6
2026-10-02T11:53:24Z,data/samples/bfs_144319796_n1000.txt,1000,16105,matriz,componentes_fracos,0.308,228.2,6
2026-10-02T11:53:24Z,data/samples/bfs_144319796_n1000.txt,1000,22048,matriz,componentes_fortes,0.259,228.2,7
2026-10-02T11:53:24Z,data/samples/bfs_144319796_n1000.txt,1000,16105,matriz,componentes_fracos,0.324,228.2,7
2026-10-02T11:53:24Z,data/samples/bfs_144319796_n1000.txt,1000,22048,matriz,componentes_fortes,0.268,228.2,8
2026-10-02T11:53:24Z,data/samples/bfs_144319796_n1000.txt,1000,16105,matriz,componentes_fracos,0.325,228.2,8
2026-10-02T11:53:24Z,data/samples/bfs_144319796_n1000.txt,1000,22048,matriz,componentes_fortes,0.276,228.2,9
2026-10-02T11:53:24Z,data/samples/bfs_144319796_n1000.txt,1000,16105,matriz,componentes_fracos,0.324,228.2,9
2026-10-02T11:53:24Z,data/samples/bfs_144319796_n1000.txt,1000,22048,matriz,componentes_fortes,0.268,228.2,10
2026-10-02T11:53:24Z,data/samples/bfs_144319796_n1000.txt,1000,16105,matriz,componentes_fracos,0.319,228.2,10
2026-10-02T11:53:24Z,data/samples/bfs_144319796_n1000.txt,1000,22048,matriz,componentes_fortes,0.266,228.2,11
2026-10-02T11:53:24Z,data/samples/bfs_144319796_n1000.txt,1000,16105,matriz,componentes_fracos,0.326,228.2,11
2026-10-02T11:53:24Z,data/samples/bfs_144319796_n1000.txt,1000,22048,matriz,ciclos,0.265,196.9,1
2026-10-02T11:53:24Z,data/samples/bfs_144319796_n1000.txt,1000,22048,matriz,ciclos,0.268,196.9,2
2026-10-02T11:53:24Z,data/samples/bfs_144319796_n1000.txt,1000,22048,matriz,ciclos,0.265,196.9,3
2026-10-02T11:53:24Z,data/samples/bfs_144319796_n1000.txt,1000,22048,matriz,ciclos,0.269,196.9,4
2026-10-02T11:53:24Z,data/samples/bfs_144319796_n1000.txt,1000,22048,matriz,ciclos,0.276,196.9,5
2026-10-02T11:53:24Z,data/samples/bfs_144319796_n1000.txt,1000,22048,matriz,ciclos,0.283,196.9,6
2026-10-02T11:53:24Z,data/samples/bfs_144319796_n1000.txt,1000,22048,matriz,ciclos,0.275,196.9,7
2026-10-02T11:53:24Z,data/samples/bfs_144319796_n1000.txt,1000,22048,matriz,ciclos,0.268,196.9,8
2026-10-02T11:53:24Z,data/samples/bfs_144319796_n1000.txt,1000,22048,matriz,ciclos,0.265,196.9,9
2026-10-02T11:53:24Z,data/samples/bfs_144319796_n1000.txt,1000,22048,matriz,ciclos,0.265,196.9,10
2026-10-02T11:53:24Z,data/samples/bfs_144319796_n1000.txt,1000,22048,matriz,ciclos,0.266,196.9,11
2026-10-02T11:53:24Z,data/samples/bfs_144319796_n1000.txt,1000,16105,matriz,bipartido,0.320,182.3,1
2026-10-02T11:53:24Z,data/samples/bfs_144319796_n1000.txt,1000,16105,matriz,bipartido,0.321,182.3,2
2026-10-02T11:53:24Z,data/samples/bfs_144319796_n1000.txt,1000,16105,matriz,bipartido,0.319,182.3,3
2026-10-02T11:53:24Z,data/samples/bfs_144319796_n1000.txt,1000,16105,matriz,bipartido,0.328,182.3,4
2026-10-02T11:53:24Z,data/samples/bfs_144319796_n1000.txt,1000,16105,matriz,bipartido,0.340,182.3,5
2026-10-02T11:53:24Z,data/samples/bfs_144319796_n1000.txt,1000,16105,matriz,bipartido,0.328,182.3,6
2026-10-02T11:53:24Z,data/samples/bfs_144319796_n1000.txt,1000,16105,matriz,bipartido,0.321,182.3,7
2026-10-02T11:53:24Z,data/samples/bfs_144319796_n1000.txt,1000,16105,matriz,bipartido,0.321,182.3,8
2026-10-02T11:53:24Z,data/samples/bfs_144319796_n1000.txt,1000,16105,matriz,bipartido,0.320,182.3,9
2026-10-02T11:53:24Z,data/samples/bfs_144319796_n1000.txt,1000,16105,matriz,bipartido,0.320,182.3,10
2026-10-02T11:53:24Z,data/samples/bfs_144319796_n1000.txt,1000,16105,matriz,bipartido,0.324,182.3,11
2026-10-02T11:53:24Z,data/samples/bfs_144319796_n1000.txt,1000,16105,matriz,articulacao,0.362,282.9,1
2026-10-02T11:53:24Z,data/samples/bfs_144319796_n1000.txt,1000,16105,matriz,articulacao,0.369,282.9,2
2026-10-02T11:53:24Z,data/samples/bfs_144319796_n1000.txt,1000,16105,matriz,articulacao,0.364,282.9,3
2026-10-02T11:53:24Z,data/samples/bfs_144319796_n1000.txt,1000,16105,matriz,articulacao,0.362,282.9,4
2026-10-02T11:53:24Z,data/samples/bfs_144319796_n1000.txt,1000,16105,matriz,articulacao,0.362,282.9,5
2026-10-02T11:53:24Z,data/samples/bfs_144319796_n1000.txt,1000,16105,matriz,articulacao,0.380,282.9,6
2026-10-02T11:53:24Z,data/samples/bfs_144319796_n1000.txt,1000,16105,matriz,articulacao,0.370,282.9,7
2026-10-02T11:53:24Z,data/samples/bfs_144319796_n1000.txt,1000,16105,matriz,articulacao,0.357,282.9,8
2026-10-02T11:53:24Z,data/samples/bfs_144319796_n1000.txt,1000,16105,matriz,articulacao,0.360,282.9,9
2026-10-02T11:53:24Z,data/samples/bfs_144319796_n1000.txt,1000,16105,matriz,articulacao,0.358,282.9,10
2026-10-02T11:53:24Z,data/samples/bfs_144319796_n1000.txt,1000,16105,matriz,articulacao,0.358,282.9,11
2026-10-02T11:53:24Z,data/samples/bfs_144319796_n100.txt,100,2104,lista,bfs,0.011,31.0,1
2026-10-02T11:53:24Z,data/samples/bfs_144319796_n100.txt,100,2104,lista,bfs,0.011,31.0,2
2026-10-02T11:53:24Z,data/samples/bfs_144319796_n100.txt,100,2104,lista,bfs,0.011,31.0,3
2026-10-02T11:53:24Z,data/samples/bfs_144319796_n100.txt,100,2104,lista,bfs,0.011,31.0,4
2026-10-02T11:53:24Z,data/samples/bfs_144319796_n100.txt,100,2104,lista,bfs,0.011,31.0,5
2026-10-02T11:53:24Z,data/samples/bfs_144319796_n100.txt,100,2104,lista,bfs,0.016,31.0,6
2026-10-02T11:53:24Z,data/samples/bfs_144319796_n100.txt,100,2104,lista,bfs,0.011,31.0,7
2026-10-02T11:53:24Z,data/samples/bfs_144319796_n100.txt,100,2104,lista,bfs,0.011,31.0,8
2026-10-02T11:53:24Z,data/samples/bfs_144319796_n100.txt,100,2104,lista,bfs,0.011,31.0,9
2026-10-02T11:53:24Z,data/samples/bfs_144319796_n100.txt,100,2104,lista,bfs,0.011,31.0,10
2026-10-02T11:53:24Z,data/samples/bfs_144319796_n100.txt,100,2104,lista,bfs,0.011,31.0,11
2026-10-02T11:53:24Z,data/samples/bfs_144319796_n100.txt,100,2104,lista,dfs,0.014,33.3,1
2026-10-02T11:53:24Z,data/samples/bfs_144319796_n100.txt,100,2104,lista,dfs,0.021,33.3,2
2026-10-02T11:53:24Z,data/samples/bfs_144319796_n100.txt,100,2104,lista,dfs,0.014,33.3,3
2026-10-02T11:53:24Z,data/samples/bfs_144319796_n100.txt,100,2104,lista,dfs,0.014,33.3,4
2026-10-02T11:53:24Z,data/samples/bfs_144319796_n100.txt,100,2104,lista,dfs,0.014,33.3,5
2026-10-02T11:53:24Z,data/samples/bfs_144319796_n100.txt,100,2104,lista,dfs,0.014,33.3,6
2026-10-02T11:53:24Z,data/samples/bfs_144319796_n100.txt,100,2104,lista,dfs,0.014,33.3,7
2026-10-02T11:53:24Z,data/samples/bfs_144319796_n100.txt,100,2104,lista,dfs,0.014,33.3,8
2026-10-02T11:53:24Z,data/samples/bfs_144319796_n100.txt,100,2104,lista,dfs,0.016,33.3,9
2026-10-02T11:53:24Z,data/samples/bfs_144319796_n100.txt,100,2104,lista,dfs,0.013,33.3,10
2026-10-02T11:53:24Z,data/samples/bfs_144319796_n100.txt,100,2104,lista,dfs,0.013,33.3,11
2026-10-02T11:53:24Z,data/samples/bfs_144319796_n100.txt,100,2104,lista,componentes_fortes,0.022,35.7,1
2026-10-02T11:53:24Z,data/samples/bfs_144319796_n100.txt,100,1236,lista,componentes_fracos,0.016,40.3,1
2026-10-02T11:53:24Z,data/samples/bfs_144319796_n100.txt,100,2104,lista,componentes_fortes,0.019,35.7,2
2026-10-02T11:53:24Z,data/samples/bfs_144319796_n100.txt,100,1236,lista,componentes_fracos,0.016,40.3,2
2026-10-02T11:53:24Z,data/samples/bfs_144319796_n100.txt,100,2104,lista,componentes_fortes,0.020,35.7,3
2026-10-02T11:53:24Z,data/samples/bfs_144319796_n100.txt,100,1236,lista,componentes_fracos,0.016,40.3,3
2026-10-02T11:53:24Z,data/samples/bfs_144319796_n100.txt,100,2104,lista,componentes_fortes,0.019,35.7,4
2026-10-02T11:53:24Z,data/samples/bfs_144319796_n100.txt,100,1236,lista,componentes_fracos,0.016,40.3,4
2026-10-02T11:53:24Z,data/samples/bfs_144319796_n100.txt,100,2104,lista,componentes_fortes,0.019,35.7,5
2026-10-02T11:53:24Z,data/samples/bfs_144319796_n100.txt,100,1236,lista,componentes_fracos,0.016,40.3,5
2026-10-02T11:53:24Z,data/samples/bfs_144319796_n100.txt,100,2104,lista,componentes_fortes,0.019,35.7,6
2026-10-02T11:53:24Z,data/samples/bfs_144319796_n100.txt,100,1236,lista,componentes_fracos,0.016,40.3,6
2026-10-02T11:53:24Z,data/samples/bfs_144319796_n100.txt,100,2104,lista,componentes_fortes,0.019,35.7,7
2026-10-02T11:53:24Z,data/samples/bfs_144319796_n100.txt,100,1236,lista,componentes_fracos,0.016,40.3,7
2026-10-02T11:53:24Z,data/samples/bfs_144319796_n100.txt,100,2104,lista,componentes_fortes,0.019,35.7,8
2026-10-02T11:53:24Z,data/samples/bfs_144319796_n100.txt,100,1236,lista,componentes_fracos,0.020,40.3,8
2026-10-02T11:53:24Z,data/samples/bfs_144319796_n100.txt,100,2104,lista,componentes_fortes,0.021,35.7,9
2026-10-02T11:53:24Z,data/samples/bfs_144319796_n100.txt,100,1236,lista,componentes_fracos,0.016,40.3,9
2026-10-02T11:53:24Z,data/samples/bfs_144319796_n100.txt,100,2104,lista,componentes_fortes,0.018,35.7,10
2026-10-02T11:53:24Z,data/samples/bfs_144319796_n100.txt,100,1236,lista,componentes_fracos,0.016,40.3,10
2026-10-02T11:53:24Z,data/samples/bfs_144319796_n100.txt,100,2104,lista,componentes_fortes,0.018,35.7,11
2026-10-02T11:53:24Z,data/samples/bfs_144319796_n100.txt,100,1236,lista,componentes_fracos,0.016,40.3,11
2026-10-02T11:53:24Z,data/samples/bfs_144319796_n100.txt,100,2104,lista,ciclos,0.016,32.6,1
2026-10-02T11:53:24Z,data/samples/bfs_144319796_n100.txt,100,2104,lista,ciclos,0.018,32.6,2
2026-10-02T11:53:24Z,data/samples/bfs_144319796_n100.txt,100,2104,lista,ciclos,0.016,32.6,3
2026-10-02T11:53:24Z,data/samples/bfs_144319796_n100.txt,100,2104,lista,ciclos,0.016,32.6,4
2026-10-02T11:53:24Z,data/samples/bfs_144319796_n100.txt,100,2104,lista,ciclos,0.016,32.6,5
2026-10-02T11:53:24Z,data/samples/bfs_144319796_n100.txt,100,2104,lista,ciclos,0.016,32.6,6
2026-10-02T11:53:24Z,data/samples/bfs_144319796_n100.txt,100,2104,lista,ciclos,0.016,32.6,7
2026-10-02T11:53:24Z,data/samples/bfs_144319796_n100.txt,100,2104,lista,ciclos,0.016,32.6,8
2026-10-02T11:53:24Z,data/samples/bfs_144319796_n100.txt,100,2104,lista,ciclos,0.016,32.6,9
2026-10-02T11:53:24Z,data/samples/bfs_144319796_n100.txt,100,2104,lista,ciclos,0.016,32.6,10
2026-10-02T11:53:24Z,data/samples/bfs_144319796_n100.txt,100,2104,lista,ciclos,0.016,32.6,11
2026-10-02T11:53:24Z,data/samples/bfs_144319796_n100.txt,100,1236,lista,bipartido,0.016,35.7,1
2026-10-02T11:53:24Z,data/samples/bfs_144319796_n100.txt,100,1236,lista,bipartido,0.016,35.7,2
2026-10-02T11:53:24Z,data/samples/bfs_144319796_n100.txt,100,1236,lista,bipartido,0.022,35.7,3
2026-10-02T11:53:24Z,data/samples/bfs_144319796_n100.txt,100,1236,lista,bipartido,0.017,35.7,4
2026-10-02T11:53:24Z,data/samples/bfs_144319796_n100.txt,100,1236,lista,bipartido,0.048,35.7,5
2026-10-02T11:53:24Z,data/samples/bfs_144319796_n100.txt,100,1236,lista,bipartido,0.016,35.7,6
2026-10-02T11:53:24Z,data/samples/bfs_144319796_n100.txt,100,1236,lista,bipartido,0.016,35.7,7
2026-10-02T11:53:24Z,data/samples/bfs_144319796_n100.txt,100,1236,lista,bipartido,0.016,35.7,8
2026-10-02T11:53:24Z,data/samples/bfs_144319796_n100.txt,100,1236,lista,bipartido,0.016,35.7,9
2026-10-02T11:53:24Z,data/samples/bfs_144319796_n100.txt,100,1236,lista,bipartido,0.018,35.7,10
2026-10-02T11:53:24Z,data/samples/bfs_144319796_n100.txt,100,1236,lista,bipartido,0.016,35.7,11
2026-10-02T11:53:24Z,data/samples/bfs_144319796_n100.txt,100,1236,lista,articulacao,0.024,45.8,1
2026-10-02T11:53:24Z,data/samples/bfs_144319796_n100.txt,100,1236,lista,articulacao,0.024,45.8,2
2026-10-02T11:53:24Z,data/samples/bfs_144319796_n100.txt,100,1236,lista,articulacao,0.024,45.8,3
2026-10-02T11:53:24Z,data/samples/bfs_144319796_n100.txt,100,1236,lista,articulacao,0.024,45.8,4
2026-10-02T11:53:24Z,data/samples/bfs_144319796_n100.txt,100,1236,lista,articulacao,0.024,45.8,5
2026-10-02T11:53:24Z,data/samples/bfs_144319796_n100.txt,100,1236,lista,articulacao,0.025,45.8,6
2026-10-02T11:53:24Z,data/samples/bfs_144319796_n100.txt,100,1236,lista,articulacao,0.027,45.8,7
2026-10-02T11:53:24Z,data/samples/bfs_144319796_n100.txt,100,1236,lista,articulacao,0.024,45.8,8
2026-10-02T11:53:24Z,data/samples/bfs_144319796_n100.txt,100,1236,lista,articulacao,0.024,45.8,9
2026-10-02T11:53:24Z,data/samples/bfs_144319796_n100.txt,100,1236,lista,articulacao,0.027,45.8,10
2026-10-02T11:53:24Z,data/samples/bfs_144319796_n100.txt,100,1236,lista,articulacao,0.024,45.8,11
2026-10-02T11:53:24Z,data/samples/bfs_144319796_n100.txt,100,2104,matriz,bfs,0.014,7.8,1
2026-10-02T11:53:24Z,data/samples/bfs_144319796_n100.txt,100,2104,matriz,bfs,0.014,7.8,2
2026-10-02T11:53:24Z,data/samples/bfs_144319796_n100.txt,100,2104,matriz,bfs,0.021,7.8,3
2026-10-02T11:53:24Z,data/samples/bfs_144319796_n100.txt,100,2104,matriz,bfs,0.014,7.8,4
2026-10-02T11:53:24Z,data/samples/bfs_144319796_n100.txt,100,2104,matriz,bfs,0.014,7.8,5
2026-10-02T11:53:24Z,data/samples/bfs_144319796_n100.txt,100,2104,matriz,bfs,0.014,7.8,6
2026-10-02T11:53:24Z,data/samples/bfs_144319796_n100.txt,100,2104,matriz,bfs,0.069,7.8,7
2026-10-02T11:53:24Z,data/samples/bfs_144319796_n100.txt,100,2104,matriz,bfs,0.015,7.8,8
2026-10-02T11:53:24Z,data/samples/bfs_144319796_n100.txt,100,2104,matriz,bfs,0.015,7.8,9
2026-10-02T11:53:24Z,data/samples/bfs_144319796_n100.txt,100,2104,matriz,bfs,0.015,7.8,10
2026-10-02T11:53:24Z,data/samples/bfs_144319796_n100.txt,100,2104,matriz,bfs,0.015,7.8,11
2026-10-02T11:53:24Z,data/samples/bfs_144319796_n100.txt,100,2104,matriz,dfs,0.015,10.1,1
2026-10-02T11:53:24Z,data/samples/bfs_144319796_n100.txt,100,2104,matriz,dfs,0.015,10.1,2
2026-10-02T11:53:24Z,data/samples/bfs_144319796_n100.txt,100,2104,matriz,dfs,0.015,10.1,3
2026-10-02T11:53:24Z,data/samples/bfs_144319796_n100.txt,100,2104,matriz,dfs,0.066,10.1,4
2026-10-02T11:53:24Z,data/samples/bfs_144319796_n100.txt,100,2104,matriz,dfs,0.015,10.1,5
2026-10-02T11:53:24Z,data/samples/bfs_144319796_n100.txt,100,2104,matriz,dfs,0.015,10.1,6
2026-10-02T11:53:24Z,data/samples/bfs_144319796_n100.txt,100,2104,matriz,dfs,0.015,10.1,7
2026-10-02T11:53:24Z,data/samples/bfs_144319796_n100.txt,100,2104,matriz,dfs,0.015,10.1,8
2026-10-02T11:53:24Z,data/samples/bfs_144319796_n100.txt,100,2104,matriz,dfs,0.015,10.1,9
2026-10-02T11:53:24Z,data/samples/bfs_144319796_n100.txt,100,2104,matriz,dfs,0.015,10.1,10
2026-10-02T11:53:24Z,data/samples/bfs_144319796_n100.txt,100,2104,matriz,dfs,0.015,10.1,11
2026-10-02T11:53:24Z,data/samples/bfs_144319796_n100.txt,100,2104,matriz,componentes_fortes,0.019,12.5,1
2026-10-02T11:53:24Z,data/samples/bfs_144319796_n100.txt,100,1236,matriz,componentes_fracos,0.018,12.5,1
2026-10-02T11:53:24Z,data/samples/bfs_144319796_n100.txt,100,2104,matriz,componentes_fortes,0.019,12.5,2
2026-10-02T11:53:24Z,data/samples/bfs_144319796_n100.txt,100,1236,matriz,componentes_fracos,0.018,12.5,2
2026-10-02T11:53:24Z,data/samples/bfs_144319796_n100.txt,100,2104,matriz,componentes_fortes,0.019,12.5,3
2026-10-02T11:53:24Z,data/samples/bfs_144319796_n100.txt,100,1236,matriz,componentes_fracos,0.018,12.5,3
2026-10-02T11:53:24Z,data/samples/bfs_144319796_n100.txt,100,2104,matriz,componentes_fortes,0.019,12.5,4
2026-10-02T11:53:24Z,data/samples/bfs_144319796_n100.txt,100,1236,matriz,componentes_fracos,0.018,12.5,4
2026-10-02T11:53:24Z,data/samples/bfs_144319796_n100.txt,100,2104,matriz,componentes_fortes,0.019,12.5,5
2026-10-02T11:53:24Z,data/samples/bfs_144319796_n100.txt,100,1236,matriz,componentes_fracos,0.024,12.5,5
2026-10-02T11:53:24Z,data/samples/bfs_144319796_n100.txt,100,2104,matriz,componentes_fortes,0.019,12.5,6
2026-10-02T11:53:24Z,data/samples/bfs_144319796_n100.txt,100,1236,matriz,componentes_fracos,0.024,12.5,6
2026-10-02T11:53:24Z,data/samples/bfs_144319796_n100.txt,100,2104,matriz,componentes_fortes,0.019,12.5,7
2026-10-02T11:53:24Z,data/samples/bfs_144319796_n100.txt,100,1236,matriz,componentes_fracos,0.018,12.5,7
2026-10-02T11:53:24Z,data/samples/bfs_144319796_n100.txt,100,2104,matriz,componentes_fortes,0.019,12.5,8
2026-10-02T11:53:24Z,data/samples/bfs_144319796_n100.txt,100,1236,matriz,componentes_fracos,0.018,12.5,8
2026-10-02T11:53:24Z,data/samples/bfs_144319796_n100.txt,100,2104,matriz,componentes_fortes,0.019,12.5,9
2026-10-02T11:53:24Z,data/samples/bfs_144319796_n100.txt,100,1236,matriz,componentes_fracos,0.018,12.5,9
2026-10-02T11:53:24Z,data/samples/bfs_144319796_n100.txt,100,2104,matriz,componentes_fortes,0.019,12.5,10
2026-10-02T11:53:24Z,data/samples/bfs_144319796_n100.txt,100,1236,matriz,componentes_fracos,0.018,12.5,10
2026-10-02T11:53:24Z,data/samples/bfs_144319796_n100.txt,100,2104,matriz,componentes_fortes,0.019,12.5,11
2026-10-02T11:53:24Z,data/samples/bfs_144319796_n100.txt,100,1236,matriz,componentes_fracos,0.018,12.5,11
2026-10-02T11:53:24Z,data/samples/bfs_144319796_n100.txt,100,2104,matriz,ciclos,0.018,9.4,1
2026-10-02T11:53:24Z,data/samples/bfs_144319796_n100.txt,100,2104,matriz,ciclos,0.018,9.4,2
2026-10-02T11:53:24Z,data/samples/bfs_144319796_n100.txt,100,2104,matriz,ciclos,0.018,9.4,3
2026-10-02T11:53:24Z,data/samples/bfs_144319796_n100.txt,100,2104,matriz,ciclos,0.018,9.4,4
2026-10-02T11:53:24Z,data/samples/bfs_144319796_n100.txt,100,2104,matriz,ciclos,0.018,9.4,5
2026-10-02T11:53:24Z,data/samples/bfs_144319796_n100.txt,100,2104,matriz,ciclos,0.018,9.4,6
2026-10-02T11:53:24Z,data/samples/bfs_144319796_n100.txt,100,2104,matriz,ciclos,0.020,9.4,7
2026-10-02T11:53:24Z,data/samples/bfs_144319796_n100.txt,100,2104,matriz,ciclos,0.018,9.4,8
2026-10-02T11:53:24Z,data/samples/bfs_144319796_n100.txt,100,2104,matriz,ciclos,0.018,9.4,9
2026-10-02T11:53:24Z,data/samples/bfs_144319796_n100.txt,100,2104,matriz,ciclos,0.018,9.4,10
2026-10-02T11:53:24Z,data/samples/bfs_144319796_n100.txt,100,2104,matriz,ciclos,0.043,9.4,11
2026-10-02T11:53:24Z,data/samples/bfs_144319796_n100.txt,100,1236,matriz,bipartido,0.018,8.0,1
2026-10-02T11:53:24Z,data/samples/bfs_144319796_n100.txt,100,1236,matriz,bipartido,0.018,8.0,2
2026-10-02T11:53:24Z,data/samples/bfs_144319796_n100.txt,100,1236,matriz,bipartido,0.018,8.0,3
2026-10-02T11:53:24Z,data/samples/bfs_144319796_n100.txt,100,1236,matriz,bipartido,0.019,8.0,4
2026-10-02T11:53:24Z,data/samples/bfs_144319796_n100.txt,100,1236,matriz,bipartido,0.018,8.0,5
2026-10-02T11:53:24Z,data/samples/bfs_144319796_n100.txt,100,1236,matriz,bipartido,0.018,8.0,6
2026-10-02T11:53:24Z,data/samples/bfs_144319796_n100.txt,100,1236,matriz,bipartido,0.018,8.0,7
2026-10-02T11:53:24Z,data/samples/bfs_144319796_n100.txt,100,1236,matriz,bipartido,0.018,8.0,8
2026-10-02T11:53:24Z,data/samples/bfs_144319796_n100.txt,100,1236,matriz,bipartido,0.019,8.0,9
2026-10-02T11:53:24Z,data/samples/bfs_144319796_n100.txt,100,1236,matriz,bipartido,0.018,8.0,10
2026-10-02T11:53:24Z,data/samples/bfs_144319796_n100.txt,100,1236,matriz,bipartido,0.018,8.0,11
2026-10-02T11:53:24Z,data/samples/bfs_144319796_n100.txt,100,1236,matriz,articulacao,0.022,18.0,1
2026-10-02T11:53:24Z,data/samples/bfs_144319796_n100.txt,100,1236,matriz,articulacao,0.022,18.0,2
2026-10-02T11:53:24Z,data/samples/bfs_144319796_n100.txt,100,1236,matriz,articulacao,0.022,18.0,3
2026-10-02T11:53:24Z,data/samples/bfs_144319796_n100.txt,100,1236,matriz,articulacao,0.022,18.0,4
2026-10-02T11:53:24Z,data/samples/bfs_144319796_n100.txt,100,1236,matriz,articulacao,0.022,18.0,5
2026-10-02T11:53:24Z,data/samples/bfs_144319796_n100.txt,100,1236,matriz,articulacao,0.022,18.0,6
2026-10-02T11:53:24Z,data/samples/bfs_144319796_n100.txt,100,1236,matriz,articulacao,0.022,18.0,7
2026-10-02T11:53:24Z,data/samples/bfs_144319796_n100.txt,100,1236,matriz,articulacao,0.022,18.0,8
2026-10-02T11:53:24Z,data/samples/bfs_144319796_n100.txt,100,1236,matriz,articulacao,0.030,18.0,9
2026-10-02T11:53:24Z,data/samples/bfs_144319796_n100.txt,100,1236,matriz,articulacao,0.022,18.0,10
2026-10-02T11:53:24Z,data/samples/bfs_144319796_n100.txt,100,1236,matriz,articulacao,0.022,18.0,11
2026-10-02T11:53:24Z,data/samples/bfs_144319796_n250.txt,250,4057,lista,bfs,0.023,63.9,1
2026-10-02T11:53:24Z,data/samples/bfs_144319796_n250.txt,250,4057,lista,bfs,0.023,63.9,2
2026-10-02T11:53:24Z,data/samples/bfs_144319796_n250.txt,250,4057,lista,bfs,0.023,63.9,3
2026-10-02T11:53:24Z,data/samples/bfs_144319796_n250.txt,250,4057,lista,bfs,0.023,63.9,4
2026-10-02T11:53:24Z,data/samples/bfs_144319796_n250.txt,250,4057,lista,bfs,0.023,63.9,5
2026-10-02T11:53:24Z,data/samples/bfs_144319796_n250.txt,250,4057,lista,bfs,0.024,63.9,6
2026-10-02T11:53:24Z,data/samples/bfs_144319796_n250.txt,250,4057,lista,bfs,0.023,63.9,7
2026-10-02T11:53:24Z,data/samples/bfs_144319796_n250.txt,250,4057,lista,bfs,0.024,63.9,8
2026-10-02T11:53:24Z,data/samples/bfs_144319796_n250.txt,250,4057,lista,bfs,0.026,63.9,9
2026-10-02T11:53:24Z,data/samples/bfs_144319796_n250.txt,250,4057,lista,bfs,0.023,63.9,10
2026-10-02T11:53:24Z,data/samples/bfs_144319796_n250.txt,250,4057,lista,bfs,0.023,63.9,11
2026-10-02T11:53:24Z,data/samples/bfs_144319796_n250.txt,250,4057,lista,dfs,0.029,69.5,1
2026-10-02T11:53:24Z,data/samples/bfs_144319796_n250.txt,250,4057,lista,dfs,0.026,69.5,2
2026-10-02T11:53:24Z,data/samples/bfs_144319796_n250.txt,250,4057,lista,dfs,0.039,69.5,3
2026-10-02T11:53:24Z,data/samples/bfs_144319796_n250.txt,250,4057,lista,dfs,0.026,69.5,4
2026-10-02T11:53:24Z,data/samples/bfs_144319796_n250.txt,250,4057,lista,dfs,0.026,69.5,5
2026-10-02T11:53:24Z,data/samples/bfs_144319796_n250.txt,250,4057,lista,dfs,0.026,69.5,6
2026-10-02T11:53:24Z,data/samples/bfs_144319796_n250.txt,250,4057,lista,dfs,0.040,69.5,7
2026-10-02T11:53:24Z,data/samples/bfs_144319796_n250.txt,250,4057,lista,dfs,0.027,69.5,8
2026-10-02T11:53:24Z,data/samples/bfs_144319796_n250.txt,250,4057,lista,dfs,0.027,69.5,9
2026-10-02T11:53:24Z,data/samples/bfs_144319796_n250.txt,250,4057,lista,dfs,0.027,69.5,10
2026-10-02T11:53:24Z,data/samples/bfs_144319796_n250.txt,250,4057,lista,dfs,0.027,69.5,11
2026-10-02T11:53:24Z,data/samples/bfs_144319796_n250.txt,250,4057,lista,componentes_fortes,0.039,75.6,1
2026-10-02T11:53:24Z,data/samples/bfs_144319796_n250.txt,250,2598,lista,componentes_fracos,0.039,85.9,1
2026-10-02T11:53:24Z,data/samples/bfs_144319796_n250.txt,250,4057,lista,componentes_fortes,0.039,75.6,2
2026-10-02T11:53:24Z,data/samples/bfs_144319796_n250.txt,250,2598,lista,componentes_fracos,0.039,85.9,2
2026-10-02T11:53:24Z,data/samples/bfs_144319796_n250.txt,250,4057,lista,componentes_fortes,0.039,75.6,3
2026-10-02T11:53:24Z,data/samples/bfs_144319796_n250.txt,250,2598,lista,componentes_fracos,0.063,85.9,3
2026-10-02T11:53:24Z,data/samples/bfs_144319796_n250.txt,250,4057,lista,componentes_fortes,0.039,75.6,4
2026-10-02T11:53:24Z,data/samples/bfs_144319796_n250.txt,250,2598,lista,componentes_fracos,0.039,85.9,4
2026-10-02T11:53:24Z,data/samples/bfs_144319796_n250.txt,250,4057,lista,componentes_fortes,0.095,75.6,5
2026-10-02T11:53:24Z,data/samples/bfs_144319796_n250.txt,250,2598,lista,componentes_fracos,0.118,85.9,5
2026-10-02T11:53:24Z,data/samples/bfs_144319796_n250.txt,250,4057,lista,componentes_fortes,0.040,75.6,6
2026-10-02T11:53:24Z,data/samples/bfs_144319796_n250.txt,250,2598,lista,componentes_fracos,0.038,85.9,6
2026-10-02T11:53:24Z,data/samples/bfs_144319796_n250.txt,250,4057,lista,componentes_fortes,0.039,75.6,7
2026-10-02T11:53:24Z,data/samples/bfs_144319796_n250.txt,250,2598,lista,componentes_fracos,0.038,85.9,7
2026-10-02T11:53:24Z,data/samples/bfs_144319796_n250.txt,250,4057,lista,componentes_fortes,0.045,75.6,8
2026-10-02T11:53:24Z,data/samples/bfs_144319796_n250.txt,250,2598,lista,componentes_fracos,0.098,85.9,8
2026-10-02T11:53:24Z,data/samples/bfs_144319796_n250.txt,250,4057,lista,componentes_fortes,0.039,75.6,9
2026-10-02T11:53:24Z,data/samples/bfs_144319796_n250.txt,250,2598,lista,componentes_fracos,0.039,85.9,9
2026-10-02T11:53:24Z,data/samples/bfs_144319796_n250.txt,250,4057,lista,componentes_fortes,0.038,75.6,10
2026-10-02T11:53:24Z,data/samples/bfs_144319796_n250.txt,250,2598,lista,componentes_fracos,0.038,85.9,10
2026-10-02T11:53:24Z,data/samples/bfs_144319796_n250.txt,250,4057,lista,componentes_fortes,0.039,75.6,11
2026-10-02T11:53:24Z,data/samples/bfs_144319796_n250.txt,250,2598,lista,componentes_fracos,0.039,85.9,11
2026-10-02T11:53:24Z,data/samples/bfs_144319796_n250.txt,250,4057,lista,ciclos,0.034,67.8,1
2026-10-02T11:53:24Z,data/samples/bfs_144319796_n250.txt,250,4057,lista,ciclos,0.033,67.8,2
2026-10-02T11:53:24Z,data/samples/bfs_144319796_n250.txt,250,4057,lista,ciclos,0.039,67.8,3
2026-10-02T11:53:24Z,data/samples/bfs_144319796_n250.txt,250,4057,lista,ciclos,0.036,67.8,4
2026-10-02T11:53:24Z,data/samples/bfs_144319796_n250.txt,250,4057,lista,ciclos,0.033,67.8,5
2026-10-02T11:53:24Z,data/samples/bfs_144319796_n250.txt,250,4057,lista,ciclos,0.033,67.8,6
2026-10-02T11:53:24Z,data/samples/bfs_144319796_n250.txt,250,4057,lista,ciclos,0.034,67.8,7
2026-10-02T11:53:24Z,data/samples/bfs_144319796_n250.txt,250,4057,lista,ciclos,0.033,67.8,8
2026-10-02T11:53:24Z,data/samples/bfs_144319796_n250.txt,250,4057,lista,ciclos,0.033,67.8,9
2026-10-02T11:53:24Z,data/samples/bfs_144319796_n250.txt,250,4057,lista,ciclos,0.036,67.8,10
2026-10-02T11:53:24Z,data/samples/bfs_144319796_n250.txt,250,4057,lista,ciclos,0.033,67.8,11
2026-10-02T11:53:25Z,data/samples/bfs_144319796_n250.txt,250,2598,lista,bipartido,0.045,74.4,1
2026-10-02T11:53:25Z,data/samples/bfs_144319796_n250.txt,250,2598,lista,bipartido,0.045,74.4,2
2026-10-02T11:53:25Z,data/samples/bfs_144319796_n250.txt,250,2598,lista,bipartido,0.045,74.4,3
2026-10-02T11:53:25Z,data/samples/bfs_144319796_n250.txt,250,2598,lista,bipartido,0.046,74.4,4
2026-10-02T11:53:25Z,data/samples/bfs_144319796_n250.txt,250,2598,lista,bipartido,0.046,74.4,5
2026-10-02T11:53:25Z,data/samples/bfs_144319796_n250.txt,250,2598,lista,bipartido,0.045,74.4,6
2026-10-02T11:53:25Z,data/samples/bfs_144319796_n250.txt,250,2598,lista,bipartido,0.046,74.4,7
2026-10-02T11:53:25Z,data/samples/bfs_144319796_n250.txt,250,2598,lista,bipartido,0.048,74.4,8
2026-10-02T11:53:25Z,data/samples/bfs_144319796_n250.txt,250,2598,lista,bipartido,0.045,74.4,9
2026-10-02T11:53:25Z,data/samples/bfs_144319796_n250.txt,250,2598,lista,bipartido,0.045,74.4,10
2026-10-02T11:53:25Z,data/samples/bfs_144319796_n250.txt,250,2598,lista,bipartido,0.045,74.4,11
2026-10-02T11:53:25Z,data/samples/bfs_144319796_n250.txt,250,2598,lista,articulacao,0.052,99.6,1
2026-10-02T11:53:25Z,data/samples/bfs_144319796_n250.txt,250,2598,lista,articulacao,0.049,99.6,2
2026-10-02T11:53:25Z,data/samples/bfs_144319796_n250.txt,250,2598,lista,articulacao,0.050,99.6,3
2026-10-02T11:53:25Z,data/samples/bfs_144319796_n250.txt,250,2598,lista,articulacao,0.049,99.6,4
2026-10-02T11:53:25Z,data/samples/bfs_144319796_n250.txt,250,2598,lista,articulacao,0.050,99.6,5
2026-10-02T11:53:25Z,data/samples/bfs_144319796_n250.txt,250,2598,lista,articulacao,0.050,99.6,6
2026-10-02T11:53:25Z,data/samples/bfs_144319796_n250.txt,250,2598,lista,articulacao,0.049,99.6,7
2026-10-02T11:53:25Z,data/samples/bfs_144319796_n250.txt,250,2598,lista,articulacao,0.052,99.6,8
2026-10-02T11:53:25Z,data/samples/bfs_144319796_n250.txt,250,2598,lista,articulacao,0.049,99.6,9
2026-10-02T11:53:25Z,data/samples/bfs_144319796_n250.txt,250,2598,lista,articulacao,0.049,99.6,10
2026-10-02T11:53:25Z,data/samples/bfs_144319796_n250.txt,250,2598,lista,articulacao,0.047,99.6,11
2026-10-02T11:53:25Z,data/samples/bfs_144319796_n250.txt,250,4057,matriz,bfs,0.048,21.9,1
2026-10-02T11:53:25Z,data/samples/bfs_144319796_n250.txt,250,4057,matriz,bfs,0.036,21.9,2
2026-10-02T11:53:25Z,data/samples/bfs_144319796_n250.txt,250,4057,matriz,bfs,0.080,21.9,3
2026-10-02T11:53:25Z,data/samples/bfs_144319796_n250.txt,250,4057,matriz,bfs,0.044,21.9,4
2026-10-02T11:53:25Z,data/samples/bfs_144319796_n250.txt,250,4057,matriz,bfs,0.035,21.9,5
2026-10-02T11:53:25Z,data/samples/bfs_144319796_n250.txt,250,4057,matriz,bfs,0.035,21.9,6
2026-10-02T11:53:25Z,data/samples/bfs_144319796_n250.txt,250,4057,matriz,bfs,0.035,21.9,7
2026-10-02T11:53:25Z,data/samples/bfs_144319796_n250.txt,250,4057,matriz,bfs,0.035,21.9,8
2026-10-02T11:53:25Z,data/samples/bfs_144319796_n250.txt,250,4057,matriz,bfs,0.081,21.9,9
2026-10-02T11:53:25Z,data/samples/bfs_144319796_n250.txt,250,4057,matriz,bfs,0.035,21.9,10
2026-10-02T11:53:25Z,data/samples/bfs_144319796_n250.txt,250,4057,matriz,bfs,0.035,21.9,11
2026-10-02T11:53:25Z,data/samples/bfs_144319796_n250.txt,250,4057,matriz,dfs,0.036,27.5,1
2026-10-02T11:53:25Z,data/samples/bfs_144319796_n250.txt,250,4057,matriz,dfs,0.036,27.5,2
2026-10-02T11:53:25Z,data/samples/bfs_144319796_n250.txt,250,4057,matriz,dfs,0.036,27.5,3
2026-10-02T11:53:25Z,data/samples/bfs_144319796_n250.txt,250,4057,matriz,dfs,0.036,27.5,4
2026-10-02T11:53:25Z,data/samples/bfs_144319796_n250.txt,250,4057,matriz,dfs,0.036,27.5,5
2026-10-02T11:53:25Z,data/samples/bfs_144319796_n250.txt,250,4057,matriz,dfs,0.036,27.5,6
2026-10-02T11:53:25Z,data/samples/bfs_144319796_n250.txt,250,4057,matriz,dfs,0.034,27.5,7
2026-10-02T11:53:25Z,data/samples/bfs_144319796_n250.txt,250,4057,matriz,dfs,0.035,27.5,8
2026-10-02T11:53:25Z,data/samples/bfs_144319796_n250.txt,250,4057,matriz,dfs,0.034,27.5,9
2026-10-02T11:53:25Z,data/samples/bfs_144319796_n250.txt,250,4057,matriz,dfs,0.035,27.5,10
2026-10-02T11:53:25Z,data/samples/bfs_144319796_n250.txt,250,4057,matriz,dfs,0.035,27.5,11
2026-10-02T11:53:25Z,data/samples/bfs_144319796_n250.txt,250,4057,matriz,componentes_fortes,0.044,33.7,1
2026-10-02T11:53:25Z,data/samples/bfs_144319796_n250.txt,250,2598,matriz,componentes_fracos,0.063,33.7,1
2026-10-02T11:53:25Z,data/samples/bfs_144319796_n250.txt,250,4057,matriz,componentes_fortes,0.044,33.7,2
2026-10-02T11:53:25Z,data/samples/bfs_144319796_n250.txt,250,2598,matriz,componentes_fracos,0.049,33.7,2
2026-10-02T11:53:25Z,data/samples/bfs_144319796_n250.txt,250,4057,matriz,componentes_fortes,0.044,33.7,3
2026-10-02T11:53:25Z,data/samples/bfs_144319796_n250.txt,250,2598,matriz,componentes_fracos,0.051,33.7,3
2026-10-02T11:53:25Z,data/samples/bfs_144319796_n250.txt,250,4057,matriz,componentes_fortes,0.044,33.7,4
2026-10-02T11:53:25Z,data/samples/bfs_144319796_n250.txt,250,2598,matriz,componentes_fracos,0.062,33.7,4
2026-10-02T11:53:25Z,data/samples/bfs_144319796_n250.txt,250,4057,matriz,componentes_fortes,0.044,33.7,5
2026-10-02T11:53:25Z,data/samples/bfs_144319796_n250.txt,250,2598,matriz,componentes_fracos,0.051,33.7,5
2026-10-02T11:53:25Z,data/samples/bfs_144319796_n250.txt,250,4057,matriz,componentes_fortes,0.044,33.7,6
2026-10-02T11:53:25Z,data/samples/bfs_144319796_n250.txt,250,2598,matriz,componentes_fracos,0.049,33.7,6
2026-10-02T11:53:25Z,data/samples/bfs_144319796_n250.txt,250,4057,matriz,componentes_fortes,0.044,33.7,7
2026-10-02T11:53:25Z,data/samples/bfs_144319796_n250.txt,250,2598,matriz,componentes_fracos,0.065,33.7,7
2026-10-02T11:53:25Z,data/samples/bfs_144319796_n250.txt,250,4057,matriz,componentes_fortes,0.044,33.7,8
2026-10-02T11:53:25Z,data/samples/bfs_144319796_n250.txt,250,2598,matriz,componentes_fracos,0.049,33.7,8
2026-10-02T11:53:25Z,data/samples/bfs_144319796_n250.txt,250,4057,matriz,componentes_fortes,0.044,33.7,9
2026-10-02T11:53:25Z,data/samples/bfs_144319796_n250.txt,250,2598,matriz,componentes_fracos,0.048,33.7,9
2026-10-02T11:53:25Z,data/samples/bfs_144319796_n250.txt,250,4057,matriz,componentes_fortes,0.045,33.7,10
2026-10-02T11:53:25Z,data/samples/bfs_144319796_n250.txt,250,2598,matriz,componentes_fracos,0.050,33.7,10
2026-10-02T11:53:25Z,data/samples/bfs_144319796_n250.txt,250,4057,matriz,componentes_fortes,0.045,33.7,11
2026-10-02T11:53:25Z,data/samples/bfs_144319796_n250.txt,250,2598,matriz,componentes_fracos,0.060,33.7,11
2026-10-02T11:53:25Z,data/samples/bfs_144319796_n250.txt,250,4057,matriz,ciclos,0.041,25.9,1
2026-10-02T11:53:25Z,data/samples/bfs_144319796_n250.txt,250,4057,matriz,ciclos,0.052,25.9,2
2026-10-02T11:53:25Z,data/samples/bfs_144319796_n250.txt,250,4057,matriz,ciclos,0.041,25.9,3
2026-10-02T11:53:25Z,data/samples/bfs_144319796_n250.txt,250,4057,matriz,ciclos,0.041,25.9,4
2026-10-02T11:53:25Z,data/samples/bfs_144319796_n250.txt,250,4057,matriz,ciclos,0.041,25.9,5
2026-10-02T11:53:25Z,data/samples/bfs_144319796_n250.txt,250,4057,matriz,ciclos,0.041,25.9,6
2026-10-02T11:53:25Z,data/samples/bfs_144319796_n250.txt,250,4057,matriz,ciclos,0.041,25.9,7
2026-10-02T11:53:25Z,data/samples/bfs_144319796_n250.txt,250,4057,matriz,ciclos,0.041,25.9,8
2026-10-02T11:53:25Z,data/samples/bfs_144319796_n250.txt,250,4057,matriz,ciclos,0.041,25.9,9
2026-10-02T11:53:25Z,data/samples/bfs_144319796_n250.txt,250,4057,matriz,ciclos,0.041,25.9,10
2026-10-02T11:53:25Z,data/samples/bfs_144319796_n250.txt,250,4057,matriz,ciclos,0.056,25.9,11
2026-10-02T11:53:25Z,data/samples/bfs_144319796_n250.txt,250,2598,matriz,bipartido,0.058,22.2,1
2026-10-02T11:53:25Z,data/samples/bfs_144319796_n250.txt,250,2598,matriz,bipartido,0.058,22.2,2
2026-10-02T11:53:25Z,data/samples/bfs_144319796_n250.txt,250,2598,matriz,bipartido,0.058,22.2,3
2026-10-02T11:53:25Z,data/samples/bfs_144319796_n250.txt,250,2598,matriz,bipartido,0.059,22.2,4
2026-10-02T11:53:25Z,data/samples/bfs_144319796_n250.txt,250,2598,matriz,bipartido,0.058,22.2,5
2026-10-02T11:53:25Z,data/samples/bfs_144319796_n250.txt,250,2598,matriz,bipartido,0.058,22.2,6
2026-10-02T11:53:25Z,data/samples/bfs_144319796_n250.txt,250,2598,matriz,bipartido,0.058,22.2,7
2026-10-02T11:53:25Z,data/samples/bfs_144319796_n250.txt,250,2598,matriz,bipartido,0.066,22.2,8
2026-10-02T11:53:25Z,data/samples/bfs_144319796_n250.txt,250,2598,matriz,bipartido,0.058,22.2,9
2026-10-02T11:53:25Z,data/samples/bfs_144319796_n250.txt,250,2598,matriz,bipartido,0.058,22.2,10
2026-10-02T11:53:25Z,data/samples/bfs_144319796_n250.txt,250,2598,matriz,bipartido,0.058,22.2,11
2026-10-02T11:53:25Z,data/samples/bfs_144319796_n250.txt,250,2598,matriz,articulacao,0.058,47.3,1
2026-10-02T11:53:25Z,data/samples/bfs_144319796_n250.txt,250,2598,matriz,articulacao,0.060,47.3,2
2026-10-02T11:53:25Z,data/samples/bfs_144319796_n250.txt,250,2598,matriz,articulacao,0.057,47.3,3
2026-10-02T11:53:25Z,data/samples/bfs_144319796_n250.txt,250,2598,matriz,articulacao,0.057,47.3,4
2026-10-02T11:53:25Z,data/samples/bfs_144319796_n250.txt,250,2598,matriz,articulacao,0.057,47.3,5
2026-10-02T11:53:25Z,data/samples/bfs_144319796_n250.txt,250,2598,matriz,articulacao,0.057,47.3,6
2026-10-02T11:53:25Z,data/samples/bfs_144319796_n250.txt,250,2598,matriz,articulacao,0.061,47.3,7
2026-10-02T11:53:25Z,data/samples/bfs_144319796_n250.txt,250,2598,matriz,articulacao,0.060,47.3,8
2026-10-02T11:53:25Z,data/samples/bfs_144319796_n250.txt,250,2598,matriz,articulacao,0.057,47.3,9
2026-10-02T11:53:25Z,data/samples/bfs_144319796_n250.txt,250,2598,matriz,articulacao,0.057,47.3,10
2026-10-02T11:53:25Z,data/samples/bfs_144319796_n250.txt,250,2598,matriz,articulacao,0.060,47.3,11
2026-10-02T11:53:25Z,data/samples/bfs_144319796_n500.txt,500,9144,lista,bfs,0.046,137.0,1
2026-10-02T11:53:25Z,data/samples/bfs_144319796_n500.txt,500,9144,lista,bfs,0.051,137.0,2
2026-10-02T11:53:25Z,data/samples/bfs_144319796_n500.txt,500,9144,lista,bfs,0.047,137.0,3
2026-10-02T11:53:25Z,data/samples/bfs_144319796_n500.txt,500,9144,lista,bfs,0.047,137.0,4
2026-10-02T11:53:25Z,data/samples/bfs_144319796_n500.txt,500,9144,lista,bfs,0.047,137.0,5
2026-10-02T11:53:25Z,data/samples/bfs_144319796_n500.txt,500,9144,lista,bfs,0.050,137.0,6
2026-10-02T11:53:25Z,data/samples/bfs_144319796_n500.txt,500,9144,lista,bfs,0.046,137.0,7
2026-10-02T11:53:25Z,data/samples/bfs_144319796_n500.txt,500,9144,lista,bfs,0.047,137.0,8
2026-10-02T11:53:25Z,data/samples/bfs_144319796_n500.txt,500,9144,lista,bfs,0.051,137.0,9
2026-10-02T11:53:25Z,data/samples/bfs_144319796_n500.txt,500,9144,lista,bfs,0.047,137.0,10
2026-10-02T11:53:25Z,data/samples/bfs_144319796_n500.txt,500,9144,lista,bfs,0.046,137.0,11
2026-10-02T11:53:25Z,data/samples/bfs_144319796_n500.txt,500,9144,lista,dfs,0.057,148.2,1
2026-10-02T11:53:25Z,data/samples/bfs_144319796_n500.txt,500,9144,lista,dfs,0.057,148.2,2
2026-10-02T11:53:25Z,data/samples/bfs_144319796_n500.txt,500,9144,lista,dfs,0.054,148.2,3
2026-10-02T11:53:25Z,data/samples/bfs_144319796_n500.txt,500,9144,lista,dfs,0.055,148.2,4
2026-10-02T11:53:25Z,data/samples/bfs_144319796_n500.txt,500,9144,lista,dfs,0.055,148.2,5
2026-10-02T11:53:25Z,data/samples/bfs_144319796_n500.txt,500,9144,lista,dfs,0.055,148.2,6
2026-10-02T11:53:25Z,data/samples/bfs_144319796_n500.txt,500,9144,lista,dfs,0.055,148.2,7
2026-10-02T11:53:25Z,data/samples/bfs_144319796_n500.txt,500,9144,lista,dfs,0.055,148.2,8
2026-10-02T11:53:25Z,data/samples/bfs_144319796_n500.txt,500,9144,lista,dfs,0.056,148.2,9
2026-10-02T11:53:25Z,data/samples/bfs_144319796_n500.txt,500,9144,lista,dfs,0.055,148.2,10
2026-10-02T11:53:25Z,data/samples/bfs_144319796_n500.txt,500,9144,lista,dfs,0.055,148.2,11
2026-10-02T11:53:25Z,data/samples/bfs_144319796_n500.txt,500,9144,lista,componentes_fortes,0.154,160.4,1
2026-10-02T11:53:25Z,data/samples/bfs_144319796_n500.txt,500,6259,lista,componentes_fracos,0.088,196.7,1
2026-10-02T11:53:25Z,data/samples/bfs_144319796_n500.txt,500,9144,lista,componentes_fortes,0.077,160.4,2
2026-10-02T11:53:25Z,data/samples/bfs_144319796_n500.txt,500,6259,lista,componentes_fracos,0.100,196.7,2
2026-10-02T11:53:25Z,data/samples/bfs_144319796_n500.txt,500,9144,lista,componentes_fortes,0.096,160.4,3
2026-10-02T11:53:25Z,data/samples/bfs_144319796_n500.txt,500,6259,lista,componentes_fracos,0.088,196.7,3
2026-10-02T11:53:25Z,data/samples/bfs_144319796_n500.txt,500,9144,lista,componentes_fortes,0.085,160.4,4
2026-10-02T11:53:25Z,data/samples/bfs_144319796_n500.txt,500,6259,lista,componentes_fracos,0.087,196.7,4
2026-10-02T11:53:25Z,data/samples/bfs_144319796_n500.txt,500,9144,lista,componentes_fortes,0.075,160.4,5
2026-10-02T11:53:25Z,data/samples/bfs_144319796_n500.txt,500,6259,lista,componentes_fracos,0.090,196.7,5
2026-10-02T11:53:25Z,data/samples/bfs_144319796_n500.txt,500,9144,lista,componentes_fortes,0.084,160.4,6
2026-10-02T11:53:25Z,data/samples/bfs_144319796_n500.txt,500,6259,lista,componentes_fracos,0.088,196.7,6
2026-10-02T11:53:25Z,data/samples/bfs_144319796_n500.txt,500,9144,lista,componentes_fortes,0.076,160.4,7
2026-10-02T11:53:25Z,data/samples/bfs_144319796_n500.txt,500,6259,lista,componentes_fracos,0.087,196.7,7
2026-10-02T11:53:25Z,data/samples/bfs_144319796_n500.txt,500,9144,lista,componentes_fortes,0.075,160.4,8
2026-10-02T11:53:25Z,data/samples/bfs_144319796_n500.txt,500,6259,lista,componentes_fracos,0.088,196.7,8
2026-10-02T11:53:25Z,data/samples/bfs_144319796_n500.txt,500,9144,lista,componentes_fortes,0.075,160.4,9
2026-10-02T11:53:25Z,data/samples/bfs_144319796_n500.txt,500,6259,lista,componentes_fracos,0.087,196.7,9
2026-10-02T11:53:25Z,data/samples/bfs_144319796_n500.txt,500,9144,lista,componentes_fortes,0.076,160.4,10
2026-10-02T11:53:25Z,data/samples/bfs_144319796_n500.txt,500,6259,lista,componentes_fracos,0.103,196.7,10
2026-10-02T11:53:25Z,data/samples/bfs_144319796_n500.txt,500,9144,lista,componentes_fortes,0.075,160.4,11
2026-10-02T11:53:25Z,data/samples/bfs_144319796_n500.txt,500,6259,lista,componentes_fracos,0.146,196.7,11
2026-10-02T11:53:25Z,data/samples/bfs_144319796_n500.txt,500,9144,lista,ciclos,0.075,144.8,1
2026-10-02T11:53:25Z,data/samples/bfs_144319796_n500.txt,500,9144,lista,ciclos,0.076,144.8,2
2026-10-02T11:53:25Z,data/samples/bfs_144319796_n500.txt,500,9144,lista,ciclos,0.087,144.8,3
2026-10-02T11:53:25Z,data/samples/bfs_144319796_n500.txt,500,9144,lista,ciclos,0.190,144.8,4
2026-10-02T11:53:25Z,data/samples/bfs_144319796_n500.txt,500,9144,lista,ciclos,0.075,144.8,5
2026-10-02T11:53:25Z,data/samples/bfs_144319796_n500.txt,500,9144,lista,ciclos,0.118,144.8,6
2026-10-02T11:53:25Z,data/samples/bfs_144319796_n500.txt,500,9144,lista,ciclos,0.076,144.8,7
2026-10-02T11:53:25Z,data/samples/bfs_144319796_n500.txt,500,9144,lista,ciclos,0.080,144.8,8
2026-10-02T11:53:25Z,data/samples/bfs_144319796_n500.txt,500,9144,lista,ciclos,0.079,144.8,9
2026-10-02T11:53:25Z,data/samples/bfs_144319796_n500.txt,500,9144,lista,ciclos,0.075,144.8,10
2026-10-02T11:53:25Z,data/samples/bfs_144319796_n500.txt,500,9144,lista,ciclos,0.076,144.8,11
2026-10-02T11:53:25Z,data/samples/bfs_144319796_n500.txt,500,6259,lista,bipartido,0.101,173.8,1
2026-10-02T11:53:25Z,data/samples/bfs_144319796_n500.txt,500,6259,lista,bipartido,0.094,173.8,2
2026-10-02T11:53:25Z,data/samples/bfs_144319796_n500.txt,500,6259,lista,bipartido,0.092,173.8,3
2026-10-02T11:53:25Z,data/samples/bfs_144319796_n500.txt,500,6259,lista,bipartido,0.094,173.8,4
2026-10-02T11:53:25Z,data/samples/bfs_144319796_n500.txt,500,6259,lista,bipartido,0.093,173.8,5
2026-10-02T11:53:25Z,data/samples/bfs_144319796_n500.txt,500,6259,lista,bipartido,0.092,173.8,6
2026-10-02T11:53:25Z,data/samples/bfs_144319796_n500.txt,500,6259,lista,bipartido,0.096,173.8,7
2026-10-02T11:53:25Z,data/samples/bfs_144319796_n500.txt,500,6259,lista,bipartido,0.093,173.8,8
2026-10-02T11:53:25Z,data/samples/bfs_144319796_n500.txt,500,6259,lista,bipartido,0.094,173.8,9
2026-10-02T11:53:25Z,data/samples/bfs_144319796_n500.txt,500,6259,lista,bipartido,0.093,173.8,10
2026-10-02T11:53:25Z,data/samples/bfs_144319796_n500.txt,500,6259,lista,bipartido,0.090,173.8,11
2026-10-02T11:53:25Z,data/samples/bfs_144319796_n500.txt,500,6259,lista,articulacao,0.151,224.1,1
2026-10-02T11:53:25Z,data/samples/bfs_144319796_n500.txt,500,6259,lista,articulacao,0.108,224.1,2
2026-10-02T11:53:25Z,data/samples/bfs_144319796_n500.txt,500,6259,lista,articulacao,0.109,224.1,3
2026-10-02T11:53:25Z,data/samples/bfs_144319796_n500.txt,500,6259,lista,articulacao,0.108,224.1,4
2026-10-02T11:53:25Z,data/samples/bfs_144319796_n500.txt,500,6259,lista,articulacao,0.113,224.1,5
2026-10-02T11:53:25Z,data/samples/bfs_144319796_n500.txt,500,6259,lista,articulacao,0.105,224.1,6
2026-10-02T11:53:25Z,data/samples/bfs_144319796_n500.txt,500,6259,lista,articulacao,0.275,224.1,7
2026-10-02T11:53:25Z,data/samples/bfs_144319796_n500.txt,500,6259,lista,articulacao,0.106,224.1,8
2026-10-02T11:53:25Z,data/samples/bfs_144319796_n500.txt,500,6259,lista,articulacao,0.222,224.1,9
2026-10-02T11:53:25Z,data/samples/bfs_144319796_n500.txt,500,6259,lista,articulacao,0.268,224.1,10
2026-10-02T11:53:25Z,data/samples/bfs_144319796_n500.txt,500,6259,lista,articulacao,0.106,224.1,11
2026-10-02T11:53:25Z,data/samples/bfs_144319796_n500.txt,500,9144,matriz,bfs,0.083,59.4,1
2026-10-02T11:53:25Z,data/samples/bfs_144319796_n500.txt,500,9144,matriz,bfs,0.082,59.4,2
2026-10-02T11:53:25Z,data/samples/bfs_144319796_n500.txt,500,9144,matriz,bfs,0.082,59.4,3
2026-10-02T11:53:25Z,data/samples/bfs_144319796_n500.txt,500,9144,matriz,bfs,0.082,59.4,4
2026-10-02T11:53:25Z,data/samples/bfs_144319796_n500.txt,500,9144,matriz,bfs,0.082,59.4,5
2026-10-02T11:53:25Z,data/samples/bfs_144319796_n500.txt,500,9144,matriz,bfs,0.082,59.4,6
2026-10-02T11:53:25Z,data/samples/bfs_144319796_n500.txt,500,9144,matriz,bfs,0.083,59.4,7
2026-10-02T11:53:25Z,data/samples/bfs_144319796_n500.txt,500,9144,matriz,bfs,0.082,59.4,8
2026-10-02T11:53:25Z,data/samples/bfs_144319796_n500.txt,500,9144,matriz,bfs,0.082,59.4,9
2026-10-02T11:53:25Z,data/samples/bfs_144319796_n500.txt,500,9144,matriz,bfs,0.083,59.4,10
2026-10-02T11:53:25Z,data/samples/bfs_144319796_n500.txt,500,9144,matriz,bfs,0.083,59.4,11
2026-10-02T11:53:25Z,data/samples/bfs_144319796_n500.txt,500,9144,matriz,dfs,0.092,70.7,1
2026-10-02T11:53:25Z,data/samples/bfs_144319796_n500.txt,500,9144,matriz,dfs,0.091,70.7,2
2026-10-02T11:53:25Z,data/samples/bfs_144319796_n500.txt,500,9144,matriz,dfs,0.104,70.7,3
2026-10-02T11:53:25Z,data/samples/bfs_144319796_n500.txt,500,9144,matriz,dfs,0.091,70.7,4
2026-10-02T11:53:25Z,data/samples/bfs_144319796_n500.txt,500,9144,matriz,dfs,0.091,70.7,5
2026-10-02T11:53:25Z,data/samples/bfs_144319796_n500.txt,500,9144,matriz,dfs,0.091,70.7,6
2026-10-02T11:53:25Z,data/samples/bfs_144319796_n500.txt,500,9144,matriz,dfs,0.091,70.7,7
2026-10-02T11:53:25Z,data/samples/bfs_144319796_n500.txt,500,9144,matriz,dfs,0.091,70.7,8
2026-10-02T11:53:25Z,data/samples/bfs_144319796_n500.txt,500,9144,matriz,dfs,0.092,70.7,9
2026-10-02T11:53:25Z,data/samples/bfs_144319796_n500.txt,500,9144,matriz,dfs,0.091,70.7,10
2026-10-02T11:53:25Z,data/samples/bfs_144319796_n500.txt,500,9144,matriz,dfs,0.091,70.7,11
2026-10-02T11:53:25Z,data/samples/bfs_144319796_n500.txt,500,9144,matriz,componentes_fortes,0.109,82.9,1
2026-10-02T11:53:25Z,data/samples/bfs_144319796_n500.txt,500,6259,matriz,componentes_fracos,0.120,82.9,1
2026-10-02T11:53:25Z,data/samples/bfs_144319796_n500.txt,500,9144,matriz,componentes_fortes,0.110,82.9,2
2026-10-02T11:53:25Z,data/samples/bfs_144319796_n500.txt,500,6259,matriz,componentes_fracos,0.121,82.9,2
2026-10-02T11:53:25Z,data/samples/bfs_144319796_n500.txt,500,9144,matriz,componentes_fortes,0.110,82.9,3
2026-10-02T11:53:25Z,data/samples/bfs_144319796_n500.txt,500,6259,matriz,componentes_fracos,0.119,82.9,3
2026-10-02T11:53:25Z,data/samples/bfs_144319796_n500.txt,500,9144,matriz,componentes_fortes,0.110,82.9,4
2026-10-02T11:53:25Z,data/samples/bfs_144319796_n500.txt,500,6259,matriz,componentes_fracos,0.120,82.9,4
2026-10-02T11:53:25Z,data/samples/bfs_144319796_n500.txt,500,9144,matriz,componentes_fortes,0.110,82.9,5
2026-10-02T11:53:25Z,data/samples/bfs_144319796_n500.txt,500,6259,matriz,componentes_fracos,0.120,82.9,5
2026-10-02T11:53:25Z,data/samples/bfs_144319796_n500.txt,500,9144,matriz,componentes_fortes,0.115,82.9,6
2026-10-02T11:53:25Z,data/samples/bfs_144319796_n500.txt,500,6259,matriz,componentes_fracos,0.120,82.9,6
2026-10-02T11:53:25Z,data/samples/bfs_144319796_n500.txt,500,9144,matriz,componentes_fortes,0.117,82.9,7
2026-10-02T11:53:25Z,data/samples/bfs_144319796_n500.txt,500,6259,matriz,componentes_fracos,0.120,82.9,7
2026-10-02T11:53:25Z,data/samples/bfs_144319796_n500.txt,500,9144,matriz,componentes_fortes,0.110,82.9,8
2026-10-02T11:53:25Z,data/samples/bfs_144319796_n500.txt,500,6259,matriz,componentes_fracos,0.119,82.9,8
2026-10-02T11:53:25Z,data/samples/bfs_144319796_n500.txt,500,9144,matriz,componentes_fortes,0.109,82.9,9
2026-10-02T11:53:25Z,data/samples/bfs_144319796_n500.txt,500,6259,matriz,componentes_fracos,0.120,82.9,9
2026-10-02T11:53:25Z,data/samples/bfs_144319796_n500.txt,500,9144,matriz,componentes_fortes,0.109,82.9,10
2026-10-02T11:53:25Z,data/samples/bfs_144319796_n500.txt,500,6259,matriz,componentes_fracos,0.120,82.9,10
2026-10-02T11:53:25Z,data/samples/bfs_144319796_n500.txt,500,9144,matriz,componentes_fortes,0.109,82.9,11
2026-10-02T11:53:25Z,data/samples/bfs_144319796_n500.txt,500,6259,matriz,componentes_fracos,0.120,82.9,11
2026-10-02T11:53:25Z,data/samples/bfs_144319796_n500.txt,500,9144,matriz,ciclos,0.108,67.3,1
2026-10-02T11:53:25Z,data/samples/bfs_144319796_n500.txt,500,9144,matriz,ciclos,0.107,67.3,2
2026-10-02T11:53:25Z,data/samples/bfs_144319796_n500.txt,500,9144,matriz,ciclos,0.107,67.3,3
2026-10-02T11:53:25Z,data/samples/bfs_144319796_n500.txt,500,9144,matriz,ciclos,0.107,67.3,4
2026-10-02T11:53:25Z,data/samples/bfs_144319796_n500.txt,500,9144,matriz,ciclos,0.107,67.3,5
2026-10-02T11:53:25Z,data/samples/bfs_144319796_n500.txt,500,9144,matriz,ciclos,0.107,67.3,6
2026-10-02T11:53:25Z,data/samples/bfs_144319796_n500.txt,500,9144,matriz,ciclos,0.107,67.3,7
2026-10-02T11:53:25Z,data/samples/bfs_144319796_n500.txt,500,9144,matriz,ciclos,0.106,67.3,8
2026-10-02T11:53:25Z,data/samples/bfs_144319796_n500.txt,500,9144,matriz,ciclos,0.107,67.3,9
2026-10-02T11:53:25Z,data/samples/bfs_144319796_n500.txt,500,9144,matriz,ciclos,0.107,67.3,10
2026-10-02T11:53:25Z,data/samples/bfs_144319796_n500.txt,500,9144,matriz,ciclos,0.107,67.3,11
2026-10-02T11:53:25Z,data/samples/bfs_144319796_n500.txt,500,6259,matriz,bipartido,0.130,59.9,1
2026-10-02T11:53:25Z,data/samples/bfs_144319796_n500.txt,500,6259,matriz,bipartido,0.130,59.9,2
2026-10-02T11:53:25Z,data/samples/bfs_144319796_n500.txt,500,6259,matriz,bipartido,0.161,59.9,3
2026-10-02T11:53:25Z,data/samples/bfs_144319796_n500.txt,500,6259,matriz,bipartido,0.212,59.9,4
2026-10-02T11:53:25Z,data/samples/bfs_144319796_n500.txt,500,6259,matriz,bipartido,0.132,59.9,5
2026-10-02T11:53:25Z,data/samples/bfs_144319796_n500.txt,500,6259,matriz,bipartido,0.130,59.9,6
2026-10-02T11:53:25Z,data/samples/bfs_144319796_n500.txt,500,6259,matriz,bipartido,0.130,59.9,7
2026-10-02T11:53:25Z,data/samples/bfs_144319796_n500.txt,500,6259,matriz,bipartido,0.130,59.9,8
2026-10-02T11:53:25Z,data/samples/bfs_144319796_n500.txt,500,6259,matriz,bipartido,0.132,59.9,9
2026-10-02T11:53:25Z,data/samples/bfs_144319796_n500.txt,500,6259,matriz,bipartido,0.131,59.9,10
2026-10-02T11:53:25Z,data/samples/bfs_144319796_n500.txt,500,6259,matriz,bipartido,0.132,59.9,11
2026-10-02T11:53:25Z,data/samples/bfs_144319796_n500.txt,500,6259,matriz,articulacao,0.161,110.2,1
2026-10-02T11:53:25Z,data/samples/bfs_144319796_n500.txt,500,6259,matriz,articulacao,0.153,110.2,2
2026-10-02T11:53:25Z,data/samples/bfs_144319796_n500.txt,500,6259,matriz,articulacao,0.140,110.2,3
2026-10-02T11:53:25Z,data/samples/bfs_144319796_n500.txt,500,6259,matriz,articulacao,0.300,110.2,4
2026-10-02T11:53:25Z,data/samples/bfs_144319796_n500.txt,500,6259,matriz,articulacao,0.159,110.2,5
2026-10-02T11:53:25Z,data/samples/bfs_144319796_n500.txt,500,6259,matriz,articulacao,0.139,110.2,6
2026-10-02T11:53:25Z,data/samples/bfs_144319796_n500.txt,500,6259,matriz,articulacao,0.141,110.2,7
2026-10-02T11:53:25Z,data/samples/bfs_144319796_n500.txt,500,6259,matriz,articulacao,0.139,110.2,8
2026-10-02T11:53:25Z,data/samples/bfs_144319796_n500.txt,500,6259,matriz,articulacao,0.140,110.2,9
2026-10-02T11:53:25Z,data/samples/bfs_144319796_n500.txt,500,6259,matriz,articulacao,0.140,110.2,10
2026-10-02T11:53:25Z,data/samples/bfs_144319796_n500.txt,500,6259,matriz,articulacao,0.140,110.2,11
2026-10-02T11:53:25Z,data/samples/bfs_307642294_n1000.txt,1000,38064,lista,bfs,0.156,492.8,1
2026-10-02T11:53:25Z,data/samples/bfs_307642294_n1000.txt,1000,38064,lista,bfs,0.163,492.8,2
2026-10-02T11:53:25Z,data/samples/bfs_307642294_n1000.txt,1000,38064,lista,bfs,0.196,492.8,3
2026-10-02T11:53:25Z,data/samples/bfs_307642294_n1000.txt,1000,38064,lista,bfs,0.156,492.8,4
2026-10-02T11:53:25Z,data/samples/bfs_307642294_n1000.txt,1000,38064,lista,bfs,0.156,492.8,5
2026-10-02T11:53:25Z,data/samples/bfs_307642294_n1000.txt,1000,38064,lista,bfs,0.160,492.8,6
2026-10-02T11:53:25Z,data/samples/bfs_307642294_n1000.txt,1000,38064,lista,bfs,0.167,492.8,7
2026-10-02T11:53:25Z,data/samples/bfs_307642294_n1000.txt,1000,38064,lista,bfs,0.174,492.8,8
2026-10-02T11:53:25Z,data/samples/bfs_307642294_n1000.txt,1000,38064,lista,bfs,0.177,492.8,9
2026-10-02T11:53:25Z,data/samples/bfs_307642294_n1000.txt,1000,38064,lista,bfs,0.157,492.8,10
2026-10-02T11:53:25Z,data/samples/bfs_307642294_n1000.txt,1000,38064,lista,bfs,0.156,492.8,11
2026-10-02T11:53:25Z,data/samples/bfs_307642294_n1000.txt,1000,38064,lista,dfs,0.240,515.3,1
2026-10-02T11:53:25Z,data/samples/bfs_307642294_n1000.txt,1000,38064,lista,dfs,0.194,515.3,2
2026-10-02T11:53:25Z,data/samples/bfs_307642294_n1000.txt,1000,38064,lista,dfs,0.185,515.3,3
2026-10-02T11:53:25Z,data/samples/bfs_307642294_n1000.txt,1000,38064,lista,dfs,0.190,515.3,4
2026-10-02T11:53:25Z,data/samples/bfs_307642294_n1000.txt,1000,38064,lista,dfs,0.187,515.3,5
2026-10-02T11:53:25Z,data/samples/bfs_307642294_n1000.txt,1000,38064,lista,dfs,0.204,515.3,6
2026-10-02T11:53:25Z,data/samples/bfs_307642294_n1000.txt,1000,38064,lista,dfs,0.216,515.3,7
2026-10-02T11:53:25Z,data/samples/bfs_307642294_n1000.txt,1000,38064,lista,dfs,0.183,515.3,8
2026-10-02T11:53:25Z,data/samples/bfs_307642294_n1000.txt,1000,38064,lista,dfs,0.184,515.3,9
2026-10-02T11:53:25Z,data/samples/bfs_307642294_n1000.txt,1000,38064,lista,dfs,0.233,515.3,10
2026-10-02T11:53:25Z,data/samples/bfs_307642294_n1000.txt,1000,38064,lista,dfs,0.184,515.3,11
2026-10-02T11:53:25Z,data/samples/bfs_307642294_n1000.txt,1000,38064,lista,componentes_fortes,0.232,539.7,1
2026-10-02T11:53:25Z,data/samples/bfs_307642294_n1000.txt,1000,26256,lista,componentes_fracos,0.401,705.4,1
2026-10-02T11:53:25Z,data/samples/bfs_307642294_n1000.txt,1000,38064,lista,componentes_fortes,0.231,539.7,2
2026-10-02T11:53:25Z,data/samples/bfs_307642294_n1000.txt,1000,26256,lista,componentes_fracos,0.346,705.4,2
2026-10-02T11:53:25Z,data/samples/bfs_307642294_n1000.txt,1000,38064,lista,componentes_fortes,0.231,539.7,3
2026-10-02T11:53:26Z,data/samples/bfs_307642294_n1000.txt,1000,26256,lista,componentes_fracos,0.288,705.4,3
2026-10-02T11:53:26Z,data/samples/bfs_307642294_n1000.txt,1000,38064,lista,componentes_fortes,0.229,539.7,4
2026-10-02T11:53:26Z,data/samples/bfs_307642294_n1000.txt,1000,26256,lista,componentes_fracos,0.285,705.4,4
2026-10-02T11:53:26Z,data/samples/bfs_307642294_n1000.txt,1000,38064,lista,componentes_fortes,0.223,539.7,5
2026-10-02T11:53:26Z,data/samples/bfs_307642294_n1000.txt,1000,26256,lista,componentes_fracos,0.297,705.4,5
2026-10-02T11:53:26Z,data/samples/bfs_307642294_n1000.txt,1000,38064,lista,componentes_fortes,0.223,539.7,6
2026-10-02T11:53:26Z,data/samples/bfs_307642294_n1000.txt,1000,26256,lista,componentes_fracos,0.300,705.4,6
2026-10-02T11:53:26Z,data/samples/bfs_307642294_n1000.txt,1000,38064,lista,componentes_fortes,0.227,539.7,7
2026-10-02T11:53:26Z,data/samples/bfs_307642294_n1000.txt,1000,26256,lista,componentes_fracos,0.291,705.4,7
2026-10-02T11:53:26Z,data/samples/bfs_307642294_n1000.txt,1000,38064,lista,componentes_fortes,0.230,539.7,8
2026-10-02T11:53:26Z,data/samples/bfs_307642294_n1000.txt,1000,26256,lista,componentes_fracos,0.284,705.4,8
2026-10-02T11:53:26Z,data/samples/bfs_307642294_n1000.txt,1000,38064,lista,componentes_fortes,0.227,539.7,9
2026-10-02T11:53:26Z,data/samples/bfs_307642294_n1000.txt,1000,26256,lista,componentes_fracos,0.322,705.4,9
2026-10-02T11:53:26Z,data/samples/bfs_307642294_n1000.txt,1000,38064,lista,componentes_fortes,0.259,539.7,10
2026-10-02T11:53:26Z,data/samples/bfs_307642294_n1000.txt,1000,26256,lista,componentes_fracos,0.276,705.4,10
2026-10-02T11:53:26Z,data/samples/bfs_307642294_n1000.txt,1000,38064,lista,componentes_fortes,0.237,539.7,11
2026-10-02T11:53:26Z,data/samples/bfs_307642294_n1000.txt,1000,26256,lista,componentes_fracos,0.458,705.4,11
2026-10-02T11:53:26Z,data/samples/bfs_307642294_n1000.txt,1000,38064,lista,ciclos,0.233,508.5,1
2026-10-02T11:53:26Z,data/samples/bfs_307642294_n1000.txt,1000,38064,lista,ciclos,0.229,508.5,2
2026-10-02T11:53:26Z,data/samples/bfs_307642294_n1000.txt,1000,38064,lista,ciclos,0.222,508.5,3
2026-10-02T11:53:26Z,data/samples/bfs_307642294_n1000.txt,1000,38064,lista,ciclos,0.224,508.5,4
2026-10-02T11:53:26Z,data/samples/bfs_307642294_n1000.txt,1000,38064,lista,ciclos,0.223,508.5,5
2026-10-02T11:53:26Z,data/samples/bfs_307642294_n1000.txt,1000,38064,lista,ciclos,0.297,508.5,6
2026-10-02T11:53:26Z,data/samples/bfs_307642294_n1000.txt,1000,38064,lista,ciclos,0.226,508.5,7
2026-10-02T11:53:26Z,data/samples/bfs_307642294_n1000.txt,1000,38064,lista,ciclos,0.265,508.5,8
2026-10-02T11:53:26Z,data/samples/bfs_307642294_n1000.txt,1000,38064,lista,ciclos,0.224,508.5,9
2026-10-02T11:53:26Z,data/samples/bfs_307642294_n1000.txt,1000,38064,lista,ciclos,0.334,508.5,10
2026-10-02T11:53:26Z,data/samples/bfs_307642294_n1000.txt,1000,38064,lista,ciclos,0.229,508.5,11
2026-10-02T11:53:26Z,data/samples/bfs_307642294_n1000.txt,1000,26256,lista,bipartido,0.334,659.5,1
2026-10-02T11:53:26Z,data/samples/bfs_307642294_n1000.txt,1000,26256,lista,bipartido,0.259,659.5,2
2026-10-02T11:53:26Z,data/samples/bfs_307642294_n1000.txt,1000,26256,lista,bipartido,0.265,659.5,3
2026-10-02T11:53:26Z,data/samples/bfs_307642294_n1000.txt,1000,26256,lista,bipartido,0.256,659.5,4
2026-10-02T11:53:26Z,data/samples/bfs_307642294_n1000.txt,1000,26256,lista,bipartido,0.272,659.5,5
2026-10-02T11:53:26Z,data/samples/bfs_307642294_n1000.txt,1000,26256,lista,bipartido,0.255,659.5,6
2026-10-02T11:53:26Z,data/samples/bfs_307642294_n1000.txt,1000,26256,lista,bipartido,0.323,659.5,7
2026-10-02T11:53:26Z,data/samples/bfs_307642294_n1000.txt,1000,26256,lista,bipartido,0.249,659.5,8
2026-10-02T11:53:26Z,data/samples/bfs_307642294_n1000.txt,1000,26256,lista,bipartido,0.258,659.5,9
2026-10-02T11:53:26Z,data/samples/bfs_307642294_n1000.txt,1000,26256,lista,bipartido,0.265,659.5,10
2026-10-02T11:53:26Z,data/samples/bfs_307642294_n1000.txt,1000,26256,lista,bipartido,0.249,659.5,11
2026-10-02T11:53:26Z,data/samples/bfs_307642294_n1000.txt,1000,26256,lista,articulacao,0.484,760.1,1
2026-10-02T11:53:26Z,data/samples/bfs_307642294_n1000.txt,1000,26256,lista,articulacao,0.450,760.1,2
2026-10-02T11:53:26Z,data/samples/bfs_307642294_n1000.txt,1000,26256,lista,articulacao,0.361,760.1,3
2026-10-02T11:53:26Z,data/samples/bfs_307642294_n1000.txt,1000,26256,lista,articulacao,0.358,760.1,4
2026-10-02T11:53:26Z,data/samples/bfs_307642294_n1000.txt,1000,26256,lista,articulacao,0.365,760.1,5
2026-10-02T11:53:26Z,data/samples/bfs_307642294_n1000.txt,1000,26256,lista,articulacao,0.358,760.1,6
2026-10-02T11:53:26Z,data/samples/bfs_307642294_n1000.txt,1000,26256,lista,articulacao,0.353,760.1,7
2026-10-02T11:53:26Z,data/samples/bfs_307642294_n1000.txt,1000,26256,lista,articulacao,0.356,760.1,8
2026-10-02T11:53:26Z,data/samples/bfs_307642294_n1000.txt,1000,26256,lista,articulacao,0.352,760.1,9
2026-10-02T11:53:26Z,data/samples/bfs_307642294_n1000.txt,1000,26256,lista,articulacao,0.353,760.1,10
2026-10-02T11:53:26Z,data/samples/bfs_307642294_n1000.txt,1000,26256,lista,articulacao,0.385,760.1,11
2026-10-02T11:53:26Z,data/samples/bfs_307642294_n1000.txt,1000,38064,matriz,bfs,0.332,181.3,1
2026-10-02T11:53:26Z,data/samples/bfs_307642294_n1000.txt,1000,38064,matriz,bfs,0.333,181.3,2
2026-10-02T11:53:26Z,data/samples/bfs_307642294_n1000.txt,1000,38064,matriz,bfs,0.333,181.3,3
2026-10-02T11:53:26Z,data/samples/bfs_307642294_n1000.txt,1000,38064,matriz,bfs,0.343,181.3,4
2026-10-02T11:53:26Z,data/samples/bfs_307642294_n1000.txt,1000,38064,matriz,bfs,0.340,181.3,5
2026-10-02T11:53:26Z,data/samples/bfs_307642294_n1000.txt,1000,38064,matriz,bfs,0.344,181.3,6
2026-10-02T11:53:26Z,data/samples/bfs_307642294_n1000.txt,1000,38064,matriz,bfs,0.338,181.3,7
2026-10-02T11:53:26Z,data/samples/bfs_307642294_n1000.txt,1000,38064,matriz,bfs,0.308,181.3,8
2026-10-02T11:53:26Z,data/samples/bfs_307642294_n1000.txt,1000,38064,matriz,bfs,0.346,181.3,9
2026-10-02T11:53:26Z,data/samples/bfs_307642294_n1000.txt,1000,38064,matriz,bfs,0.312,181.3,10
2026-10-02T11:53:26Z,data/samples/bfs_307642294_n1000.txt,1000,38064,matriz,bfs,0.306,181.3,11
2026-10-02T11:53:26Z,data/samples/bfs_307642294_n1000.txt,1000,38064,matriz,dfs,0.333,203.8,1
2026-10-02T11:53:26Z,data/samples/bfs_307642294_n1000.txt,1000,38064,matriz,dfs,0.334,203.8,2
2026-10-02T11:53:26Z,data/samples/bfs_307642294_n1000.txt,1000,38064,matriz,dfs,0.375,203.8,3
2026-10-02T11:53:26Z,data/samples/bfs_307642294_n1000.txt,1000,38064,matriz,dfs,0.336,203.8,4
2026-10-02T11:53:26Z,data/samples/bfs_307642294_n1000.txt,1000,38064,matriz,dfs,0.374,203.8,5
2026-10-02T11:53:26Z,data/samples/bfs_307642294_n1000.txt,1000,38064,matriz,dfs,0.331,203.8,6
2026-10-02T11:53:26Z,data/samples/bfs_307642294_n1000.txt,1000,38064,matriz,dfs,0.348,203.8,7
2026-10-02T11:53:26Z,data/samples/bfs_307642294_n1000.txt,1000,38064,matriz,dfs,0.333,203.8,8
2026-10-02T11:53:26Z,data/samples/bfs_307642294_n1000.txt,1000,38064,matriz,dfs,0.376,203.8,9
2026-10-02T11:53:26Z,data/samples/bfs_307642294_n1000.txt,1000,38064,matriz,dfs,0.331,203.8,10
2026-10-02T11:53:26Z,data/samples/bfs_307642294_n1000.txt,1000,38064,matriz,dfs,0.375,203.8,11
2026-10-02T11:53:26Z,data/samples/bfs_307642294_n1000.txt,1000,38064,matriz,componentes_fortes,0.362,228.2,1
2026-10-02T11:53:26Z,data/samples/bfs_307642294_n1000.txt,1000,26256,matriz,componentes_fracos,0.422,228.2,1
2026-10-02T11:53:26Z,data/samples/bfs_307642294_n1000.txt,1000,38064,matriz,componentes_fortes,0.374,228.2,2
2026-10-02T11:53:26Z,data/samples/bfs_307642294_n1000.txt,1000,26256,matriz,componentes_fracos,0.436,228.2,2
2026-10-02T11:53:26Z,data/samples/bfs_307642294_n1000.txt,1000,38064,matriz,componentes_fortes,0.370,228.2,3
2026-10-02T11:53:26Z,data/samples/bfs_307642294_n1000.txt,1000,26256,matriz,componentes_fracos,0.450,228.2,3
2026-10-02T11:53:26Z,data/samples/bfs_307642294_n1000.txt,1000,38064,matriz,componentes_fortes,0.380,228.2,4
2026-10-02T11:53:26Z,data/samples/bfs_307642294_n1000.txt,1000,26256,matriz,componentes_fracos,0.436,228.2,4
2026-10-02T11:53:26Z,data/samples/bfs_307642294_n1000.txt,1000,38064,matriz,componentes_fortes,0.369,228.2,5
2026-10-02T11:53:26Z,data/samples/bfs_307642294_n1000.txt,1000,26256,matriz,componentes_fracos,0.438,228.2,5
2026-10-02T11:53:26Z,data/samples/bfs_307642294_n1000.txt,1000,38064,matriz,componentes_fortes,0.369,228.2,6
2026-10-02T11:53:26Z,data/samples/bfs_307642294_n1000.txt,1000,26256,matriz,componentes_fracos,0.441,228.2,6
2026-10-02T11:53:26Z,data/samples/bfs_307642294_n1000.txt,1000,38064,matriz,componentes_fortes,0.374,228.2,7
2026-10-02T11:53:26Z,data/samples/bfs_307642294_n1000.txt,1000,26256,matriz,componentes_fracos,0.434,228.2,7
2026-10-02T11:53:26Z,data/samples/bfs_307642294_n1000.txt,1000,38064,matriz,componentes_fortes,0.375,228.2,8
2026-10-02T11:53:26Z,data/samples/bfs_307642294_n1000.txt,1000,26256,matriz,componentes_fracos,0.437,228.2,8
2026-10-02T11:53:26Z,data/samples/bfs_307642294_n1000.txt,1000,38064,matriz,componentes_fortes,0.370,228.2,9
2026-10-02T11:53:26Z,data/samples/bfs_307642294_n1000.txt,1000,26256,matriz,componentes_fracos,0.434,228.2,9
2026-10-02T11:53:26Z,data/samples/bfs_307642294_n1000.txt,1000,38064,matriz,componentes_fortes,0.370,228.2,10
2026-10-02T11:53:26Z,data/samples/bfs_307642294_n1000.txt,1000,26256,matriz,componentes_fracos,0.431,228.2,10
2026-10-02T11:53:26Z,data/samples/bfs_307642294_n1000.txt,1000,38064,matriz,componentes_fortes,0.365,228.2,11
2026-10-02T11:53:26Z,data/samples/bfs_307642294_n1000.txt,1000,26256,matriz,componentes_fracos,0.423,228.2,11
2026-10-02T11:53:26Z,data/samples/bfs_307642294_n1000.txt,1000,38064,matriz,ciclos,0.367,196.9,1
2026-10-02T11:53:26Z,data/samples/bfs_307642294_n1000.txt,1000,38064,matriz,ciclos,0.409,196.9,2
2026-10-02T11:53:26Z,data/samples/bfs_307642294_n1000.txt,1000,38064,matriz,ciclos,0.365,196.9,3
2026-10-02T11:53:26Z,data/samples/bfs_307642294_n1000.txt,1000,38064,matriz,ciclos,0.383,196.9,4
2026-10-02T11:53:26Z,data/samples/bfs_307642294_n1000.txt,1000,38064,matriz,ciclos,0.378,196.9,5
2026-10-02T11:53:26Z,data/samples/bfs_307642294_n1000.txt,1000,38064,matriz,ciclos,0.379,196.9,6
2026-10-02T11:53:27Z,data/samples/bfs_307642294_n1000.txt,1000,38064,matriz,ciclos,0.398,196.9,7
2026-10-02T11:53:27Z,data/samples/bfs_307642294_n1000.txt,1000,38064,matriz,ciclos,0.402,196.9,8
2026-10-02T11:53:27Z,data/samples/bfs_307642294_n1000.txt,1000,38064,matriz,ciclos,0.381,196.9,9
2026-10-02T11:53:27Z,data/samples/bfs_307642294_n1000.txt,1000,38064,matriz,ciclos,0.409,196.9,10
2026-10-02T11:53:27Z,data/samples/bfs_307642294_n1000.txt,1000,38064,matriz,ciclos,0.413,196.9,11
2026-10-02T11:53:27Z,data/samples/bfs_307642294_n1000.txt,1000,26256,matriz,bipartido,0.425,182.3,1
2026-10-02T11:53:27Z,data/samples/bfs_307642294_n1000.txt,1000,26256,matriz,bipartido,0.428,182.3,2
2026-10-02T11:53:27Z,data/samples/bfs_307642294_n1000.txt,1000,26256,matriz,bipartido,0.414,182.3,3
2026-10-02T11:53:27Z,data/samples/bfs_307642294_n1000.txt,1000,26256,matriz,bipartido,0.415,182.3,4
2026-10-02T11:53:27Z,data/samples/bfs_307642294_n1000.txt,1000,26256,matriz,bipartido,0.426,182.3,5
2026-10-02T11:53:27Z,data/samples/bfs_307642294_n1000.txt,1000,26256,matriz,bipartido,0.426,182.3,6
2026-10-02T11:53:27Z,data/samples/bfs_307642294_n1000.txt,1000,26256,matriz,bipartido,0.424,182.3,7
2026-10-02T11:53:27Z,data/samples/bfs_307642294_n1000.txt,1000,26256,matriz,bipartido,0.444,182.3,8
2026-10-02T11:53:27Z,data/samples/bfs_307642294_n1000.txt,1000,26256,matriz,bipartido,0.460,182.3,9
2026-10-02T11:53:27Z,data/samples/bfs_307642294_n1000.txt,1000,26256,matriz,bipartido,0.425,182.3,10
2026-10-02T11:53:27Z,data/samples/bfs_307642294_n1000.txt,1000,26256,matriz,bipartido,0.424,182.3,11
2026-10-02T11:53:27Z,data/samples/bfs_307642294_n1000.txt,1000,26256,matriz,articulacao,0.491,282.9,1
2026-10-02T11:53:27Z,data/samples/bfs_307642294_n1000.txt,1000,26256,matriz,articulacao,0.518,282.9,2
2026-10-02T11:53:27Z,data/samples/bfs_307642294_n1000.txt,1000,26256,matriz,articulacao,0.514,282.9,3
2026-10-02T11:53:27Z,data/samples/bfs_307642294_n1000.txt,1000,26256,matriz,articulacao,0.516,282.9,4
2026-10-02T11:53:27Z,data/samples/bfs_307642294_n1000.txt,1000,26256,matriz,articulacao,0.597,282.9,5
2026-10-02T11:53:27Z,data/samples/bfs_307642294_n1000.txt,1000,26256,matriz,articulacao,0.553,282.9,6
2026-10-02T11:53:27Z,data/samples/bfs_307642294_n1000.txt,1000,26256,matriz,articulacao,0.484,282.9,7
2026-10-02T11:53:27Z,data/samples/bfs_307642294_n1000.txt,1000,26256,matriz,articulacao,0.487,282.9,8
2026-10-02T11:53:27Z,data/samples/bfs_307642294_n1000.txt,1000,26256,matriz,articulacao,0.495,282.9,9
2026-10-02T11:53:27Z,data/samples/bfs_307642294_n1000.txt,1000,26256,matriz,articulacao,0.490,282.9,10
2026-10-02T11:53:27Z,data/samples/bfs_307642294_n1000.txt,1000,26256,matriz,articulacao,0.504,282.9,11
2026-10-02T11:53:27Z,data/samples/bfs_307642294_n100.txt,100,1920,lista,bfs,0.010,29.3,1
2026-10-02T11:53:27Z,data/samples/bfs_307642294_n100.txt,100,1920,lista,bfs,0.009,29.3,2
2026-10-02T11:53:27Z,data/samples/bfs_307642294_n100.txt,100,1920,lista,bfs,0.009,29.3,3
2026-10-02T11:53:27Z,data/samples/bfs_307642294_n100.txt,100,1920,lista,bfs,0.010,29.3,4
2026-10-02T11:53:27Z,data/samples/bfs_307642294_n100.txt,100,1920,lista,bfs,0.009,29.3,5
2026-10-02T11:53:27Z,data/samples/bfs_307642294_n100.txt,100,1920,lista,bfs,0.009,29.3,6
2026-10-02T11:53:27Z,data/samples/bfs_307642294_n100.txt,100,1920,lista,bfs,0.009,29.3,7
2026-10-02T11:53:27Z,data/samples/bfs_307642294_n100.txt,100,1920,lista,bfs,0.009,29.3,8
2026-10-02T11:53:27Z,data/samples/bfs_307642294_n100.txt,100,1920,lista,bfs,0.009,29.3,9
2026-10-02T11:53:27Z,data/samples/bfs_307642294_n100.txt,100,1920,lista,bfs,0.009,29.3,10
2026-10-02T11:53:27Z,data/samples/bfs_307642294_n100.txt,100,1920,lista,bfs,0.010,29.3,11
2026-10-02T11:53:27Z,data/samples/bfs_307642294_n100.txt,100,1920,lista,dfs,0.011,31.5,1
2026-10-02T11:53:27Z,data/samples/bfs_307642294_n100.txt,100,1920,lista,dfs,0.011,31.5,2
2026-10-02T11:53:27Z,data/samples/bfs_307642294_n100.txt,100,1920,lista,dfs,0.011,31.5,3
2026-10-02T11:53:27Z,data/samples/bfs_307642294_n100.txt,100,1920,lista,dfs,0.011,31.5,4
2026-10-02T11:53:27Z,data/samples/bfs_307642294_n100.txt,100,1920,lista,dfs,0.011,31.5,5
2026-10-02T11:53:27Z,data/samples/bfs_307642294_n100.txt,100,1920,lista,dfs,0.011,31.5,6
2026-10-02T11:53:27Z,data/samples/bfs_307642294_n100.txt,100,1920,lista,dfs,0.011,31.5,7
2026-10-02T11:53:27Z,data/samples/bfs_307642294_n100.txt,100,1920,lista,dfs,0.035,31.5,8
2026-10-02T11:53:27Z,data/samples/bfs_307642294_n100.txt,100,1920,lista,dfs,0.011,31.5,9
2026-10-02T11:53:27Z,data/samples/bfs_307642294_n100.txt,100,1920,lista,dfs,0.011,31.5,10
2026-10-02T11:53:27Z,data/samples/bfs_307642294_n100.txt,100,1920,lista,dfs,0.011,31.5,11
2026-10-02T11:53:27Z,data/samples/bfs_307642294_n100.txt,100,1920,lista,componentes_fortes,0.016,33.9,1
2026-10-02T11:53:27Z,data/samples/bfs_307642294_n100.txt,100,1257,lista,componentes_fracos,0.016,39.9,1
2026-10-02T11:53:27Z,data/samples/bfs_307642294_n100.txt,100,1920,lista,componentes_fortes,0.016,33.9,2
2026-10-02T11:53:27Z,data/samples/bfs_307642294_n100.txt,100,1257,lista,componentes_fracos,0.016,39.9,2
2026-10-02T11:53:27Z,data/samples/bfs_307642294_n100.txt,100,1920,lista,componentes_fortes,0.016,33.9,3
2026-10-02T11:53:27Z,data/samples/bfs_307642294_n100.txt,100,1257,lista,componentes_fracos,0.017,39.9,3
2026-10-02T11:53:27Z,data/samples/bfs_307642294_n100.txt,100,1920,lista,componentes_fortes,0.016,33.9,4
2026-10-02T11:53:27Z,data/samples/bfs_307642294_n100.txt,100,1257,lista,componentes_fracos,0.017,39.9,4
2026-10-02T11:53:27Z,data/samples/bfs_307642294_n100.txt,100,1920,lista,componentes_fortes,0.016,33.9,5
2026-10-02T11:53:27Z,data/samples/bfs_307642294_n100.txt,100,1257,lista,componentes_fracos,0.016,39.9,5
2026-10-02T11:53:27Z,data/samples/bfs_307642294_n100.txt,100,1920,lista,componentes_fortes,0.016,33.9,6
2026-10-02T11:53:27Z,data/samples/bfs_307642294_n100.txt,100,1257,lista,componentes_fracos,0.016,39.9,6
2026-10-02T11:53:27Z,data/samples/bfs_307642294_n100.txt,100,1920,lista,componentes_fortes,0.016,33.9,7
2026-10-02T11:53:27Z,data/samples/bfs_307642294_n100.txt,100,1257,lista,componentes_fracos,0.016,39.9,7
2026-10-02T11:53:27Z,data/samples/bfs_307642294_n100.txt,100,1920,lista,componentes_fortes,0.016,33.9,8
2026-10-02T11:53:27Z,data/samples/bfs_307642294_n100.txt,100,1257,lista,componentes_fracos,0.017,39.9,8
2026-10-02T11:53:27Z,data/samples/bfs_307642294_n100.txt,100,1920,lista,componentes_fortes,0.016,33.9,9
2026-10-02T11:53:27Z,data/samples/bfs_307642294_n100.txt,100,1257,lista,componentes_fracos,0.017,39.9,9
2026-10-02T11:53:27Z,data/samples/bfs_307642294_n100.txt,100,1920,lista,componentes_fortes,0.017,33.9,10
2026-10-02T11:53:27Z,data/samples/bfs_307642294_n100.txt,100,1257,lista,componentes_fracos,0.016,39.9,10
2026-10-02T11:53:27Z,data/samples/bfs_307642294_n100.txt,100,1920,lista,componentes_fortes,0.016,33.9,11
2026-10-02T11:53:27Z,data/samples/bfs_307642294_n100.txt,100,1257,lista,componentes_fracos,0.051,39.9,11
2026-10-02T11:53:27Z,data/samples/bfs_307642294_n100.txt,100,1920,lista,ciclos,0.016,30.8,1
2026-10-02T11:53:27Z,data/samples/bfs_307642294_n100.txt,100,1920,lista,ciclos,0.016,30.8,2
2026-10-02T11:53:27Z,data/samples/bfs_307642294_n100.txt,100,1920,lista,ciclos,0.017,30.8,3
2026-10-02T11:53:27Z,data/samples/bfs_307642294_n100.txt,100,1920,lista,ciclos,0.016,30.8,4
2026-10-02T11:53:27Z,data/samples/bfs_307642294_n100.txt,100,1920,lista,ciclos,0.017,30.8,5
2026-10-02T11:53:27Z,data/samples/bfs_307642294_n100.txt,100,1920,lista,ciclos,0.016,30.8,6
2026-10-02T11:53:27Z,data/samples/bfs_307642294_n100.txt,100,1920,lista,ciclos,0.016,30.8,7
2026-10-02T11:53:27Z,data/samples/bfs_307642294_n100.txt,100,1920,lista,ciclos,0.016,30.8,8
2026-10-02T11:53:27Z,data/samples/bfs_307642294_n100.txt,100,1920,lista,ciclos,0.016,30.8,9
2026-10-02T11:53:27Z,data/samples/bfs_307642294_n100.txt,100,1920,lista,ciclos,0.019,30.8,10
2026-10-02T11:53:27Z,data/samples/bfs_307642294_n100.txt,100,1920,lista,ciclos,0.017,30.8,11
2026-10-02T11:53:27Z,data/samples/bfs_307642294_n100.txt,100,1257,lista,bipartido,0.013,35.4,1
2026-10-02T11:53:27Z,data/samples/bfs_307642294_n100.txt,100,1257,lista,bipartido,0.013,35.4,2
2026-10-02T11:53:27Z,data/samples/bfs_307642294_n100.txt,100,1257,lista,bipartido,0.013,35.4,3
2026-10-02T11:53:27Z,data/samples/bfs_307642294_n100.txt,100,1257,lista,bipartido,0.013,35.4,4
2026-10-02T11:53:27Z,data/samples/bfs_307642294_n100.txt,100,1257,lista,bipartido,0.012,35.4,5
2026-10-02T11:53:27Z,data/samples/bfs_307642294_n100.txt,100,1257,lista,bipartido,0.012,35.4,6
2026-10-02T11:53:27Z,data/samples/bfs_307642294_n100.txt,100,1257,lista,bipartido,0.013,35.4,7
2026-10-02T11:53:27Z,data/samples/bfs_307642294_n100.txt,100,1257,lista,bipartido,0.012,35.4,8
2026-10-02T11:53:27Z,data/samples/bfs_307642294_n100.txt,100,1257,lista,bipartido,0.013,35.4,9
2026-10-02T11:53:27Z,data/samples/bfs_307642294_n100.txt,100,1257,lista,bipartido,0.013,35.4,10
2026-10-02T11:53:27Z,data/samples/bfs_307642294_n100.txt,100,1257,lista,bipartido,0.022,35.4,11
2026-10-02T11:53:27Z,data/samples/bfs_307642294_n100.txt,100,1257,lista,articulacao,0.022,45.4,1
2026-10-02T11:53:27Z,data/samples/bfs_307642294_n100.txt,100,1257,lista,articulacao,0.025,45.4,2
2026-10-02T11:53:27Z,data/samples/bfs_307642294_n100.txt,100,1257,lista,articulacao,0.024,45.4,3
2026-10-02T11:53:27Z,data/samples/bfs_307642294_n100.txt,100,1257,lista,articulacao,0.022,45.4,4
2026-10-02T11:53:27Z,data/samples/bfs_307642294_n100.txt,100,1257,lista,articulacao,0.024,45.4,5
2026-10-02T11:53:27Z,data/samples/bfs_307642294_n100.txt,100,1257,lista,articulacao,0.022,45.4,6
2026-10-02T11:53:27Z,data/samples/bfs_307642294_n100.txt,100,1257,lista,articulacao,0.025,45.4,7
2026-10-02T11:53:27Z,data/samples/bfs_307642294_n100.txt,100,1257,lista,articulacao,0.022,45.4,8
2026-10-02T11:53:27Z,data/samples/bfs_307642294_n100.txt,100,1257,lista,articulacao,0.022,45.4,9
2026-10-02T11:53:27Z,data/samples/bfs_307642294_n100.txt,100,1257,lista,articulacao,0.025,45.4,10
2026-10-02T11:53:27Z,data/samples/bfs_307642294_n100.txt,100,1257,lista,articulacao,0.024,45.4,11
2026-10-02T11:53:27Z,data/samples/bfs_307642294_n100.txt,100,1920,matriz,bfs,0.013,7.8,1
2026-10-02T11:53:27Z,data/samples/bfs_307642294_n100.txt,100,1920,matriz,bfs,0.013,7.8,2
2026-10-02T11:53:27Z,data/samples/bfs_307642294_n100.txt,100,1920,matriz,bfs,0.013,7.8,3
2026-10-02T11:53:27Z,data/samples/bfs_307642294_n100.txt,100,1920,matriz,bfs,0.013,7.8,4
2026-10-02T11:53:27Z,data/samples/bfs_307642294_n100.txt,100,1920,matriz,bfs,0.013,7.8,5
2026-10-02T11:53:27Z,data/samples/bfs_307642294_n100.txt,100,1920,matriz,bfs,0.013,7.8,6
2026-10-02T11:53:27Z,data/samples/bfs_307642294_n100.txt,100,1920,matriz,bfs,0.013,7.8,7
2026-10-02T11:53:27Z,data/samples/bfs_307642294_n100.txt,100,1920,matriz,bfs,0.013,7.8,8
2026-10-02T11:53:27Z,data/samples/bfs_307642294_n100.txt,100,1920,matriz,bfs,0.013,7.8,9
2026-10-02T11:53:27Z,data/samples/bfs_307642294_n100.txt,100,1920,matriz,bfs,0.013,7.8,10
2026-10-02T11:53:27Z,data/samples/bfs_307642294_n100.txt,100,1920,matriz,bfs,0.013,7.8,11
2026-10-02T11:53:27Z,data/samples/bfs_307642294_n100.txt,100,1920,matriz,dfs,0.014,10.1,1
2026-10-02T11:53:27Z,data/samples/bfs_307642294_n100.txt,100,1920,matriz,dfs,0.014,10.1,2
2026-10-02T11:53:27Z,data/samples/bfs_307642294_n100.txt,100,1920,matriz,dfs,0.014,10.1,3
2026-10-02T11:53:27Z,data/samples/bfs_307642294_n100.txt,100,1920,matriz,dfs,0.014,10.1,4
2026-10-02T11:53:27Z,data/samples/bfs_307642294_n100.txt,100,1920,matriz,dfs,0.014,10.1,5
2026-10-02T11:53:27Z,data/samples/bfs_307642294_n100.txt,100,1920,matriz,dfs,0.014,10.1,6
2026-10-02T11:53:27Z,data/samples/bfs_307642294_n100.txt,100,1920,matriz,dfs,0.014,10.1,7
2026-10-02T11:53:27Z,data/samples/bfs_307642294_n100.txt,100,1920,matriz,dfs,0.014,10.1,8
2026-10-02T11:53:27Z,data/samples/bfs_307642294_n100.txt,100,1920,matriz,dfs,0.014,10.1,9
2026-10-02T11:53:27Z,data/samples/bfs_307642294_n100.txt,100,1920,matriz,dfs,0.014,10.1,10
2026-10-02T11:53:27Z,data/samples/bfs_307642294_n100.txt,100,1920,matriz,dfs,0.014,10.1,11
2026-10-02T11:53:27Z,data/samples/bfs_307642294_n100.txt,100,1920,matriz,componentes_fortes,0.017,12.5,1
2026-10-02T11:53:27Z,data/samples/bfs_307642294_n100.txt,100,1257,matriz,componentes_fracos,0.018,12.5,1
2026-10-02T11:53:27Z,data/samples/bfs_307642294_n100.txt,100,1920,matriz,componentes_fortes,0.017,12.5,2
2026-10-02T11:53:27Z,data/samples/bfs_307642294_n100.txt,100,1257,matriz,componentes_fracos,0.018,12.5,2
2026-10-02T11:53:27Z,data/samples/bfs_307642294_n100.txt,100,1920,matriz,componentes_fortes,0.017,12.5,3
2026-10-02T11:53:27Z,data/samples/bfs_307642294_n100.txt,100,1257,matriz,componentes_fracos,0.018,12.5,3
2026-10-02T11:53:27Z,data/samples/bfs_307642294_n100.txt,100,1920,matriz,componentes_fortes,0.017,12.5,4
2026-10-02T11:53:27Z,data/samples/bfs_307642294_n100.txt,100,1257,matriz,componentes_fracos,0.018,12.5,4
2026-10-02T11:53:27Z,data/samples/bfs_307642294_n100.txt,100,1920,matriz,componentes_fortes,0.017,12.5,5
2026-10-02T11:53:27Z,data/samples/bfs_307642294_n100.txt,100,1257,matriz,componentes_fracos,0.018,12.5,5
2026-10-02T11:53:27Z,data/samples/bfs_307642294_n100.txt,100,1920,matriz,componentes_fortes,0.017,12.5,6
2026-10-02T11:53:27Z,data/samples/bfs_307642294_n100.txt,100,1257,matriz,componentes_fracos,0.018,12.5,6
2026-10-02T11:53:27Z,data/samples/bfs_307642294_n100.txt,100,1920,matriz,componentes_fortes,0.017,12.5,7
2026-10-02T11:53:27Z,data/samples/bfs_307642294_n100.txt,100,1257,matriz,componentes_fracos,0.018,12.5,7
2026-10-02T11:53:27Z,data/samples/bfs_307642294_n100.txt,100,1920,matriz,componentes_fortes,0.017,12.5,8
2026-10-02T11:53:27Z,data/samples/bfs_307642294_n100.txt,100,1257,matriz,componentes_fracos,0.018,12.5,8
2026-10-02T11:53:27Z,data/samples/bfs_307642294_n100.txt,100,1920,matriz,componentes_fortes,0.017,12.5,9
2026-10-02T11:53:27Z,data/samples/bfs_307642294_n100.txt,100,1257,matriz,componentes_fracos,0.018,12.5,9
2026-10-02T11:53:27Z,data/samples/bfs_307642294_n100.txt,100,1920,matriz,componentes_fortes,0.017,12.5,10
2026-10-02T11:53:27Z,data/samples/bfs_307642294_n100.txt,100,1257,matriz,componentes_fracos,0.043,12.5,10
2026-10-02T11:53:27Z,data/samples/bfs_307642294_n100.txt,100,1920,matriz,componentes_fortes,0.017,12.5,11
2026-10-02T11:53:27Z,data/samples/bfs_307642294_n100.txt,100,1257,matriz,componentes_fracos,0.018,12.5,11
2026-10-02T11:53:27Z,data/samples/bfs_307642294_n100.txt,100,1920,matriz,ciclos,0.042,9.4,1
2026-10-02T11:53:27Z,data/samples/bfs_307642294_n100.txt,100,1920,matriz,ciclos,0.018,9.4,2
2026-10-02T11:53:27Z,data/samples/bfs_307642294_n100.txt,100,1920,matriz,ciclos,0.018,9.4,3
2026-10-02T11:53:27Z,data/samples/bfs_307642294_n100.txt,100,1920,matriz,ciclos,0.018,9.4,4
2026-10-02T11:53:27Z,data/samples/bfs_307642294_n100.txt,100,1920,matriz,ciclos,0.018,9.4,5
2026-10-02T11:53:27Z,data/samples/bfs_307642294_n100.txt,100,1920,matriz,ciclos,0.018,9.4,6
2026-10-02T11:53:27Z,data/samples/bfs_307642294_n100.txt,100,1920,matriz,ciclos,0.019,9.4,7
2026-10-02T11:53:27Z,data/samples/bfs_307642294_n100.txt,100,1920,matriz,ciclos,0.018,9.4,8
2026-10-02T11:53:27Z,data/samples/bfs_307642294_n100.txt,100,1920,matriz,ciclos,0.019,9.4,9
2026-10-02T11:53:27Z,data/samples/bfs_307642294_n100.txt,100,1920,matriz,ciclos,0.018,9.4,10
2026-10-02T11:53:27Z,data/samples/bfs_307642294_n100.txt,100,1920,matriz,ciclos,0.018,9.4,11
2026-10-02T11:53:27Z,data/samples/bfs_307642294_n100.txt,100,1257,matriz,bipartido,0.017,8.0,1
2026-10-02T11:53:27Z,data/samples/bfs_307642294_n100.txt,100,1257,matriz,bipartido,0.017,8.0,2
2026-10-02T11:53:27Z,data/samples/bfs_307642294_n100.txt,100,1257,matriz,bipartido,0.017,8.0,3
2026-10-02T11:53:27Z,data/samples/bfs_307642294_n100.txt,100,1257,matriz,bipartido,0.017,8.0,4
2026-10-02T11:53:27Z,data/samples/bfs_307642294_n100.txt,100,1257,matriz,bipartido,0.017,8.0,5
2026-10-02T11:53:27Z,data/samples/bfs_307642294_n100.txt,100,1257,matriz,bipartido,0.017,8.0,6
2026-10-02T11:53:27Z,data/samples/bfs_307642294_n100.txt,100,1257,matriz,bipartido,0.017,8.0,7
2026-10-02T11:53:27Z,data/samples/bfs_307642294_n100.txt,100,1257,matriz,bipartido,0.017,8.0,8
2026-10-02T11:53:27Z,data/samples/bfs_307642294_n100.txt,100,1257,matriz,bipartido,0.017,8.0,9
2026-10-02T11:53:27Z,data/samples/bfs_307642294_n100.txt,100,1257,matriz,bipartido,0.017,8.0,10
2026-10-02T11:53:27Z,data/samples/bfs_307642294_n100.txt,100,1257,matriz,bipartido,0.017,8.0,11
2026-10-02T11:53:27Z,data/samples/bfs_307642294_n100.txt,100,1257,matriz,articulacao,0.022,18.0,1
2026-10-02T11:53:27Z,data/samples/bfs_307642294_n100.txt,100,1257,matriz,articulacao,0.023,18.0,2
2026-10-02T11:53:27Z,data/samples/bfs_307642294_n100.txt,100,1257,matriz,articulacao,0.022,18.0,3
2026-10-02T11:53:27Z,data/samples/bfs_307642294_n100.txt,100,1257,matriz,articulacao,0.023,18.0,4
2026-10-02T11:53:27Z,data/samples/bfs_307642294_n100.txt,100,1257,matriz,articulacao,0.022,18.0,5
2026-10-02T11:53:27Z,data/samples/bfs_307642294_n100.txt,100,1257,matriz,articulacao,0.022,18.0,6
2026-10-02T11:53:27Z,data/samples/bfs_307642294_n100.txt,100,1257,matriz,articulacao,0.022,18.0,7
2026-10-02T11:53:27Z,data/samples/bfs_307642294_n100.txt,100,1257,matriz,articulacao,0.022,18.0,8
2026-10-02T11:53:27Z,data/samples/bfs_307642294_n100.txt,100,1257,matriz,articulacao,0.023,18.0,9
2026-10-02T11:53:27Z,data/samples/bfs_307642294_n100.txt,100,1257,matriz,articulacao,0.022,18.0,10
2026-10-02T11:53:27Z,data/samples/bfs_307642294_n100.txt,100,1257,matriz,articulacao,0.023,18.0,11
2026-10-02T11:53:27Z,data/samples/bfs_307642294_n250.txt,250,6909,lista,bfs,0.030,95.3,1
2026-10-02T11:53:27Z,data/samples/bfs_307642294_n250.txt,250,6909,lista,bfs,0.030,95.3,2
2026-10-02T11:53:27Z,data/samples/bfs_307642294_n250.txt,250,6909,lista,bfs,0.030,95.3,3
2026-10-02T11:53:27Z,data/samples/bfs_307642294_n250.txt,250,6909,lista,bfs,0.030,95.3,4
2026-10-02T11:53:27Z,data/samples/bfs_307642294_n250.txt,250,6909,lista,bfs,0.030,95.3,5
2026-10-02T11:53:27Z,data/samples/bfs_307642294_n250.txt,250,6909,lista,bfs,0.030,95.3,6
2026-10-02T11:53:27Z,data/samples/bfs_307642294_n250.txt,250,6909,lista,bfs,0.032,95.3,7
2026-10-02T11:53:27Z,data/samples/bfs_307642294_n250.txt,250,6909,lista,bfs,0.030,95.3,8
2026-10-02T11:53:27Z,data/samples/bfs_307642294_n250.txt,250,6909,lista,bfs,0.055,95.3,9
2026-10-02T11:53:27Z,data/samples/bfs_307642294_n250.txt,250,6909,lista,bfs,0.030,95.3,10
2026-10-02T11:53:27Z,data/samples/bfs_307642294_n250.txt,250,6909,lista,bfs,0.030,95.3,11
2026-10-02T11:53:27Z,data/samples/bfs_307642294_n250.txt,250,6909,lista,dfs,0.036,101.0,1
2026-10-02T11:53:27Z,data/samples/bfs_307642294_n250.txt,250,6909,lista,dfs,0.036,101.0,2
2026-10-02T11:53:27Z,data/samples/bfs_307642294_n250.txt,250,6909,lista,dfs,0.036,101.0,3
2026-10-02T11:53:27Z,data/samples/bfs_307642294_n250.txt,250,6909,lista,dfs,0.044,101.0,4
2026-10-02T11:53:27Z,data/samples/bfs_307642294_n250.txt,250,6909,lista,dfs,0.036,101.0,5
2026-10-02T11:53:27Z,data/samples/bfs_307642294_n250.txt,250,6909,lista,dfs,0.036,101.0,6
2026-10-02T11:53:27Z,data/samples/bfs_307642294_n250.txt,250,6909,lista,dfs,0.036,101.0,7
2026-10-02T11:53:27Z,data/samples/bfs_307642294_n250.txt,250,6909,lista,dfs,0.036,101.0,8
2026-10-02T11:53:27Z,data/samples/bfs_307642294_n250.txt,250,6909,lista,dfs,0.036,101.0,9
2026-10-02T11:53:27Z,data/samples/bfs_307642294_n250.txt,250,6909,lista,dfs,0.036,101.0,10
2026-10-02T11:53:27Z,data/samples/bfs_307642294_n250.txt,250,6909,lista,dfs,0.036,101.0,11
2026-10-02T11:53:27Z,data/samples/bfs_307642294_n250.txt,250,6909,lista,componentes_fortes,0.049,107.1,1
2026-10-02T11:53:27Z,data/samples/bfs_307642294_n250.txt,250,4197,lista,componentes_fracos,0.053,121.5,1
2026-10-02T11:53:27Z,data/samples/bfs_307642294_n250.txt,250,6909,lista,componentes_fortes,0.058,107.1,2
2026-10-02T11:53:27Z,data/samples/bfs_307642294_n250.txt,250,4197,lista,componentes_fracos,0.053,121.5,2
2026-10-02T11:53:27Z,data/samples/bfs_307642294_n250.txt,250,6909,lista,componentes_fortes,0.047,107.1,3
2026-10-02T11:53:27Z,data/samples/bfs_307642294_n250.txt,250,4197,lista,componentes_fracos,0.055,121.5,3
2026-10-02T11:53:27Z,data/samples/bfs_307642294_n250.txt,250,6909,lista,componentes_fortes,0.047,107.1,4
2026-10-02T11:53:27Z,data/samples/bfs_307642294_n250.txt,250,4197,lista,componentes_fracos,0.055,121.5,4
2026-10-02T11:53:27Z,data/samples/bfs_307642294_n250.txt,250,6909,lista,componentes_fortes,0.047,107.1,5
2026-10-02T11:53:27Z,data/samples/bfs_307642294_n250.txt,250,4197,lista,componentes_fracos,0.056,121.5,5
2026-10-02T11:53:27Z,data/samples/bfs_307642294_n250.txt,250,6909,lista,componentes_fortes,0.047,107.1,6
2026-10-02T11:53:27Z,data/samples/bfs_307642294_n250.txt,250,4197,lista,componentes_fracos,0.052,121.5,6
2026-10-02T11:53:27Z,data/samples/bfs_307642294_n250.txt,250,6909,lista,componentes_fortes,0.047,107.1,7
2026-10-02T11:53:27Z,data/samples/bfs_307642294_n250.txt,250,4197,lista,componentes_fracos,0.052,121.5,7
2026-10-02T11:53:27Z,data/samples/bfs_307642294_n250.txt,250,6909,lista,componentes_fortes,0.047,107.1,8
2026-10-02T11:53:27Z,data/samples/bfs_307642294_n250.txt,250,4197,lista,componentes_fracos,0.107,121.5,8
2026-10-02T11:53:27Z,data/samples/bfs_307642294_n250.txt,250,6909,lista,componentes_fortes,0.052,107.1,9
2026-10-02T11:53:27Z,data/samples/bfs_307642294_n250.txt,250,4197,lista,componentes_fracos,0.076,121.5,9
2026-10-02T11:53:27Z,data/samples/bfs_307642294_n250.txt,250,6909,lista,componentes_fortes,0.051,107.1,10
2026-10-02T11:53:27Z,data/samples/bfs_307642294_n250.txt,250,4197,lista,componentes_fracos,0.053,121.5,10
2026-10-02T11:53:27Z,data/samples/bfs_307642294_n250.txt,250,6909,lista,componentes_fortes,0.048,107.1,11
2026-10-02T11:53:27Z,data/samples/bfs_307642294_n250.txt,250,4197,lista,componentes_fracos,0.052,121.5,11
2026-10-02T11:53:27Z,data/samples/bfs_307642294_n250.txt,250,6909,lista,ciclos,0.054,99.3,1
2026-10-02T11:53:27Z,data/samples/bfs_307642294_n250.txt,250,6909,lista,ciclos,0.047,99.3,2
2026-10-02T11:53:27Z,data/samples/bfs_307642294_n250.txt,250,6909,lista,ciclos,0.047,99.3,3
2026-10-02T11:53:27Z,data/samples/bfs_307642294_n250.txt,250,6909,lista,ciclos,0.047,99.3,4
2026-10-02T11:53:27Z,data/samples/bfs_307642294_n250.txt,250,6909,lista,ciclos,0.046,99.3,5
2026-10-02T11:53:27Z,data/samples/bfs_307642294_n250.txt,250,6909,lista,ciclos,0.047,99.3,6
2026-10-02T11:53:27Z,data/samples/bfs_307642294_n250.txt,250,6909,lista,ciclos,0.046,99.3,7
2026-10-02T11:53:27Z,data/samples/bfs_307642294_n250.txt,250,6909,lista,ciclos,0.046,99.3,8
2026-10-02T11:53:27Z,data/samples/bfs_307642294_n250.txt,250,6909,lista,ciclos,0.046,99.3,9
2026-10-02T11:53:27Z,data/samples/bfs_307642294_n250.txt,250,6909,lista,ciclos,0.047,99.3,10
2026-10-02T11:53:27Z,data/samples/bfs_307642294_n250.txt,250,6909,lista,ciclos,0.047,99.3,11
2026-10-02T11:53:27Z,data/samples/bfs_307642294_n250.txt,250,4197,lista,bipartido,0.069,110.1,1
2026-10-02T11:53:27Z,data/samples/bfs_307642294_n250.txt,250,4197,lista,bipartido,0.059,110.1,2
2026-10-02T11:53:27Z,data/samples/bfs_307642294_n250.txt,250,4197,lista,bipartido,0.059,110.1,3
2026-10-02T11:53:27Z,data/samples/bfs_307642294_n250.txt,250,4197,lista,bipartido,0.059,110.1,4
2026-10-02T11:53:27Z,data/samples/bfs_307642294_n250.txt,250,4197,lista,bipartido,0.059,110.1,5
2026-10-02T11:53:27Z,data/samples/bfs_307642294_n250.txt,250,4197,lista,bipartido,0.059,110.1,6
2026-10-02T11:53:27Z,data/samples/bfs_307642294_n250.txt,250,4197,lista,bipartido,0.058,110.1,7
2026-10-02T11:53:27Z,data/samples/bfs_307642294_n250.txt,250,4197,lista,bipartido,0.058,110.1,8
2026-10-02T11:53:27Z,data/samples/bfs_307642294_n250.txt,250,4197,lista,bipartido,0.059,110.1,9
2026-10-02T11:53:27Z,data/samples/bfs_307642294_n250.txt,250,4197,lista,bipartido,0.059,110.1,10
2026-10-02T11:53:27Z,data/samples/bfs_307642294_n250.txt,250,4197,lista,bipartido,0.061,110.1,11
2026-10-02T11:53:27Z,data/samples/bfs_307642294_n250.txt,250,4197,lista,articulacao,0.067,135.2,1
2026-10-02T11:53:27Z,data/samples/bfs_307642294_n250.txt,250,4197,lista,articulacao,0.073,135.2,2
2026-10-02T11:53:27Z,data/samples/bfs_307642294_n250.txt,250,4197,lista,articulacao,0.063,135.2,3
2026-10-02T11:53:27Z,data/samples/bfs_307642294_n250.txt,250,4197,lista,articulacao,0.063,135.2,4
2026-10-02T11:53:27Z,data/samples/bfs_307642294_n250.txt,250,4197,lista,articulacao,0.063,135.2,5
2026-10-02T11:53:27Z,data/samples/bfs_307642294_n250.txt,250,4197,lista,articulacao,0.063,135.2,6
2026-10-02T11:53:27Z,data/samples/bfs_307642294_n250.txt,250,4197,lista,articulacao,0.062,135.2,7
2026-10-02T11:53:27Z,data/samples/bfs_307642294_n250.txt,250,4197,lista,articulacao,0.063,135.2,8
2026-10-02T11:53:27Z,data/samples/bfs_307642294_n250.txt,250,4197,lista,articulacao,0.063,135.2,9
2026-10-02T11:53:27Z,data/samples/bfs_307642294_n250.txt,250,4197,lista,articulacao,0.062,135.2,10
2026-10-02T11:53:27Z,data/samples/bfs_307642294_n250.txt,250,4197,lista,articulacao,0.063,135.2,11
2026-10-02T11:53:27Z,data/samples/bfs_307642294_n250.txt,250,6909,matriz,bfs,0.046,21.9,1
2026-10-02T11:53:27Z,data/samples/bfs_307642294_n250.txt,250,6909,matriz,bfs,0.045,21.9,2
2026-10-02T11:53:27Z,data/samples/bfs_307642294_n250.txt,250,6909,matriz,bfs,0.046,21.9,3
2026-10-02T11:53:27Z,data/samples/bfs_307642294_n250.txt,250,6909,matriz,bfs,0.046,21.9,4
2026-10-02T11:53:27Z,data/samples/bfs_307642294_n250.txt,250,6909,matriz,bfs,0.045,21.9,5
2026-10-02T11:53:27Z,data/samples/bfs_307642294_n250.txt,250,6909,matriz,bfs,0.046,21.9,6
2026-10-02T11:53:27Z,data/samples/bfs_307642294_n250.txt,250,6909,matriz,bfs,0.045,21.9,7
2026-10-02T11:53:27Z,data/samples/bfs_307642294_n250.txt,250,6909,matriz,bfs,0.045,21.9,8
2026-10-02T11:53:27Z,data/samples/bfs_307642294_n250.txt,250,6909,matriz,bfs,0.045,21.9,9
2026-10-02T11:53:27Z,data/samples/bfs_307642294_n250.txt,250,6909,matriz,bfs,0.045,21.9,10
2026-10-02T11:53:27Z,data/samples/bfs_307642294_n250.txt,250,6909,matriz,bfs,0.046,21.9,11
2026-10-02T11:53:27Z,data/samples/bfs_307642294_n250.txt,250,6909,matriz,dfs,0.049,27.5,1
2026-10-02T11:53:27Z,data/samples/bfs_307642294_n250.txt,250,6909,matriz,dfs,0.049,27.5,2
2026-10-02T11:53:27Z,data/samples/bfs_307642294_n250.txt,250,6909,matriz,dfs,0.049,27.5,3
2026-10-02T11:53:27Z,data/samples/bfs_307642294_n250.txt,250,6909,matriz,dfs,0.049,27.5,4
2026-10-02T11:53:27Z,data/samples/bfs_307642294_n250.txt,250,6909,matriz,dfs,0.061,27.5,5
2026-10-02T11:53:27Z,data/samples/bfs_307642294_n250.txt,250,6909,matriz,dfs,0.049,27.5,6
2026-10-02T11:53:27Z,data/samples/bfs_307642294_n250.txt,250,6909,matriz,dfs,0.049,27.5,7
2026-10-02T11:53:27Z,data/samples/bfs_307642294_n250.txt,250,6909,matriz,dfs,0.049,27.5,8
2026-10-02T11:53:27Z,data/samples/bfs_307642294_n250.txt,250,6909,matriz,dfs,0.049,27.5,9
2026-10-02T11:53:27Z,data/samples/bfs_307642294_n250.txt,250,6909,matriz,dfs,0.048,27.5,10
2026-10-02T11:53:27Z,data/samples/bfs_307642294_n250.txt,250,6909,matriz,dfs,0.049,27.5,11
2026-10-02T11:53:27Z,data/samples/bfs_307642294_n250.txt,250,6909,matriz,componentes_fortes,0.055,33.7,1
2026-10-02T11:53:27Z,data/samples/bfs_307642294_n250.txt,250,4197,matriz,componentes_fracos,0.060,33.7,1
2026-10-02T11:53:27Z,data/samples/bfs_307642294_n250.txt,250,6909,matriz,componentes_fortes,0.055,33.7,2
2026-10-02T11:53:27Z,data/samples/bfs_307642294_n250.txt,250,4197,matriz,componentes_fracos,0.061,33.7,2
2026-10-02T11:53:27Z,data/samples/bfs_307642294_n250.txt,250,6909,matriz,componentes_fortes,0.054,33.7,3
2026-10-02T11:53:27Z,data/samples/bfs_307642294_n250.txt,250,4197,matriz,componentes_fracos,0.060,33.7,3
2026-10-02T11:53:27Z,data/samples/bfs_307642294_n250.txt,250,6909,matriz,componentes_fortes,0.055,33.7,4
2026-10-02T11:53:27Z,data/samples/bfs_307642294_n250.txt,250,4197,matriz,componentes_fracos,0.061,33.7,4
2026-10-02T11:53:27Z,data/samples/bfs_307642294_n250.txt,250,6909,matriz,componentes_fortes,0.054,33.7,5
2026-10-02T11:53:27Z,data/samples/bfs_307642294_n250.txt,250,4197,matriz,componentes_fracos,0.061,33.7,5
2026-10-02T11:53:27Z,data/samples/bfs_307642294_n250.txt,250,6909,matriz,componentes_fortes,0.055,33.7,6
2026-10-02T11:53:27Z,data/samples/bfs_307642294_n250.txt,250,4197,matriz,componentes_fracos,0.060,33.7,6
2026-10-02T11:53:27Z,data/samples/bfs_307642294_n250.txt,250,6909,matriz,componentes_fortes,0.054,33.7,7
2026-10-02T11:53:27Z,data/samples/bfs_307642294_n250.txt,250,4197,matriz,componentes_fracos,0.060,33.7,7
2026-10-02T11:53:27Z,data/samples/bfs_307642294_n250.txt,250,6909,matriz,componentes_fortes,0.059,33.7,8
2026-10-02T11:53:27Z,data/samples/bfs_307642294_n250.txt,250,4197,matriz,componentes_fracos,0.060,33.7,8
2026-10-02T11:53:27Z,data/samples/bfs_307642294_n250.txt,250,6909,matriz,componentes_fortes,0.054,33.7,9
2026-10-02T11:53:27Z,data/samples/bfs_307642294_n250.txt,250,4197,matriz,componentes_fracos,0.061,33.7,9
2026-10-02T11:53:27Z,data/samples/bfs_307642294_n250.txt,250,6909,matriz,componentes_fortes,0.054,33.7,10
2026-10-02T11:53:27Z,data/samples/bfs_307642294_n250.txt,250,4197,matriz,componentes_fracos,0.060,33.7,10
2026-10-02T11:53:27Z,data/samples/bfs_307642294_n250.txt,250,6909,matriz,componentes_fortes,0.054,33.7,11
2026-10-02T11:53:27Z,data/samples/bfs_307642294_n250.txt,250,4197,matriz,componentes_fracos,0.061,33.7,11
2026-10-02T11:53:27Z,data/samples/bfs_307642294_n250.txt,250,6909,matriz,ciclos,0.057,25.9,1
2026-10-02T11:53:27Z,data/samples/bfs_307642294_n250.txt,250,6909,matriz,ciclos,0.057,25.9,2
2026-10-02T11:53:27Z,data/samples/bfs_307642294_n250.txt,250,6909,matriz,ciclos,0.057,25.9,3
2026-10-02T11:53:27Z,data/samples/bfs_307642294_n250.txt,250,6909,matriz,ciclos,0.057,25.9,4
2026-10-02T11:53:27Z,data/samples/bfs_307642294_n250.txt,250,6909,matriz,ciclos,0.057,25.9,5
2026-10-02T11:53:27Z,data/samples/bfs_307642294_n250.txt,250,6909,matriz,ciclos,0.062,25.9,6
2026-10-02T11:53:27Z,data/samples/bfs_307642294_n250.txt,250,6909,matriz,ciclos,0.058,25.9,7
2026-10-02T11:53:27Z,data/samples/bfs_307642294_n250.txt,250,6909,matriz,ciclos,0.057,25.9,8
2026-10-02T11:53:27Z,data/samples/bfs_307642294_n250.txt,250,6909,matriz,ciclos,0.057,25.9,9
2026-10-02T11:53:27Z,data/samples/bfs_307642294_n250.txt,250,6909,matriz,ciclos,0.057,25.9,10
2026-10-02T11:53:27Z,data/samples/bfs_307642294_n250.txt,250,6909,matriz,ciclos,0.057,25.9,11
2026-10-02T11:53:27Z,data/samples/bfs_307642294_n250.txt,250,4197,matriz,bipartido,0.074,22.2,1
2026-10-02T11:53:27Z,data/samples/bfs_307642294_n250.txt,250,4197,matriz,bipartido,0.073,22.2,2
2026-10-02T11:53:27Z,data/samples/bfs_307642294_n250.txt,250,4197,matriz,bipartido,0.073,22.2,3
2026-10-02T11:53:27Z,data/samples/bfs_307642294_n250.txt,250,4197,matriz,bipartido,0.073,22.2,4
2026-10-02T11:53:27Z,data/samples/bfs_307642294_n250.txt,250,4197,matriz,bipartido,0.072,22.2,5
2026-10-02T11:53:27Z,data/samples/bfs_307642294_n250.txt,250,4197,matriz,bipartido,0.073,22.2,6
2026-10-02T11:53:27Z,data/samples/bfs_307642294_n250.txt,250,4197,matriz,bipartido,0.073,22.2,7
2026-10-02T11:53:27Z,data/samples/bfs_307642294_n250.txt,250,4197,matriz,bipartido,0.073,22.2,8
2026-10-02T11:53:27Z,data/samples/bfs_307642294_n250.txt,250,4197,matriz,bipartido,0.073,22.2,9
2026-10-02T11:53:27Z,data/samples/bfs_307642294_n250.txt,250,4197,matriz,bipartido,0.077,22.2,10
2026-10-02T11:53:27Z,data/samples/bfs_307642294_n250.txt,250,4197,matriz,bipartido,0.073,22.2,11
2026-10-02T11:53:27Z,data/samples/bfs_307642294_n250.txt,250,4197,matriz,articulacao,0.066,47.3,1
2026-10-02T11:53:27Z,data/samples/bfs_307642294_n250.txt,250,4197,matriz,articulacao,0.066,47.3,2
2026-10-02T11:53:27Z,data/samples/bfs_307642294_n250.txt,250,4197,matriz,articulacao,0.065,47.3,3
2026-10-02T11:53:27Z,data/samples/bfs_307642294_n250.txt,250,4197,matriz,articulacao,0.066,47.3,4
2026-10-02T11:53:27Z,data/samples/bfs_307642294_n250.txt,250,4197,matriz,articulacao,0.065,47.3,5
2026-10-02T11:53:27Z,data/samples/bfs_307642294_n250.txt,250,4197,matriz,articulacao,0.066,47.3,6
2026-10-02T11:53:27Z,data/samples/bfs_307642294_n250.txt,250,4197,matriz,articulacao,0.066,47.3,7
2026-10-02T11:53:27Z,data/samples/bfs_307642294_n250.txt,250,4197,matriz,articulacao,0.065,47.3,8
2026-10-02T11:53:27Z,data/samples/bfs_307642294_n250.txt,250,4197,matriz,articulacao,0.065,47.3,9
2026-10-02T11:53:27Z,data/samples/bfs_307642294_n250.txt,250,4197,matriz,articulacao,0.065,47.3,10
2026-10-02T11:53:27Z,data/samples/bfs_307642294_n250.txt,250,4197,matriz,articulacao,0.066,47.3,11
2026-10-02T11:53:27Z,data/samples/bfs_307642294_n500.txt,500,15897,lista,bfs,0.072,212.0,1
2026-10-02T11:53:27Z,data/samples/bfs_307642294_n500.txt,500,15897,lista,bfs,0.066,212.0,2
2026-10-02T11:53:27Z,data/samples/bfs_307642294_n500.txt,500,15897,lista,bfs,0.065,212.0,3
2026-10-02T11:53:27Z,data/samples/bfs_307642294_n500.txt,500,15897,lista,bfs,0.065,212.0,4
2026-10-02T11:53:27Z,data/samples/bfs_307642294_n500.txt,500,15897,lista,bfs,0.065,212.0,5
2026-10-02T11:53:27Z,data/samples/bfs_307642294_n500.txt,500,15897,lista,bfs,0.065,212.0,6
2026-10-02T11:53:27Z,data/samples/bfs_307642294_n500.txt,500,15897,lista,bfs,0.065,212.0,7
2026-10-02T11:53:27Z,data/samples/bfs_307642294_n500.txt,500,15897,lista,bfs,0.067,212.0,8
2026-10-02T11:53:27Z,data/samples/bfs_307642294_n500.txt,500,15897,lista,bfs,0.074,212.0,9
2026-10-02T11:53:27Z,data/samples/bfs_307642294_n500.txt,500,15897,lista,bfs,0.065,212.0,10
2026-10-02T11:53:27Z,data/samples/bfs_307642294_n500.txt,500,15897,lista,bfs,0.065,212.0,11
2026-10-02T11:53:27Z,data/samples/bfs_307642294_n500.txt,500,15897,lista,dfs,0.080,223.2,1
2026-10-02T11:53:27Z,data/samples/bfs_307642294_n500.txt,500,15897,lista,dfs,0.079,223.2,2
2026-10-02T11:53:27Z,data/samples/bfs_307642294_n500.txt,500,15897,lista,dfs,0.081,223.2,3
2026-10-02T11:53:27Z,data/samples/bfs_307642294_n500.txt,500,15897,lista,dfs,0.078,223.2,4
2026-10-02T11:53:27Z,data/samples/bfs_307642294_n500.txt,500,15897,lista,dfs,0.078,223.2,5
2026-10-02T11:53:27Z,data/samples/bfs_307642294_n500.txt,500,15897,lista,dfs,0.081,223.2,6
2026-10-02T11:53:27Z,data/samples/bfs_307642294_n500.txt,500,15897,lista,dfs,0.085,223.2,7
2026-10-02T11:53:27Z,data/samples/bfs_307642294_n500.txt,500,15897,lista,dfs,0.083,223.2,8
2026-10-02T11:53:27Z,data/samples/bfs_307642294_n500.txt,500,15897,lista,dfs,0.079,223.2,9
2026-10-02T11:53:28Z,data/samples/bfs_307642294_n500.txt,500,15897,lista,dfs,0.077,223.2,10
2026-10-02T11:53:28Z,data/samples/bfs_307642294_n500.txt,500,15897,lista,dfs,0.079,223.2,11
2026-10-02T11:53:28Z,data/samples/bfs_307642294_n500.txt,500,15897,lista,componentes_fortes,0.107,235.4,1
2026-10-02T11:53:28Z,data/samples/bfs_307642294_n500.txt,500,10594,lista,componentes_fracos,0.121,295.6,1
2026-10-02T11:53:28Z,data/samples/bfs_307642294_n500.txt,500,15897,lista,componentes_fortes,0.101,235.4,2
2026-10-02T11:53:28Z,data/samples/bfs_307642294_n500.txt,500,10594,lista,componentes_fracos,0.123,295.6,2
2026-10-02T11:53:28Z,data/samples/bfs_307642294_n500.txt,500,15897,lista,componentes_fortes,0.105,235.4,3
2026-10-02T11:53:28Z,data/samples/bfs_307642294_n500.txt,500,10594,lista,componentes_fracos,0.126,295.6,3
2026-10-02T11:53:28Z,data/samples/bfs_307642294_n500.txt,500,15897,lista,componentes_fortes,0.105,235.4,4
2026-10-02T11:53:28Z,data/samples/bfs_307642294_n500.txt,500,10594,lista,componentes_fracos,0.126,295.6,4
2026-10-02T11:53:28Z,data/samples/bfs_307642294_n500.txt,500,15897,lista,componentes_fortes,0.104,235.4,5
2026-10-02T11:53:28Z,data/samples/bfs_307642294_n500.txt,500,10594,lista,componentes_fracos,0.120,295.6,5
2026-10-02T11:53:28Z,data/samples/bfs_307642294_n500.txt,500,15897,lista,componentes_fortes,0.106,235.4,6
2026-10-02T11:53:28Z,data/samples/bfs_307642294_n500.txt,500,10594,lista,componentes_fracos,0.136,295.6,6
2026-10-02T11:53:28Z,data/samples/bfs_307642294_n500.txt,500,15897,lista,componentes_fortes,0.103,235.4,7
2026-10-02T11:53:28Z,data/samples/bfs_307642294_n500.txt,500,10594,lista,componentes_fracos,0.121,295.6,7
2026-10-02T11:53:28Z,data/samples/bfs_307642294_n500.txt,500,15897,lista,componentes_fortes,0.103,235.4,8
2026-10-02T11:53:28Z,data/samples/bfs_307642294_n500.txt,500,10594,lista,componentes_fracos,0.146,295.6,8
2026-10-02T11:53:28Z,data/samples/bfs_307642294_n500.txt,500,15897,lista,componentes_fortes,0.102,235.4,9
2026-10-02T11:53:28Z,data/samples/bfs_307642294_n500.txt,500,10594,lista,componentes_fracos,0.120,295.6,9
2026-10-02T11:53:28Z,data/samples/bfs_307642294_n500.txt,500,15897,lista,componentes_fortes,0.104,235.4,10
2026-10-02T11:53:28Z,data/samples/bfs_307642294_n500.txt,500,10594,lista,componentes_fracos,0.122,295.6,10
2026-10-02T11:53:28Z,data/samples/bfs_307642294_n500.txt,500,15897,lista,componentes_fortes,0.101,235.4,11
2026-10-02T11:53:28Z,data/samples/bfs_307642294_n500.txt,500,10594,lista,componentes_fracos,0.123,295.6,11
2026-10-02T11:53:28Z,data/samples/bfs_307642294_n500.txt,500,15897,lista,ciclos,0.099,219.8,1
2026-10-02T11:53:28Z,data/samples/bfs_307642294_n500.txt,500,15897,lista,ciclos,0.099,219.8,2
2026-10-02T11:53:28Z,data/samples/bfs_307642294_n500.txt,500,15897,lista,ciclos,0.099,219.8,3
2026-10-02T11:53:28Z,data/samples/bfs_307642294_n500.txt,500,15897,lista,ciclos,0.099,219.8,4
2026-10-02T11:53:28Z,data/samples/bfs_307642294_n500.txt,500,15897,lista,ciclos,0.102,219.8,5
2026-10-02T11:53:28Z,data/samples/bfs_307642294_n500.txt,500,15897,lista,ciclos,0.102,219.8,6
2026-10-02T11:53:28Z,data/samples/bfs_307642294_n500.txt,500,15897,lista,ciclos,0.118,219.8,7
2026-10-02T11:53:28Z,data/samples/bfs_307642294_n500.txt,500,15897,lista,ciclos,0.122,219.8,8
2026-10-02T11:53:28Z,data/samples/bfs_307642294_n500.txt,500,15897,lista,ciclos,0.099,219.8,9
2026-10-02T11:53:28Z,data/samples/bfs_307642294_n500.txt,500,15897,lista,ciclos,0.099,219.8,10
2026-10-02T11:53:28Z,data/samples/bfs_307642294_n500.txt,500,15897,lista,ciclos,0.099,219.8,11
2026-10-02T11:53:28Z,data/samples/bfs_307642294_n500.txt,500,10594,lista,bipartido,0.114,272.7,1
2026-10-02T11:53:28Z,data/samples/bfs_307642294_n500.txt,500,10594,lista,bipartido,0.117,272.7,2
2026-10-02T11:53:28Z,data/samples/bfs_307642294_n500.txt,500,10594,lista,bipartido,0.121,272.7,3
2026-10-02T11:53:28Z,data/samples/bfs_307642294_n500.txt,500,10594,lista,bipartido,0.117,272.7,4
2026-10-02T11:53:28Z,data/samples/bfs_307642294_n500.txt,500,10594,lista,bipartido,0.118,272.7,5
2026-10-02T11:53:28Z,data/samples/bfs_307642294_n500.txt,500,10594,lista,bipartido,0.126,272.7,6
2026-10-02T11:53:28Z,data/samples/bfs_307642294_n500.txt,500,10594,lista,bipartido,0.132,272.7,7
2026-10-02T11:53:28Z,data/samples/bfs_307642294_n500.txt,500,10594,lista,bipartido,0.117,272.7,8
2026-10-02T11:53:28Z,data/samples/bfs_307642294_n500.txt,500,10594,lista,bipartido,0.117,272.7,9
2026-10-02T11:53:28Z,data/samples/bfs_307642294_n500.txt,500,10594,lista,bipartido,0.117,272.7,10
2026-10-02T11:53:28Z,data/samples/bfs_307642294_n500.txt,500,10594,lista,bipartido,0.118,272.7,11
2026-10-02T11:53:28Z,data/samples/bfs_307642294_n500.txt,500,10594,lista,articulacao,0.164,323.0,1
2026-10-02T11:53:28Z,data/samples/bfs_307642294_n500.txt,500,10594,lista,articulacao,0.147,323.0,2
2026-10-02T11:53:28Z,data/samples/bfs_307642294_n500.txt,500,10594,lista,articulacao,0.145,323.0,3
2026-10-02T11:53:28Z,data/samples/bfs_307642294_n500.txt,500,10594,lista,articulacao,0.143,323.0,4
2026-10-02T11:53:28Z,data/samples/bfs_307642294_n500.txt,500,10594,lista,articulacao,0.143,323.0,5
2026-10-02T11:53:28Z,data/samples/bfs_307642294_n500.txt,500,10594,lista,articulacao,0.146,323.0,6
2026-10-02T11:53:28Z,data/samples/bfs_307642294_n500.txt,500,10594,lista,articulacao,0.145,323.0,7
2026-10-02T11:53:28Z,data/samples/bfs_307642294_n500.txt,500,10594,lista,articulacao,0.146,323.0,8
2026-10-02T11:53:28Z,data/samples/bfs_307642294_n500.txt,500,10594,lista,articulacao,0.143,323.0,9
2026-10-02T11:53:28Z,data/samples/bfs_307642294_n500.txt,500,10594,lista,articulacao,0.144,323.0,10
2026-10-02T11:53:28Z,data/samples/bfs_307642294_n500.txt,500,10594,lista,articulacao,0.149,323.0,11
2026-10-02T11:53:28Z,data/samples/bfs_307642294_n500.txt,500,15897,matriz,bfs,0.114,59.4,1
2026-10-02T11:53:28Z,data/samples/bfs_307642294_n500.txt,500,15897,matriz,bfs,0.114,59.4,2
2026-10-02T11:53:28Z,data/samples/bfs_307642294_n500.txt,500,15897,matriz,bfs,0.114,59.4,3
2026-10-02T11:53:28Z,data/samples/bfs_307642294_n500.txt,500,15897,matriz,bfs,0.115,59.4,4
2026-10-02T11:53:28Z,data/samples/bfs_307642294_n500.txt,500,15897,matriz,bfs,0.114,59.4,5
2026-10-02T11:53:28Z,data/samples/bfs_307642294_n500.txt,500,15897,matriz,bfs,0.125,59.4,6
2026-10-02T11:53:28Z,data/samples/bfs_307642294_n500.txt,500,15897,matriz,bfs,0.114,59.4,7
2026-10-02T11:53:28Z,data/samples/bfs_307642294_n500.txt,500,15897,matriz,bfs,0.115,59.4,8
2026-10-02T11:53:28Z,data/samples/bfs_307642294_n500.txt,500,15897,matriz,bfs,0.115,59.4,9
2026-10-02T11:53:28Z,data/samples/bfs_307642294_n500.txt,500,15897,matriz,bfs,0.114,59.4,10
2026-10-02T11:53:28Z,data/samples/bfs_307642294_n500.txt,500,15897,matriz,bfs,0.114,59.4,11
2026-10-02T11:53:28Z,data/samples/bfs_307642294_n500.txt,500,15897,matriz,dfs,0.127,70.7,1
2026-10-02T11:53:28Z,data/samples/bfs_307642294_n500.txt,500,15897,matriz,dfs,0.131,70.7,2
2026-10-02T11:53:28Z,data/samples/bfs_307642294_n500.txt,500,15897,matriz,dfs,0.126,70.7,3
2026-10-02T11:53:28Z,data/samples/bfs_307642294_n500.txt,500,15897,matriz,dfs,0.126,70.7,4
2026-10-02T11:53:28Z,data/samples/bfs_307642294_n500.txt,500,15897,matriz,dfs,0.127,70.7,5
2026-10-02T11:53:28Z,data/samples/bfs_307642294_n500.txt,500,15897,matriz,dfs,0.127,70.7,6
2026-10-02T11:53:28Z,data/samples/bfs_307642294_n500.txt,500,15897,matriz,dfs,0.137,70.7,7
2026-10-02T11:53:28Z,data/samples/bfs_307642294_n500.txt,500,15897,matriz,dfs,0.179,70.7,8
2026-10-02T11:53:28Z,data/samples/bfs_307642294_n500.txt,500,15897,matriz,dfs,0.127,70.7,9
2026-10-02T11:53:28Z,data/samples/bfs_307642294_n500.txt,500,15897,matriz,dfs,0.138,70.7,10
2026-10-02T11:53:28Z,data/samples/bfs_307642294_n500.txt,500,15897,matriz,dfs,0.126,70.7,11
2026-10-02T11:53:28Z,data/samples/bfs_307642294_n500.txt,500,15897,matriz,componentes_fortes,0.157,82.9,1
2026-10-02T11:53:28Z,data/samples/bfs_307642294_n500.txt,500,10594,matriz,componentes_fracos,0.163,82.9,1
2026-10-02T11:53:28Z,data/samples/bfs_307642294_n500.txt,500,15897,matriz,componentes_fortes,0.146,82.9,2
2026-10-02T11:53:28Z,data/samples/bfs_307642294_n500.txt,500,10594,matriz,componentes_fracos,0.163,82.9,2
2026-10-02T11:53:28Z,data/samples/bfs_307642294_n500.txt,500,15897,matriz,componentes_fortes,0.148,82.9,3
2026-10-02T11:53:28Z,data/samples/bfs_307642294_n500.txt,500,10594,matriz,componentes_fracos,0.164,82.9,3
2026-10-02T11:53:28Z,data/samples/bfs_307642294_n500.txt,500,15897,matriz,componentes_fortes,0.149,82.9,4
2026-10-02T11:53:28Z,data/samples/bfs_307642294_n500.txt,500,10594,matriz,componentes_fracos,0.170,82.9,4
2026-10-02T11:53:28Z,data/samples/bfs_307642294_n500.txt,500,15897,matriz,componentes_fortes,0.149,82.9,5
2026-10-02T11:53:28Z,data/samples/bfs_307642294_n500.txt,500,10594,matriz,componentes_fracos,0.163,82.9,5
2026-10-02T11:53:28Z,data/samples/bfs_307642294_n500.txt,500,15897,matriz,componentes_fortes,0.141,82.9,6
2026-10-02T11:53:28Z,data/samples/bfs_307642294_n500.txt,500,10594,matriz,componentes_fracos,0.172,82.9,6
2026-10-02T11:53:28Z,data/samples/bfs_307642294_n500.txt,500,15897,matriz,componentes_fortes,0.142,82.9,7
2026-10-02T11:53:28Z,data/samples/bfs_307642294_n500.txt,500,10594,matriz,componentes_fracos,0.161,82.9,7
2026-10-02T11:53:28Z,data/samples/bfs_307642294_n500.txt,500,15897,matriz,componentes_fortes,0.142,82.9,8
2026-10-02T11:53:28Z,data/samples/bfs_307642294_n500.txt,500,10594,matriz,componentes_fracos,0.161,82.9,8
2026-10-02T11:53:28Z,data/samples/bfs_307642294_n500.txt,500,15897,matriz,componentes_fortes,0.142,82.9,9
2026-10-02T11:53:28Z,data/samples/bfs_307642294_n500.txt,500,10594,matriz,componentes_fracos,0.343,82.9,9
2026-10-02T11:53:28Z,data/samples/bfs_307642294_n500.txt,500,15897,matriz,componentes_fortes,0.142,82.9,10
2026-10-02T11:53:28Z,data/samples/bfs_307642294_n500.txt,500,10594,matriz,componentes_fracos,0.162,82.9,10
2026-10-02T11:53:28Z,data/samples/bfs_307642294_n500.txt,500,15897,matriz,componentes_fortes,0.160,82.9,11
2026-10-02T11:53:28Z,data/samples/bfs_307642294_n500.txt,500,10594,matriz,componentes_fracos,0.179,82.9,11
2026-10-02T11:53:28Z,data/samples/bfs_307642294_n500.txt,500,15897,matriz,ciclos,0.141,67.3,1
2026-10-02T11:53:28Z,data/samples/bfs_307642294_n500.txt,500,15897,matriz,ciclos,0.140,67.3,2
2026-10-02T11:53:28Z,data/samples/bfs_307642294_n500.txt,500,15897,matriz,ciclos,0.142,67.3,3
2026-10-02T11:53:28Z,data/samples/bfs_307642294_n500.txt,500,15897,matriz,ciclos,0.141,67.3,4
2026-10-02T11:53:28Z,data/samples/bfs_307642294_n500.txt,500,15897,matriz,ciclos,0.141,67.3,5
2026-10-02T11:53:28Z,data/samples/bfs_307642294_n500.txt,500,15897,matriz,ciclos,0.158,67.3,6
2026-10-02T11:53:28Z,data/samples/bfs_307642294_n500.txt,500,15897,matriz,ciclos,0.141,67.3,7
2026-10-02T11:53:28Z,data/samples/bfs_307642294_n500.txt,500,15897,matriz,ciclos,0.148,67.3,8
2026-10-02T11:53:28Z,data/samples/bfs_307642294_n500.txt,500,15897,matriz,ciclos,0.141,67.3,9
2026-10-02T11:53:28Z,data/samples/bfs_307642294_n500.txt,500,15897,matriz,ciclos,0.150,67.3,10
2026-10-02T11:53:28Z,data/samples/bfs_307642294_n500.txt,500,15897,matriz,ciclos,0.141,67.3,11
2026-10-02T11:53:28Z,data/samples/bfs_307642294_n500.txt,500,10594,matriz,bipartido,0.168,59.9,1
2026-10-02T11:53:28Z,data/samples/bfs_307642294_n500.txt,500,10594,matriz,bipartido,0.167,59.9,2
2026-10-02T11:53:28Z,data/samples/bfs_307642294_n500.txt,500,10594,matriz,bipartido,0.167,59.9,3
2026-10-02T11:53:28Z,data/samples/bfs_307642294_n500.txt,500,10594,matriz,bipartido,0.175,59.9,4
2026-10-02T11:53:28Z,data/samples/bfs_307642294_n500.txt,500,10594,matriz,bipartido,0.167,59.9,5
2026-10-02T11:53:28Z,data/samples/bfs_307642294_n500.txt,500,10594,matriz,bipartido,0.167,59.9,6
2026-10-02T11:53:28Z,data/samples/bfs_307642294_n500.txt,500,10594,matriz,bipartido,0.175,59.9,7
2026-10-02T11:53:28Z,data/samples/bfs_307642294_n500.txt,500,10594,matriz,bipartido,0.167,59.9,8
2026-10-02T11:53:28Z,data/samples/bfs_307642294_n500.txt,500,10594,matriz,bipartido,0.167,59.9,9
2026-10-02T11:53:28Z,data/samples/bfs_307642294_n500.txt,500,10594,matriz,bipartido,0.167,59.9,10
2026-10-02T11:53:28Z,data/samples/bfs_307642294_n500.txt,500,10594,matriz,bipartido,0.167,59.9,11
2026-10-02T11:53:28Z,data/samples/bfs_307642294_n500.txt,500,10594,matriz,articulacao,0.185,110.2,1
2026-10-02T11:53:28Z,data/samples/bfs_307642294_n500.txt,500,10594,matriz,articulacao,0.185,110.2,2
2026-10-02T11:53:28Z,data/samples/bfs_307642294_n500.txt,500,10594,matriz,articulacao,0.191,110.2,3
2026-10-02T11:53:28Z,data/samples/bfs_307642294_n500.txt,500,10594,matriz,articulacao,0.213,110.2,4
2026-10-02T11:53:28Z,data/samples/bfs_307642294_n500.txt,500,10594,matriz,articulacao,0.185,110.2,5
2026-10-02T11:53:28Z,data/samples/bfs_307642294_n500.txt,500,10594,matriz,articulacao,0.191,110.2,6
2026-10-02T11:53:28Z,data/samples/bfs_307642294_n500.txt,500,10594,matriz,articulacao,0.184,110.2,7
2026-10-02T11:53:28Z,data/samples/bfs_307642294_n500.txt,500,10594,matriz,articulacao,0.191,110.2,8
2026-10-02T11:53:28Z,data/samples/bfs_307642294_n500.txt,500,10594,matriz,articulacao,0.188,110.2,9
2026-10-02T11:53:28Z,data/samples/bfs_307642294_n500.txt,500,10594,matriz,articulacao,0.185,110.2,10
2026-10-02T11:53:28Z,data/samples/bfs_307642294_n500.txt,500,10594,matriz,articulacao,0.184,110.2,11
2026-10-02T11:53:28Z,data/samples/bfs_9487272_n1000.txt,1000,22465,lista,bfs,0.014,320.9,1
2026-10-02T11:53:28Z,data/samples/bfs_9487272_n1000.txt,1000,22465,lista,bfs,0.013,320.9,2
2026-10-02T11:53:28Z,data/samples/bfs_9487272_n1000.txt,1000,22465,lista,bfs,0.019,320.9,3
2026-10-02T11:53:28Z,data/samples/bfs_9487272_n1000.txt,1000,22465,lista,bfs,0.010,320.9,4
2026-10-02T11:53:28Z,data/samples/bfs_9487272_n1000.txt,1000,22465,lista,bfs,0.010,320.9,5
2026-10-02T11:53:28Z,data/samples/bfs_9487272_n1000.txt,1000,22465,lista,bfs,0.011,320.9,6
2026-10-02T11:53:28Z,data/samples/bfs_9487272_n1000.txt,1000,22465,lista,bfs,0.010,320.9,7
2026-10-02T11:53:28Z,data/samples/bfs_9487272_n1000.txt,1000,22465,lista,bfs,0.013,320.9,8
2026-10-02T11:53:28Z,data/samples/bfs_9487272_n1000.txt,1000,22465,lista,bfs,0.012,320.9,9
2026-10-02T11:53:28Z,data/samples/bfs_9487272_n1000.txt,1000,22465,lista,bfs,0.010,320.9,10
2026-10-02T11:53:28Z,data/samples/bfs_9487272_n1000.txt,1000,22465,lista,bfs,0.009,320.9,11
2026-10-02T11:53:28Z,data/samples/bfs_9487272_n1000.txt,1000,22465,lista,dfs,0.136,343.4,1
2026-10-02T11:53:28Z,data/samples/bfs_9487272_n1000.txt,1000,22465,lista,dfs,0.133,343.4,2
2026-10-02T11:53:28Z,data/samples/bfs_9487272_n1000.txt,1000,22465,lista,dfs,0.130,343.4,3
2026-10-02T11:53:28Z,data/samples/bfs_9487272_n1000.txt,1000,22465,lista,dfs,0.132,343.4,4
2026-10-02T11:53:28Z,data/samples/bfs_9487272_n1000.txt,1000,22465,lista,dfs,0.132,343.4,5
2026-10-02T11:53:28Z,data/samples/bfs_9487272_n1000.txt,1000,22465,lista,dfs,0.130,343.4,6
2026-10-02T11:53:28Z,data/samples/bfs_9487272_n1000.txt,1000,22465,lista,dfs,0.127,343.4,7
2026-10-02T11:53:28Z,data/samples/bfs_9487272_n1000.txt,1000,22465,lista,dfs,0.129,343.4,8
2026-10-02T11:53:28Z,data/samples/bfs_9487272_n1000.txt,1000,22465,lista,dfs,0.130,343.4,9
2026-10-02T11:53:28Z,data/samples/bfs_9487272_n1000.txt,1000,22465,lista,dfs,0.132,343.4,10
2026-10-02T11:53:28Z,data/samples/bfs_9487272_n1000.txt,1000,22465,lista,dfs,0.130,343.4,11
2026-10-02T11:53:28Z,data/samples/bfs_9487272_n1000.txt,1000,22465,lista,componentes_fortes,0.176,367.8,1
2026-10-02T11:53:28Z,data/samples/bfs_9487272_n1000.txt,1000,17111,lista,componentes_fracos,0.216,495.8,1
2026-10-02T11:53:28Z,data/samples/bfs_9487272_n1000.txt,1000,22465,lista,componentes_fortes,0.177,367.8,2
2026-10-02T11:53:28Z,data/samples/bfs_9487272_n1000.txt,1000,17111,lista,componentes_fracos,0.217,495.8,2
2026-10-02T11:53:28Z,data/samples/bfs_9487272_n1000.txt,1000,22465,lista,componentes_fortes,0.186,367.8,3
2026-10-02T11:53:28Z,data/samples/bfs_9487272_n1000.txt,1000,17111,lista,componentes_fracos,0.222,495.8,3
2026-10-02T11:53:28Z,data/samples/bfs_9487272_n1000.txt,1000,22465,lista,componentes_fortes,0.191,367.8,4
2026-10-02T11:53:28Z,data/samples/bfs_9487272_n1000.txt,1000,17111,lista,componentes_fracos,0.214,495.8,4
2026-10-02T11:53:28Z,data/samples/bfs_9487272_n1000.txt,1000,22465,lista,componentes_fortes,0.175,367.8,5
2026-10-02T11:53:28Z,data/samples/bfs_9487272_n1000.txt,1000,17111,lista,componentes_fracos,0.215,495.8,5
2026-10-02T11:53:28Z,data/samples/bfs_9487272_n1000.txt,1000,22465,lista,componentes_fortes,0.178,367.8,6
2026-10-02T11:53:28Z,data/samples/bfs_9487272_n1000.txt,1000,17111,lista,componentes_fracos,0.213,495.8,6
2026-10-02T11:53:28Z,data/samples/bfs_9487272_n1000.txt,1000,22465,lista,componentes_fortes,0.176,367.8,7
2026-10-02T11:53:28Z,data/samples/bfs_9487272_n1000.txt,1000,17111,lista,componentes_fracos,0.212,495.8,7
2026-10-02T11:53:28Z,data/samples/bfs_9487272_n1000.txt,1000,22465,lista,componentes_fortes,0.176,367.8,8
2026-10-02T11:53:28Z,data/samples/bfs_9487272_n1000.txt,1000,17111,lista,componentes_fracos,0.212,495.8,8
2026-10-02T11:53:28Z,data/samples/bfs_9487272_n1000.txt,1000,22465,lista,componentes_fortes,0.181,367.8,9
2026-10-02T11:53:28Z,data/samples/bfs_9487272_n1000.txt,1000,17111,lista,componentes_fracos,0.225,495.8,9
2026-10-02T11:53:28Z,data/samples/bfs_9487272_n1000.txt,1000,22465,lista,componentes_fortes,0.177,367.8,10
2026-10-02T11:53:28Z,data/samples/bfs_9487272_n1000.txt,1000,17111,lista,componentes_fracos,0.216,495.8,10
2026-10-02T11:53:28Z,data/samples/bfs_9487272_n1000.txt,1000,22465,lista,componentes_fortes,0.176,367.8,11
2026-10-02T11:53:28Z,data/samples/bfs_9487272_n1000.txt,1000,17111,lista,componentes_fracos,0.212,495.8,11
2026-10-02T11:53:28Z,data/samples/bfs_9487272_n1000.txt,1000,22465,lista,ciclos,0.169,336.6,1
2026-10-02T11:53:28Z,data/samples/bfs_9487272_n1000.txt,1000,22465,lista,ciclos,0.171,336.6,2
2026-10-02T11:53:28Z,data/samples/bfs_9487272_n1000.txt,1000,22465,lista,ciclos,0.174,336.6,3
2026-10-02T11:53:28Z,data/samples/bfs_9487272_n1000.txt,1000,22465,lista,ciclos,0.168,336.6,4
2026-10-02T11:53:28Z,data/samples/bfs_9487272_n1000.txt,1000,22465,lista,ciclos,0.168,336.6,5
2026-10-02T11:53:28Z,data/samples/bfs_9487272_n1000.txt,1000,22465,lista,ciclos,0.182,336.6,6
2026-10-02T11:53:28Z,data/samples/bfs_9487272_n1000.txt,1000,22465,lista,ciclos,0.185,336.6,7
2026-10-02T11:53:28Z,data/samples/bfs_9487272_n1000.txt,1000,22465,lista,ciclos,0.166,336.6,8
2026-10-02T11:53:28Z,data/samples/bfs_9487272_n1000.txt,1000,22465,lista,ciclos,0.170,336.6,9
2026-10-02T11:53:28Z,data/samples/bfs_9487272_n1000.txt,1000,22465,lista,ciclos,0.167,336.6,10
2026-10-02T11:53:28Z,data/samples/bfs_9487272_n1000.txt,1000,22465,lista,ciclos,0.169,336.6,11
2026-10-02T11:53:28Z,data/samples/bfs_9487272_n1000.txt,1000,17111,lista,bipartido,0.438,449.9,1
2026-10-02T11:53:28Z,data/samples/bfs_9487272_n1000.txt,1000,17111,lista,bipartido,0.277,449.9,2
2026-10-02T11:53:28Z,data/samples/bfs_9487272_n1000.txt,1000,17111,lista,bipartido,0.274,449.9,3
2026-10-02T11:53:29Z,data/samples/bfs_9487272_n1000.txt,1000,17111,lista,bipartido,0.271,449.9,4
2026-10-02T11:53:29Z,data/samples/bfs_9487272_n1000.txt,1000,17111,lista,bipartido,0.272,449.9,5
2026-10-02T11:53:29Z,data/samples/bfs_9487272_n1000.txt,1000,17111,lista,bipartido,0.278,449.9,6
2026-10-02T11:53:29Z,data/samples/bfs_9487272_n1000.txt,1000,17111,lista,bipartido,0.271,449.9,7
2026-10-02T11:53:29Z,data/samples/bfs_9487272_n1000.txt,1000,17111,lista,bipartido,0.270,449.9,8
2026-10-02T11:53:29Z,data/samples/bfs_9487272_n1000.txt,1000,17111,lista,bipartido,0.275,449.9,9
2026-10-02T11:53:29Z,data/samples/bfs_9487272_n1000.txt,1000,17111,lista,bipartido,0.272,449.9,10
2026-10-02T11:53:29Z,data/samples/bfs_9487272_n1000.txt,1000,17111,lista,bipartido,0.272,449.9,11
2026-10-02T11:53:29Z,data/samples/bfs_9487272_n1000.txt,1000,17111,lista,articulacao,0.256,550.5,1
2026-10-02T11:53:29Z,data/samples/bfs_9487272_n1000.txt,1000,17111,lista,articulacao,0.256,550.5,2
2026-10-02T11:53:29Z,data/samples/bfs_9487272_n1000.txt,1000,17111,lista,articulacao,0.282,550.5,3
2026-10-02T11:53:29Z,data/samples/bfs_9487272_n1000.txt,1000,17111,lista,articulacao,0.263,550.5,4
2026-10-02T11:53:29Z,data/samples/bfs_9487272_n1000.txt,1000,17111,lista,articulacao,0.261,550.5,5
2026-10-02T11:53:29Z,data/samples/bfs_9487272_n1000.txt,1000,17111,lista,articulacao,0.317,550.5,6
2026-10-02T11:53:29Z,data/samples/bfs_9487272_n1000.txt,1000,17111,lista,articulacao,0.255,550.5,7
2026-10-02T11:53:29Z,data/samples/bfs_9487272_n1000.txt,1000,17111,lista,articulacao,0.253,550.5,8
2026-10-02T11:53:29Z,data/samples/bfs_9487272_n1000.txt,1000,17111,lista,articulacao,0.282,550.5,9
2026-10-02T11:53:29Z,data/samples/bfs_9487272_n1000.txt,1000,17111,lista,articulacao,0.253,550.5,10
2026-10-02T11:53:29Z,data/samples/bfs_9487272_n1000.txt,1000,17111,lista,articulacao,0.257,550.5,11
2026-10-02T11:53:29Z,data/samples/bfs_9487272_n1000.txt,1000,22465,matriz,bfs,0.009,181.3,1
2026-10-02T11:53:29Z,data/samples/bfs_9487272_n1000.txt,1000,22465,matriz,bfs,0.008,181.3,2
2026-10-02T11:53:29Z,data/samples/bfs_9487272_n1000.txt,1000,22465,matriz,bfs,0.008,181.3,3
2026-10-02T11:53:29Z,data/samples/bfs_9487272_n1000.txt,1000,22465,matriz,bfs,0.012,181.3,4
2026-10-02T11:53:29Z,data/samples/bfs_9487272_n1000.txt,1000,22465,matriz,bfs,0.012,181.3,5
2026-10-02T11:53:29Z,data/samples/bfs_9487272_n1000.txt,1000,22465,matriz,bfs,0.008,181.3,6
2026-10-02T11:53:29Z,data/samples/bfs_9487272_n1000.txt,1000,22465,matriz,bfs,0.012,181.3,7
2026-10-02T11:53:29Z,data/samples/bfs_9487272_n1000.txt,1000,22465,matriz,bfs,0.012,181.3,8
2026-10-02T11:53:29Z,data/samples/bfs_9487272_n1000.txt,1000,22465,matriz,bfs,0.012,181.3,9
2026-10-02T11:53:29Z,data/samples/bfs_9487272_n1000.txt,1000,22465,matriz,bfs,0.012,181.3,10
2026-10-02T11:53:29Z,data/samples/bfs_9487272_n1000.txt,1000,22465,matriz,bfs,0.012,181.3,11
2026-10-02T11:53:29Z,data/samples/bfs_9487272_n1000.txt,1000,22465,matriz,dfs,0.243,203.8,1
2026-10-02T11:53:29Z,data/samples/bfs_9487272_n1000.txt,1000,22465,matriz,dfs,0.330,203.8,2
2026-10-02T11:53:29Z,data/samples/bfs_9487272_n1000.txt,1000,22465,matriz,dfs,0.281,203.8,3
2026-10-02T11:53:29Z,data/samples/bfs_9487272_n1000.txt,1000,22465,matriz,dfs,0.288,203.8,4
2026-10-02T11:53:29Z,data/samples/bfs_9487272_n1000.txt,1000,22465,matriz,dfs,0.253,203.8,5
2026-10-02T11:53:29Z,data/samples/bfs_9487272_n1000.txt,1000,22465,matriz,dfs,0.254,203.8,6
2026-10-02T11:53:29Z,data/samples/bfs_9487272_n1000.txt,1000,22465,matriz,dfs,0.333,203.8,7
2026-10-02T11:53:29Z,data/samples/bfs_9487272_n1000.txt,1000,22465,matriz,dfs,0.252,203.8,8
2026-10-02T11:53:29Z,data/samples/bfs_9487272_n1000.txt,1000,22465,matriz,dfs,0.253,203.8,9
2026-10-02T11:53:29Z,data/samples/bfs_9487272_n1000.txt,1000,22465,matriz,dfs,0.251,203.8,10
2026-10-02T11:53:29Z,data/samples/bfs_9487272_n1000.txt,1000,22465,matriz,dfs,0.255,203.8,11
2026-10-02T11:53:29Z,data/samples/bfs_9487272_n1000.txt,1000,22465,matriz,componentes_fortes,0.289,228.2,1
2026-10-02T11:53:29Z,data/samples/bfs_9487272_n1000.txt,1000,17111,matriz,componentes_fracos,0.347,228.2,1
2026-10-02T11:53:29Z,data/samples/bfs_9487272_n1000.txt,1000,22465,matriz,componentes_fortes,0.286,228.2,2
2026-10-02T11:53:29Z,data/samples/bfs_9487272_n1000.txt,1000,17111,matriz,componentes_fracos,0.347,228.2,2
2026-10-02T11:53:29Z,data/samples/bfs_9487272_n1000.txt,1000,22465,matriz,componentes_fortes,0.286,228.2,3
2026-10-02T11:53:29Z,data/samples/bfs_9487272_n1000.txt,1000,17111,matriz,componentes_fracos,0.347,228.2,3
2026-10-02T11:53:29Z,data/samples/bfs_9487272_n1000.txt,1000,22465,matriz,componentes_fortes,0.288,228.2,4
2026-10-02T11:53:29Z,data/samples/bfs_9487272_n1000.txt,1000,17111,matriz,componentes_fracos,0.343,228.2,4
2026-10-02T11:53:29Z,data/samples/bfs_9487272_n1000.txt,1000,22465,matriz,componentes_fortes,0.278,228.2,5
2026-10-02T11:53:29Z,data/samples/bfs_9487272_n1000.txt,1000,17111,matriz,componentes_fracos,0.338,228.2,5
2026-10-02T11:53:29Z,data/samples/bfs_9487272_n1000.txt,1000,22465,matriz,componentes_fortes,0.281,228.2,6
2026-10-02T11:53:29Z,data/samples/bfs_9487272_n1000.txt,1000,17111,matriz,componentes_fracos,0.379,228.2,6
2026-10-02T11:53:29Z,data/samples/bfs_9487272_n1000.txt,1000,22465,matriz,componentes_fortes,0.282,228.2,7
2026-10-02T11:53:29Z,data/samples/bfs_9487272_n1000.txt,1000,17111,matriz,componentes_fracos,0.421,228.2,7
2026-10-02T11:53:29Z,data/samples/bfs_9487272_n1000.txt,1000,22465,matriz,componentes_fortes,0.280,228.2,8
2026-10-02T11:53:29Z,data/samples/bfs_9487272_n1000.txt,1000,17111,matriz,componentes_fracos,0.336,228.2,8
2026-10-02T11:53:29Z,data/samples/bfs_9487272_n1000.txt,1000,22465,matriz,componentes_fortes,0.289,228.2,9
2026-10-02T11:53:29Z,data/samples/bfs_9487272_n1000.txt,1000,17111,matriz,componentes_fracos,0.499,228.2,9
2026-10-02T11:53:29Z,data/samples/bfs_9487272_n1000.txt,1000,22465,matriz,componentes_fortes,0.291,228.2,10
2026-10-02T11:53:29Z,data/samples/bfs_9487272_n1000.txt,1000,17111,matriz,componentes_fracos,0.356,228.2,10
2026-10-02T11:53:29Z,data/samples/bfs_9487272_n1000.txt,1000,22465,matriz,componentes_fortes,0.296,228.2,11
2026-10-02T11:53:29Z,data/samples/bfs_9487272_n1000.txt,1000,17111,matriz,componentes_fracos,0.421,228.2,11
2026-10-02T11:53:29Z,data/samples/bfs_9487272_n1000.txt,1000,22465,matriz,ciclos,0.288,196.9,1
2026-10-02T11:53:29Z,data/samples/bfs_9487272_n1000.txt,1000,22465,matriz,ciclos,0.286,196.9,2
2026-10-02T11:53:29Z,data/samples/bfs_9487272_n1000.txt,1000,22465,matriz,ciclos,0.295,196.9,3
2026-10-02T11:53:29Z,data/samples/bfs_9487272_n1000.txt,1000,22465,matriz,ciclos,0.294,196.9,4
2026-10-02T11:53:29Z,data/samples/bfs_9487272_n1000.txt,1000,22465,matriz,ciclos,0.299,196.9,5
2026-10-02T11:53:29Z,data/samples/bfs_9487272_n1000.txt,1000,22465,matriz,ciclos,0.294,196.9,6
2026-10-02T11:53:29Z,data/samples/bfs_9487272_n1000.txt,1000,22465,matriz,ciclos,0.297,196.9,7
2026-10-02T11:53:29Z,data/samples/bfs_9487272_n1000.txt,1000,22465,matriz,ciclos,0.308,196.9,8
2026-10-02T11:53:29Z,data/samples/bfs_9487272_n1000.txt,1000,22465,matriz,ciclos,0.297,196.9,9
2026-10-02T11:53:29Z,data/samples/bfs_9487272_n1000.txt,1000,22465,matriz,ciclos,0.288,196.9,10
2026-10-02T11:53:29Z,data/samples/bfs_9487272_n1000.txt,1000,22465,matriz,ciclos,0.286,196.9,11
2026-10-02T11:53:29Z,data/samples/bfs_9487272_n1000.txt,1000,17111,matriz,bipartido,0.423,182.3,1
2026-10-02T11:53:29Z,data/samples/bfs_9487272_n1000.txt,1000,17111,matriz,bipartido,0.432,182.3,2
2026-10-02T11:53:29Z,data/samples/bfs_9487272_n1000.txt,1000,17111,matriz,bipartido,0.426,182.3,3
2026-10-02T11:53:29Z,data/samples/bfs_9487272_n1000.txt,1000,17111,matriz,bipartido,0.434,182.3,4
2026-10-02T11:53:29Z,data/samples/bfs_9487272_n1000.txt,1000,17111,matriz,bipartido,0.423,182.3,5
2026-10-02T11:53:29Z,data/samples/bfs_9487272_n1000.txt,1000,17111,matriz,bipartido,0.423,182.3,6
2026-10-02T11:53:29Z,data/samples/bfs_9487272_n1000.txt,1000,17111,matriz,bipartido,0.423,182.3,7
2026-10-02T11:53:29Z,data/samples/bfs_9487272_n1000.txt,1000,17111,matriz,bipartido,0.447,182.3,8
2026-10-02T11:53:29Z,data/samples/bfs_9487272_n1000.txt,1000,17111,matriz,bipartido,0.436,182.3,9
2026-10-02T11:53:29Z,data/samples/bfs_9487272_n1000.txt,1000,17111,matriz,bipartido,0.431,182.3,10
2026-10-02T11:53:29Z,data/samples/bfs_9487272_n1000.txt,1000,17111,matriz,bipartido,0.433,182.3,11
2026-10-02T11:53:29Z,data/samples/bfs_9487272_n1000.txt,1000,17111,matriz,articulacao,0.392,282.9,1
2026-10-02T11:53:29Z,data/samples/bfs_9487272_n1000.txt,1000,17111,matriz,articulacao,0.391,282.9,2
2026-10-02T11:53:29Z,data/samples/bfs_9487272_n1000.txt,1000,17111,matriz,articulacao,0.398,282.9,3
2026-10-02T11:53:29Z,data/samples/bfs_9487272_n1000.txt,1000,17111,matriz,articulacao,0.398,282.9,4
2026-10-02T11:53:29Z,data/samples/bfs_9487272_n1000.txt,1000,17111,matriz,articulacao,0.390,282.9,5
2026-10-02T11:53:29Z,data/samples/bfs_9487272_n1000.txt,1000,17111,matriz,articulacao,0.395,282.9,6
2026-10-02T11:53:29Z,data/samples/bfs_9487272_n1000.txt,1000,17111,matriz,articulacao,0.392,282.9,7
2026-10-02T11:53:29Z,data/samples/bfs_9487272_n1000.txt,1000,17111,matriz,articulacao,0.404,282.9,8
2026-10-02T11:53:29Z,data/samples/bfs_9487272_n1000.txt,1000,17111,matriz,articulacao,0.391,282.9,9
2026-10-02T11:53:29Z,data/samples/bfs_9487272_n1000.txt,1000,17111,matriz,articulacao,0.392,282.9,10
2026-10-02T11:53:29Z,data/samples/bfs_9487272_n1000.txt,1000,17111,matriz,articulacao,0.390,282.9,11
2026-10-02T11:53:29Z,data/samples/bfs_9487272_n100.txt,100,905,lista,bfs,0.002,17.7,1
2026-10-02T11:53:29Z,data/samples/bfs_9487272_n100.txt,100,905,lista,bfs,0.002,17.7,2
2026-10-02T11:53:29Z,data/samples/bfs_9487272_n100.txt,100,905,lista,bfs,0.002,17.7,3
2026-10-02T11:53:29Z,data/samples/bfs_9487272_n100.txt,100,905,lista,bfs,0.002,17.7,4
2026-10-02T11:53:29Z,data/samples/bfs_9487272_n100.txt,100,905,lista,bfs,0.002,17.7,5
2026-10-02T11:53:29Z,data/samples/bfs_9487272_n100.txt,100,905,lista,bfs,0.002,17.7,6
2026-10-02T11:53:29Z,data/samples/bfs_9487272_n100.txt,100,905,lista,bfs,0.002,17.7,7
2026-10-02T11:53:29Z,data/samples/bfs_9487272_n100.txt,100,905,lista,bfs,0.002,17.7,8
2026-10-02T11:53:29Z,data/samples/bfs_9487272_n100.txt,100,905,lista,bfs,0.002,17.7,9
2026-10-02T11:53:29Z,data/samples/bfs_9487272_n100.txt,100,905,lista,bfs,0.002,17.7,10
2026-10-02T11:53:29Z,data/samples/bfs_9487272_n100.txt,100,905,lista,bfs,0.002,17.7,11
2026-10-02T11:53:29Z,data/samples/bfs_9487272_n100.txt,100,905,lista,dfs,0.009,19.9,1
2026-10-02T11:53:29Z,data/samples/bfs_9487272_n100.txt,100,905,lista,dfs,0.008,19.9,2
2026-10-02T11:53:29Z,data/samples/bfs_9487272_n100.txt,100,905,lista,dfs,0.009,19.9,3
2026-10-02T11:53:29Z,data/samples/bfs_9487272_n100.txt,100,905,lista,dfs,0.009,19.9,4
2026-10-02T11:53:29Z,data/samples/bfs_9487272_n100.txt,100,905,lista,dfs,0.008,19.9,5
2026-10-02T11:53:29Z,data/samples/bfs_9487272_n100.txt,100,905,lista,dfs,0.009,19.9,6
2026-10-02T11:53:29Z,data/samples/bfs_9487272_n100.txt,100,905,lista,dfs,0.009,19.9,7
2026-10-02T11:53:29Z,data/samples/bfs_9487272_n100.txt,100,905,lista,dfs,0.009,19.9,8
2026-10-02T11:53:29Z,data/samples/bfs_9487272_n100.txt,100,905,lista,dfs,0.009,19.9,9
2026-10-02T11:53:29Z,data/samples/bfs_9487272_n100.txt,100,905,lista,dfs,0.009,19.9,10
2026-10-02T11:53:29Z,data/samples/bfs_9487272_n100.txt,100,905,lista,dfs,0.009,19.9,11
2026-10-02T11:53:29Z,data/samples/bfs_9487272_n100.txt,100,905,lista,componentes_fortes,0.014,22.4,1
2026-10-02T11:53:29Z,data/samples/bfs_9487272_n100.txt,100,721,lista,componentes_fracos,0.016,28.1,1
2026-10-02T11:53:29Z,data/samples/bfs_9487272_n100.txt,100,905,lista,componentes_fortes,0.014,22.4,2
2026-10-02T11:53:29Z,data/samples/bfs_9487272_n100.txt,100,721,lista,componentes_fracos,0.012,28.1,2
2026-10-02T11:53:29Z,data/samples/bfs_9487272_n100.txt,100,905,lista,componentes_fortes,0.014,22.4,3
2026-10-02T11:53:29Z,data/samples/bfs_9487272_n100.txt,100,721,lista,componentes_fracos,0.012,28.1,3
2026-10-02T11:53:29Z,data/samples/bfs_9487272_n100.txt,100,905,lista,componentes_fortes,0.014,22.4,4
2026-10-02T11:53:29Z,data/samples/bfs_9487272_n100.txt,100,721,lista,componentes_fracos,0.012,28.1,4
2026-10-02T11:53:29Z,data/samples/bfs_9487272_n100.txt,100,905,lista,componentes_fortes,0.014,22.4,5
2026-10-02T11:53:29Z,data/samples/bfs_9487272_n100.txt,100,721,lista,componentes_fracos,0.016,28.1,5
2026-10-02T11:53:29Z,data/samples/bfs_9487272_n100.txt,100,905,lista,componentes_fortes,0.014,22.4,6
2026-10-02T11:53:29Z,data/samples/bfs_9487272_n100.txt,100,721,lista,componentes_fracos,0.012,28.1,6
2026-10-02T11:53:29Z,data/samples/bfs_9487272_n100.txt,100,905,lista,componentes_fortes,0.014,22.4,7
2026-10-02T11:53:29Z,data/samples/bfs_9487272_n100.txt,100,721,lista,componentes_fracos,0.012,28.1,7
2026-10-02T11:53:29Z,data/samples/bfs_9487272_n100.txt,100,905,lista,componentes_fortes,0.014,22.4,8
2026-10-02T11:53:29Z,data/samples/bfs_9487272_n100.txt,100,721,lista,componentes_fracos,0.013,28.1,8
2026-10-02T11:53:29Z,data/samples/bfs_9487272_n100.txt,100,905,lista,componentes_fortes,0.014,22.4,9
2026-10-02T11:53:29Z,data/samples/bfs_9487272_n100.txt,100,721,lista,componentes_fracos,0.013,28.1,9
2026-10-02T11:53:29Z,data/samples/bfs_9487272_n100.txt,100,905,lista,componentes_fortes,0.017,22.4,10
2026-10-02T11:53:29Z,data/samples/bfs_9487272_n100.txt,100,721,lista,componentes_fracos,0.012,28.1,10
2026-10-02T11:53:29Z,data/samples/bfs_9487272_n100.txt,100,905,lista,componentes_fortes,0.014,22.4,11
2026-10-02T11:53:29Z,data/samples/bfs_9487272_n100.txt,100,721,lista,componentes_fracos,0.012,28.1,11
2026-10-02T11:53:29Z,data/samples/bfs_9487272_n100.txt,100,905,lista,ciclos,0.011,19.2,1
2026-10-02T11:53:29Z,data/samples/bfs_9487272_n100.txt,100,905,lista,ciclos,0.011,19.2,2
2026-10-02T11:53:29Z,data/samples/bfs_9487272_n100.txt,100,905,lista,ciclos,0.011,19.2,3
2026-10-02T11:53:29Z,data/samples/bfs_9487272_n100.txt,100,905,lista,ciclos,0.011,19.2,4
2026-10-02T11:53:29Z,data/samples/bfs_9487272_n100.txt,100,905,lista,ciclos,0.011,19.2,5
2026-10-02T11:53:29Z,data/samples/bfs_9487272_n100.txt,100,905,lista,ciclos,0.011,19.2,6
2026-10-02T11:53:29Z,data/samples/bfs_9487272_n100.txt,100,905,lista,ciclos,0.011,19.2,7
2026-10-02T11:53:29Z,data/samples/bfs_9487272_n100.txt,100,905,lista,ciclos,0.011,19.2,8
2026-10-02T11:53:29Z,data/samples/bfs_9487272_n100.txt,100,905,lista,ciclos,0.011,19.2,9
2026-10-02T11:53:29Z,data/samples/bfs_9487272_n100.txt,100,905,lista,ciclos,0.011,19.2,10
2026-10-02T11:53:29Z,data/samples/bfs_9487272_n100.txt,100,905,lista,ciclos,0.011,19.2,11
2026-10-02T11:53:29Z,data/samples/bfs_9487272_n100.txt,100,721,lista,bipartido,0.010,23.6,1
2026-10-02T11:53:29Z,data/samples/bfs_9487272_n100.txt,100,721,lista,bipartido,0.010,23.6,2
2026-10-02T11:53:29Z,data/samples/bfs_9487272_n100.txt,100,721,lista,bipartido,0.010,23.6,3
2026-10-02T11:53:29Z,data/samples/bfs_9487272_n100.txt,100,721,lista,bipartido,0.010,23.6,4
2026-10-02T11:53:29Z,data/samples/bfs_9487272_n100.txt,100,721,lista,bipartido,0.010,23.6,5
2026-10-02T11:53:29Z,data/samples/bfs_9487272_n100.txt,100,721,lista,bipartido,0.011,23.6,6
2026-10-02T11:53:29Z,data/samples/bfs_9487272_n100.txt,100,721,lista,bipartido,0.010,23.6,7
2026-10-02T11:53:29Z,data/samples/bfs_9487272_n100.txt,100,721,lista,bipartido,0.010,23.6,8
2026-10-02T11:53:29Z,data/samples/bfs_9487272_n100.txt,100,721,lista,bipartido,0.010,23.6,9
2026-10-02T11:53:29Z,data/samples/bfs_9487272_n100.txt,100,721,lista,bipartido,0.010,23.6,10
2026-10-02T11:53:29Z,data/samples/bfs_9487272_n100.txt,100,721,lista,bipartido,0.010,23.6,11
2026-10-02T11:53:29Z,data/samples/bfs_9487272_n100.txt,100,721,lista,articulacao,0.017,33.6,1
2026-10-02T11:53:29Z,data/samples/bfs_9487272_n100.txt,100,721,lista,articulacao,0.017,33.6,2
2026-10-02T11:53:29Z,data/samples/bfs_9487272_n100.txt,100,721,lista,articulacao,0.017,33.6,3
2026-10-02T11:53:29Z,data/samples/bfs_9487272_n100.txt,100,721,lista,articulacao,0.018,33.6,4
2026-10-02T11:53:29Z,data/samples/bfs_9487272_n100.txt,100,721,lista,articulacao,0.017,33.6,5
2026-10-02T11:53:29Z,data/samples/bfs_9487272_n100.txt,100,721,lista,articulacao,0.017,33.6,6
2026-10-02T11:53:29Z,data/samples/bfs_9487272_n100.txt,100,721,lista,articulacao,0.017,33.6,7
2026-10-02T11:53:29Z,data/samples/bfs_9487272_n100.txt,100,721,lista,articulacao,0.017,33.6,8
2026-10-02T11:53:29Z,data/samples/bfs_9487272_n100.txt,100,721,lista,articulacao,0.017,33.6,9
2026-10-02T11:53:29Z,data/samples/bfs_9487272_n100.txt,100,721,lista,articulacao,0.017,33.6,10
2026-10-02T11:53:29Z,data/samples/bfs_9487272_n100.txt,100,721,lista,articulacao,0.017,33.6,11
2026-10-02T11:53:29Z,data/samples/bfs_9487272_n100.txt,100,905,matriz,bfs,0.001,7.8,1
2026-10-02T11:53:29Z,data/samples/bfs_9487272_n100.txt,100,905,matriz,bfs,0.001,7.8,2
2026-10-02T11:53:29Z,data/samples/bfs_9487272_n100.txt,100,905,matriz,bfs,0.001,7.8,3
2026-10-02T11:53:29Z,data/samples/bfs_9487272_n100.txt,100,905,matriz,bfs,0.001,7.8,4
2026-10-02T11:53:29Z,data/samples/bfs_9487272_n100.txt,100,905,matriz,bfs,0.001,7.8,5
2026-10-02T11:53:29Z,data/samples/bfs_9487272_n100.txt,100,905,matriz,bfs,0.001,7.8,6
2026-10-02T11:53:29Z,data/samples/bfs_9487272_n100.txt,100,905,matriz,bfs,0.001,7.8,7
2026-10-02T11:53:29Z,data/samples/bfs_9487272_n100.txt,100,905,matriz,bfs,0.001,7.8,8
2026-10-02T11:53:29Z,data/samples/bfs_9487272_n100.txt,100,905,matriz,bfs,0.001,7.8,9
2026-10-02T11:53:29Z,data/samples/bfs_9487272_n100.txt,100,905,matriz,bfs,0.001,7.8,10
2026-10-02T11:53:29Z,data/samples/bfs_9487272_n100.txt,100,905,matriz,bfs,0.001,7.8,11
2026-10-02T11:53:29Z,data/samples/bfs_9487272_n100.txt,100,905,matriz,dfs,0.010,10.1,1
2026-10-02T11:53:29Z,data/samples/bfs_9487272_n100.txt,100,905,matriz,dfs,0.009,10.1,2
2026-10-02T11:53:29Z,data/samples/bfs_9487272_n100.txt,100,905,matriz,dfs,0.009,10.1,3
2026-10-02T11:53:29Z,data/samples/bfs_9487272_n100.txt,100,905,matriz,dfs,0.009,10.1,4
2026-10-02T11:53:29Z,data/samples/bfs_9487272_n100.txt,100,905,matriz,dfs,0.009,10.1,5
2026-10-02T11:53:29Z,data/samples/bfs_9487272_n100.txt,100,905,matriz,dfs,0.009,10.1,6
2026-10-02T11:53:29Z,data/samples/bfs_9487272_n100.txt,100,905,matriz,dfs,0.009,10.1,7
2026-10-02T11:53:29Z,data/samples/bfs_9487272_n100.txt,100,905,matriz,dfs,0.009,10.1,8
2026-10-02T11:53:29Z,data/samples/bfs_9487272_n100.txt,100,905,matriz,dfs,0.009,10.1,9
2026-10-02T11:53:29Z,data/samples/bfs_9487272_n100.txt,100,905,matriz,dfs,0.009,10.1,10
2026-10-02T11:53:29Z,data/samples/bfs_9487272_n100.txt,100,905,matriz,dfs,0.009,10.1,11
2026-10-02T11:53:29Z,data/samples/bfs_9487272_n100.txt,100,905,matriz,componentes_fortes,0.015,12.5,1
2026-10-02T11:53:29Z,data/samples/bfs_9487272_n100.txt,100,721,matriz,componentes_fracos,0.013,12.5,1
2026-10-02T11:53:29Z,data/samples/bfs_9487272_n100.txt,100,905,matriz,componentes_fortes,0.015,12.5,2
2026-10-02T11:53:29Z,data/samples/bfs_9487272_n100.txt,100,721,matriz,componentes_fracos,0.013,12.5,2
2026-10-02T11:53:29Z,data/samples/bfs_9487272_n100.txt,100,905,matriz,componentes_fortes,0.015,12.5,3
2026-10-02T11:53:29Z,data/samples/bfs_9487272_n100.txt,100,721,matriz,componentes_fracos,0.013,12.5,3
2026-10-02T11:53:29Z,data/samples/bfs_9487272_n100.txt,100,905,matriz,componentes_fortes,0.015,12.5,4
2026-10-02T11:53:29Z,data/samples/bfs_9487272_n100.txt,100,721,matriz,componentes_fracos,0.013,12.5,4
2026-10-02T11:53:29Z,data/samples/bfs_9487272_n100.txt,100,905,matriz,componentes_fortes,0.015,12.5,5
2026-10-02T11:53:29Z,data/samples/bfs_9487272_n100.txt,100,721,matriz,componentes_fracos,0.013,12.5,5
2026-10-02T11:53:29Z,data/samples/bfs_9487272_n100.txt,100,905,matriz,componentes_fortes,0.014,12.5,6
2026-10-02T11:53:29Z,data/samples/bfs_9487272_n100.txt,100,721,matriz,componentes_fracos,0.013,12.5,6
2026-10-02T11:53:29Z,data/samples/bfs_9487272_n100.txt,100,905,matriz,componentes_fortes,0.015,12.5,7
2026-10-02T11:53:29Z,data/samples/bfs_9487272_n100.txt,100,721,matriz,componentes_fracos,0.013,12.5,7
2026-10-02T11:53:29Z,data/samples/bfs_9487272_n100.txt,100,905,matriz,componentes_fortes,0.015,12.5,8
2026-10-02T11:53:29Z,data/samples/bfs_9487272_n100.txt,100,721,matriz,componentes_fracos,0.013,12.5,8
2026-10-02T11:53:29Z,data/samples/bfs_9487272_n100.txt,100,905,matriz,componentes_fortes,0.015,12.5,9
2026-10-02T11:53:29Z,data/samples/bfs_9487272_n100.txt,100,721,matriz,componentes_fracos,0.013,12.5,9
2026-10-02T11:53:29Z,data/samples/bfs_9487272_n100.txt,100,905,matriz,componentes_fortes,0.015,12.5,10
2026-10-02T11:53:29Z,data/samples/bfs_9487272_n100.txt,100,721,matriz,componentes_fracos,0.033,12.5,10
2026-10-02T11:53:29Z,data/samples/bfs_9487272_n100.txt,100,905,matriz,componentes_fortes,0.015,12.5,11
2026-10-02T11:53:29Z,data/samples/bfs_9487272_n100.txt,100,721,matriz,componentes_fracos,0.043,12.5,11
2026-10-02T11:53:29Z,data/samples/bfs_9487272_n100.txt,100,905,matriz,ciclos,0.012,9.4,1
2026-10-02T11:53:29Z,data/samples/bfs_9487272_n100.txt,100,905,matriz,ciclos,0.012,9.4,2
2026-10-02T11:53:29Z,data/samples/bfs_9487272_n100.txt,100,905,matriz,ciclos,0.024,9.4,3
2026-10-02T11:53:29Z,data/samples/bfs_9487272_n100.txt,100,905,matriz,ciclos,0.011,9.4,4
2026-10-02T11:53:29Z,data/samples/bfs_9487272_n100.txt,100,905,matriz,ciclos,0.012,9.4,5
2026-10-02T11:53:29Z,data/samples/bfs_9487272_n100.txt,100,905,matriz,ciclos,0.012,9.4,6
2026-10-02T11:53:29Z,data/samples/bfs_9487272_n100.txt,100,905,matriz,ciclos,0.012,9.4,7
2026-10-02T11:53:29Z,data/samples/bfs_9487272_n100.txt,100,905,matriz,ciclos,0.012,9.4,8
2026-10-02T11:53:29Z,data/samples/bfs_9487272_n100.txt,100,905,matriz,ciclos,0.023,9.4,9
2026-10-02T11:53:29Z,data/samples/bfs_9487272_n100.txt,100,905,matriz,ciclos,0.012,9.4,10
2026-10-02T11:53:29Z,data/samples/bfs_9487272_n100.txt,100,905,matriz,ciclos,0.014,9.4,11
2026-10-02T11:53:29Z,data/samples/bfs_9487272_n100.txt,100,721,matriz,bipartido,0.013,8.0,1
2026-10-02T11:53:29Z,data/samples/bfs_9487272_n100.txt,100,721,matriz,bipartido,0.013,8.0,2
2026-10-02T11:53:29Z,data/samples/bfs_9487272_n100.txt,100,721,matriz,bipartido,0.013,8.0,3
2026-10-02T11:53:29Z,data/samples/bfs_9487272_n100.txt,100,721,matriz,bipartido,0.013,8.0,4
2026-10-02T11:53:29Z,data/samples/bfs_9487272_n100.txt,100,721,matriz,bipartido,0.013,8.0,5
2026-10-02T11:53:29Z,data/samples/bfs_9487272_n100.txt,100,721,matriz,bipartido,0.013,8.0,6
2026-10-02T11:53:29Z,data/samples/bfs_9487272_n100.txt,100,721,matriz,bipartido,0.014,8.0,7
2026-10-02T11:53:29Z,data/samples/bfs_9487272_n100.txt,100,721,matriz,bipartido,0.013,8.0,8
2026-10-02T11:53:29Z,data/samples/bfs_9487272_n100.txt,100,721,matriz,bipartido,0.013,8.0,9
2026-10-02T11:53:29Z,data/samples/bfs_9487272_n100.txt,100,721,matriz,bipartido,0.013,8.0,10
2026-10-02T11:53:29Z,data/samples/bfs_9487272_n100.txt,100,721,matriz,bipartido,0.013,8.0,11
2026-10-02T11:53:29Z,data/samples/bfs_9487272_n100.txt,100,721,matriz,articulacao,0.018,18.0,1
2026-10-02T11:53:29Z,data/samples/bfs_9487272_n100.txt,100,721,matriz,articulacao,0.018,18.0,2
2026-10-02T11:53:29Z,data/samples/bfs_9487272_n100.txt,100,721,matriz,articulacao,0.018,18.0,3
2026-10-02T11:53:29Z,data/samples/bfs_9487272_n100.txt,100,721,matriz,articulacao,0.018,18.0,4
2026-10-02T11:53:29Z,data/samples/bfs_9487272_n100.txt,100,721,matriz,articulacao,0.018,18.0,5
2026-10-02T11:53:29Z,data/samples/bfs_9487272_n100.txt,100,721,matriz,articulacao,0.018,18.0,6
2026-10-02T11:53:29Z,data/samples/bfs_9487272_n100.txt,100,721,matriz,articulacao,0.018,18.0,7
2026-10-02T11:53:29Z,data/samples/bfs_9487272_n100.txt,100,721,matriz,articulacao,0.018,18.0,8
2026-10-02T11:53:29Z,data/samples/bfs_9487272_n100.txt,100,721,matriz,articulacao,0.018,18.0,9
2026-10-02T11:53:29Z,data/samples/bfs_9487272_n100.txt,100,721,matriz,articulacao,0.018,18.0,10
2026-10-02T11:53:29Z,data/samples/bfs_9487272_n100.txt,100,721,matriz,articulacao,0.018,18.0,11
2026-10-02T11:53:29Z,data/samples/bfs_9487272_n250.txt,250,3745,lista,bfs,0.002,58.3,1
2026-10-02T11:53:29Z,data/samples/bfs_9487272_n250.txt,250,3745,lista,bfs,0.002,58.3,2
2026-10-02T11:53:29Z,data/samples/bfs_9487272_n250.txt,250,3745,lista,bfs,0.002,58.3,3
2026-10-02T11:53:29Z,data/samples/bfs_9487272_n250.txt,250,3745,lista,bfs,0.002,58.3,4
2026-10-02T11:53:29Z,data/samples/bfs_9487272_n250.txt,250,3745,lista,bfs,0.002,58.3,5
2026-10-02T11:53:29Z,data/samples/bfs_9487272_n250.txt,250,3745,lista,bfs,0.002,58.3,6
2026-10-02T11:53:29Z,data/samples/bfs_9487272_n250.txt,250,3745,lista,bfs,0.002,58.3,7
2026-10-02T11:53:29Z,data/samples/bfs_9487272_n250.txt,250,3745,lista,bfs,0.002,58.3,8
2026-10-02T11:53:29Z,data/samples/bfs_9487272_n250.txt,250,3745,lista,bfs,0.002,58.3,9
2026-10-02T11:53:29Z,data/samples/bfs_9487272_n250.txt,250,3745,lista,bfs,0.002,58.3,10
2026-10-02T11:53:29Z,data/samples/bfs_9487272_n250.txt,250,3745,lista,bfs,0.002,58.3,11
2026-10-02T11:53:29Z,data/samples/bfs_9487272_n250.txt,250,3745,lista,dfs,0.026,63.9,1
2026-10-02T11:53:29Z,data/samples/bfs_9487272_n250.txt,250,3745,lista,dfs,0.026,63.9,2
2026-10-02T11:53:29Z,data/samples/bfs_9487272_n250.txt,250,3745,lista,dfs,0.026,63.9,3
2026-10-02T11:53:29Z,data/samples/bfs_9487272_n250.txt,250,3745,lista,dfs,0.029,63.9,4
2026-10-02T11:53:29Z,data/samples/bfs_9487272_n250.txt,250,3745,lista,dfs,0.026,63.9,5
2026-10-02T11:53:29Z,data/samples/bfs_9487272_n250.txt,250,3745,lista,dfs,0.026,63.9,6
2026-10-02T11:53:29Z,data/samples/bfs_9487272_n250.txt,250,3745,lista,dfs,0.026,63.9,7
2026-10-02T11:53:29Z,data/samples/bfs_9487272_n250.txt,250,3745,lista,dfs,0.026,63.9,8
2026-10-02T11:53:29Z,data/samples/bfs_9487272_n250.txt,250,3745,lista,dfs,0.197,63.9,9
2026-10-02T11:53:29Z,data/samples/bfs_9487272_n250.txt,250,3745,lista,dfs,0.026,63.9,10
2026-10-02T11:53:29Z,data/samples/bfs_9487272_n250.txt,250,3745,lista,dfs,0.026,63.9,11
2026-10-02T11:53:29Z,data/samples/bfs_9487272_n250.txt,250,3745,lista,componentes_fortes,0.035,70.0,1
2026-10-02T11:53:29Z,data/samples/bfs_9487272_n250.txt,250,2815,lista,componentes_fracos,0.040,91.3,1
2026-10-02T11:53:29Z,data/samples/bfs_9487272_n250.txt,250,3745,lista,componentes_fortes,0.035,70.0,2
2026-10-02T11:53:29Z,data/samples/bfs_9487272_n250.txt,250,2815,lista,componentes_fracos,0.043,91.3,2
2026-10-02T11:53:29Z,data/samples/bfs_9487272_n250.txt,250,3745,lista,componentes_fortes,0.034,70.0,3
2026-10-02T11:53:29Z,data/samples/bfs_9487272_n250.txt,250,2815,lista,componentes_fracos,0.040,91.3,3
2026-10-02T11:53:29Z,data/samples/bfs_9487272_n250.txt,250,3745,lista,componentes_fortes,0.037,70.0,4
2026-10-02T11:53:29Z,data/samples/bfs_9487272_n250.txt,250,2815,lista,componentes_fracos,0.040,91.3,4
2026-10-02T11:53:29Z,data/samples/bfs_9487272_n250.txt,250,3745,lista,componentes_fortes,0.035,70.0,5
2026-10-02T11:53:29Z,data/samples/bfs_9487272_n250.txt,250,2815,lista,componentes_fracos,0.039,91.3,5
2026-10-02T11:53:29Z,data/samples/bfs_9487272_n250.txt,250,3745,lista,componentes_fortes,0.035,70.0,6
2026-10-02T11:53:29Z,data/samples/bfs_9487272_n250.txt,250,2815,lista,componentes_fracos,0.042,91.3,6
2026-10-02T11:53:29Z,data/samples/bfs_9487272_n250.txt,250,3745,lista,componentes_fortes,0.035,70.0,7
2026-10-02T11:53:29Z,data/samples/bfs_9487272_n250.txt,250,2815,lista,componentes_fracos,0.043,91.3,7
2026-10-02T11:53:29Z,data/samples/bfs_9487272_n250.txt,250,3745,lista,componentes_fortes,0.034,70.0,8
2026-10-02T11:53:29Z,data/samples/bfs_9487272_n250.txt,250,2815,lista,componentes_fracos,0.039,91.3,8
2026-10-02T11:53:29Z,data/samples/bfs_9487272_n250.txt,250,3745,lista,componentes_fortes,0.036,70.0,9
2026-10-02T11:53:29Z,data/samples/bfs_9487272_n250.txt,250,2815,lista,componentes_fracos,0.040,91.3,9
2026-10-02T11:53:29Z,data/samples/bfs_9487272_n250.txt,250,3745,lista,componentes_fortes,0.035,70.0,10
2026-10-02T11:53:29Z,data/samples/bfs_9487272_n250.txt,250,2815,lista,componentes_fracos,0.041,91.3,10
2026-10-02T11:53:29Z,data/samples/bfs_9487272_n250.txt,250,3745,lista,componentes_fortes,0.035,70.0,11
2026-10-02T11:53:29Z,data/samples/bfs_9487272_n250.txt,250,2815,lista,componentes_fracos,0.041,91.3,11
2026-10-02T11:53:29Z,data/samples/bfs_9487272_n250.txt,250,3745,lista,ciclos,0.032,62.2,1
2026-10-02T11:53:29Z,data/samples/bfs_9487272_n250.txt,250,3745,lista,ciclos,0.032,62.2,2
2026-10-02T11:53:29Z,data/samples/bfs_9487272_n250.txt,250,3745,lista,ciclos,0.033,62.2,3
2026-10-02T11:53:29Z,data/samples/bfs_9487272_n250.txt,250,3745,lista,ciclos,0.031,62.2,4
2026-10-02T11:53:29Z,data/samples/bfs_9487272_n250.txt,250,3745,lista,ciclos,0.045,62.2,5
2026-10-02T11:53:29Z,data/samples/bfs_9487272_n250.txt,250,3745,lista,ciclos,0.031,62.2,6
2026-10-02T11:53:29Z,data/samples/bfs_9487272_n250.txt,250,3745,lista,ciclos,0.031,62.2,7
2026-10-02T11:53:29Z,data/samples/bfs_9487272_n250.txt,250,3745,lista,ciclos,0.031,62.2,8
2026-10-02T11:53:29Z,data/samples/bfs_9487272_n250.txt,250,3745,lista,ciclos,0.031,62.2,9
2026-10-02T11:53:29Z,data/samples/bfs_9487272_n250.txt,250,3745,lista,ciclos,0.031,62.2,10
2026-10-02T11:53:29Z,data/samples/bfs_9487272_n250.txt,250,3745,lista,ciclos,0.031,62.2,11
2026-10-02T11:53:29Z,data/samples/bfs_9487272_n250.txt,250,2815,lista,bipartido,0.041,79.8,1
2026-10-02T11:53:29Z,data/samples/bfs_9487272_n250.txt,250,2815,lista,bipartido,0.040,79.8,2
2026-10-02T11:53:29Z,data/samples/bfs_9487272_n250.txt,250,2815,lista,bipartido,0.040,79.8,3
2026-10-02T11:53:29Z,data/samples/bfs_9487272_n250.txt,250,2815,lista,bipartido,0.040,79.8,4
2026-10-02T11:53:29Z,data/samples/bfs_9487272_n250.txt,250,2815,lista,bipartido,0.040,79.8,5
2026-10-02T11:53:29Z,data/samples/bfs_9487272_n250.txt,250,2815,lista,bipartido,0.048,79.8,6
2026-10-02T11:53:29Z,data/samples/bfs_9487272_n250.txt,250,2815,lista,bipartido,0.048,79.8,7
2026-10-02T11:53:29Z,data/samples/bfs_9487272_n250.txt,250,2815,lista,bipartido,0.046,79.8,8
2026-10-02T11:53:29Z,data/samples/bfs_9487272_n250.txt,250,2815,lista,bipartido,0.049,79.8,9
2026-10-02T11:53:29Z,data/samples/bfs_9487272_n250.txt,250,2815,lista,bipartido,0.046,79.8,10
2026-10-02T11:53:29Z,data/samples/bfs_9487272_n250.txt,250,2815,lista,bipartido,0.040,79.8,11
2026-10-02T11:53:29Z,data/samples/bfs_9487272_n250.txt,250,2815,lista,articulacao,0.051,105.0,1
2026-10-02T11:53:29Z,data/samples/bfs_9487272_n250.txt,250,2815,lista,articulacao,0.050,105.0,2
2026-10-02T11:53:29Z,data/samples/bfs_9487272_n250.txt,250,2815,lista,articulacao,0.054,105.0,3
2026-10-02T11:53:29Z,data/samples/bfs_9487272_n250.txt,250,2815,lista,articulacao,0.070,105.0,4
2026-10-02T11:53:29Z,data/samples/bfs_9487272_n250.txt,250,2815,lista,articulacao,0.051,105.0,5
2026-10-02T11:53:29Z,data/samples/bfs_9487272_n250.txt,250,2815,lista,articulacao,0.077,105.0,6
2026-10-02T11:53:29Z,data/samples/bfs_9487272_n250.txt,250,2815,lista,articulacao,0.057,105.0,7
2026-10-02T11:53:29Z,data/samples/bfs_9487272_n250.txt,250,2815,lista,articulacao,0.051,105.0,8
2026-10-02T11:53:29Z,data/samples/bfs_9487272_n250.txt,250,2815,lista,articulacao,0.052,105.0,9
2026-10-02T11:53:29Z,data/samples/bfs_9487272_n250.txt,250,2815,lista,articulacao,0.050,105.0,10
2026-10-02T11:53:29Z,data/samples/bfs_9487272_n250.txt,250,2815,lista,articulacao,0.068,105.0,11
2026-10-02T11:53:29Z,data/samples/bfs_9487272_n250.txt,250,3745,matriz,bfs,0.001,21.9,1
2026-10-02T11:53:29Z,data/samples/bfs_9487272_n250.txt,250,3745,matriz,bfs,0.001,21.9,2
2026-10-02T11:53:29Z,data/samples/bfs_9487272_n250.txt,250,3745,matriz,bfs,0.001,21.9,3
2026-10-02T11:53:29Z,data/samples/bfs_9487272_n250.txt,250,3745,matriz,bfs,0.001,21.9,4
2026-10-02T11:53:29Z,data/samples/bfs_9487272_n250.txt,250,3745,matriz,bfs,0.001,21.9,5
2026-10-02T11:53:29Z,data/samples/bfs_9487272_n250.txt,250,3745,matriz,bfs,0.001,21.9,6
2026-10-02T11:53:29Z,data/samples/bfs_9487272_n250.txt,250,3745,matriz,bfs,0.001,21.9,7
2026-10-02T11:53:29Z,data/samples/bfs_9487272_n250.txt,250,3745,matriz,bfs,0.001,21.9,8
2026-10-02T11:53:29Z,data/samples/bfs_9487272_n250.txt,250,3745,matriz,bfs,0.001,21.9,9
2026-10-02T11:53:29Z,data/samples/bfs_9487272_n250.txt,250,3745,matriz,bfs,0.001,21.9,10
2026-10-02T11:53:29Z,data/samples/bfs_9487272_n250.txt,250,3745,matriz,bfs,0.001,21.9,11
2026-10-02T11:53:29Z,data/samples/bfs_9487272_n250.txt,250,3745,matriz,dfs,0.034,27.5,1
2026-10-02T11:53:29Z,data/samples/bfs_9487272_n250.txt,250,3745,matriz,dfs,0.034,27.5,2
2026-10-02T11:53:29Z,data/samples/bfs_9487272_n250.txt,250,3745,matriz,dfs,0.034,27.5,3
2026-10-02T11:53:29Z,data/samples/bfs_9487272_n250.txt,250,3745,matriz,dfs,0.034,27.5,4
2026-10-02T11:53:29Z,data/samples/bfs_9487272_n250.txt,250,3745,matriz,dfs,0.034,27.5,5
2026-10-02T11:53:29Z,data/samples/bfs_9487272_n250.txt,250,3745,matriz,dfs,0.034,27.5,6
2026-10-02T11:53:29Z,data/samples/bfs_9487272_n250.txt,250,3745,matriz,dfs,0.034,27.5,7
2026-10-02T11:53:29Z,data/samples/bfs_9487272_n250.txt,250,3745,matriz,dfs,0.036,27.5,8
2026-10-02T11:53:29Z,data/samples/bfs_9487272_n250.txt,250,3745,matriz,dfs,0.042,27.5,9
2026-10-02T11:53:29Z,data/samples/bfs_9487272_n250.txt,250,3745,matriz,dfs,0.034,27.5,10
2026-10-02T11:53:29Z,data/samples/bfs_9487272_n250.txt,250,3745,matriz,dfs,0.034,27.5,11
2026-10-02T11:53:29Z,data/samples/bfs_9487272_n250.txt,250,3745,matriz,componentes_fortes,0.042,33.7,1
2026-10-02T11:53:29Z,data/samples/bfs_9487272_n250.txt,250,2815,matriz,componentes_fracos,0.063,33.7,1
2026-10-02T11:53:29Z,data/samples/bfs_9487272_n250.txt,250,3745,matriz,componentes_fortes,0.041,33.7,2
2026-10-02T11:53:29Z,data/samples/bfs_9487272_n250.txt,250,2815,matriz,componentes_fracos,0.051,33.7,2
2026-10-02T11:53:29Z,data/samples/bfs_9487272_n250.txt,250,3745,matriz,componentes_fortes,0.044,33.7,3
2026-10-02T11:53:29Z,data/samples/bfs_9487272_n250.txt,250,2815,matriz,componentes_fracos,0.050,33.7,3
2026-10-02T11:53:29Z,data/samples/bfs_9487272_n250.txt,250,3745,matriz,componentes_fortes,0.041,33.7,4
2026-10-02T11:53:29Z,data/samples/bfs_9487272_n250.txt,250,2815,matriz,componentes_fracos,0.050,33.7,4
2026-10-02T11:53:29Z,data/samples/bfs_9487272_n250.txt,250,3745,matriz,componentes_fortes,0.042,33.7,5
2026-10-02T11:53:29Z,data/samples/bfs_9487272_n250.txt,250,2815,matriz,componentes_fracos,0.049,33.7,5
2026-10-02T11:53:29Z,data/samples/bfs_9487272_n250.txt,250,3745,matriz,componentes_fortes,0.041,33.7,6
2026-10-02T11:53:29Z,data/samples/bfs_9487272_n250.txt,250,2815,matriz,componentes_fracos,0.050,33.7,6
2026-10-02T11:53:29Z,data/samples/bfs_9487272_n250.txt,250,3745,matriz,componentes_fortes,0.044,33.7,7
2026-10-02T11:53:29Z,data/samples/bfs_9487272_n250.txt,250,2815,matriz,componentes_fracos,0.051,33.7,7
2026-10-02T11:53:29Z,data/samples/bfs_9487272_n250.txt,250,3745,matriz,componentes_fortes,0.042,33.7,8
2026-10-02T11:53:29Z,data/samples/bfs_9487272_n250.txt,250,2815,matriz,componentes_fracos,0.051,33.7,8
2026-10-02T11:53:29Z,data/samples/bfs_9487272_n250.txt,250,3745,matriz,componentes_fortes,0.042,33.7,9
2026-10-02T11:53:29Z,data/samples/bfs_9487272_n250.txt,250,2815,matriz,componentes_fracos,0.050,33.7,9
2026-10-02T11:53:29Z,data/samples/bfs_9487272_n250.txt,250,3745,matriz,componentes_fortes,0.042,33.7,10
2026-10-02T11:53:29Z,data/samples/bfs_9487272_n250.txt,250,2815,matriz,componentes_fracos,0.051,33.7,10
2026-10-02T11:53:29Z,data/samples/bfs_9487272_n250.txt,250,3745,matriz,componentes_fortes,0.042,33.7,11
2026-10-02T11:53:29Z,data/samples/bfs_9487272_n250.txt,250,2815,matriz,componentes_fracos,0.050,33.7,11
2026-10-02T11:53:29Z,data/samples/bfs_9487272_n250.txt,250,3745,matriz,ciclos,0.040,25.9,1
2026-10-02T11:53:29Z,data/samples/bfs_9487272_n250.txt,250,3745,matriz,ciclos,0.040,25.9,2
2026-10-02T11:53:29Z,data/samples/bfs_9487272_n250.txt,250,3745,matriz,ciclos,0.040,25.9,3
2026-10-02T11:53:29Z,data/samples/bfs_9487272_n250.txt,250,3745,matriz,ciclos,0.039,25.9,4
2026-10-02T11:53:29Z,data/samples/bfs_9487272_n250.txt,250,3745,matriz,ciclos,0.039,25.9,5
2026-10-02T11:53:29Z,data/samples/bfs_9487272_n250.txt,250,3745,matriz,ciclos,0.039,25.9,6
2026-10-02T11:53:29Z,data/samples/bfs_9487272_n250.txt,250,3745,matriz,ciclos,0.040,25.9,7
2026-10-02T11:53:29Z,data/samples/bfs_9487272_n250.txt,250,3745,matriz,ciclos,0.039,25.9,8
2026-10-02T11:53:30Z,data/samples/bfs_9487272_n250.txt,250,3745,matriz,ciclos,0.039,25.9,9
2026-10-02T11:53:30Z,data/samples/bfs_9487272_n250.txt,250,3745,matriz,ciclos,0.040,25.9,10
2026-10-02T11:53:30Z,data/samples/bfs_9487272_n250.txt,250,3745,matriz,ciclos,0.039,25.9,11
2026-10-02T11:53:30Z,data/samples/bfs_9487272_n250.txt,250,2815,matriz,bipartido,0.051,22.2,1
2026-10-02T11:53:30Z,data/samples/bfs_9487272_n250.txt,250,2815,matriz,bipartido,0.051,22.2,2
2026-10-02T11:53:30Z,data/samples/bfs_9487272_n250.txt,250,2815,matriz,bipartido,0.051,22.2,3
2026-10-02T11:53:30Z,data/samples/bfs_9487272_n250.txt,250,2815,matriz,bipartido,0.052,22.2,4
2026-10-02T11:53:30Z,data/samples/bfs_9487272_n250.txt,250,2815,matriz,bipartido,0.051,22.2,5
2026-10-02T11:53:30Z,data/samples/bfs_9487272_n250.txt,250,2815,matriz,bipartido,0.051,22.2,6
2026-10-02T11:53:30Z,data/samples/bfs_9487272_n250.txt,250,2815,matriz,bipartido,0.052,22.2,7
2026-10-02T11:53:30Z,data/samples/bfs_9487272_n250.txt,250,2815,matriz,bipartido,0.051,22.2,8
2026-10-02T11:53:30Z,data/samples/bfs_9487272_n250.txt,250,2815,matriz,bipartido,0.051,22.2,9
2026-10-02T11:53:30Z,data/samples/bfs_9487272_n250.txt,250,2815,matriz,bipartido,0.051,22.2,10
2026-10-02T11:53:30Z,data/samples/bfs_9487272_n250.txt,250,2815,matriz,bipartido,0.051,22.2,11
2026-10-02T11:53:30Z,data/samples/bfs_9487272_n250.txt,250,2815,matriz,articulacao,0.058,47.3,1
2026-10-02T11:53:30Z,data/samples/bfs_9487272_n250.txt,250,2815,matriz,articulacao,0.062,47.3,2
2026-10-02T11:53:30Z,data/samples/bfs_9487272_n250.txt,250,2815,matriz,articulacao,0.068,47.3,3
2026-10-02T11:53:30Z,data/samples/bfs_9487272_n250.txt,250,2815,matriz,articulacao,0.062,47.3,4
2026-10-02T11:53:30Z,data/samples/bfs_9487272_n250.txt,250,2815,matriz,articulacao,0.059,47.3,5
2026-10-02T11:53:30Z,data/samples/bfs_9487272_n250.txt,250,2815,matriz,articulacao,0.059,47.3,6
2026-10-02T11:53:30Z,data/samples/bfs_9487272_n250.txt,250,2815,matriz,articulacao,0.058,47.3,7
2026-10-02T11:53:30Z,data/samples/bfs_9487272_n250.txt,250,2815,matriz,articulacao,0.059,47.3,8
2026-10-02T11:53:30Z,data/samples/bfs_9487272_n250.txt,250,2815,matriz,articulacao,0.059,47.3,9
2026-10-02T11:53:30Z,data/samples/bfs_9487272_n250.txt,250,2815,matriz,articulacao,0.067,47.3,10
2026-10-02T11:53:30Z,data/samples/bfs_9487272_n250.txt,250,2815,matriz,articulacao,0.062,47.3,11
2026-10-02T11:53:30Z,data/samples/bfs_9487272_n500.txt,500,8642,lista,bfs,0.005,128.4,1
2026-10-02T11:53:30Z,data/samples/bfs_9487272_n500.txt,500,8642,lista,bfs,0.009,128.4,2
2026-10-02T11:53:30Z,data/samples/bfs_9487272_n500.txt,500,8642,lista,bfs,0.005,128.4,3
2026-10-02T11:53:30Z,data/samples/bfs_9487272_n500.txt,500,8642,lista,bfs,0.005,128.4,4
2026-10-02T11:53:30Z,data/samples/bfs_9487272_n500.txt,500,8642,lista,bfs,0.009,128.4,5
2026-10-02T11:53:30Z,data/samples/bfs_9487272_n500.txt,500,8642,lista,bfs,0.005,128.4,6
2026-10-02T11:53:30Z,data/samples/bfs_9487272_n500.txt,500,8642,lista,bfs,0.005,128.4,7
2026-10-02T11:53:30Z,data/samples/bfs_9487272_n500.txt,500,8642,lista,bfs,0.005,128.4,8
2026-10-02T11:53:30Z,data/samples/bfs_9487272_n500.txt,500,8642,lista,bfs,0.005,128.4,9
2026-10-02T11:53:30Z,data/samples/bfs_9487272_n500.txt,500,8642,lista,bfs,0.005,128.4,10
2026-10-02T11:53:30Z,data/samples/bfs_9487272_n500.txt,500,8642,lista,bfs,0.005,128.4,11
2026-10-02T11:53:30Z,data/samples/bfs_9487272_n500.txt,500,8642,lista,dfs,0.054,139.7,1
2026-10-02T11:53:30Z,data/samples/bfs_9487272_n500.txt,500,8642,lista,dfs,0.054,139.7,2
2026-10-02T11:53:30Z,data/samples/bfs_9487272_n500.txt,500,8642,lista,dfs,0.080,139.7,3
2026-10-02T11:53:30Z,data/samples/bfs_9487272_n500.txt,500,8642,lista,dfs,0.109,139.7,4
2026-10-02T11:53:30Z,data/samples/bfs_9487272_n500.txt,500,8642,lista,dfs,0.057,139.7,5
2026-10-02T11:53:30Z,data/samples/bfs_9487272_n500.txt,500,8642,lista,dfs,0.054,139.7,6
2026-10-02T11:53:30Z,data/samples/bfs_9487272_n500.txt,500,8642,lista,dfs,0.053,139.7,7
2026-10-02T11:53:30Z,data/samples/bfs_9487272_n500.txt,500,8642,lista,dfs,0.053,139.7,8
2026-10-02T11:53:30Z,data/samples/bfs_9487272_n500.txt,500,8642,lista,dfs,0.057,139.7,9
2026-10-02T11:53:30Z,data/samples/bfs_9487272_n500.txt,500,8642,lista,dfs,0.054,139.7,10
2026-10-02T11:53:30Z,data/samples/bfs_9487272_n500.txt,500,8642,lista,dfs,0.057,139.7,11
2026-10-02T11:53:30Z,data/samples/bfs_9487272_n500.txt,500,8642,lista,componentes_fortes,0.079,151.9,1
2026-10-02T11:53:30Z,data/samples/bfs_9487272_n500.txt,500,6590,lista,componentes_fracos,0.088,203.0,1
2026-10-02T11:53:30Z,data/samples/bfs_9487272_n500.txt,500,8642,lista,componentes_fortes,0.078,151.9,2
2026-10-02T11:53:30Z,data/samples/bfs_9487272_n500.txt,500,6590,lista,componentes_fracos,0.088,203.0,2
2026-10-02T11:53:30Z,data/samples/bfs_9487272_n500.txt,500,8642,lista,componentes_fortes,0.078,151.9,3
2026-10-02T11:53:30Z,data/samples/bfs_9487272_n500.txt,500,6590,lista,componentes_fracos,0.253,203.0,3
2026-10-02T11:53:30Z,data/samples/bfs_9487272_n500.txt,500,8642,lista,componentes_fortes,0.076,151.9,4
2026-10-02T11:53:30Z,data/samples/bfs_9487272_n500.txt,500,6590,lista,componentes_fracos,0.087,203.0,4
2026-10-02T11:53:30Z,data/samples/bfs_9487272_n500.txt,500,8642,lista,componentes_fortes,0.076,151.9,5
2026-10-02T11:53:30Z,data/samples/bfs_9487272_n500.txt,500,6590,lista,componentes_fracos,0.086,203.0,5
2026-10-02T11:53:30Z,data/samples/bfs_9487272_n500.txt,500,8642,lista,componentes_fortes,0.076,151.9,6
2026-10-02T11:53:30Z,data/samples/bfs_9487272_n500.txt,500,6590,lista,componentes_fracos,0.088,203.0,6
2026-10-02T11:53:30Z,data/samples/bfs_9487272_n500.txt,500,8642,lista,componentes_fortes,0.075,151.9,7
2026-10-02T11:53:30Z,data/samples/bfs_9487272_n500.txt,500,6590,lista,componentes_fracos,0.087,203.0,7
2026-10-02T11:53:30Z,data/samples/bfs_9487272_n500.txt,500,8642,lista,componentes_fortes,0.074,151.9,8
2026-10-02T11:53:30Z,data/samples/bfs_9487272_n500.txt,500,6590,lista,componentes_fracos,0.087,203.0,8
2026-10-02T11:53:30Z,data/samples/bfs_9487272_n500.txt,500,8642,lista,componentes_fortes,0.075,151.9,9
2026-10-02T11:53:30Z,data/samples/bfs_9487272_n500.txt,500,6590,lista,componentes_fracos,0.100,203.0,9
2026-10-02T11:53:30Z,data/samples/bfs_9487272_n500.txt,500,8642,lista,componentes_fortes,0.080,151.9,10
2026-10-02T11:53:30Z,data/samples/bfs_9487272_n500.txt,500,6590,lista,componentes_fracos,0.092,203.0,10
2026-10-02T11:53:30Z,data/samples/bfs_9487272_n500.txt,500,8642,lista,componentes_fortes,0.076,151.9,11
2026-10-02T11:53:30Z,data/samples/bfs_9487272_n500.txt,500,6590,lista,componentes_fracos,0.092,203.0,11
2026-10-02T11:53:30Z,data/samples/bfs_9487272_n500.txt,500,8642,lista,ciclos,0.072,136.3,1
2026-10-02T11:53:30Z,data/samples/bfs_9487272_n500.txt,500,8642,lista,ciclos,0.094,136.3,2
2026-10-02T11:53:30Z,data/samples/bfs_9487272_n500.txt,500,8642,lista,ciclos,0.080,136.3,3
2026-10-02T11:53:30Z,data/samples/bfs_9487272_n500.txt,500,8642,lista,ciclos,0.071,136.3,4
2026-10-02T11:53:30Z,data/samples/bfs_9487272_n500.txt,500,8642,lista,ciclos,0.072,136.3,5
2026-10-02T11:53:30Z,data/samples/bfs_9487272_n500.txt,500,8642,lista,ciclos,0.072,136.3,6
2026-10-02T11:53:30Z,data/samples/bfs_9487272_n500.txt,500,8642,lista,ciclos,0.071,136.3,7
2026-10-02T11:53:30Z,data/samples/bfs_9487272_n500.txt,500,8642,lista,ciclos,0.071,136.3,8
2026-10-02T11:53:30Z,data/samples/bfs_9487272_n500.txt,500,8642,lista,ciclos,0.071,136.3,9
2026-10-02T11:53:30Z,data/samples/bfs_9487272_n500.txt,500,8642,lista,ciclos,0.071,136.3,10
2026-10-02T11:53:30Z,data/samples/bfs_9487272_n500.txt,500,8642,lista,ciclos,0.072,136.3,11
2026-10-02T11:53:30Z,data/samples/bfs_9487272_n500.txt,500,6590,lista,bipartido,0.103,180.1,1
2026-10-02T11:53:30Z,data/samples/bfs_9487272_n500.txt,500,6590,lista,bipartido,0.102,180.1,2
2026-10-02T11:53:30Z,data/samples/bfs_9487272_n500.txt,500,6590,lista,bipartido,0.101,180.1,3
2026-10-02T11:53:30Z,data/samples/bfs_9487272_n500.txt,500,6590,lista,bipartido,0.101,180.1,4
2026-10-02T11:53:30Z,data/samples/bfs_9487272_n500.txt,500,6590,lista,bipartido,0.131,180.1,5
2026-10-02T11:53:30Z,data/samples/bfs_9487272_n500.txt,500,6590,lista,bipartido,0.100,180.1,6
2026-10-02T11:53:30Z,data/samples/bfs_9487272_n500.txt,500,6590,lista,bipartido,0.105,180.1,7
2026-10-02T11:53:30Z,data/samples/bfs_9487272_n500.txt,500,6590,lista,bipartido,0.100,180.1,8
2026-10-02T11:53:30Z,data/samples/bfs_9487272_n500.txt,500,6590,lista,bipartido,0.115,180.1,9
2026-10-02T11:53:30Z,data/samples/bfs_9487272_n500.txt,500,6590,lista,bipartido,0.101,180.1,10
2026-10-02T11:53:30Z,data/samples/bfs_9487272_n500.txt,500,6590,lista,bipartido,0.100,180.1,11
2026-10-02T11:53:30Z,data/samples/bfs_9487272_n500.txt,500,6590,lista,articulacao,0.110,230.4,1
2026-10-02T11:53:30Z,data/samples/bfs_9487272_n500.txt,500,6590,lista,articulacao,0.110,230.4,2
2026-10-02T11:53:30Z,data/samples/bfs_9487272_n500.txt,500,6590,lista,articulacao,0.109,230.4,3
2026-10-02T11:53:30Z,data/samples/bfs_9487272_n500.txt,500,6590,lista,articulacao,0.110,230.4,4
2026-10-02T11:53:30Z,data/samples/bfs_9487272_n500.txt,500,6590,lista,articulacao,0.163,230.4,5
2026-10-02T11:53:30Z,data/samples/bfs_9487272_n500.txt,500,6590,lista,articulacao,0.111,230.4,6
2026-10-02T11:53:30Z,data/samples/bfs_9487272_n500.txt,500,6590,lista,articulacao,0.112,230.4,7
2026-10-02T11:53:30Z,data/samples/bfs_9487272_n500.txt,500,6590,lista,articulacao,0.112,230.4,8
2026-10-02T11:53:30Z,data/samples/bfs_9487272_n500.txt,500,6590,lista,articulacao,0.255,230.4,9
2026-10-02T11:53:30Z,data/samples/bfs_9487272_n500.txt,500,6590,lista,articulacao,0.204,230.4,10
2026-10-02T11:53:30Z,data/samples/bfs_9487272_n500.txt,500,6590,lista,articulacao,0.300,230.4,11
2026-10-02T11:53:30Z,data/samples/bfs_9487272_n500.txt,500,8642,matriz,bfs,0.001,59.4,1
2026-10-02T11:53:30Z,data/samples/bfs_9487272_n500.txt,500,8642,matriz,bfs,0.001,59.4,2
2026-10-02T11:53:30Z,data/samples/bfs_9487272_n500.txt,500,8642,matriz,bfs,0.001,59.4,3
2026-10-02T11:53:30Z,data/samples/bfs_9487272_n500.txt,500,8642,matriz,bfs,0.001,59.4,4
2026-10-02T11:53:30Z,data/samples/bfs_9487272_n500.txt,500,8642,matriz,bfs,0.001,59.4,5
2026-10-02T11:53:30Z,data/samples/bfs_9487272_n500.txt,500,8642,matriz,bfs,0.001,59.4,6
2026-10-02T11:53:30Z,data/samples/bfs_9487272_n500.txt,500,8642,matriz,bfs,0.001,59.4,7
2026-10-02T11:53:30Z,data/samples/bfs_9487272_n500.txt,500,8642,matriz,bfs,0.001,59.4,8
2026-10-02T11:53:30Z,data/samples/bfs_9487272_n500.txt,500,8642,matriz,bfs,0.001,59.4,9
2026-10-02T11:53:30Z,data/samples/bfs_9487272_n500.txt,500,8642,matriz,bfs,0.001,59.4,10
2026-10-02T11:53:30Z,data/samples/bfs_9487272_n500.txt,500,8642,matriz,bfs,0.001,59.4,11
2026-10-02T11:53:30Z,data/samples/bfs_9487272_n500.txt,500,8642,matriz,dfs,0.105,70.7,1
2026-10-02T11:53:30Z,data/samples/bfs_9487272_n500.txt,500,8642,matriz,dfs,0.109,70.7,2
2026-10-02T11:53:30Z,data/samples/bfs_9487272_n500.txt,500,8642,matriz,dfs,0.105,70.7,3
2026-10-02T11:53:30Z,data/samples/bfs_9487272_n500.txt,500,8642,matriz,dfs,0.099,70.7,4
2026-10-02T11:53:30Z,data/samples/bfs_9487272_n500.txt,500,8642,matriz,dfs,0.098,70.7,5
2026-10-02T11:53:30Z,data/samples/bfs_9487272_n500.txt,500,8642,matriz,dfs,0.098,70.7,6
2026-10-02T11:53:30Z,data/samples/bfs_9487272_n500.txt,500,8642,matriz,dfs,0.097,70.7,7
2026-10-02T11:53:30Z,data/samples/bfs_9487272_n500.txt,500,8642,matriz,dfs,0.097,70.7,8
2026-10-02T11:53:30Z,data/samples/bfs_9487272_n500.txt,500,8642,matriz,dfs,0.096,70.7,9
2026-10-02T11:53:30Z,data/samples/bfs_9487272_n500.txt,500,8642,matriz,dfs,0.105,70.7,10
2026-10-02T11:53:30Z,data/samples/bfs_9487272_n500.txt,500,8642,matriz,dfs,0.098,70.7,11
2026-10-02T11:53:30Z,data/samples/bfs_9487272_n500.txt,500,8642,matriz,componentes_fortes,0.137,82.9,1
2026-10-02T11:53:30Z,data/samples/bfs_9487272_n500.txt,500,6590,matriz,componentes_fracos,0.146,82.9,1
2026-10-02T11:53:30Z,data/samples/bfs_9487272_n500.txt,500,8642,matriz,componentes_fortes,0.128,82.9,2
2026-10-02T11:53:30Z,data/samples/bfs_9487272_n500.txt,500,6590,matriz,componentes_fracos,0.169,82.9,2
2026-10-02T11:53:30Z,data/samples/bfs_9487272_n500.txt,500,8642,matriz,componentes_fortes,0.123,82.9,3
2026-10-02T11:53:30Z,data/samples/bfs_9487272_n500.txt,500,6590,matriz,componentes_fracos,0.155,82.9,3
2026-10-02T11:53:30Z,data/samples/bfs_9487272_n500.txt,500,8642,matriz,componentes_fortes,0.131,82.9,4
2026-10-02T11:53:30Z,data/samples/bfs_9487272_n500.txt,500,6590,matriz,componentes_fracos,0.146,82.9,4
2026-10-02T11:53:30Z,data/samples/bfs_9487272_n500.txt,500,8642,matriz,componentes_fortes,0.119,82.9,5
2026-10-02T11:53:30Z,data/samples/bfs_9487272_n500.txt,500,6590,matriz,componentes_fracos,0.140,82.9,5
2026-10-02T11:53:30Z,data/samples/bfs_9487272_n500.txt,500,8642,matriz,componentes_fortes,0.120,82.9,6
2026-10-02T11:53:30Z,data/samples/bfs_9487272_n500.txt,500,6590,matriz,componentes_fracos,0.141,82.9,6
2026-10-02T11:53:30Z,data/samples/bfs_9487272_n500.txt,500,8642,matriz,componentes_fortes,0.120,82.9,7
2026-10-02T11:53:30Z,data/samples/bfs_9487272_n500.txt,500,6590,matriz,componentes_fracos,0.140,82.9,7
2026-10-02T11:53:30Z,data/samples/bfs_9487272_n500.txt,500,8642,matriz,componentes_fortes,0.123,82.9,8
2026-10-02T11:53:30Z,data/samples/bfs_9487272_n500.txt,500,6590,matriz,componentes_fracos,0.137,82.9,8
2026-10-02T11:53:30Z,data/samples/bfs_9487272_n500.txt,500,8642,matriz,componentes_fortes,0.116,82.9,9
2026-10-02T11:53:30Z,data/samples/bfs_9487272_n500.txt,500,6590,matriz,componentes_fracos,0.137,82.9,9
2026-10-02T11:53:30Z,data/samples/bfs_9487272_n500.txt,500,8642,matriz,componentes_fortes,0.110,82.9,10
2026-10-02T11:53:30Z,data/samples/bfs_9487272_n500.txt,500,6590,matriz,componentes_fracos,0.128,82.9,10
2026-10-02T11:53:30Z,data/samples/bfs_9487272_n500.txt,500,8642,matriz,componentes_fortes,0.113,82.9,11
2026-10-02T11:53:30Z,data/samples/bfs_9487272_n500.txt,500,6590,matriz,componentes_fracos,0.138,82.9,11
2026-10-02T11:53:30Z,data/samples/bfs_9487272_n500.txt,500,8642,matriz,ciclos,0.111,67.3,1
2026-10-02T11:53:30Z,data/samples/bfs_9487272_n500.txt,500,8642,matriz,ciclos,0.111,67.3,2
2026-10-02T11:53:30Z,data/samples/bfs_9487272_n500.txt,500,8642,matriz,ciclos,0.112,67.3,3
2026-10-02T11:53:30Z,data/samples/bfs_9487272_n500.txt,500,8642,matriz,ciclos,0.112,67.3,4
2026-10-02T11:53:30Z,data/samples/bfs_9487272_n500.txt,500,8642,matriz,ciclos,0.111,67.3,5
2026-10-02T11:53:30Z,data/samples/bfs_9487272_n500.txt,500,8642,matriz,ciclos,0.108,67.3,6
2026-10-02T11:53:30Z,data/samples/bfs_9487272_n500.txt,500,8642,matriz,ciclos,0.111,67.3,7
2026-10-02T11:53:30Z,data/samples/bfs_9487272_n500.txt,500,8642,matriz,ciclos,0.234,67.3,8
2026-10-02T11:53:30Z,data/samples/bfs_9487272_n500.txt,500,8642,matriz,ciclos,0.155,67.3,9
2026-10-02T11:53:30Z,data/samples/bfs_9487272_n500.txt,500,8642,matriz,ciclos,0.119,67.3,10
2026-10-02T11:53:30Z,data/samples/bfs_9487272_n500.txt,500,8642,matriz,ciclos,0.114,67.3,11
2026-10-02T11:53:30Z,data/samples/bfs_9487272_n500.txt,500,6590,matriz,bipartido,0.156,59.9,1
2026-10-02T11:53:30Z,data/samples/bfs_9487272_n500.txt,500,6590,matriz,bipartido,0.184,59.9,2
2026-10-02T11:53:30Z,data/samples/bfs_9487272_n500.txt,500,6590,matriz,bipartido,0.161,59.9,3
2026-10-02T11:53:30Z,data/samples/bfs_9487272_n500.txt,500,6590,matriz,bipartido,0.159,59.9,4
2026-10-02T11:53:30Z,data/samples/bfs_9487272_n500.txt,500,6590,matriz,bipartido,0.169,59.9,5
2026-10-02T11:53:30Z,data/samples/bfs_9487272_n500.txt,500,6590,matriz,bipartido,0.156,59.9,6
2026-10-02T11:53:30Z,data/samples/bfs_9487272_n500.txt,500,6590,matriz,bipartido,0.197,59.9,7
2026-10-02T11:53:30Z,data/samples/bfs_9487272_n500.txt,500,6590,matriz,bipartido,0.151,59.9,8
2026-10-02T11:53:30Z,data/samples/bfs_9487272_n500.txt,500,6590,matriz,bipartido,0.152,59.9,9
2026-10-02T11:53:30Z,data/samples/bfs_9487272_n500.txt,500,6590,matriz,bipartido,0.152,59.9,10
2026-10-02T11:53:30Z,data/samples/bfs_9487272_n500.txt,500,6590,matriz,bipartido,0.151,59.9,11
2026-10-02T11:53:30Z,data/samples/bfs_9487272_n500.txt,500,6590,matriz,articulacao,0.159,110.2,1
2026-10-02T11:53:30Z,data/samples/bfs_9487272_n500.txt,500,6590,matriz,articulacao,0.158,110.2,2
2026-10-02T11:53:30Z,data/samples/bfs_9487272_n500.txt,500,6590,matriz,articulacao,0.168,110.2,3
2026-10-02T11:53:30Z,data/samples/bfs_9487272_n500.txt,500,6590,matriz,articulacao,0.167,110.2,4
2026-10-02T11:53:30Z,data/samples/bfs_9487272_n500.txt,500,6590,matriz,articulacao,0.323,110.2,5
2026-10-02T11:53:30Z,data/samples/bfs_9487272_n500.txt,500,6590,matriz,articulacao,0.274,110.2,6
2026-10-02T11:53:30Z,data/samples/bfs_9487272_n500.txt,500,6590,matriz,articulacao,0.276,110.2,7
2026-10-02T11:53:30Z,data/samples/bfs_9487272_n500.txt,500,6590,matriz,articulacao,0.312,110.2,8
2026-10-02T11:53:30Z,data/samples/bfs_9487272_n500.txt,500,6590,matriz,articulacao,0.244,110.2,9
2026-10-02T11:53:30Z,data/samples/bfs_9487272_n500.txt,500,6590,matriz,articulacao,0.203,110.2,10
2026-10-02T11:53:30Z,data/samples/bfs_9487272_n500.txt,500,6590,matriz,articulacao,0.189,110.2,11
2026-10-02T11:53:31Z,data/raw/twitter_combined.txt,81306,1768135,lista,bfs,16.670,26643.3,1
2026-10-02T11:53:32Z,data/raw/twitter_combined.txt,81306,1768135,lista,bfs,15.564,26643.3,2
2026-10-02T11:53:33Z,data/raw/twitter_combined.txt,81306,1768135,lista,bfs,15.380,26643.3,3
2026-10-02T11:53:34Z,data/raw/twitter_combined.txt,81306,1768135,lista,bfs,16.260,26643.3,4
2026-10-02T11:53:35Z,data/raw/twitter_combined.txt,81306,1768135,lista,bfs,16.718,26643.3,5
2026-10-02T11:53:36Z,data/raw/twitter_combined.txt,81306,1768135,lista,bfs,15.643,26643.3,6
2026-10-02T11:53:37Z,data/raw/twitter_combined.txt,81306,1768135,lista,bfs,15.440,26643.3,7
2026-10-02T11:53:38Z,data/raw/twitter_combined.txt,81306,1768135,lista,bfs,17.478,26643.3,8
2026-10-02T11:53:39Z,data/raw/twitter_combined.txt,81306,1768135,lista,bfs,17.271,26643.3,9
2026-10-02T11:53:40Z,data/raw/twitter_combined.txt,81306,1768135,lista,bfs,18.310,26643.3,10
2026-10-02T11:53:41Z,data/raw/twitter_combined.txt,81306,1768135,lista,bfs,16.768,26643.3,11
2026-10-02T11:53:42Z,data/raw/twitter_combined.txt,81306,1768135,lista,bfs,18.878,26643.3,1
2026-10-02T11:53:43Z,data/raw/twitter_combined.txt,81306,1768135,lista,bfs,18.504,26643.3,2
2026-10-02T11:53:44Z,data/raw/twitter_combined.txt,81306,1768135,lista,bfs,17.784,26643.3,3
2026-10-02T11:53:45Z,data/raw/twitter_combined.txt,81306,1768135,lista,bfs,21.378,26643.3,4
2026-10-02T11:53:46Z,data/raw/twitter_combined.txt,81306,1768135,lista,bfs,16.905,26643.3,5
2026-10-02T11:53:47Z,data/raw/twitter_combined.txt,81306,1768135,lista,bfs,16.014,26643.3,6
2026-10-02T11:53:48Z,data/raw/twitter_combined.txt,81306,1768135,lista,bfs,17.445,26643.3,7
2026-10-02T11:53:49Z,data/raw/twitter_combined.txt,81306,1768135,lista,bfs,17.745,26643.3,8
2026-10-02T11:53:50Z,data/raw/twitter_combined.txt,81306,1768135,lista,bfs,18.605,26643.3,9
2026-10-02T11:53:51Z,data/raw/twitter_combined.txt,81306,1768135,lista,bfs,17.353,26643.3,10
2026-10-02T11:53:52Z,data/raw/twitter_combined.txt,81306,1768135,lista,bfs,16.231,26643.3,11
2026-10-02T11:53:53Z,data/raw/twitter_combined.txt,81306,1768135,lista,bfs,0.625,26643.3,1
2026-10-02T11:53:54Z,data/raw/twitter_combined.txt,81306,1768135,lista,bfs,0.612,26643.3,2
2026-10-02T11:53:55Z,data/raw/twitter_combined.txt,81306,1768135,lista,bfs,0.637,26643.3,3
2026-10-02T11:53:56Z,data/raw/twitter_combined.txt,81306,1768135,lista,bfs,0.613,26643.3,4
2026-10-02T11:53:57Z,data/raw/twitter_combined.txt,81306,1768135,lista,bfs,0.606,26643.3,5
2026-10-02T11:53:58Z,data/raw/twitter_combined.txt,81306,1768135,lista,bfs,0.773,26643.3,6
2026-10-02T11:53:59Z,data/raw/twitter_combined.txt,81306,1768135,lista,bfs,0.605,26643.3,7
2026-10-02T11:54:00Z,data/raw/twitter_combined.txt,81306,1768135,lista,bfs,0.618,26643.3,8
2026-10-02T11:54:01Z,data/raw/twitter_combined.txt,81306,1768135,lista,bfs,0.624,26643.3,9
2026-10-02T11:54:02Z,data/raw/twitter_combined.txt,81306,1768135,lista,bfs,0.618,26643.3,10
2026-10-02T11:54:03Z,data/raw/twitter_combined.txt,81306,1768135,lista,bfs,0.681,26643.3,11
2026-10-02T11:54:04Z,data/raw/twitter_combined.txt,81306,1768135,lista,dfs,24.382,28469.5,1
2026-10-02T11:54:05Z,data/raw/twitter_combined.txt,81306,1768135,lista,dfs,24.121,28469.5,2
2026-10-02T11:54:06Z,data/raw/twitter_combined.txt,81306,1768135,lista,dfs,22.431,28469.5,3
2026-10-02T11:54:07Z,data/raw/twitter_combined.txt,81306,1768135,lista,dfs,21.069,28469.5,4
2026-10-02T11:54:08Z,data/raw/twitter_combined.txt,81306,1768135,lista,dfs,20.125,28469.5,5
2026-10-02T11:54:09Z,data/raw/twitter_combined.txt,81306,1768135,lista,dfs,23.316,28469.5,6
2026-10-02T11:54:10Z,data/raw/twitter_combined.txt,81306,1768135,lista,dfs,24.643,28469.5,7
2026-10-02T11:54:11Z,data/raw/twitter_combined.txt,81306,1768135,lista,dfs,21.970,28469.5,8
2026-10-02T11:54:12Z,data/raw/twitter_combined.txt,81306,1768135,lista,dfs,22.465,28469.5,9
2026-10-02T11:54:13Z,data/raw/twitter_combined.txt,81306,1768135,lista,dfs,19.667,28469.5,10
2026-10-02T11:54:15Z,data/raw/twitter_combined.txt,81306,1768135,lista,dfs,20.434,28469.5,11
2026-10-02T11:54:16Z,data/raw/twitter_combined.txt,81306,1768135,lista,dfs,23.887,28469.5,1
2026-10-02T11:54:17Z,data/raw/twitter_combined.txt,81306,1768135,lista,dfs,19.820,28469.5,2
2026-10-02T11:54:18Z,data/raw/twitter_combined.txt,81306,1768135,lista,dfs,20.848,28469.5,3
2026-10-02T11:54:19Z,data/raw/twitter_combined.txt,81306,1768135,lista,dfs,22.421,28469.5,4
2026-10-02T11:54:20Z,data/raw/twitter_combined.txt,81306,1768135,lista,dfs,20.006,28469.5,5
2026-10-02T11:54:21Z,data/raw/twitter_combined.txt,81306,1768135,lista,dfs,21.184,28469.5,6
2026-10-02T11:54:22Z,data/raw/twitter_combined.txt,81306,1768135,lista,dfs,23.003,28469.5,7
2026-10-02T11:54:23Z,data/raw/twitter_combined.txt,81306,1768135,lista,dfs,21.798,28469.5,8
2026-10-02T11:54:24Z,data/raw/twitter_combined.txt,81306,1768135,lista,dfs,20.664,28469.5,9
2026-10-02T11:54:25Z,data/raw/twitter_combined.txt,81306,1768135,lista,dfs,19.564,28469.5,10
2026-10-02T11:54:26Z,data/raw/twitter_combined.txt,81306,1768135,lista,dfs,21.862,28469.5,11
2026-10-02T11:54:27Z,data/raw/twitter_combined.txt,81306,1768135,lista,dfs,20.716,28469.5,1
2026-10-02T11:54:28Z,data/raw/twitter_combined.txt,81306,1768135,lista,dfs,20.006,28469.5,2
2026-10-02T11:54:29Z,data/raw/twitter_combined.txt,81306,1768135,lista,dfs,29.637,28469.5,3
2026-10-02T11:54:30Z,data/raw/twitter_combined.txt,81306,1768135,lista,dfs,23.040,28469.5,4
2026-10-02T11:54:31Z,data/raw/twitter_combined.txt,81306,1768135,lista,dfs,21.970,28469.5,5
2026-10-02T11:54:32Z,data/raw/twitter_combined.txt,81306,1768135,lista,dfs,22.066,28469.5,6
2026-10-02T11:54:33Z,data/raw/twitter_combined.txt,81306,1768135,lista,dfs,22.024,28469.5,7
2026-10-02T11:54:34Z,data/raw/twitter_combined.txt,81306,1768135,lista,dfs,19.935,28469.5,8
2026-10-02T11:54:35Z,data/raw/twitter_combined.txt,81306,1768135,lista,dfs,21.055,28469.5,9
2026-10-02T11:54:36Z,data/raw/twitter_combined.txt,81306,1768135,lista,dfs,23.030,28469.5,10
2026-10-02T11:54:37Z,data/raw/twitter_combined.txt,81306,1768135,lista,dfs,20.882,28469.5,11
2026-10-02T11:54:38Z,data/raw/twitter_combined.txt,81306,1768135,lista,componentes_fortes,27.700,30454.5,1
2026-10-02T11:54:38Z,data/raw/twitter_combined.txt,81306,1342296,lista,componentes_fracos,41.964,40747.4,1
2026-10-02T11:54:39Z,data/raw/twitter_combined.txt,81306,1768135,lista,componentes_fortes,28.604,30454.5,2
2026-10-02T11:54:40Z,data/raw/twitter_combined.txt,81306,1342296,lista,componentes_fracos,41.637,40747.4,2
2026-10-02T11:54:41Z,data/raw/twitter_combined.txt,81306,1768135,lista,componentes_fortes,27.673,30454.5,3
2026-10-02T11:54:42Z,data/raw/twitter_combined.txt,81306,1342296,lista,componentes_fracos,40.983,40747.4,3
2026-10-02T11:54:43Z,data/raw/twitter_combined.txt,81306,1768135,lista,componentes_fortes,26.279,30454.5,4
2026-10-02T11:54:43Z,data/raw/twitter_combined.txt,81306,1342296,lista,componentes_fracos,38.762,40747.4,4
2026-10-02T11:54:44Z,data/raw/twitter_combined.txt,81306,1768135,lista,componentes_fortes,25.930,30454.5,5
2026-10-02T11:54:45Z,data/raw/twitter_combined.txt,81306,1342296,lista,componentes_fracos,39.859,40747.4,5
2026-10-02T11:54:46Z,data/raw/twitter_combined.txt,81306,1768135,lista,componentes_fortes,26.037,30454.5,6
2026-10-02T11:54:46Z,data/raw/twitter_combined.txt,81306,1342296,lista,componentes_fracos,38.378,40747.4,6
2026-10-02T11:54:47Z,data/raw/twitter_combined.txt,81306,1768135,lista,componentes_fortes,25.831,30454.5,7
2026-10-02T11:54:48Z,data/raw/twitter_combined.txt,81306,1342296,lista,componentes_fracos,38.769,40747.4,7
2026-10-02T11:54:49Z,data/raw/twitter_combined.txt,81306,1768135,lista,componentes_fortes,25.341,30454.5,8
2026-10-02T11:54:49Z,data/raw/twitter_combined.txt,81306,1342296,lista,componentes_fracos,38.815,40747.4,8
2026-10-02T11:54:50Z,data/raw/twitter_combined.txt,81306,1768135,lista,componentes_fortes,24.908,30454.5,9
2026-10-02T11:54:51Z,data/raw/twitter_combined.txt,81306,1342296,lista,componentes_fracos,38.287,40747.4,9
2026-10-02T11:54:52Z,data/raw/twitter_combined.txt,81306,1768135,lista,componentes_fortes,25.992,30454.5,10
2026-10-02T11:54:52Z,data/raw/twitter_combined.txt,81306,1342296,lista,componentes_fracos,38.324,40747.4,10
2026-10-02T11:54:53Z,data/raw/twitter_combined.txt,81306,1768135,lista,componentes_fortes,25.487,30454.5,11
2026-10-02T11:54:54Z,data/raw/twitter_combined.txt,81306,1342296,lista,componentes_fracos,38.653,40747.4,11
2026-10-02T11:54:55Z,data/raw/twitter_combined.txt,81306,1768135,lista,ciclos,25.397,27913.7,1
2026-10-02T11:54:56Z,data/raw/twitter_combined.txt,81306,1768135,lista,ciclos,21.813,27913.7,2
2026-10-02T11:54:57Z,data/raw/twitter_combined.txt,81306,1768135,lista,ciclos,21.132,27913.7,3
2026-10-02T11:54:58Z,data/raw/twitter_combined.txt,81306,1768135,lista,ciclos,21.069,27913.7,4
2026-10-02T11:54:59Z,data/raw/twitter_combined.txt,81306,1768135,lista,ciclos,23.413,27913.7,5
2026-10-02T11:55:00Z,data/raw/twitter_combined.txt,81306,1768135,lista,ciclos,21.448,27913.7,6
2026-10-02T11:55:01Z,data/raw/twitter_combined.txt,81306,1768135,lista,ciclos,23.654,27913.7,7
2026-10-02T11:55:02Z,data/raw/twitter_combined.txt,81306,1768135,lista,ciclos,21.407,27913.7,8
2026-10-02T11:55:03Z,data/raw/twitter_combined.txt,81306,1768135,lista,ciclos,22.831,27913.7,9
2026-10-02T11:55:03Z,data/raw/twitter_combined.txt,81306,1768135,lista,ciclos,22.968,27913.7,10
2026-10-02T11:55:04Z,data/raw/twitter_combined.txt,81306,1768135,lista,ciclos,21.509,27913.7,11
2026-10-02T11:55:06Z,data/raw/twitter_combined.txt,81306,1342296,lista,bipartido,37.824,37015.6,1
2026-10-02T11:55:07Z,data/raw/twitter_combined.txt,81306,1342296,lista,bipartido,37.729,37015.6,2
2026-10-02T11:55:08Z,data/raw/twitter_combined.txt,81306,1342296,lista,bipartido,36.864,37015.6,3
2026-10-02T11:55:10Z,data/raw/twitter_combined.txt,81306,1342296,lista,bipartido,37.083,37015.6,4
2026-10-02T11:55:11Z,data/raw/twitter_combined.txt,81306,1342296,lista,bipartido,37.846,37015.6,5
2026-10-02T11:55:13Z,data/raw/twitter_combined.txt,81306,1342296,lista,bipartido,35.524,37015.6,6
2026-10-02T11:55:14Z,data/raw/twitter_combined.txt,81306,1342296,lista,bipartido,36.846,37015.6,7
2026-10-02T11:55:15Z,data/raw/twitter_combined.txt,81306,1342296,lista,bipartido,36.892,37015.6,8
2026-10-02T11:55:17Z,data/raw/twitter_combined.txt,81306,1342296,lista,bipartido,36.437,37015.6,9
2026-10-02T11:55:18Z,data/raw/twitter_combined.txt,81306,1342296,lista,bipartido,37.425,37015.6,10
2026-10-02T11:55:19Z,data/raw/twitter_combined.txt,81306,1342296,lista,bipartido,36.665,37015.6,11
2026-10-02T11:55:21Z,data/raw/twitter_combined.txt,81306,1342296,lista,articulacao,41.398,45212.8,1
2026-10-02T11:55:22Z,data/raw/twitter_combined.txt,81306,1342296,lista,articulacao,45.147,45212.8,2
2026-10-02T11:55:24Z,data/raw/twitter_combined.txt,81306,1342296,lista,articulacao,79.326,45212.8,3
2026-10-02T11:55:26Z,data/raw/twitter_combined.txt,81306,1342296,lista,articulacao,41.436,45212.8,4
2026-10-02T11:55:27Z,data/raw/twitter_combined.txt,81306,1342296,lista,articulacao,41.544,45212.8,5
2026-10-02T11:55:29Z,data/raw/twitter_combined.txt,81306,1342296,lista,articulacao,46.230,45212.8,6
2026-10-02T11:55:30Z,data/raw/twitter_combined.txt,81306,1342296,lista,articulacao,43.239,45212.8,7
2026-10-02T11:55:32Z,data/raw/twitter_combined.txt,81306,1342296,lista,articulacao,43.811,45212.8,8
2026-10-02T11:55:33Z,data/raw/twitter_combined.txt,81306,1342296,lista,articulacao,37.299,45212.8,9
2026-10-02T11:55:35Z,data/raw/twitter_combined.txt,81306,1342296,lista,articulacao,49.649,45212.8,10
2026-10-02T11:55:36Z,data/raw/twitter_combined.txt,81306,1342296,lista,articulacao,44.907,45212.8,11
2026-10-02T11:55:37Z,data/raw/twitter_combined.txt,81306,1768135,matriz,bfs,156.054,813035.4,1
2026-10-02T11:55:39Z,data/raw/twitter_combined.txt,81306,1768135,matriz,bfs,155.551,813035.4,2
2026-10-02T11:55:41Z,data/raw/twitter_combined.txt,81306,1768135,matriz,bfs,154.343,813035.4,3
2026-10-02T11:55:42Z,data/raw/twitter_combined.txt,81306,1768135,matriz,bfs,166.120,813035.4,4
2026-10-02T11:55:44Z,data/raw/twitter_combined.txt,81306,1768135,matriz,bfs,227.513,813035.4,5
2026-10-02T11:55:45Z,data/raw/twitter_combined.txt,81306,1768135,matriz,bfs,155.637,813035.4,6
2026-10-02T11:55:47Z,data/raw/twitter_combined.txt,81306,1768135,matriz,bfs,156.330,813035.4,7
2026-10-02T11:55:49Z,data/raw/twitter_combined.txt,81306,1768135,matriz,bfs,158.256,813035.4,8
2026-10-02T11:55:50Z,data/raw/twitter_combined.txt,81306,1768135,matriz,bfs,172.797,813035.4,9
2026-10-02T11:55:52Z,data/raw/twitter_combined.txt,81306,1768135,matriz,bfs,157.553,813035.4,10
2026-10-02T11:55:54Z,data/raw/twitter_combined.txt,81306,1768135,matriz,bfs,155.174,813035.4,11
2026-10-02T11:55:55Z,data/raw/twitter_combined.txt,81306,1768135,matriz,bfs,158.959,813035.4,1
2026-10-02T11:55:57Z,data/raw/twitter_combined.txt,81306,1768135,matriz,bfs,156.309,813035.4,2
2026-10-02T11:55:58Z,data/raw/twitter_combined.txt,81306,1768135,matriz,bfs,156.374,813035.4,3
2026-10-02T11:56:00Z,data/raw/twitter_combined.txt,81306,1768135,matriz,bfs,157.574,813035.4,4
2026-10-02T11:56:01Z,data/raw/twitter_combined.txt,81306,1768135,matriz,bfs,153.789,813035.4,5
2026-10-02T11:56:03Z,data/raw/twitter_combined.txt,81306,1768135,matriz,bfs,158.073,813035.4,6
2026-10-02T11:56:04Z,data/raw/twitter_combined.txt,81306,1768135,matriz,bfs,158.171,813035.4,7
2026-10-02T11:56:06Z,data/raw/twitter_combined.txt,81306,1768135,matriz,bfs,154.075,813035.4,8
2026-10-02T11:56:07Z,data/raw/twitter_combined.txt,81306,1768135,matriz,bfs,159.097,813035.4,9
2026-10-02T11:56:09Z,data/raw/twitter_combined.txt,81306,1768135,matriz,bfs,156.091,813035.4,10
2026-10-02T11:56:10Z,data/raw/twitter_combined.txt,81306,1768135,matriz,bfs,158.182,813035.4,11
2026-10-02T11:56:12Z,data/raw/twitter_combined.txt,81306,1768135,matriz,bfs,0.681,813035.4,1
2026-10-02T11:56:13Z,data/raw/twitter_combined.txt,81306,1768135,matriz,bfs,0.840,813035.4,2
2026-10-02T11:56:15Z,data/raw/twitter_combined.txt,81306,1768135,matriz,bfs,0.672,813035.4,3
2026-10-02T11:56:16Z,data/raw/twitter_combined.txt,81306,1768135,matriz,bfs,0.670,813035.4,4
2026-10-02T11:56:17Z,data/raw/twitter_combined.txt,81306,1768135,matriz,bfs,0.731,813035.4,5
2026-10-02T11:56:19Z,data/raw/twitter_combined.txt,81306,1768135,matriz,bfs,0.684,813035.4,6
2026-10-02T11:56:20Z,data/raw/twitter_combined.txt,81306,1768135,matriz,bfs,0.645,813035.4,7
2026-10-02T11:56:21Z,data/raw/twitter_combined.txt,81306,1768135,matriz,bfs,0.671,813035.4,8
2026-10-02T11:56:23Z,data/raw/twitter_combined.txt,81306,1768135,matriz,bfs,0.675,813035.4,9
2026-10-02T11:56:24Z,data/raw/twitter_combined.txt,81306,1768135,matriz,bfs,0.663,813035.4,10
2026-10-02T11:56:25Z,data/raw/twitter_combined.txt,81306,1768135,matriz,bfs,0.656,813035.4,11
2026-10-02T11:56:27Z,data/raw/twitter_combined.txt,81306,1768135,matriz,dfs,169.557,814861.7,1
2026-10-02T11:56:28Z,data/raw/twitter_combined.txt,81306,1768135,matriz,dfs,163.285,814861.7,2
2026-10-02T11:56:30Z,data/raw/twitter_combined.txt,81306,1768135,matriz,dfs,163.266,814861.7,3
2026-10-02T11:56:31Z,data/raw/twitter_combined.txt,81306,1768135,matriz,dfs,162.845,814861.7,4
2026-10-02T11:56:33Z,data/raw/twitter_combined.txt,81306,1768135,matriz,dfs,163.264,814861.7,5
2026-10-02T11:56:34Z,data/raw/twitter_combined.txt,81306,1768135,matriz,dfs,166.243,814861.7,6
2026-10-02T11:56:36Z,data/raw/twitter_combined.txt,81306,1768135,matriz,dfs,161.117,814861.7,7
2026-10-02T11:56:38Z,data/raw/twitter_combined.txt,81306,1768135,matriz,dfs,164.095,814861.7,8
2026-10-02T11:56:39Z,data/raw/twitter_combined.txt,81306,1768135,matriz,dfs,162.619,814861.7,9
2026-10-02T11:56:41Z,data/raw/twitter_combined.txt,81306,1768135,matriz,dfs,165.637,814861.7,10
2026-10-02T11:56:42Z,data/raw/twitter_combined.txt,81306,1768135,matriz,dfs,164.527,814861.7,11
2026-10-02T11:56:44Z,data/raw/twitter_combined.txt,81306,1768135,matriz,dfs,163.597,814861.7,1
2026-10-02T11:56:45Z,data/raw/twitter_combined.txt,81306,1768135,matriz,dfs,165.628,814861.7,2
2026-10-02T11:56:47Z,data/raw/twitter_combined.txt,81306,1768135,matriz,dfs,163.362,814861.7,3
2026-10-02T11:56:48Z,data/raw/twitter_combined.txt,81306,1768135,matriz,dfs,163.985,814861.7,4
2026-10-02T11:56:50Z,data/raw/twitter_combined.txt,81306,1768135,matriz,dfs,164.000,814861.7,5
2026-10-02T11:56:51Z,data/raw/twitter_combined.txt,81306,1768135,matriz,dfs,166.129,814861.7,6
2026-10-02T11:56:53Z,data/raw/twitter_combined.txt,81306,1768135,matriz,dfs,164.574,814861.7,7
2026-10-02T11:56:54Z,data/raw/twitter_combined.txt,81306,1768135,matriz,dfs,165.609,814861.7,8
2026-10-02T11:56:56Z,data/raw/twitter_combined.txt,81306,1768135,matriz,dfs,167.449,814861.7,9
2026-10-02T11:56:57Z,data/raw/twitter_combined.txt,81306,1768135,matriz,dfs,163.078,814861.7,10
2026-10-02T11:56:59Z,data/raw/twitter_combined.txt,81306,1768135,matriz,dfs,183.326,814861.7,11
2026-10-02T11:57:00Z,data/raw/twitter_combined.txt,81306,1768135,matriz,dfs,163.255,814861.7,1
2026-10-02T11:57:02Z,data/raw/twitter_combined.txt,81306,1768135,matriz,dfs,166.568,814861.7,2
2026-10-02T11:57:04Z,data/raw/twitter_combined.txt,81306,1768135,matriz,dfs,182.366,814861.7,3
2026-10-02T11:57:05Z,data/raw/twitter_combined.txt,81306,1768135,matriz,dfs,174.124,814861.7,4
2026-10-02T11:57:07Z,data/raw/twitter_combined.txt,81306,1768135,matriz,dfs,177.367,814861.7,5
2026-10-02T11:57:08Z,data/raw/twitter_combined.txt,81306,1768135,matriz,dfs,180.523,814861.7,6
2026-10-02T11:57:10Z,data/raw/twitter_combined.txt,81306,1768135,matriz,dfs,162.854,814861.7,7
2026-10-02T11:57:11Z,data/raw/twitter_combined.txt,81306,1768135,matriz,dfs,163.176,814861.7,8
2026-10-02T11:57:13Z,data/raw/twitter_combined.txt,81306,1768135,matriz,dfs,164.539,814861.7,9
2026-10-02T11:57:14Z,data/raw/twitter_combined.txt,81306,1768135,matriz,dfs,168.488,814861.7,10
2026-10-02T11:57:16Z,data/raw/twitter_combined.txt,81306,1768135,matriz,dfs,176.976,814861.7,11
2026-10-02T11:57:18Z,data/raw/twitter_combined.txt,81306,1768135,matriz,componentes_fortes,169.426,816846.7,1
2026-10-02T11:57:19Z,data/raw/twitter_combined.txt,81306,1342296,matriz,componentes_fracos,164.027,816846.7,1
2026-10-02T11:57:20Z,data/raw/twitter_combined.txt,81306,1768135,matriz,componentes_fortes,175.651,816846.7,2
2026-10-02T11:57:21Z,data/raw/twitter_combined.txt,81306,1342296,matriz,componentes_fracos,169.104,816846.7,2
2026-10-02T11:57:23Z,data/raw/twitter_combined.txt,81306,1768135,matriz,componentes_fortes,168.248,816846.7,3
2026-10-02T11:57:24Z,data/raw/twitter_combined.txt,81306,1342296,matriz,componentes_fracos,163.338,816846.7,3
2026-10-02T11:57:25Z,data/raw/twitter_combined.txt,81306,1768135,matriz,componentes_fortes,168.981,816846.7,4
2026-10-02T11:57:26Z,data/raw/twitter_combined.txt,81306,1342296,matriz,componentes_fracos,167.302,816846.7,4
2026-10-02T11:57:28Z,data/raw/twitter_combined.txt,81306,1768135,matriz,componentes_fortes,168.368,816846.7,5
2026-10-02T11:57:29Z,data/raw/twitter_combined.txt,81306,1342296,matriz,componentes_fracos,164.304,816846.7,5
2026-10-02T11:57:30Z,data/raw/twitter_combined.txt,81306,1768135,matriz,componentes_fortes,172.349,816846.7,6
2026-10-02T11:57:31Z,data/raw/twitter_combined.txt,81306,1342296,matriz,componentes_fracos,165.776,816846.7,6
2026-10-02T11:57:33Z,data/raw/twitter_combined.txt,81306,1768135,matriz,componentes_fortes,167.325,816846.7,7
2026-10-02T11:57:34Z,data/raw/twitter_combined.txt,81306,1342296,matriz,componentes_fracos,168.129,816846.7,7
2026-10-02T11:57:35Z,data/raw/twitter_combined.txt,81306,1768135,matriz,componentes_fortes,171.440,816846.7,8
2026-10-02T11:57:37Z,data/raw/twitter_combined.txt,81306,1342296,matriz,componentes_fracos,163.806,816846.7,8
2026-10-02T11:57:38Z,data/raw/twitter_combined.txt,81306,1768135,matriz,componentes_fortes,170.170,816846.7,9
2026-10-02T11:57:39Z,data/raw/twitter_combined.txt,81306,1342296,matriz,componentes_fracos,182.632,816846.7,9
2026-10-02T11:57:41Z,data/raw/twitter_combined.txt,81306,1768135,matriz,componentes_fortes,171.615,816846.7,10
2026-10-02T11:57:42Z,data/raw/twitter_combined.txt,81306,1342296,matriz,componentes_fracos,164.619,816846.7,10
2026-10-02T11:57:43Z,data/raw/twitter_combined.txt,81306,1768135,matriz,componentes_fortes,169.665,816846.7,11
2026-10-02T11:57:44Z,data/raw/twitter_combined.txt,81306,1342296,matriz,componentes_fracos,164.079,816846.7,11
2026-10-02T11:57:46Z,data/raw/twitter_combined.txt,81306,1768135,matriz,ciclos,168.842,814305.9,1
2026-10-02T11:57:47Z,data/raw/twitter_combined.txt,81306,1768135,matriz,ciclos,168.085,814305.9,2
2026-10-02T11:57:49Z,data/raw/twitter_combined.txt,81306,1768135,matriz,ciclos,166.369,814305.9,3
2026-10-02T11:57:50Z,data/raw/twitter_combined.txt,81306,1768135,matriz,ciclos,167.190,814305.9,4
2026-10-02T11:57:52Z,data/raw/twitter_combined.txt,81306,1768135,matriz,ciclos,168.603,814305.9,5
2026-10-02T11:57:53Z,data/raw/twitter_combined.txt,81306,1768135,matriz,ciclos,165.809,814305.9,6
2026-10-02T11:57:55Z,data/raw/twitter_combined.txt,81306,1768135,matriz,ciclos,163.566,814305.9,7
2026-10-02T11:57:57Z,data/raw/twitter_combined.txt,81306,1768135,matriz,ciclos,169.623,814305.9,8
2026-10-02T11:57:58Z,data/raw/twitter_combined.txt,81306,1768135,matriz,ciclos,175.172,814305.9,9
2026-10-02T11:58:00Z,data/raw/twitter_combined.txt,81306,1768135,matriz,ciclos,165.058,814305.9,10
2026-10-02T11:58:01Z,data/raw/twitter_combined.txt,81306,1768135,matriz,ciclos,170.336,814305.9,11
2026-10-02T11:58:03Z,data/raw/twitter_combined.txt,81306,1342296,matriz,bipartido,154.128,813114.9,1
2026-10-02T11:58:05Z,data/raw/twitter_combined.txt,81306,1342296,matriz,bipartido,157.229,813114.9,2
2026-10-02T11:58:07Z,data/raw/twitter_combined.txt,81306,1342296,matriz,bipartido,153.580,813114.9,3
2026-10-02T11:58:08Z,data/raw/twitter_combined.txt,81306,1342296,matriz,bipartido,154.626,813114.9,4
2026-10-02T11:58:10Z,data/raw/twitter_combined.txt,81306,1342296,matriz,bipartido,155.231,813114.9,5
2026-10-02T11:58:12Z,data/raw/twitter_combined.txt,81306,1342296,matriz,bipartido,155.661,813114.9,6
2026-10-02T11:58:14Z,data/raw/twitter_combined.txt,81306,1342296,matriz,bipartido,155.897,813114.9,7
2026-10-02T11:58:16Z,data/raw/twitter_combined.txt,81306,1342296,matriz,bipartido,155.140,813114.9,8
2026-10-02T11:58:17Z,data/raw/twitter_combined.txt,81306,1342296,matriz,bipartido,153.936,813114.9,9
2026-10-02T11:58:19Z,data/raw/twitter_combined.txt,81306,1342296,matriz,bipartido,158.987,813114.9,10
2026-10-02T11:58:21Z,data/raw/twitter_combined.txt,81306,1342296,matriz,bipartido,154.335,813114.9,11
2026-10-02T11:58:23Z,data/raw/twitter_combined.txt,81306,1342296,matriz,articulacao,168.404,821312.0,1
2026-10-02T11:58:25Z,data/raw/twitter_combined.txt,81306,1342296,matriz,articulacao,167.062,821312.0,2
2026-10-02T11:58:27Z,data/raw/twitter_combined.txt,81306,1342296,matriz,articulacao,171.666,821312.0,3
2026-10-02T11:58:28Z,data/raw/twitter_combined.txt,81306,1342296,matriz,articulacao,168.109,821312.0,4
2026-10-02T11:58:30Z,data/raw/twitter_combined.txt,81306,1342296,matriz,articulacao,169.125,821312.0,5
2026-10-02T11:58:32Z,data/raw/twitter_combined.txt,81306,1342296,matriz,articulacao,168.925,821312.0,6
2026-10-02T11:58:34Z,data/raw/twitter_combined.txt,81306,1342296,matriz,articulacao,170.499,821312.0,7
2026-10-02T11:58:36Z,data/raw/twitter_combined.txt,81306,1342296,matriz,articulacao,169.096,821312.0,8
2026-10-02T11:58:37Z,data/raw/twitter_combined.txt,81306,1342296,matriz,articulacao,166.453,821312.0,9
2026-10-02T11:58:39Z,data/raw/twitter_combined.txt,81306,1342296,matriz,articulacao,166.086,821312.0,10
2026-10-02T11:58:41Z,data/raw/twitter_combined.txt,81306,1342296,matriz,articulacao,171.447,821312.0,11
